id,wallet,twitter,discord,timestamp
DUMMY_DOC,"0xdummy","dummy","dummy#1234","2026-09-09T13:56:42.398Z"
HH-00CO-FD,"0x1a7D64cAeEc6a144cC448a333925Ad8d28A79fd8","Bite_X0","Bite_X0#9378","2026-09-10T06:19:43.000Z"
HH-02HS-NE,"0x262955e78178325469A0cF4c60dd65129C5Be234","Chrisswagoo","Chrisswagoo#5611","2026-09-10T06:19:51.000Z"
HH-034H-AA,"0x57853972de1a78bbde803cbe3d86942aa5dbc010","@theminer3736eth","theminer3736eth181","2026-09-10T06:59:57.814Z"
HH-03DK-SI,"0x0f7814e8B822E2899005f85413EA26F39Fc0cDDF","ricardo418","ricardo418#5304","2026-09-09T21:39:09.593Z"
HH-04KM-FM,"0xCa6c70E8e52fACA96d095154Fba83228B33b246c","Fadil_bawa1","Fadil_bawa1#9339","2026-09-10T06:20:07.000Z"
HH-04YV-PV,"0x06FeB726245d2d721753e89AEb00872BE3649CA6","priscila567","priscila567#4931","2026-09-09T21:38:49.687Z"
HH-05GN-6C,"0xf3a1f14d8D7064DD8794B1E1966d80b9578CA1A2","julio348","julio348#3759","2026-09-09T21:39:03.143Z"
HH-05PC-9F,"0x42965aa254c5ff406a80996dc303589fccf64bb2","BCN_2603","Bcn2603","2026-09-09T20:39:36.842Z"
HH-05R6-E8,"0x9b182F7cfb6f42879Ca3f651C7F595714aF5087A","felipe271","felipe271#2985","2026-09-09T21:38:12.692Z"
HH-06OO-6B,"0x654a146F7564c1eed4408d615e0bFc4B54bB06fE","fishfihfih","mit.sol","2026-09-09T21:37:24.643Z"
HH-08P5-PT,"0xF762cb487eA22505F6f895d56ab1b8F11f8f7Ec9","ingrid358","ingrid358#3850","2026-09-09T21:39:07.846Z"
HH-09H7-0J,"0x2459AF4B8888966C388960bB03a7eF51bF09614c","Fredoobanks","Fredoobanks#5395","2026-09-10T06:20:11.000Z"
HH-0BOL-BK,"0xe3c4Bb53eDa95673b15690B701F3E989Ccc4aa43","willian573","willian573#7507","2026-09-09T21:39:10.860Z"
HH-0CFN-K2,"0x7363660149acc72f6e21ee584a5b6306e94d9d00","@NoodleJr_GT","candaraz","2026-09-10T03:52:49.948Z"
HH-0CS2-89,"0xEDd8e363a74D597f98f14691f9A9ab85298efFbE","@DiGua20180513","digua9152","2026-09-09T20:33:33.006Z"
HH-0D60-KS,"0x14d0Ff6660e5b1A039D233b2888B4CF3674f4917","FayZeeX","FayZeeX#5716","2026-09-10T06:20:08.000Z"
HH-0DCA-95,"0xE8Bed03Be9f1E47E8C1c5988e4c87ea24DeC24cb","AtifUrRehman01","AtifUrRehman01#3971","2026-09-10T06:19:37.000Z"
HH-0EEA-SJ,"0x72eebbc23792cbceecbb5d1c3431930598b75f50","@dcntrlyzr","dcntrlyzr","2026-09-10T01:06:54.970Z"
HH-0FZ1-9Y,"0x2250FF5957e9715A05faAFef072648b819e6725e","Cossack_66","Cossack_66#8618","2026-09-10T06:19:53.000Z"
HH-0G8T-YW,"0xFEE41A41941578893b7c297a8BB3332f33bF937c","janete890","janete890#2894","2026-09-09T21:39:23.849Z"
HH-0GO5-74,"0x24E9B0305878643849913A9097c5eF16C814CA8B","BigNonny0","BigNonny0#3613","2026-09-10T06:19:42.000Z"
HH-0ISA-52,"0x7B1C0bCb3E839F1b7E30fd6e4Ec51Ee27291BABB","hood373efac4","hood_373efac4","2026-09-09T22:42:54.157Z"
HH-0IX7-MW,"0xE288cF3a5622641E6bcCAC9F3B02C2DC49699097","otavio790","otavio790#9708","2026-09-09T21:38:54.963Z"
HH-0JHF-60,"0x51bc7AaDFe1F8efdFfb2bDeD1b4C57edabE305Cb","hooddca3cf69","hood_dca3cf69","2026-09-09T22:35:40.602Z"
HH-0LTO-NQ,"0x2d048808C3e8847FE1b1599A6F85E915a38b6565","@eslini0937","archeri0n","2026-09-09T21:28:46.397Z"
HH-0M3I-FA,"0xB8FE4b929aD2be4Bd3C8E712De57E5A78C50D34f","@zhaoli_8","getz_26","2026-09-10T06:58:48.690Z"
HH-0NTE-P8,"0xED6028283443C8CaF081Ca503b3681FCef0FCe6F","matheus759","matheus759#9852","2026-09-09T21:38:49.685Z"
HH-0OS5-BH,"0x88d91baa807bc904f926412345868c9bfa0933e2","@i_am_vickyd","i_am_vickyd","2026-09-10T01:05:30.154Z"
HH-0P16-07,"0x7084a5215aF44F99d837FbCE0a4c3d03aAC3326C","BulldogCentral","BulldogCentral#2890","2026-09-10T06:19:47.000Z"
HH-0PRY-AZ,"0x392F1fd13D0243dB5017E2Bb13a7e47833770809","spilex001","proxbgmi#9948","2026-09-09T19:41:14.731Z"
HH-0PXT-A7,"0x6A8D01c884D3047f7f17f123b4126CF509D8dC4E","@DCF08340408","dcfsan","2026-09-09T23:59:20.913Z"
HH-0QMR-2C,"0xcaE9fB4a1C64Afe1F89071C874309b8BD4Fa2Cc4","DzulfiqorAzhar1","DzulfiqorAzhar1#6546","2026-09-10T06:20:02.000Z"
HH-0RTN-GH,"0xac79fd6008b971723d16974cdb23ad70ecc00bee","passionif_","yingyingzai_","2026-09-10T01:31:42.449Z"
HH-0TAJ-ZS,"0xBA414fC4e513818DB1B66374630859b6958Fc7F7","GabbyArtboy","GabbyArtboy#4276","2026-09-10T06:20:12.000Z"
HH-0TP3-LU,"0xf68f238d4879b7315c4bbb016a210450c9f46aa9","@tiger_to2","tiger_to","2026-09-10T06:22:13.996Z"
HH-0U2L-74,"0x103004b9cdA8fE070Ed36a4d3935f98af7420139","daniel275","daniel275#1432","2026-09-09T21:38:50.704Z"
HH-0X6P-26,"0xb5971abF69192fe9D3F23273a9dcEC7b67A6242A","0xNickelfinn","0xNickelfinn#5241","2026-09-10T06:19:14.000Z"
HH-0XJ9-AP,"0x218e3b3AD124aA15224b3140c518041483c304F0","GANDOKIxce","GANDOKIxce#4073","2026-09-10T06:20:12.000Z"
HH-0YNO-HK,"0x819B563b5C24C73EDED1B3396569c63218f05585","@Nabilgaliyaa","Nabilgaliyaa","2026-09-09T21:55:37.825Z"
HH-0Z2G-VZ,"0xd96d738aE82C899C2c694513241647c6F831bEAE","0x_saeed","0x_saeed#4006","2026-09-10T06:19:16.000Z"
HH-0ZG7-2Q,"0x57052dA22ba38dC917786235C74F07Abc0f1366f","Blacmeek","Blacmeek#9440","2026-09-10T06:19:44.000Z"
HH-12FD-3H,"0xf6355c9269180780d74a64f2de894cf18b4eecea","@d3mzee","d3mzee","2026-09-10T06:39:23.634Z"
HH-12HN-AB,"0x2c4f90c91DbC472aab48Ef17ad0c6F835b2AA9cd","Blue_Eye_Mizu","Blue_Eye_Mizu#8833","2026-09-10T06:19:44.000Z"
HH-143R-0V,"0xf00Bb2d4995a6afd29b43B43d38C13d8eEe938E3","Boluwatife10477","Boluwatife10477#2470","2026-09-10T06:19:45.000Z"
HH-14PA-M0,"0x2c27960d31dd4d8bd5083aea18ff06453661c0f1","@Hasaki81661086","yuchiko2000","2026-09-09T22:39:30.687Z"
HH-15ZO-BP,"0x0516e9e6e335c82F172B1807b5D66C6D4d1b8278","Dark_lucifer","Dark_lucifer#8256","2026-09-10T06:19:56.000Z"
HH-16OF-0B,"0x975dd80a91cc58b02a08e3e45198bfbeb780e4d1","@houxuanwu","lishanshan930421","2026-09-09T21:04:31.643Z"
HH-16TP-MS,"0xB69c525320d270719281BAccBE7f0A07a0377748","hood5fc827ee","hood_5fc827ee","2026-09-09T22:40:34.326Z"
HH-1CVE-0I,"0x87D17ef959953C0E4Fe9f415d3755898408e3578","Fareedatu002","Fareedatu002#6662","2026-09-10T06:20:08.000Z"
HH-1ECX-WK,"0xc669FE07AF5468A3ac53bD67Cb7F08527e949A30","FERANMY_09","FERANMY_09#7197","2026-09-10T06:20:07.000Z"
HH-1EG5-VC,"0xD0b506E9a37fD19d3c684E8D37052383f7614dE3","AbdulGhaniy571","AbdulGhaniy571#6185","2026-09-10T06:19:28.000Z"
HH-1HK1-1N,"0xa593BEC41b6fA87EB3b8f92b5da4C10bbdE72594","@ferritexx","Bravve#4766","2026-09-09T21:19:46.407Z"
HH-1I00-84,"0x9e9c705208c04b6183a8337BDf852Fde5769eB76","nicolas415","nicolas415#7460","2026-09-09T21:38:58.996Z"
HH-1ILW-69,"0xF03F3C96432C1f25F520dD165DbC756CFc870622","@_mushfiqmahir_","your_cascade","2026-09-10T01:38:00.671Z"
HH-1KDC-ET,"0xdfb4E14CDcB5F9cA973a3D599f8f617026BF82cf","adilson278","adilson278#5457","2026-09-09T21:39:29.281Z"
HH-1LA6-X9,"0x9b823c664B4E75Cb38CCA293BbF5E5D6d9485932","ElonBarakoa","ElonBarakoa#5097","2026-09-10T06:20:04.000Z"
HH-1LMK-VH,"0x5F082BA5717a3Bc7b14fEbA905aF7187661a1Cd8","Ajiweb3","Ajiweb3#4125","2026-09-10T06:19:32.000Z"
HH-1N4R-9O,"0x6dc804AaCE9AD6A5a0008c03636f20fc40ed0F27","9xstyles","9xstyles#9287","2026-09-10T06:19:26.000Z"
HH-1ODS-CB,"0xFc1C18b0f17458EC0c06ed854d156CF3BB00EDBa","cesar904","cesar904#3849","2026-09-09T21:39:04.064Z"
HH-1R1E-H4,"0x0EdAe67F3Dc71Eb11cE491B03Eb2D22644E06e93","@bobbyobreezy","Obreezyvato04","2026-09-10T02:05:13.308Z"
HH-1RZ1-EH,"0x23cA5479fa3A179fF8c367E20150c166cA49eB41","CollinsAkpati1","CollinsAkpati1#8130","2026-09-10T06:19:53.000Z"
HH-1T04-6U,"0x11D6c41A5D77336d1683af4a8144a103349d90cc","@raju87u","pcaman","2026-09-09T20:11:32.027Z"
HH-1T3G-FC,"0xAe70C3E07E15B2E500930FEe530C5768c3bC6d23","EgbehObasi","EgbehObasi#9579","2026-09-10T06:20:03.000Z"
HH-1T5Z-CD,"0x13c2a9bD09858Dc078f66934Fb85dC96bE4bd668","@m_m3l","major5978","2026-09-09T22:03:08.390Z"
HH-1TEV-C7,"0xB959e32b812638476FF819C84258a96c9451a702","0xmakcyII","0xmakcyII#6092","2026-09-10T06:19:18.000Z"
HH-1VBP-QS,"0xD6e7078C390eA18cfc4D3589f19754Bb5Db8AD98","edson687","edson687#4275","2026-09-09T21:39:06.460Z"
HH-1WBB-44,"0x000404DEaecCc49288B88077dF16F2f8c3824651","hooda1e714cc","hood_a1e714cc","2026-09-09T22:36:15.676Z"
HH-1YBJ-TO,"0x2963E753A80cDd6AAb97ac55f8ab927626640D4d","@renanrtrindade","akumaventrue","2026-09-09T20:14:34.515Z"
HH-1YDD-GZ,"0x05fD61E4F2e8bf4dE8289487539ff7B827284646","nicole853","nicole853#8280","2026-09-09T21:38:54.580Z"
HH-20MI-A7,"0x30Caf02c9C73Eb43018eFAB7016b606E40d610a5","Chibestigwe1","Chibestigwe1#3944","2026-09-10T06:19:51.000Z"
HH-22I8-WR,"0xEEE43070cf6212cF4F80eC1c22bb1d0E6e4C74Ab","D1gieee","D1gieee#8876","2026-09-10T06:19:55.000Z"
HH-22WE-CU,"0x155b5f8829548e83C3972AFfAE38a45b090fD523","Cryptomark247","Cryptomark247#5132","2026-09-10T06:19:54.000Z"
HH-23UR-N4,"0x90f44266f1f034E8DdfB718372A7C7A01883Fe70","0Beat_Str","0Beat_Str#7254","2026-09-10T06:19:11.000Z"
HH-24RA-FO,"0x14DD2D89b4F7E58b252CE06B66Da1281BFC7f2Af","BenTwettX","BenTwettX#5422","2026-09-10T06:19:41.000Z"
HH-25FJ-VL,"0x660F89764fe82F1670C4bF59aa8279e2a15a0113","@trexman7313076","1425393052838793267","2026-09-09T21:05:45.714Z"
HH-25WA-65,"0x877Fe49147c1DF82443d99c36F9c12b09c1CE160","nathalia658","nathalia658#6845","2026-09-09T21:39:03.977Z"
HH-29DT-XB,"0x7Fa165db59E1B4bC125Ce1a3e3370D9F41FA54f2","EgoChinweike","EgoChinweike#8089","2026-09-10T06:20:03.000Z"
HH-2AWY-1Y,"0x78CE211d8eFf6609960200aCc80F1601f3C4889e","Dhream_chaser","Dhream_chaser#3006","2026-09-10T06:20:00.000Z"
HH-2AYZ-EK,"0xAbdEA48Dd78f3Afc721782c1a0BB431E2a489C81","bruna915","bruna915#4539","2026-09-09T21:39:05.154Z"
HH-2B44-TJ,"0x4522182Eb868e123cbeE5f8E413ff284F62213E0","hood93bda39b","hood_93bda39b","2026-09-09T22:41:11.929Z"
HH-2CVA-FG,"0xFe9654AbbaEAEa5C46c0CB76bdB91AEf14012c29","CS_Unemployment","CS_Unemployment#4388","2026-09-10T06:19:48.000Z"
HH-2D60-OY,"0x085d785f5a03a6eD9B454830721cfca951c37555","dcftradingcrypt","dcftradingcrypt","2026-09-09T23:43:04.981Z"
HH-2DPG-RM,"0xd9cB1d2753BaD3944018028F2C6C5DDeECD72107","0xboyzz","0xboyzz#5542","2026-09-10T06:19:16.000Z"
HH-2FAL-DA,"0xFcb4389E79081F0852ed3e4134C8786823bfd551","Asukiz9","Asukiz9#8755","2026-09-10T06:19:37.000Z"
HH-2GM6-7R,"0xaAcc151C73fA911150DeC60192E9C3F484c597B8","0x_meelano","0x_meelano#3409","2026-09-10T06:19:15.000Z"
HH-2H8U-FQ,"0xa4ce3f1cbb7d9d4d04c729915a78a14f8d9a6120","kiseki8620","kiseki8620","2026-09-10T00:49:20.723Z"
HH-2JAP-DQ,"0xb6C81174284D9f54A4ED681a92C35EC61650C772","0xvalerio","0xvalerio#2981","2026-09-10T06:19:21.000Z"
HH-2KJI-JT,"0x1f325FB902c1b9A6C7dcf22F54aBb65EC05bdc4B","Badboylone","Badboylone#8844","2026-09-10T06:19:40.000Z"
HH-2M0A-CQ,"0x52a8bd4E8c28EF1b88DBfF5CFC7432A68611C09A","Eurya1234","Eurya1234#4324","2026-09-10T06:20:06.000Z"
HH-2M75-QC,"0x5A7e905f47642E0f533D507fACAD523108aae02f","cleber915","cleber915#1888","2026-09-09T21:39:33.240Z"
HH-2N7L-V9,"0x2d7ec386dfa7c37ab6795b8e8376fbcb58575d39","@samba332","simba2311","2026-09-09T20:36:04.690Z"
HH-2OHC-UA,"0x5f64140df3f938a4392b20f2bfb82ccadf9a802b","@ixmines","mines#5547","2026-09-09T21:56:25.266Z"
HH-2P40-GP,"0x8e1Fe8f712BDa32a7719CB4676e73A431E8470F0","CamilaCrypto26","CamilaCrypto26#7421","2026-09-10T06:19:49.000Z"
HH-2PC9-N6,"0x679A6e0aA8F18f410D90f5A5C6de250Eaa36a77b","cauevinicius346","cauevinicius346#8600","2026-09-09T21:39:37.287Z"
HH-2R4W-3R,"0x9d4e48Af6623fE77b0dDEBE196286d6d74485D8b","hood447f5270","hood_447f5270","2026-09-09T21:06:21.213Z"
HH-2RQS-JR,"0x14d0f5414381C9c6410BC5B3dC827FF473043CAE","hood22ca0785","hood_22ca0785","2026-09-09T21:06:38.073Z"
HH-2SPO-CE,"0x70A7b63df73A98CE6929D4AcEfeCC8059FbC7Ce2","luciene718","luciene718#6008","2026-09-09T21:39:31.551Z"
HH-2TKX-F0,"0xBCEbebC2C6291eE2ACb20a2FaeF63F77A4FadE80","claudio932","claudio932#6310","2026-09-09T21:39:23.731Z"
HH-2VF0-20,"0xC8c186bAf327365F2D1887C2e55549b8e8a25926","@rethnel","flad_","2026-09-09T20:44:01.774Z"
HH-2VFF-S9,"0x60fC8BFb952F88a7ad0Bc59432407619A9b42793","daniela914","daniela914#7778","2026-09-09T21:39:02.025Z"
HH-2VP6-NK,"0xdDFD0Fd6B88f0e15697811Dd44199111630DDfcf","cristovao340","cristovao340#6778","2026-09-09T21:39:27.185Z"
HH-2W6N-5L,"0xF45198cC60db2C237a1007EFec932c39a7Db7D16","@butiranampas","wut2281","2026-09-10T00:45:00.000Z"
HH-2XZQ-A1,"0x4E03de83C89e810f540866075A31bC6CFdB0A7Af","mariane805","mariane805#2515","2026-09-09T21:39:10.259Z"
HH-2YR0-1J,"0xe333d058998941C2127ceA787f9931E428f36B1d","AtiteSnr","AtiteSnr#2089","2026-09-10T06:19:38.000Z"
HH-313G-SP,"0xF1ffC59ac709c7A9AF9978Fc679AeD2e904f42C4","BabangZoell","BabangZoell#3224","2026-09-10T06:19:40.000Z"
HH-316U-V1,"0xB84f87bE9Fa9dD0931fF8873B289539cA776b990","Chelsea_NJblues","Chelsea_NJblues#2310","2026-09-10T06:19:51.000Z"
HH-32IF-9A,"0xB64dB1807112b39Bb77E5a7C420903e47D736405","Bobbyprimebnb","Bobbyprimebnb#5379","2026-09-10T06:19:45.000Z"
HH-356R-YP,"0x56A55516Bb6160450a1AB4d74C013646d9c9e8bA","Bblmicheal","Bblmicheal#8284","2026-09-10T06:19:41.000Z"
HH-35DC-18,"0x7ED645C88c239FCcD1cB87EE423cB289b0f84cD1","CharmaineH7999","CharmaineH7999#3809","2026-09-10T06:19:51.000Z"
HH-35VM-RQ,"0xb4337BDa163073aD86389c5BDFB45e3648d97137","1Stan4Truth","1Stan4Truth#8452","2026-09-10T06:19:22.000Z"
HH-37W7-1S,"0xba8d47142a02cb2ba7e2e43896ab6e61a1acafa5","@eth_anon9672420","eth_anon9672420592","2026-09-10T06:58:54.522Z"
HH-38EV-6J,"0xb588af40dcf3028911a63b156bfd2cf3f0dee04e","@x_ape4408","x_ape4408330","2026-09-10T06:58:45.738Z"
HH-39HO-SS,"0x99b36d6ab84a38556ae2407cce94e22fc5f3063a","@eth_nomad41600","eth_nomad41600964","2026-09-10T06:58:36.985Z"
HH-3A9R-9N,"0xFa2E79c83A4681C22e02780367f093b75B76FCf2","@0xhyu","0xhyuu","2026-09-09T23:52:25.180Z"
HH-3AFS-BV,"0xd336D8268fC62f5B6E5a2B9F075e88A7bD7af5e0","aline907","aline907#1676","2026-09-09T21:39:00.950Z"
HH-3B42-UX,"0x2777AC30E96d49bBE262DC02e99b3b2a35a59445","0xstardon","0xstardon#3956","2026-09-10T06:19:20.000Z"
HH-3CW2-O5,"0x210D8422291CEb3C5D471641fffcDE8E615037Da","diego148","diego148#7191","2026-09-09T21:38:02.685Z"
HH-3DHY-BM,"0x739a3f2551aB732dD83879867FCd548991958bEf","GlorytoGlory_21","GlorytoGlory_21#9427","2026-09-10T06:20:13.000Z"
HH-3EDG-AZ,"0x57e766997eD89eC496fdF3FA315D12bc2aE87E63","@vinyferraz_br","vinyferraz","2026-09-09T21:35:15.460Z"
HH-3F95-FY,"0x5Ec5aa50BD79c0827f15648AC98f96FdA5a83f6a","BramwellOsa","BramwellOsa#9101","2026-09-10T06:19:46.000Z"
HH-3GGY-1M,"0xaE6a429bC2c2Ea91004B11C968ef5503612193b6","@ally_mayre","oxdariaa","2026-09-09T20:10:43.079Z"
HH-3HIB-RU,"0x77674984e81dd1a959298a6ccd3d99d15b08b867","@x_alpha8454btc","x_alpha8454btc","2026-09-10T06:56:45.029Z"
HH-3HX1-8N,"0x290f785652AA0dAf2D33d66E0BCf6758eD2F87F9","raul605","raul605#1598","2026-09-09T21:39:02.827Z"
HH-3IRK-3Y,"0x25f6616C661dD8cb0B85226b265868BDBcB35418","melissa192","melissa192#6289","2026-09-09T21:39:01.245Z"
HH-3JNV-VQ,"0x2084e6c85470191867441Ba5138BD0069E3d02E1","@xigua20180513","xigua1016","2026-09-09T20:44:24.984Z"
HH-3JOY-4K,"0xAD8f8C607ecca356BAFeD71d0a90fD297C65938f","keila832","keila832#1592","2026-09-09T21:39:29.539Z"
HH-3LHP-ZA,"0x361f51d5E02631280Ec7B38C8da12B9845405A02","Davidmichael_99","Davidmichael_99#9227","2026-09-10T06:19:57.000Z"
HH-3LLA-9C,"0xa2aD4A62dd12a34658bcd47EcBf82Eba36A25d68","osvaldo562","osvaldo562#5072","2026-09-09T21:39:21.996Z"
HH-3LZ1-MC,"0xa72a56B2A6A3624dE88ACff4AEcab0008825774d","benicio417","benicio417#6067","2026-09-09T21:39:34.279Z"
HH-3MAE-P8,"0xBFD93D6B0745B00759047f5aB538e1117B9fF283","otavio947","otavio947#7677","2026-09-09T21:39:07.877Z"
HH-3PZQ-74,"0xa9804C20D8bc9127ffF0d7e2D2DEB880C86aC082","luana763","luana763#2071","2026-09-09T21:38:04.586Z"
HH-3R20-FK,"0x9c162c38d73095DC547f22cC8964A6b8AEA5169d","alinecristi24","alinecristi24#1979","2026-09-09T21:39:19.352Z"
HH-3R51-9G,"0x128ffAeB19EC81FD278f4915Bf21952c192fC476","GokuKnocks","GokuKnocks#9598","2026-09-10T06:20:14.000Z"
HH-3RDP-0K,"0x0a296EF0aE0BfDBE2cFDb01a71D3882B2ff10e10","DaudaAdams4","DaudaAdams4#2446","2026-09-10T06:19:57.000Z"
HH-3RL3-U5,"0x88De430bD70EE2E67B51E692B3042ea2FBdC3c67","1Krypto_ETH","1Krypto_ETH#8417","2026-09-10T06:19:22.000Z"
HH-3RL6-T9,"0xC85Af3571ae2224dC57ec3e3F0359e70630af0c4","CryptoZeno7","CryptoZeno7#1500","2026-09-10T06:19:54.000Z"
HH-3RON-M8,"0xE210479ed7968c686590A9dF8c91a1A29a4dcE2E","AStephen256","AStephen256#9204","2026-09-10T06:19:27.000Z"
HH-3VEN-5W,"0x671F2B19B017A556f26D7B397053Ba3d71f2Cb9b","247BOBBIE","247BOBBIE#7723","2026-09-10T06:19:23.000Z"
HH-3VQ1-JK,"0xaABE4Abe9c79F4e4aAF360E654Fa85838C769AF3","Deperfectreal","Deperfectreal#9647","2026-09-10T06:19:59.000Z"
HH-3XU9-MS,"0x0930c2FD0af62289E6a09a1CC8f118aCC3b6A26C","AgentOfCaoss","AgentOfCaoss#1496","2026-09-10T06:19:31.000Z"
HH-3YPG-AI,"0x792c51316ed4c012343b28d361427b55248078fe","@x_gm9561sol","x_gm9561sol981","2026-09-10T07:01:26.441Z"
HH-3ZCY-4S,"0xdDA7D2b322c65e9d82C1100734b2c223883e7a83","hood951751d7","hood_951751d7","2026-09-09T21:08:24.157Z"
HH-41DY-6W,"0xd26A5d7Af42c9af6282f4b3ea447B744485bf6Aa","lucas853","lucas853#4058","2026-09-09T21:38:16.683Z"
HH-4277-FN,"0xDC59D06Dc086C09Cdf3028E8FE872F2ac8D8A7bA","hood7dd9b58e","hood_7dd9b58e","2026-09-09T22:32:21.938Z"
HH-42GA-KT,"0x89907aEcB7dc68F7aFd0E9bEA1dC7966A0163651","Fairmask19","Fairmask19#7775","2026-09-10T06:20:07.000Z"
HH-43PH-GC,"0x0C86Df08E8D7DDa4dE6B83C4c1cDE65fA4f77048","ZeusThunder591","@droptojazz","2026-09-09T21:44:06.415Z"
HH-4AJC-YR,"0x75232e9a8cb2396742f3eb276c205cb012da16ba","@web3_farm826342","","2026-09-10T06:54:30.926Z"
HH-4B5P-IF,"0xa48F8d5d4f487Ba96e2fdf4a6F0b2233a0fE454C","hood4318d9fe","hood_4318d9fe","2026-09-09T21:04:51.551Z"
HH-4BQX-6I,"0x88E4Dd8fc11042d69AAaf652951676396120674A","elis642","elis642#9527","2026-09-09T21:39:22.122Z"
HH-4DF9-Z2,"0x178b3Bc7C0D1C6c897ED3e17482a0e9004277eF5","camille961","camille961#9707","2026-09-09T21:39:03.275Z"
HH-4FSR-71,"0x021Dd733856dE1962d399a6e595eDc9Dcb187ac5","@judada_22","smith6668","2026-09-10T07:08:39.748Z"
HH-4IIJ-IH,"0x4a3442780807a8c20FcB3f343147A1986616792d","@goodboy2585","goodboy_2585","2026-09-10T06:36:40.806Z"
HH-4JGI-21,"0x829171E8bec859d3a713aC5440EF83E3f374f54c","Alpacheris","Alpacheris#7117","2026-09-10T06:19:34.000Z"
HH-4K9R-2M,"0xd9179a5347Db7713605E92CF2Bf0AE98ca4caC99","@Align98471229","wut2281","2026-09-10T00:45:00.000Z"
HH-4KEE-K8,"0xef31169d9732818ef332f46d0076251363a77cc2","@dadaha0414","dadaha0414","2026-09-09T20:14:54.783Z"
HH-4NGN-SB,"0x92d5884261378da9d01835bdd95b49f256ea3869","@Blackbot31","blackbot3112","2026-09-09T21:14:05.217Z"
HH-4OFO-KV,"0x24BA8d753802Be0324d7C7A3cE7021c2bE73eb82","0xChefff","0xChefff#2316","2026-09-10T06:19:13.000Z"
HH-4SK1-SK,"0x2d7ec386dfa7c37ab6795b8e8376fbcb58575d39","@maverikmat33","maverikmat","2026-09-09T21:46:51.717Z"
HH-4VWN-W6,"0x61eECE4eE1ACdb94073bEb89460C79C5c13303a6","raquel968","raquel968#3972","2026-09-09T21:39:19.032Z"
HH-4WCI-SG,"0xd435d41a1861Fc945623BA2A33Ad979879Dc88b6","gisele954","gisele954#7818","2026-09-09T21:39:28.319Z"
HH-4WUO-PY,"0x040b0c43a75d4f936af770c33ceb2afc2211a21f","@defi_maxi99601","defi_maxi99601776","2026-09-10T07:00:08.103Z"
HH-4XBR-UG,"0x0DF71441cAc5552510B23cc978cCa52171cCE86F","Bruno21Assists","Bruno21Assists#2799","2026-09-10T06:19:46.000Z"
HH-4XMO-V4,"0x1c8764E4AB333c3eFEEcB00E28480Cb7AEB6f01A","@AmyDownRubens","lincolnnational#0081","2026-09-09T21:52:29.607Z"
HH-4YVB-VP,"0x9ba3d7c08bb0aba4921ad0835c4f2d5654f554fc","@crypto_vault317","crypto_vault317","2026-09-10T06:56:07.336Z"
HH-4YXW-QP,"0x06fB71f2FD6F2A024a1A105489A5b568aE424B68","thiago692","thiago692#8796","2026-09-09T21:39:07.732Z"
HH-507N-62,"0x6Cb91A90C87DBAB9EeD30503D7132E4005cd61d3","hooddf3a3716","hood_df3a3716","2026-09-09T22:31:48.280Z"
HH-50JZ-OH,"0xfF7e46F3EF5Fe8C7F7bBB7844e88489fd82918eD","@Anonixweb3","anonixweb3","2026-09-10T06:45:34.475Z"
HH-50SB-LE,"0x0E9077AbA4a52b30b8B2D346e8058C95475c84CC","tehbotl7772","mist_tebo#1444","2026-09-09T21:08:12.031Z"
HH-51YK-8K,"0x9a29Bef448c236Cb9CE91678336CaFeA5E26F2ad","murilo423","murilo423#3462","2026-09-09T21:38:49.688Z"
HH-5417-BX,"0x79CF66C310de385b08a4d1B52Bf70F45D5ADb4a6","El_Retinz","El_Retinz#1395","2026-09-10T06:20:03.000Z"
HH-54IK-GH,"0xCB8680933D37E5cC634B6c69da42D5fb0D65925F","0xlun3th_","0xlun3th_#8593","2026-09-10T06:19:18.000Z"
HH-55BG-XP,"0x743763CbF1A78d3bfF8D62aa9DF9947aa5f5F7B6","DegenOn7","DegenOn7#7320","2026-09-10T06:19:59.000Z"
HH-55FY-E0,"0x094a28dc6e828aD976188748Bbd2eB2B606cC827","91shuha","91shuha#1924","2026-09-10T06:19:26.000Z"
HH-569F-RT,"0x7343d32D48290f3352c7609Fa36520429E22Dd3c","All_In_One_Vn","All_In_One_Vn#9098","2026-09-10T06:19:33.000Z"
HH-56SC-7K,"0x94341efd773998d8bb1b111f6f0a9efca8dda932","@quedao123456","@wqqljqw","2026-09-10T06:49:43.839Z"
HH-56UE-J8,"0x942054f145c53e6557e9cfacf9aa44bea5e0f24d","@Heriyanto86","cryptoizi","2026-09-09T20:06:48.599Z"
HH-57Z4-L0,"0xb4564133e14e864Df2885c2C580F36c32CCCaD46","DindaKhoirie","DindaKhoirie#7165","2026-09-10T06:20:00.000Z"
HH-58VN-9P,"0x08E0092CEE32e9EFaeD4267752a06Ce3a85cC7D2","Enyimba7","Enyimba7#8476","2026-09-10T06:20:05.000Z"
HH-5A62-GH,"0x03afB7858530EA0f60e8d2163d4729D485557cd6","@oobee_1","sunkky_lee","2026-09-09T23:13:04.624Z"
HH-5BMM-T8,"0xdA9a10A183bdd3758278d760f31D4EEA23e86DA9","brendha964","brendha964#7110","2026-09-09T21:39:24.275Z"
HH-5D1C-RA,"0x820951142bE023cc98E960F838B8DBc04117CFaE","CaptnUson","CaptnUson#7004","2026-09-10T06:19:50.000Z"
HH-5DT3-J9,"0x9afFB8C545eBC2C5A7C14A2F53AE7115165EBDf9","@RedadAnwae","RedadAnwae","2026-09-09T21:55:19.636Z"
HH-5EWI-FQ,"0xd3B805b24baeC2c1cb9779f264bd1c82b4ABe349","BanksyC63","BanksyC63#4746","2026-09-10T06:19:40.000Z"
HH-5FGV-P0,"0xdCbD3476Ac1a2e1677DfF53f405698c21261E345","0xwisemansaid","0xwisemansaid#9198","2026-09-10T06:19:21.000Z"
HH-5GJO-8L,"0x3d37d191047d4c668a98c2658d501e302c55027e","@suhangskye","liskye3431","2026-09-10T02:23:27.594Z"
HH-5JFG-09,"0x8f15C99d808506423ecFB83F994E8A0e276159A6","@ejidbagas","ejidbagas","2026-09-09T21:51:06.730Z"
HH-5JS8-3Q,"0x61fa53e55afb344f49fe886ac80d33e75eec85c6","@theking2479420","theking2479420591","2026-09-10T06:59:45.567Z"
HH-5KAE-Y7,"0x4cc3Fe83bd99677B3E0895EAC6ad38e7543716Ad","fernanda214","fernanda214#5179","2026-09-09T21:39:22.121Z"
HH-5KYL-TM,"0x72C3d882dfb748FcD0072Ca0437feE31DeB3DFeB","AsustinSpeaks","AsustinSpeaks#1504","2026-09-10T06:19:37.000Z"
HH-5L3G-FY,"0x2921d2C9d7a730728B66296AA2C88a2dEe6a8eBa","@wangt_1","bywd","2026-09-10T06:58:37.462Z"
HH-5L4Q-7G,"0xa02765703ffc5ccdd23b0f0736173cda33c39f10","@FlyStar231","FlyStar231","2026-09-10T00:47:31.913Z"
HH-5MMN-OP,"0x3c55B2c502e3d693F1632AC331044Bbebb2109C0","hoodc1f9de4a","hood_c1f9de4a","2026-09-09T22:39:06.584Z"
HH-5OCV-RL,"0x777c864396bA622AF5f25175c91F51bD0d31E2CA","6metaverse","6metaverse#2603","2026-09-10T06:19:26.000Z"
HH-5PH7-BD,"0x56ddEDCfab55014101551F4A5FcDF6372AE136a7","BloodmoonXBT","BloodmoonXBT#3531","2026-09-10T06:19:44.000Z"
HH-5PO0-G4,"0xbDA69724A4602A82977368db5950d2c1FC38ca46","taina906","taina906#4313","2026-09-09T21:38:56.244Z"
HH-5Q3M-OG,"0x5AB20bC894014AA268e1bfC33A4Af9c00dB7DE4F","AkanoOriade","AkanoOriade#3403","2026-09-10T06:19:32.000Z"
HH-5RCA-JG,"0x73cfc3242df4ed66008f5a76c418d06ad1671013","@eth_miner8271","eth_miner8271","2026-09-10T06:56:23.192Z"
HH-5RLX-4B,"0x97944FA8ec5c63F3073A02D36c84F9002E851b10","@hieucocghe","hieucocghe","2026-09-10T05:46:46.342Z"
HH-5SGB-DJ,"0x3c09067f324f2a0d6426bd609380b91e54baefe4","@nft_ghost5405_","nft_ghost5405_","2026-09-10T06:54:48.247Z"
HH-5SYE-H2,"0xfE1c7C9895Ff551e5720237d3b0813aB4937D24F","diones487","diones487#4397","2026-09-09T21:39:35.707Z"
HH-5T7H-8G,"0xA68cB50fAdbcC8776d52877e0f171497Daca2F27","GO_AT_22","GO_AT_22#6896","2026-09-10T06:20:12.000Z"
HH-5TR8-C3,"0xce3FE1a40F90451bb1F9d31d412A57FDAb3D767a","tiago874","tiago874#1228","2026-09-09T21:38:58.183Z"
HH-5U2Z-SV,"0x5d3616e2e561d4e367706d5c83ff2b4e9a9f7c30","@CChengchen57409","chengchen0197","2026-09-10T04:50:45.808Z"
HH-5U9D-2E,"0x4fc0387e902269f4e7167b60644f1978b3b5c90c","@AmenShretah","fghh0439","2026-09-10T03:20:19.340Z"
HH-5UGX-G4,"0x2e5E395794f8e500803226fD99472baB3a3B9d8d","FootyLand360","FootyLand360#9307","2026-09-10T06:20:10.000Z"
HH-5VJU-GK,"0xbf35182584860528b590b4bb149644af368bebaf","@0xvault3498420","0xvault3498420921","2026-09-10T07:01:05.887Z"
HH-5VNU-LT,"0x8c2b87bb356c3db2287eaa81ceea18b0f3fd574f","@vohuynhlan","chronosvhl","2026-09-09T21:12:34.563Z"
HH-5VWF-P7,"0xdB223663bB5972737aD58D13cDcD76b4bB189feA","DNewsong","DNewsong#2539","2026-09-10T06:19:55.000Z"
HH-5W1X-AZ,"0x7CEA8AC1C7caF0712013Fa9E5932cad8CFFE02E8","andreia798","andreia798#4350","2026-09-09T21:39:12.611Z"
HH-5W5M-I8,"0x857cB4f7E4408770CE6f900e6A5E5e3dE22c7a3a","jessica972","jessica972#2885","2026-09-09T21:38:49.686Z"
HH-5XS3-AI,"0x8cFeDf54590d141e5610eA2cA1614E5829f47A07","cesar403","cesar403#7508","2026-09-09T21:39:00.887Z"
HH-61BU-XS,"0xB641d1630A18137c591DADA3a139E74f78fC035D","0xpalak_21","0xpalak_21#3892","2026-09-10T06:19:19.000Z"
HH-62S8-SA,"0xdb6f5B236C820a8441f8309cD5Ad04f6705D69D3","Akinsola06","Akinsola06#4504","2026-09-10T06:19:33.000Z"
HH-63CM-54,"0x5358E47A8A3a92143064DeAD20E36258D7dE973f","hoodc0d0f5fb","hood_c0d0f5fb","2026-09-09T21:08:40.133Z"
HH-66B7-SB,"0xc55B79eA6f7e1904440Cdf84a86F61DcCdA61f61","sandro195","sandro195#4793","2026-09-09T21:39:17.399Z"
HH-69EQ-XC,"0xd1B3f0E8f3fADb600e4279C6A8CC49029c823F38","pedrina839","pedrina839#5405","2026-09-09T21:39:21.898Z"
HH-6CDS-6T,"0xff78516ecb581e57588df7864beb9bbe3dac00fc","@Daku78761","daku.7876","2026-09-09T20:54:31.816Z"
HH-6EY8-TI,"0xDB8B5eb5F0869B2FaFe41fc4B9e78370487305F7","@bukihed","buukihed","2026-09-09T19:50:43.811Z"
HH-6F29-J8,"0x9135E8D5fED5D31436ab64B15862608A0FCBe57f","Dubix0147","Dubix0147#6204","2026-09-10T06:20:01.000Z"
HH-6G5L-R6,"0x3C9E7D532A53A2c400083aaAa0450fa3e9d1B15F","hood04f75c9c","hood_04f75c9c","2026-09-09T22:44:57.863Z"
HH-6GLI-KE,"0xcFD5feAdA95aE5d674F02251567a512Bae0Dd89A","0xcobaltss","0xcobaltss#3074","2026-09-10T06:19:16.000Z"
HH-6H7O-5D,"0x47296a67bbec001c1df0f1b14f732cde52780477","@eth_vibe1899_gm","eth_vibe1899_gm982","2026-09-10T06:54:40.377Z"
HH-6ILM-DF,"0x7e2df90b4349878fc18b07e8a5ddb766371a3ac2","thankuty_","baiyanzai_a3","2026-09-10T04:51:02.621Z"
HH-6J8S-ZY,"0x31fc38c789e672686b270268b4dbd6b0bd92f270","@0x88880","Rajput9653#6411","2026-09-10T06:39:16.224Z"
HH-6JHJ-1R,"0x1999145Fe452d417B4e20f953b3e2E0f28418329","Btcniumowang","Btcniumowang#1122","2026-09-10T06:19:47.000Z"
HH-6JI3-ZO,"0xC75e49FbEEA63135E248bf85b22160253955689C","@Ashongkiki1","hoodiesenju","2026-09-10T06:10:47.818Z"
HH-6JUH-AK,"0x3204f734ff1a223d9be850a916e8596f28df3b26","@zhangc_88","zhangchenen","2026-09-10T06:48:38.968Z"
HH-6K76-4X,"0xb545E971f0d3f0fA01277395369feB6CBB61095A","marcela247","marcela247#2742","2026-09-09T21:39:13.635Z"
HH-6KFW-LF,"0x226D56A3727b88448ab03901CD48Ef0A8ef6dD0E","iris529","iris529#1629","2026-09-09T21:39:00.954Z"
HH-6LHN-WV,"0xAA386261A001585154371A8332E3d5381439821B","BunnyZico88","BunnyZico88#1221","2026-09-10T06:19:47.000Z"
HH-6LTC-5I,"0x7bcd005a298dcb1ec32100aebc659a55f90dd3ea","@just4rxxy","just4rxxy","2026-09-10T01:04:36.029Z"
HH-6M05-CI,"0x3736560752D6241c10cD49D8244B9012d79f9410","@_leomega","@leo.mega","2026-09-09T21:36:31.850Z"
HH-6MJD-ZF,"0xA8f8b3a7503Aa8eCF494F80eA414117750027756","FixBritainNow","FixBritainNow#4740","2026-09-10T06:20:10.000Z"
HH-6QUY-ZK,"0x8d1de5ad3819cd4ff6759d0f9f07467e3b19445e","@web3_monk_gm","web3_monk_gm759","2026-09-10T06:52:38.211Z"
HH-6RC7-3C,"0xa8B9809dd237Bf6B46474207468C3b024c442a35","Akashi_Seiju12","Akashi_Seiju12#1687","2026-09-10T06:19:32.000Z"
HH-6S7Z-98,"0x6Ae878dfAeE53Ed43E267b42998C5C5d13FcaEA1","BountyBrix3","BountyBrix3#1560","2026-09-10T06:19:45.000Z"
HH-6SFG-TC,"0x5eAC05280895Ae57b50CB5ceaEa7538097c0ADd7","hood3fe017c8","hood_3fe017c8","2026-09-09T22:43:50.486Z"
HH-6VVH-XR,"0xe361939a179969d97573b78f10f11897dc03aab1","@qianl_28","yangxh","2026-09-10T07:08:50.291Z"
HH-6XE4-GM,"0x0ED6dbd8F1c9d93277fa293736BC613f8c47Ad6E","alexandre490","alexandre490#5010","2026-09-09T21:39:05.107Z"
HH-6Y1D-0O,"0x44948D63A132A76eEfdB14A2EF3e4aEcF5551cA4","juliocesar156","juliocesar156#5356","2026-09-09T21:39:13.545Z"
HH-6YAG-7E,"0xb62555dCc9190D3A3b1d31bC7B7Ff276145e5d37","AiSuzzy","AiSuzzy#4489","2026-09-10T06:19:32.000Z"
HH-729M-MF,"0xeF7FBf0d7484B7E7636894e3100b507244abc152","FC_mosh","FC_mosh#4081","2026-09-10T06:20:06.000Z"
HH-72DO-K3,"0xdDEa4BD239DC3C2b8425667dAe29c5D094C3E4a3","@WAGBO24","Adufe#9270","2026-09-09T23:52:45.030Z"
HH-72VC-LY,"0xfbfc80abf74be076b6186b69f6f674fc4082c9f9","@defi_staker9018","defi_staker9018897","2026-09-10T06:57:23.144Z"
HH-73AN-S0,"0xB1E2c7e232e4ccD9537CB7B9d8b01aDeb7f12116","@AdralEndi","AdralEndi","2026-09-09T21:55:03.752Z"
HH-73RK-U9,"0x438C11Cf8fD3625910153FeC926345B2d3266228","@stuntjnr","@moreglitch","2026-09-10T01:31:03.010Z"
HH-73V1-6I,"0xAB062e448d61f33fb51B62818dAbE47cf2DD4Ee2","Asibuahgh","Asibuahgh#4137","2026-09-10T06:19:37.000Z"
HH-74SL-RA,"0xA3b64B07cf4B696F3A4BAca844302bCAFbef95a1","0xScoopy","0xScoopy#9581","2026-09-10T06:19:14.000Z"
HH-74SX-1V,"0xA1abF48D7200B7Ba4cBEB337Da616cCa9e30b99c","@OlebSycho","@yhwacht","2026-09-09T23:47:48.557Z"
HH-776U-8T,"0xaB80b05c128bD809B4F31469F0C0Ca8b17d01bf0","eduardasouza351","eduardasouza351#1540","2026-09-09T21:39:36.211Z"
HH-77K6-67,"0xf567A2325429aC5Aac4F6Fe6Aa99e208baAB71FF","@dou1024","huajie#0386","2026-09-10T02:33:22.230Z"
HH-7AQV-PF,"0x52F68d88C5a3E6aeab6e9724335e64B0b314D1a5","Angela1445909","Angela1445909#3469","2026-09-10T06:19:35.000Z"
HH-7DW5-H2,"0xb1E20792c26502b4Bc8AFf5586461B43449fA3E6","Amandavmyq","Amandavmyq#6859","2026-09-10T06:19:34.000Z"
HH-7E4J-KG,"0xa939383E077f490d148e135067Ddc59e385e7373","ActivemembersX","ActivemembersX#4940","2026-09-10T06:19:29.000Z"
HH-7EW0-CP,"0xE0d0D27CE76d9E03bE46E83FA6D5A133d57706CD","geovana830","geovana830#7151","2026-09-09T21:38:59.564Z"
HH-7FJ3-RH,"0xE5533760765f5C9facA41B5B113ee70a13022217","hoodde4553f7","hood_de4553f7","2026-09-09T21:10:40.757Z"
HH-7HN7-FX,"0xDEC98a8E95DFB51b9F166A9a9Ac5dFe1c11411cD","hoode58cc99e","hood_e58cc99e","2026-09-09T22:44:08.583Z"
HH-7K4X-9Q,"0x9677AF578B90181DB8128E769d7e9399E0E5C444","@butiranampas","wut2281","2026-09-10T00:00:00.000Z"
HH-7K9S-E6,"0xa1DFa7864Bb4b8b2284eA0dAdc9d7802F047954D","0x_tronn","0x_tronn#9157","2026-09-10T06:19:16.000Z"
HH-7KKG-23,"0x324EDBec2Eb10BF4aA44948Ec27a6EF078ef1872","Darth_Vader404","Darth_Vader404#7436","2026-09-10T06:19:57.000Z"
HH-7LVL-0J,"0xd5Fcb53fc058B9871a35Bd78a21EF5ceF1EA208b","AJ_Synners","AJ_Synners#8420","2026-09-10T06:19:27.000Z"
HH-7LWN-OV,"0x012D5e797e1fc8f1f605C9442Cc21ED2a4Ffc8F5","@syahruldyy","@syahruldy","2026-09-09T23:34:43.153Z"
HH-7MP2-H4,"0xfa420fa0c5dD7eca1d43BeA9F14Aa31fBBB5e41d","4_flexr","4_flexr#1915","2026-09-10T06:19:24.000Z"
HH-7MYX-UE,"0x59016f485e5fcc527845a823e93624b0743fd454","@defi_moon16981","defi_moon16981373","2026-09-10T06:57:46.488Z"
HH-7NUS-N6,"0xDb06d09bA213B255495771f2465979e67cdD8e3a","geovanna586","geovanna586#7593","2026-09-09T21:39:23.632Z"
HH-7P7G-MU,"0x8e673100b9c1883b2c503d0d8ab718823357f5dd","@znznktkt","lens123","2026-09-10T03:08:37.244Z"
HH-7Q1F-H7,"0x9901Bc21e4b11d4dF9778820BD75049Cc978A825","@NameOfBTC","titan072","2026-09-09T23:46:22.148Z"
HH-7RD3-GO,"0xe7f61E7ADD34b11C360C1564E9f4A0F99b3FcC35","@AdrikSalam","AdrikSalam","2026-09-09T21:53:46.641Z"
HH-7S3W-ZR,"0x39659B4186F98799Bc98f61258aB577cDc510c98","0xCryptolatoz","0xCryptolatoz#2542","2026-09-10T06:19:13.000Z"
HH-7SS3-XR,"0x377C4F91b465Dded5B27101a988De96CDA1D2089","ASSUDEEYQ","ASSUDEEYQ#2639","2026-09-10T06:19:27.000Z"
HH-7TBL-SH,"0x3B81b1F0397458b20A1cb8F4a7467224D8002c59","0xgutso","gutso","2026-09-09T19:56:37.102Z"
HH-7TN1-FS,"0x71229Eb35d19A6231616609f0f76D967a66D1d8D","@DanielleGr56510","fffggg3727","2026-09-10T05:08:35.285Z"
HH-7UR9-KC,"0x1b3cd7cB46CaEBFbd61D2357dBffb544E6821da9","@restuprasetia5","ress1631","2026-09-10T01:07:24.721Z"
HH-7VHB-4C,"0x557f1e14024b15055D6254EFc86ac058abCF572B","laisla538","laisla538#1568","2026-09-09T21:39:28.721Z"
HH-7W2D-UE,"0x77ec6E45921939F05c0D693a458d1ea152Ac39A6","Blessing_Olivi","Blessing_Olivi#1316","2026-09-10T06:19:44.000Z"
HH-7W2U-P1,"0x77000Fa5cF5Ffe28D3f588f3e9499354F39C6598","AIArtCook","AIArtCook#4692","2026-09-10T06:19:26.000Z"
HH-7X1S-F4,"0x532051d28BE44c865eA8004B0117F4AD7aE240Ea","254_Insight","254_Insight#2547","2026-09-10T06:19:23.000Z"
HH-7X86-HF,"0x5d749C51a2ddc4e04aF755BB8aBd0499907Aa577","Domexchalaza20","Domexchalaza20#6082","2026-09-10T06:20:00.000Z"
HH-7Y6E-9H,"0xa261ad2840569dD92bA848ADB2c4339e6c80676a","EMrizky_182","EMrizky_182#6337","2026-09-10T06:20:02.000Z"
HH-7YXQ-TS,"0x95167b0dDaaE3941511a3F6B97159514a3ca1657","douglas469","douglas469#4018","2026-09-09T21:38:54.286Z"
HH-81G1-Q7,"0x43D9F82766daBB3667f322D56e071696a47c010D","GlennisWil24642","GlennisWil24642#6549","2026-09-10T06:20:13.000Z"
HH-81JN-IK,"0xe39d557d6c61c9cf83bda0cb417cbc6ca0fecae6","@enairda4","villibil.","2026-09-10T05:19:47.324Z"
HH-81ZS-B1,"0xc9468fbdec45ff3a32828ffbbca909efd157458d","@0xdegen210499","0xdegen210499","2026-09-10T06:55:37.331Z"
HH-83K6-2P,"0xE2Af83A92B4E7cb596C3934aE7615Da88241ef5F","Bra_Mykel","Bra_Mykel#4084","2026-09-10T06:19:46.000Z"
HH-84ZD-8F,"0x845a78ab90161d7d1e67dd2483e58dfc6ad06a5b","@vade_20","vade_20","2026-09-10T06:54:37.435Z"
HH-85UW-9R,"0x39E2920FEaC8aABBA561901F289B51368B23728f","FUDHelpdesk","FUDHelpdesk#2776","2026-09-10T06:20:07.000Z"
HH-879A-99,"0xe6002A952Cb3634c48Bd26a4f916F6064c0e7a36","@ByyLayla1","ByyLayla1","2026-09-10T04:22:39.078Z"
HH-87EP-H1,"0xde71a25864F101129BF07226769EbCc1bc980e10","cleiton496","cleiton496#6963","2026-09-09T21:39:29.945Z"
HH-894A-KP,"0x9A1fcf05b4E41c7692d948C0fdEA69C93da33153","0titu_","0titu_#6154","2026-09-10T06:19:12.000Z"
HH-89VK-US,"0x9FC0fE7717311150169059b8eFFff497258eD24E","BBELAY20","BBELAY20#9325","2026-09-10T06:19:39.000Z"
HH-8AQ1-24,"0x231FE66E8db248629Eb183C5a4f7E0257F84B185","@0xkaccy",".kaccyy","2026-09-09T21:14:09.531Z"
HH-8CB9-0I,"0x6c16ca53cB0815688b88Ada0eFa7b3222b1a1556","suzana390","suzana390#1889","2026-09-09T21:39:10.572Z"
HH-8FK2-SV,"0x9e0d6b881F26466F129782CF5b0B641A21a06eb0","@0xmaksimm","robsjustrobs","2026-09-09T21:40:16.651Z"
HH-8GN6-55,"0x473C178b30dACA4cAEAb940F3cA4F48e1A49F1Fd","hoodd68248da","hood_d68248da","2026-09-09T21:07:13.444Z"
HH-8GO9-6B,"0xa11bb883756574Dbe03942427D90c97803Ffe654","Bluwiepix99","Bluwiepix99#6318","2026-09-10T06:19:45.000Z"
HH-8H7G-O7,"0x709428bB7929B57A8AfC6511360cbED0AD9a99EA","AngelDavess","AngelDavess#1533","2026-09-10T06:19:34.000Z"
HH-8HCX-CB,"0x036a608F17c3D59E9bb70762F3803768Ee9Bd3C7","@iamdeji9","isaac095656","2026-09-09T20:38:54.814Z"
HH-8I0O-LS,"0x015349caff03a7e1775e020a4825c89877db8079","@Topstarprint","herut01","2026-09-09T20:19:11.090Z"
HH-8IW4-X5,"0x999999cf1046e68e36E1aA2E0E07105eDDD1f08E","cewcww","chitransh","2026-09-09T19:27:06.565Z"
HH-8JDX-CS,"0xfa1ed47E1039C7C1A884B8CC5f0672a7197Cf059","maristela825","maristela825#5220","2026-09-09T21:39:24.442Z"
HH-8JOR-7N,"0x235c4B02744Dbb118aF89A72B22fEDb8aF66e050","DavoCreates","DavoCreates#1194","2026-09-10T06:19:58.000Z"
HH-8KW7-VQ,"0xf21bf3518419b66bf32a7f48268f2db6aeb803b3","@MajimeTanaka","MajimeTanaka","2026-09-09T22:05:12.188Z"
HH-8M85-7E,"0xab0baBd058C7c9504Eb78aA42768BcD41DeBc21e","Calabar_Sheriff","Calabar_Sheriff#5942","2026-09-10T06:19:49.000Z"
HH-8MEW-0M,"0xFc596b460B6Ab9100b3BC7A610875a1BDE5C8B75","igor492","igor492#4906","2026-09-09T21:38:52.163Z"
HH-8N67-8V,"0x8affa6ba01b419be9659ecfca5ce7d19fdb17713","@zigg312","janisother","2026-09-10T00:37:01.094Z"
HH-8ORX-OD,"0xCDba4bD2b63259735EE0426509828c6ce58c5F5C","Auracle_X","Auracle_X#3746","2026-09-10T06:19:38.000Z"
HH-8P7Y-CN,"0x4fF1f60a6005f10E78cc1cD8800766a813676785","0xsimeone","0xsimeone#9320","2026-09-10T06:19:19.000Z"
HH-8PP0-3P,"0xab2dAd6485C5D540284aF1ade8A5677fcc9Cdc4D","eliane801","eliane801#7466","2026-09-09T21:39:28.764Z"
HH-8QCK-6N,"0xe2e7cfef58edcb031b327032381fe5a88313289b","@zhuren1992","@zhuren1992","2026-09-10T00:57:34.078Z"
HH-8QN6-G3,"0x242969860D303C48b7034fdF994530fee2977cca","monique641","monique641#8502","2026-09-09T21:38:50.708Z"
HH-8QOI-PC,"0x29aD7B00D39eB12335D7aaA583876ccd397298a3","silvana514","silvana514#7105","2026-09-09T21:39:06.001Z"
HH-8QSW-ZZ,"0x209983B02C98d266862414C16DD5dA5bd18178d4","@tylntml","mr.rastaman.","2026-09-09T21:08:22.586Z"
HH-8T3D-VI,"0xca6AE33d9693221560531d118059F81531CBcf17","weslley325","weslley325#5926","2026-09-09T21:39:02.004Z"
HH-8T3Q-7V,"0x37feA50c85b8233305c77997288715237c121551","@maxwell22280630","wut2281","2026-09-10T00:45:00.000Z"
HH-8YT9-9I,"0x096388679FD70697898785F4467E34C0E44456D8","@mahin2212","mahin22123","2026-09-10T02:02:01.611Z"
HH-8YUB-66,"0xa8641f19c99146f95327bfa0bef937dc5ca5dc20","@eth_vibe8141","eth_vibe8141","2026-09-10T07:00:16.666Z"
HH-8ZZH-4H,"0xc48008c532b0CDccc417176a472D1Ea1b5aFe5F9","Abdulazeez96930","Abdulazeez96930#8500","2026-09-10T06:19:28.000Z"
HH-90RR-CW,"0x3b37c7690830A302B891d15CE957508925Fd92B2","CryptoMoonSh0ts","CryptoMoonSh0ts#7547","2026-09-10T06:19:54.000Z"
HH-92OM-O3,"0x9870367b19d8A21c74B50A3fE8D7cba23aa363Df","adriano147","adriano147#7722","2026-09-09T21:38:55.609Z"
HH-96H5-LG,"0x99d744e4528D433dEf2d9dC39a22933a11ae3C50","BlackkHawk190","BlackkHawk190#3360","2026-09-10T06:19:44.000Z"
HH-96JJ-IG,"0x67a927D3db7033Dc9fF96111d8Fe4F01C311A0bB","elisa347","elisa347#9035","2026-09-09T21:39:02.350Z"
HH-98IL-EW,"0xe8fcc499c575dc60715c07eefed9313723350979","@db11798","db11798#0001","2026-09-09T20:10:56.000Z"
HH-98QN-3W,"0x478C10A2Db6F874F6b7778DBA5137EaA8F586d42","Crypt_Hybrid","Crypt_Hybrid#8604","2026-09-10T06:19:53.000Z"
HH-99CA-48,"0xc4A1F0558B71BC63234AE4b5E13173D88AEaB382","hoode7987255","hood_e7987255","2026-09-09T22:39:23.187Z"
HH-99P6-T8,"0x6F0c73BAFfC7feE434BCE5840f7591f31be7E3c9","0xfvlcrum","0xfvlcrum#3516","2026-09-10T06:19:17.000Z"
HH-99RS-Q0,"0x68D677Fb1Ab3E1D0A1F1227d98e9861C472E7911","0xshivv","0xshivv#5233","2026-09-10T06:19:19.000Z"
HH-9AMK-0Z,"0x2cDfCA6be9964134B16B5954edE46E1bbD20f599","hoodbf67a428","hood_bf67a428","2026-09-09T21:09:46.719Z"
HH-9CU4-Y0,"0x3bf9a3ff6ff443b7ea0c104babc213c423d12815","@web3_degen1784_","web3_degen1784_749","2026-09-10T06:58:28.367Z"
HH-9DOI-80,"0x41eB6Ca77bb09b9f91a260d430Dbd50a04c2f0C0","gabriela908","gabriela908#9907","2026-09-09T21:38:52.987Z"
HH-9E5U-OS,"0xf5ac57f8d2e4c2e7df84c15264d9a6a7ae58eded","ohmythalassa","thalassa09","2026-09-10T00:58:01.687Z"
HH-9GR7-U8,"0x8ca6aFDC30f7e50d565d9aCE85B3170310b27569","0xManny4pf","0xManny4pf#5368","2026-09-10T06:19:14.000Z"
HH-9IIH-TP,"0xd1Cd35B0238c360eb7a6c42282fffc399e56DD6E","Breadnbeans22","Breadnbeans22#8686","2026-09-10T06:19:46.000Z"
HH-9JE4-3J,"0xa07Cf2e4d4598825f776467790cc50Ff6d9f6690","Dera0x","Dera0x#3324","2026-09-10T06:20:00.000Z"
HH-9JW6-RM,"0x7D6439B23357E025a937D04c36D143D7Ae3Aa484","denilson248","denilson248#3945","2026-09-09T21:39:35.577Z"
HH-9L2Q-IT,"0x6BFa4400FCFC8dFd845598b135C3C7D0a7CcAB3d","Crypto_Alpha12","Crypto_Alpha12#8159","2026-09-10T06:19:54.000Z"
HH-9L4H-WE,"0x9D7F1598320e14D320C5bb50A9B5d38347B8cDB1","Rarrozaqu73172","wraith_roza#2058","2026-09-09T21:08:00.794Z"
HH-9L6F-V6,"0x732bD203859ac37b6Cd1503665b2eA2304a63F74","eder703","eder703#6500","2026-09-09T21:39:13.493Z"
HH-9LDS-QO,"0x301dC7BE9b856BD73263561DaD48e8749D004C06","hood32c553b1","hood_32c553b1","2026-09-09T22:35:56.339Z"
HH-9LO0-0Y,"0x6c2F9F9386BF936192DFC82c0036C6c83B6a600F","alisson427","alisson427#5592","2026-09-09T21:39:12.923Z"
HH-9N6I-TF,"0x84163C4aBd95Aa2DEb830D3d0D5d4E501AecBc9D","Boobaloosh","Boobaloosh#8891","2026-09-10T06:19:45.000Z"
HH-9NE3-4C,"0x5a1e3bbeb6ef4b808bf1c3fb120bac91e9f34d45","@OxFasiih","OxFasiih","2026-09-10T00:42:37.576Z"
HH-9OSV-UA,"0x3118437f487248a8c34885480246344dadaee98a","jennychuks7_71","jennychuks7_71","2026-09-09T19:46:43.343Z"
HH-9P7X-8T,"0x6b604C0762ECFcA7E4376D9c60ce0a8150cdeFEe","Biauvii","Biauvii#8948","2026-09-10T06:19:42.000Z"
HH-9PH6-6M,"0x5A4f5FEDE400c36998d9F39CcaD94786Dc2A8133","leonam402","leonam402#6958","2026-09-09T21:39:38.591Z"
HH-9PYF-VU,"0x69e87bD381FC8387E29777512f46ABCe07721289","tulio604","tulio604#1952","2026-09-09T21:39:24.701Z"
HH-9Q69-6C,"0x6dD2B7e268F967a0B36e0a47Fa5F7Da054e450a2","DL_ITIA","DL_ITIA#1331","2026-09-10T06:19:55.000Z"
HH-9RIO-1K,"0xb7516e48D3F85A7983E1Fd8e2fC813A2E441f44b","rebeca935","rebeca935#7630","2026-09-09T21:39:00.398Z"
HH-9S14-Z1,"0xb03f14ff6151686825c4d70a1fd57822e1eedbf5","@future_grace1","future_grace","2026-09-10T07:25:21.172Z"
HH-9TS2-1X,"0x2884CDd22932C0a3DA95fC1F9269531752Ec1fd2","karina604","karina604#7342","2026-09-09T21:38:55.607Z"
HH-9UTS-YY,"0xEEE779b17Fe26e43483f7e89B6C2579931FB1900","hood2940c17b","hood_2940c17b","2026-09-09T22:42:35.254Z"
HH-9W2X-45,"0x0b1dc413F0C1889b78B82D7b499a8003428B339c","@Astro_wave_","Fury1_2","2026-09-09T20:40:19.085Z"
HH-9W6A-60,"0xaeDaffceC49371EdEae37C917Ca0dB7714fE7c74","mauricio857","mauricio857#1964","2026-09-09T21:39:19.371Z"
HH-9Y95-WZ,"0x119D22f0F02d62b5c13eb26b9a18447AcF7d5528","FumeFright","FumeFright#6868","2026-09-10T06:20:11.000Z"
HH-9YAM-AB,"0x29fc3765da1097953d015d127c54dfe727746904","@0xser4248_xyz","0xser4248_xyz216","2026-09-10T07:00:50.152Z"
HH-9ZCI-TK,"0xFDb57d3800a877661aa4099440c134B65e291308","dovee012","divine__rock","2026-09-09T23:59:49.171Z"
HH-9ZJK-PF,"0xd7a5c59169F62C43452d08eE87E7CEfDE7fe2c96","Dxnnxszn","Dxnnxszn#5357","2026-09-10T06:20:01.000Z"
HH-A096-ZO,"0xfb90BdCe69cc561026B068ec2568924Dc907315d","marcele273","marcele273#7526","2026-09-09T21:39:07.129Z"
HH-A3KM-ZU,"0xdDBC0aE217898cdE86649C142971A5681c203a03","caio517","caio517#1367","2026-09-09T21:38:09.307Z"
HH-A5N5-1M,"0x5707fd8ce4dd761a8050182da95634404d2820dc","@TuDou20180513","tudou1314520","2026-09-09T20:38:53.966Z"
HH-A5OI-TG,"0x691fb254B99d22EDF6B10542677aE94114D028e0","0xHoodyrz","0xHoodyrz#8809","2026-09-10T06:19:13.000Z"
HH-A5SW-ED,"0xe5d7B34b9a9802A83bfcAb686c6c9A7a44037128","0xhuak","0xhuak#5479","2026-09-10T06:19:17.000Z"
HH-A6SH-91,"0x580b19f489f61903E48B530A87E498b0d12Ed4E1","@qianzhuque","zhuque3333","2026-09-09T20:57:44.764Z"
HH-A7GI-WK,"0x45FCcBc09871d2379700b19F5d52C0F64a5c5025","0xbrickverse","0xbrickverse#4733","2026-09-10T06:19:16.000Z"
HH-A7KS-QJ,"0x5082BA70D56D99fdAAB90018aa3502C87879AC98","24Tryn","24Tryn#2342","2026-09-10T06:19:23.000Z"
HH-A82V-SY,"0x358e7121aCa29B6d216F89EB59B48d9a6527C1fD","noemi842","noemi842#3158","2026-09-09T21:38:57.183Z"
HH-A9OQ-GO,"0x1b9ee60035d8Fc98b2EEF69375ea2b181aBBD81C","hood83bf1c4f","hood_83bf1c4f","2026-09-09T21:05:43.694Z"
HH-AAF9-1A,"0xFb5aef8C984EB5a825bb921a206D0C2bDbB5B41D","Daviday51101994","Daviday51101994#7302","2026-09-10T06:19:57.000Z"
HH-AAVU-TH,"0xC8DfC5A58eef2792040f0848B02Ed1e8e0b68834","vanessa867","vanessa867#6613","2026-09-09T21:38:54.467Z"
HH-ABNB-BH,"0x206553959760EC56fF2FE915Ed2f720E8f8353c2","hood91ddfdd3","hood_91ddfdd3","2026-09-09T21:08:55.870Z"
HH-AC3O-0E,"0xAE6a9bBfE5fF84dBe6fBE3B2A63FC00dB9469a82","heloisa296","heloisa296#9326","2026-09-09T21:38:55.991Z"
HH-AFEV-KI,"0x707d98efc6315988325fe737a940776615af8b2b","@Geh0x1","@geh0x1","2026-09-09T21:05:19.638Z"
HH-AGAI-8L,"0x7d5267D33a4Babc1DF747118631b48f2abD4dd1A","rogerio682","rogerio682#9663","2026-09-09T21:39:32.914Z"
HH-AJFR-H8,"0xc581Ff1DdAA4916D11C381d8C2dF52955DDC1010","CarinaKJacob","CarinaKJacob#2686","2026-09-10T06:19:50.000Z"
HH-ALF4-18,"0x7828667cea44e74242ed07ca5292f89e387c0085","@callmethat","callme_that","2026-09-09T23:56:27.776Z"
HH-ANL2-RH,"0xD697FA891778CB85E609e903701C500313f938e1","0X1ndoo","0X1ndoo#3869","2026-09-10T06:19:11.000Z"
HH-ANTU-E0,"0x20eb1B321221CE6f942C67C2bE4F336bd03d016F","0xw33ha","0xw33ha#8514","2026-09-10T06:19:21.000Z"
HH-AOPT-ZF,"0x102b0ba564fD09D5fB3D70eedf0FbBa00ce7F9Cc","0x_Sentry","0x_Sentry#8615","2026-09-10T06:19:15.000Z"
HH-AOVR-MT,"0x6aC69c74c4d4A3D64d577c8da19056076C3cE688","Bishophotxy","Bishophotxy#7908","2026-09-10T06:19:43.000Z"
HH-AOZZ-YF,"0x4f84159d64da8cd55104bed50c9d085c7bbb837d","@Ohjayy","Ohjayy","2026-09-10T00:54:33.026Z"
HH-AP8S-EB,"0x4e45e842Ccb503129305C9145987f37aA3E20eD3","CalcioBundes","CalcioBundes#8230","2026-09-10T06:19:49.000Z"
HH-APWL-RN,"0x420df17a6a19421593b8F54CD6cF067fda5aC530","meupau","meupau#6848","2026-09-09T21:35:06.950Z"
HH-AQDA-OR,"0x27f929F2D0338D62aAEc84F02BC35Bb508B7B394","rodrigo149","rodrigo149#3803","2026-09-09T21:38:49.688Z"
HH-AS4R-SP,"0xECc6D07F83712772c4E4e7EB1c68F690F7d0ee36","evandro253","evandro253#5965","2026-09-09T21:39:00.077Z"
HH-ASON-YQ,"0xf23acae178c7d1e2e035619054009e14ef09f804","@MetaM00","MetaM00","2026-09-10T00:54:09.995Z"
HH-ASZW-X3,"0x69Aea8EED0CFaD943349dACe7B08D63B1f8638df","hood76c43e55","hood_76c43e55","2026-09-09T22:44:41.925Z"
HH-AT22-OQ,"0xd2baabfba49a2a4e2a2daa7f33c1e1686bdb4d4a","@Tlb_jo",".beihe","2026-09-10T05:41:09.760Z"
HH-AT43-3P,"0x73C7648f15B9976226C9e0F5e28f55f937AC7dDf","F200101M","F200101M#3052","2026-09-10T06:20:06.000Z"
HH-AV0M-IU,"0xa7B068685e05987E765041937C2537D8E6d1dEA7","FunnyArena58","FunnyArena58#5524","2026-09-10T06:20:11.000Z"
HH-AW16-ZW,"0xd9f274BC90266E87e237a0a98bd4C5D8c29Ed1Fd","sergio418","sergio418#3447","2026-09-09T21:39:00.758Z"
HH-AW8E-B4,"0x11D29Ec52d82E0f5Fa3a1de590782eb43de8518c","0xLuffyOnChain","0xLuffyOnChain#3341","2026-09-10T06:19:14.000Z"
HH-AXIO-AQ,"0xE56AFfd4fcE1f71530257524D1EC5De7Ea8d2601","Adamkng_01","Adamkng_01#1558","2026-09-10T06:19:29.000Z"
HH-AXK2-PN,"0xB78c85611862043dD9d92c7E36008E63027f46fB","111zikr_","111zikr_#1234","2026-09-10T06:19:22.000Z"
HH-AXKL-2G,"0x5418b37263C6EE5B9e613378D354c7B5E0534bb0","@x4vieruz","m1sha6947","2026-09-09T21:21:33.919Z"
HH-B0VJ-PM,"0x3B066fE2c0486e9f413d984292de89738504A4c9","Adaviize","Adaviize#6992","2026-09-10T06:19:29.000Z"
HH-B0X6-YQ,"0xC30B685836e9091B56bbC038a038e247b44aaF2c","GeorgeSunga6","GeorgeSunga6#7198","2026-09-10T06:20:13.000Z"
HH-B2WO-5X,"0x109832D404CEE9d3Aa3B5356907c357CfeA8A8AD","luan184","luan184#9896","2026-09-09T21:39:12.819Z"
HH-B33U-TK,"0xd954581054E8E9879B5632C326A7eC10b3065D97","@0xCaiodoBarco","caiodobarco","2026-09-09T20:37:06.906Z"
HH-B37K-BQ,"0x937845a1257FFA8EdD6b578d4D0a6aAD5Fc7538f","EmmanuelSa837","EmmanuelSa837#9802","2026-09-10T06:20:05.000Z"
HH-B510-PO,"0x78AFA1e011AB7D2C5A53De42D2d7FC654F893F57","BrolyBaby7","BrolyBaby7#9229","2026-09-10T06:19:46.000Z"
HH-B5NR-DP,"0xfee1FC78479557405cAB5d19B0d856dB8Ff44AE9","viviane914","viviane914#2547","2026-09-09T21:38:56.476Z"
HH-B5VC-C9,"0x845fd3A0519f4DcA9E285d360965142b14a60295","Dcalibless11X","Dcalibless11X#1489","2026-09-10T06:19:58.000Z"
HH-B71O-TF,"0x5Dc9F5D066F218B0C88ae8Fc2EBC5d37f6e0A19a","hood531ca93f","hood_531ca93f","2026-09-09T22:37:57.900Z"
HH-B8AT-V5,"0x52D8DBebce7E135Ec82581AF51fBDA97e74335ed","reginaldo350","reginaldo350#1284","2026-09-09T21:39:30.356Z"
HH-BAI3-6O,"0xAA0E76e717474b65eEf6E67682633f31C569A498","AkanmuEric","AkanmuEric#9450","2026-09-10T06:19:32.000Z"
HH-BBOR-82,"0x5F96B8B3D4C774eCAd56f19D64A75cb3f552C039","thiara315","thiara315#5646","2026-09-09T21:39:14.914Z"
HH-BGJX-WD,"0x9d7097f6b7bdfd2530167245e7a4dd2b8d544517","@melani0031","psareu31","2026-09-09T20:16:27.163Z"
HH-BGPK-J9,"0x27a74ef85dc4050bfefa5484a0ebe83518e8dd4e","@x_rekt46850","x_rekt46850","2026-09-10T06:58:09.069Z"
HH-BGTL-R3,"0x269b2E10453b94A715ec73baBD44C1910Ed4562d","DaniiOnChain","DaniiOnChain#6655","2026-09-10T06:19:56.000Z"
HH-BI69-T7,"0xFa003fF8fc09B72764dB67ED34D952db527139c6","lorrayne921","lorrayne921#7995","2026-09-09T21:39:30.336Z"
HH-BKHP-F7,"0x4a28172C1a118E31Ae43f33834782046949f6F08","@BlueHanbok","yoominji","2026-09-09T23:51:47.487Z"
HH-BL93-6E,"0x70d63A85F8f9AdB3a3336454ecFEf338b813b071","CryptoS29046648","CryptoS29046648#6991","2026-09-10T06:19:54.000Z"
HH-BMSU-U1,"0x02E2ebE1F43728b5B799db1684c9eCf3a88c3dcE","mateus792","mateus792#2256","2026-09-09T21:39:07.129Z"
HH-BP03-DK,"0x8039853FF6B825C412C40Ea1cc1441F34AF374bf","hood666ecc4e","hood_666ecc4e","2026-09-09T22:43:32.652Z"
HH-BP40-ZZ,"0x510119F26D64106081561dA8E4a89D3082f2aaed","@baidabai_12","baidabaida","2026-09-10T06:48:52.508Z"
HH-BQRM-R3,"0x7f289075Fdf6a7edB676b6c2C7289AFd9ee7F6d5","junior246","junior246#6466","2026-09-09T21:39:25.754Z"
HH-BRCM-O7,"0x14f1fcC02cF2292307f4CdebDf6C09BE01f39324","BobbyBNB1","BobbyBNB1#4243","2026-09-10T06:19:45.000Z"
HH-BRPN-YF,"0x941B0C38bD35fdEadae3F22E45c58Aac38953AE9","carolina316","carolina316#3870","2026-09-09T21:38:49.685Z"
HH-BRYN-86,"0x418f7EFdAbe0493261f2193FBC2b314D57E75f0F","CFC__Eben","CFC__Eben#3298","2026-09-10T06:19:47.000Z"
HH-BSTM-IW,"0x5A08B7e45BBE781db03d9868f5F83E37aF3DD302","danilo581","danilo581#1759","2026-09-09T21:39:23.788Z"
HH-BTF2-0A,"0x99C97BB59ADC263728464f294A40077f2cFf1a7d","thalita913","thalita913#9040","2026-09-09T21:39:32.093Z"
HH-BUHZ-ND,"0x9980fcE3f20856C91BE44976D6811B572ae8ca76","joaovitor302","joaovitor302#4601","2026-09-09T21:39:09.534Z"
HH-BWQJ-UK,"0x7EdcE7F9F365b97AEA26127fe858C7245bc48b1a","cassio264","cassio264#7256","2026-09-09T21:39:00.953Z"
HH-BWXS-18,"0x3b16550F48DC331A12f320950352515F8efCcD45","CosmosNwosu1","CosmosNwosu1#3756","2026-09-10T06:19:53.000Z"
HH-BY2I-HS,"0x991F840129095dd9eF00e141E4bff36cCB776Ae5","aparecida639","aparecida639#3401","2026-09-09T21:39:33.910Z"
HH-BY8H-BI,"0x430510D038Cdc6aB0333600D2E970C6554Db70d7","Dami755","Dami755#2191","2026-09-10T06:19:56.000Z"
HH-BZS9-8A,"0xf888321e980Dcf01deA475029aFcbf8Af51fbde3","@cryptfujita","donald_fujita","2026-09-09T21:12:41.021Z"
HH-BZUV-DP,"0xa6cFbca71838caFeB7d0e3e9de28C7A0ed92FCdB","Fansticp1","Fansticp1#2310","2026-09-10T06:20:08.000Z"
HH-C0AK-M3,"0x629f82477A5ac2Af62d6625dACFd178939bc129b","pamela150","pamela150#2236","2026-09-09T21:38:52.365Z"
HH-C30H-KU,"0xfEb476E4731409F5975674a31915649234512dec","EYENISONG","EYENISONG#4590","2026-09-10T06:20:02.000Z"
HH-C5MM-H2,"0xEf5Aa41b00446b17E360D5AcA15deBAEe5e1EBa7","4saken_slim","4saken_slim#9347","2026-09-10T06:19:25.000Z"
HH-C5Z1-EC,"0x4b7e21fd389f1e305ca842b08336471f58b5dbb6","@thedev881199","thedev881199","2026-09-10T06:55:55.438Z"
HH-C6RH-HO,"0x523f069b95b8c70f7eb942468fe8c697a5d112e0","@defi_layer75319","defi_layer75319","2026-09-10T06:57:29.393Z"
HH-C7XK-D8,"0xc977a2dc7fc79CA40b98BF81b857B01aBB32a6C5","rosana143","rosana143#3291","2026-09-09T21:39:19.501Z"
HH-C846-S7,"0x85008f72cDC0e3E56419a49b48F6F603CF074A3B","hood87960946","hood_87960946","2026-09-09T21:04:18.287Z"
HH-CAG4-SE,"0x2666FE57d866F1F8a4FFfbB747faAB599b23382f","ElizabethAlx53","ElizabethAlx53#3574","2026-09-10T06:20:04.000Z"
HH-CB3L-XO,"0xCfd979506ab807483372cd14bA6EC6b7d52e5899","ConfirmEren1","ConfirmEren1#3955","2026-09-10T06:19:53.000Z"
HH-CE22-V0,"0xD484b54792BBa521EA2DC9d1B3B0d4e3F63a7F74","Bhig_jayyy","Bhig_jayyy#1778","2026-09-10T06:19:42.000Z"
HH-CHWR-VS,"0x97174a59F6Bf0F5A41516dA4339F740e2eBDAcab","carine731","carine731#3797","2026-09-09T21:39:09.787Z"
HH-CIJC-J8,"0xB1b2CE320E79be9d53437CA457ab004Aa18d47De","0xJeeya","0xJeeya#6186","2026-09-10T06:19:13.000Z"
HH-CJ5L-X1,"0x50A0DfD9c5428e650eEfF72d20De18eA30604345","carine195","carine195#6103","2026-09-09T21:39:23.766Z"
HH-CJHA-41,"0x663b06a5de64936A8f3EefC16F4e554a8dEeD01e","Chandan13624611","Chandan13624611#1312","2026-09-10T06:19:50.000Z"
HH-CJSF-SS,"0x305d2712f8692e8004384561541c297cb94AE4b9","0xsweep","0xsweep#4831","2026-09-10T06:19:20.000Z"
HH-CKA0-UT,"0x30bb07F2fe0cd22F97e83789b899369df755821E","isaque876","isaque876#2119","2026-09-09T21:39:34.658Z"
HH-COF3-5H,"0x716A3745e113cAad6f142A58a0740de1602E3F81","dayane873","dayane873#3026","2026-09-09T21:39:21.961Z"
HH-CQVL-S2,"0xd438804F4d44a21e63747ec5F6E899e8b6F305b1","mirella649","mirella649#6454","2026-09-09T21:39:36.401Z"
HH-CSI2-YU,"0x9E6dc86593665B0C91d03338cF2323865F153E13","cintia258","cintia258#2942","2026-09-09T21:38:52.914Z"
HH-CSLJ-CZ,"0xca7c1e44ADdAEAA5F226c36E563a6824d8B70f7f","emerson731","emerson731#2660","2026-09-09T21:39:36.642Z"
HH-CTBP-B9,"0xD7f41501FD9Fc066192cFD5aEecd087B3F0a2b53","katia930","katia930#8751","2026-09-09T21:39:31.280Z"
HH-CU8T-B7,"0x10747E5667d7C4f90eCA37b4Dada17Dac9Fee282","@TristanOdoard","xuanguiyuan","2026-09-09T20:10:43.532Z"
HH-CW5P-22,"https://x.com/smardisgmi/status/2097851005962502146","smardisgmi","theonlysamad7","2026-09-10T00:55:00.496Z"
HH-CX1F-FH,"0x0E4Bba5b056290A7F8a29E6d9f5cB196709b78f2","Beixo_99","Beixo_99#8317","2026-09-10T06:19:41.000Z"
HH-CY1V-T4,"0x38ef2A1b20054BDf5340D40C467276bD63Ae7c34","BluntCap","BluntCap#9561","2026-09-10T06:19:45.000Z"
HH-CZCD-YQ,"0x6d56D4B7eE76750B05c1BE37E54655c3fcf6B73F","D_shegz","D_shegz#6046","2026-09-10T06:19:56.000Z"
HH-D11P-GK,"0x40b0a6ec05FD8D9911Bd25BdA95F7B8CB2DB9884","hood89b6b886","hood_89b6b886","2026-09-09T21:08:05.099Z"
HH-D1MV-NQ,"0xdd5c61479fc60943500bcab029668535e22b2000","@jdavis_bigjohnd","sixiangyundong","2026-09-10T01:12:52.756Z"
HH-D2C2-FK,"0x427e902699bec0c31d069b90a99351bc31e34334","@0xghost2492btc","0xghost2492btc504","2026-09-10T06:59:51.358Z"
HH-D626-ME,"0x575098F2E65780671bAad54fB318d63FD2ead705","0xsrto","0xsrto#4018","2026-09-10T06:19:20.000Z"
HH-D6R3-SN,"0xCD2057ab460922C3B91BDE6e2Ca5Ca3Ea3AC790e","EmmanuelGentson","EmmanuelGentson#6453","2026-09-10T06:20:05.000Z"
HH-D9I2-9O,"0xefcd03be403684381ca721d6459d5ee6cc5ca957","@vicentebaoa","mamakaucoli","2026-09-09T20:03:00.323Z"
HH-D9LD-IS,"0x17a32a708888dd58ab0b1053fc1ca447be01e93a","KoffoBadru","k0ff0","2026-09-10T06:30:03.125Z"
HH-DBFG-WI,"0x52BcD18AA1d939bc8e432e8d3DB63d72b8Ef8C9A","Daniel01552060","Daniel01552060#3696","2026-09-10T06:19:56.000Z"
HH-DBRK-QV,"0xF8e6b73592AEe6e42D519CF0BadA29f40E864F6f","AshriotD","AshriotD#5924","2026-09-10T06:19:37.000Z"
HH-DCAY-F0,"0x7F09c3450f72f7f3ae979C675E46476D800D9147","AdvocateOfBarca","AdvocateOfBarca#8391","2026-09-10T06:19:30.000Z"
HH-DI73-B8,"0xA1C97b19038D6718443E173F7768F9b5cF85fE1a","Bigbbybenny","Bigbbybenny#8934","2026-09-10T06:19:43.000Z"
HH-DIIC-AC,"0xC6302E487E2a44B8100904A0d48Cbb2C3D2874f5","fabricio631","fabricio631#2327","2026-09-09T21:39:16.788Z"
HH-DK9Q-VW,"0x77135a97226B0e16A77Bc2d0DC3D7358D054E9Df","hood3576aa91","hood_3576aa91","2026-09-09T22:36:46.392Z"
HH-DKP0-OA,"0x281543965Ade00BB593bEBdA6013B656B03eD080","saulo384","saulo384#6518","2026-09-09T21:39:25.577Z"
HH-DKV1-CN,"0x33B99700D84Be679c28dE06078600339661C6056","luiza689","luiza689#7434","2026-09-09T21:38:56.946Z"
HH-DPHC-5P,"0xDa602F0C44c37Fda22808b9d64c68Fea4248826b","vanderlei847","vanderlei847#8945","2026-09-09T21:39:30.584Z"
HH-DQAK-4O,"0x84894f924e9e0d5a59c1cbaca55a1b5a1cd56e4c","@FIMedia22","nyxarzzz","2026-09-09T21:53:46.655Z"
HH-DR7E-VZ,"0x540f041AB35626cc263f47976F1ae1ddA62A7Ad6","DefettaArt","DefettaArt#3918","2026-09-10T06:19:59.000Z"
HH-DUB0-8Z,"0x3C55Bb88AE940eAe2972FFdE751D10aA08f18234","@0xarsis","arsalannova","2026-09-09T20:57:27.820Z"
HH-DV8N-J4,"0x80DfB15e54661955AA9313e59ec3426A1F097d1e","samara718","samara718#7068","2026-09-09T21:39:14.827Z"
HH-DVRS-PC,"0xCc38e5dBBcF1B13464f363ED326a3CA3DEEa5688","1ghostsama","1ghostsama#6598","2026-09-10T06:19:23.000Z"
HH-DWMS-ZK,"0x5D30f0384A4866944c428Ea551a86C6E4b397e87","gilmar519","gilmar519#4142","2026-09-09T21:39:25.173Z"
HH-DXWK-P1,"0x1C2F0D89fc3BED4BF0FB10a147502B34D55882F7","ellen862","ellen862#7087","2026-09-09T21:39:25.311Z"
HH-DYIS-UO,"0x66a6eD320B18669A68df8Ae3e6dC382b216a7091","hood438a4bfe","hood_438a4bfe","2026-09-09T21:05:09.900Z"
HH-DYSJ-80,"0x4E0E1D1b7B81B822602f2e292aCd3aC99146aF46","DashGwaPogi","DashGwaPogi#4670","2026-09-10T06:19:57.000Z"
HH-E0WG-LJ,"0xc738315eC605e0fd302d6e91e185636d2D07F68b","@wwwyueyqcom","leek7777","2026-09-09T21:10:29.704Z"
HH-E4F2-EQ,"0x2BF73B50eA06297bc409F4CAE7816E8d17Ad476D","FergieTime93","FergieTime93#1436","2026-09-10T06:20:09.000Z"
HH-E55V-HS,"0xA1468963E6C4fA91C2363F7998Fe6f8E1a5D8BAe","0xedak","0xedak#8483","2026-09-10T06:19:16.000Z"
HH-E5AE-RT,"0xae5d35d025F2Bd76f6ee65955aF9283aDb45B5aC","paloma971","paloma971#1862","2026-09-09T21:39:25.579Z"
HH-E62I-P7,"0x278896389E3F19e6BCe91E397dC548F8399F2B64","pamela546","pamela546#3747","2026-09-09T21:39:09.461Z"
HH-E6E2-1N,"0x05Fa21C81bdf493FA4F1c178935B621f02A7c6E0","raissa268","raissa268#9064","2026-09-09T21:38:51.098Z"
HH-E6O4-IB,"0x42f51713268322244940675e1E72Ebe11C74Ed0c","Chimezbest20","Chimezbest20#9758","2026-09-10T06:19:51.000Z"
HH-E72X-1R,"0x49025DAe33bCE91eb9A7461413c18ce8DC805992","CobboldMassive","CobboldMassive#4811","2026-09-10T06:19:52.000Z"
HH-E7Z5-O8,"0x190514f2a1E76A85712623C30426eeeEE354c11b","joao374","joao374#2406","2026-09-09T21:38:53.515Z"
HH-E8S1-UR,"0xb3662DaC40cb3E9a07d312118c32B7942C49C0C3","Dejiiszn","Dejiiszn#8151","2026-09-10T06:19:59.000Z"
HH-E8SS-5R,"0x0cdddf0d030557bb382703312c1dd4c9dd4c4d6a","@CryptoJames07","Hunter9455#6233","2026-09-09T20:49:21.578Z"
HH-E92H-S6,"0xd49e933e20a9f67d6ffa63a90bcda9c19c2e12f0","@Damian__web","Damian__web","2026-09-10T06:41:03.772Z"
HH-EAJJ-2P,"0xa2fbcefa58d2fa7a96838eef4e8b76c4a6afe73c","@yangyua57431593","cg1237910","2026-09-09T23:45:13.327Z"
HH-EBZO-3A,"0x36a16D1cC82C98e77E3e2eA16dACfe40B2e9EdE9","@BTC2XRP","kakaomint","2026-09-09T23:49:31.664Z"
HH-ECLF-2P,"0x357e3877eb83EaFb926d792D9ee2f44E3f97aC36","0xebii","0xebii#9836","2026-09-10T06:19:16.000Z"
HH-ED29-DP,"0x7001F38d87Abc2c5dfb78bf2fD540619966977eD","hooda147e455","hood_a147e455","2026-09-09T22:40:14.740Z"
HH-EERR-O6,"0x2c58970a5410EAD7d99375A899B12Ab192A84ecc","brunella268","brunella268#9552","2026-09-09T21:39:33.156Z"
HH-EES4-SM,"0x27aFd2e7067F172f73Eab38da46BcEeA2050e5bc","simone950","simone950#1522","2026-09-09T21:39:12.916Z"
HH-EFJD-1P,"0x65939feca7709754e2c4d25d75fa358f3918e1a9","@seeleyb","seeleyb","2026-09-10T06:42:48.756Z"
HH-EFLM-5G,"0x33419f97788035d3997413744debdb88f027ae47","@dayothev1","dayothev1","2026-09-10T00:46:23.240Z"
HH-EJ0J-PW,"0xef82C2B4d22f9396653d278A829D89c3Eba9821A","FoxxEren","FoxxEren#2186","2026-09-10T06:20:10.000Z"
HH-EJ76-6T,"0xf804a24744082a2d7cad6ed8ef1e30d23e93619d","@__Kylin_Zhang","shinkurogaming","2026-09-09T20:52:27.707Z"
HH-EKCY-Y3,"0x2271A9c28e2d54308E786C29BCAc2bd3f0f0ca59","fernando127","fernando127#1939","2026-09-09T21:39:29.592Z"
HH-EKLF-MJ,"0xf85187168A6d42e0D4aF27EB135790155fA77f9c","isadora827","isadora827#1011","2026-09-09T21:39:05.107Z"
HH-EKSB-U7,"0xAe4aEA3731409CE269fE000715C7Eb79e30f800d","Adexay24","Adexay24#6889","2026-09-10T06:19:30.000Z"
HH-EL10-KC,"0x3CB355B4DD94502759aF7Ee867d308873769abb4","josiane481","josiane481#3044","2026-09-09T21:39:26.908Z"
HH-EL51-7T,"0xd2eee40e772b083468d5a3d3bab6bcccd698992d","@Guuup672","jeffjugsenfja","2026-09-09T20:41:47.989Z"
HH-EL9L-FT,"0xE326A7361F72B42f641BAeA64CDb0672bB08480B","@HeiuH97084","hdyeheiu","2026-09-10T02:41:03.739Z"
HH-ELCT-N9,"0xbBABe1426CB37caB795e2D683a3cc32B929EaaA8","hood96311eee","hood_96311eee","2026-09-09T22:38:47.428Z"
HH-EMDH-TT,"0x5d6bf91fd6511107e6baf804cda1c8f2363fbd39","@_abiiyyy88","gatau0944","2026-09-10T04:33:36.013Z"
HH-EMH8-B7,"0x59d1ACFc3B91969c3A1d3F4348a2FF477b64EAed","odair793","odair793#2524","2026-09-09T21:39:35.719Z"
HH-EN53-JU,"0x2B3450073cF64877d3e4b85D7DBb2B94B1F1C365","hood6f2a414a","hood_6f2a414a","2026-09-09T22:34:43.956Z"
HH-EN6H-3L,"0x10Ba23843847906220bc7E58C801D19BFEc8C601","@hzfight1993","hzfight","2026-09-10T06:22:18.796Z"
HH-ENC0-8Y,"0xeEbb1A8891839aDaCD0a52b8190764E0646aEdDd","Bignazz1804","Bignazz1804#9340","2026-09-10T06:19:43.000Z"
HH-EOPS-GW,"0xE2896609012CCD22F0120D00d9224530f16e5616","randomuser","mmxnmxm","2026-09-10T05:16:58.982Z"
HH-EORV-ZB,"0xa3AbbD169f3c9c01C5a1cEBdD89A87C5dfD55cd7","0xultimatee","0xultimatee#3247","2026-09-10T06:19:20.000Z"
HH-EQZP-7B,"0xccbfa4813443f68519f1c29854359860ac3205bb","@crypto_lens9688","crypto_lens9688","2026-09-10T06:57:02.465Z"
HH-ER3B-GJ,"0xFe54E0FF62858E25704217f90412fF846F4c8B9D","AFCDecs","AFCDecs#5029","2026-09-10T06:19:26.000Z"
HH-ERCO-1X,"0x390b50b708a5b8a6e936244517f2ca220b824af9","@napoleonbiru","febrianerwin","2026-09-09T23:35:06.565Z"
HH-ES59-9J,"0x33862Fcb74631b17DFb57dc42Ab38D110eb234FB","eduardo847","eduardo847#6581","2026-09-09T21:38:49.684Z"
HH-ET3K-D4,"0xB1afCF52f591FB48Cd22C0618b843BdbE392D73c","Fahad_Y2","Fahad_Y2#9671","2026-09-10T06:20:07.000Z"
HH-EUG3-R7,"0x52B82507642cd8Bd339FFcb8a2d7faa007F56204","FeraTalksBall","FeraTalksBall#7839","2026-09-10T06:20:09.000Z"
HH-EVPD-CU,"0xC85E32312Aa9849080547d64338cf394Db10367a","Crypto_KalEl","Crypto_KalEl#1163","2026-09-10T06:19:54.000Z"
HH-EY5G-XM,"0x43Fd8b0602E8Ebc0101687663944a9ea8a244522","CHELSEA_THNG834","CHELSEA_THNG834#4906","2026-09-10T06:19:48.000Z"
HH-EZTH-FZ,"0xd19b68f03b37c07ae11911fc8d22f33a466ceb36","heluono_","xiaokuzai_","2026-09-10T04:41:17.098Z"
HH-F04V-I2,"0x446fa9578BB4CaCf26b31d1537d125dC5E468a5b","ArinzeH80396786","ArinzeH80396786#8432","2026-09-10T06:19:36.000Z"
HH-F1L6-KO,"0xCE05CCD5D5feb1488C333FaCec543768Ab7F08dB","FamouzZXE","FamouzZXE#7900","2026-09-10T06:20:08.000Z"
HH-F2K9-WD,"0xF6eFc694D22B12280EFb6EC8bA2779Ef3a1c9d7d","0xjulia_","0xjulia_#9850","2026-09-10T06:19:18.000Z"
HH-F2RI-DC,"0xB7dF32B1139e1a92a06B44986a4f026560876496","Bantalyemen1244","Bantalyemen1244#5611","2026-09-10T06:19:40.000Z"
HH-F4XV-FI,"0x97d6fede35078f90b8a903b2e5e2a03eae3fb595","@crypto_gm8369et","crypto_gm8369et623","2026-09-10T06:58:01.085Z"
HH-F504-G0,"0xcb15E2d27E90DcF9030c063495730daa2a40b443","Arrih_2050","Arrih_2050#9918","2026-09-10T06:19:36.000Z"
HH-F7ND-0C,"0x43C4372dc7aE87b8bC42FdC7A896F06d396B104f","Am__Blake","Am__Blake#3891","2026-09-10T06:19:34.000Z"
HH-F89Z-08,"0xD6F04bAbBAF5fB17497f33598fbE4299309791F0","oxsuraj","suraj","2026-09-09T21:50:03.509Z"
HH-F8E1-NM,"0xAc20f501d1BA7262F0daAe6556F79e99d79Dfb48","andressa716","andressa716#2666","2026-09-09T21:39:17.994Z"
HH-F8LL-5N,"0xb6eA3708267AAF3e0b5aAd0B2058a7137D3A0Ef8","100ethtorecoup","100ethtorecoup#5290","2026-09-10T06:19:21.000Z"
HH-FBE6-ZL,"0x14Fe8e9521FACD19066dA7c05B542dc48F5e387E","DogePampHQ","DogePampHQ#3455","2026-09-10T06:20:00.000Z"
HH-FI3N-LC,"0x4Eb839880b3daC4d5C6452D83ce27B41BAB9a7Bf","0xEmmie","0xEmmie#3641","2026-09-10T06:19:13.000Z"
HH-FJKI-DT,"0xf2406ef3ada7df46fdb8fb170c4289b872b692f5","@AgusSetiaw737","agussetiaw737#0001","2026-09-09T20:10:58.000Z"
HH-FJM0-XF,"0xb80922CCBca24E4012eE29b266f7798d5937c710","Drealsam67","Drealsam67#9342","2026-09-10T06:20:01.000Z"
HH-FKIS-0K,"0x370831acfa1c29151121dc42324ecc97a955e9dc","@DrEinstein9999","DrEinstein9999","2026-09-10T00:53:41.221Z"
HH-FKKA-EW,"0x86f870bfB7cb513DaC436cEDE7eD458DAa8bb7BB","DonSmile12","DonSmile12#5829","2026-09-10T06:20:00.000Z"
HH-FMMQ-FI,"0x1B35F2927AAb8CC4Dd381E737a615d29cC5237F2","GillesVeber2017","GillesVeber2017#8705","2026-09-10T06:20:13.000Z"
HH-FO0I-9M,"0x8665D6655BDADa7d718d1697a214A7b548f40933","Adcolour_Jr","Adcolour_Jr#5758","2026-09-10T06:19:30.000Z"
HH-FQX3-FO,"0x8E6f582CA5603fF2D82538C621A46a83086a9401","caue978","caue978#5524","2026-09-09T21:39:06.076Z"
HH-FRET-J4,"0x23B4e6E4276E0Dd8C4ABbDa0359d4b5dE3a37F89","69420rn","69420rn#8069","2026-09-10T06:19:25.000Z"
HH-FTHI-F1,"0x5D42e15eCBaFc89abCCc72861F76f67F9435dF88","FASTERRDADDY","FASTERRDADDY#3415","2026-09-10T06:20:06.000Z"
HH-FTXT-88,"0x8453a97f0018750f7B6Fc896fB5320C0CeA5BFD8","hoodf0cf5f3f","hood_f0cf5f3f","2026-09-09T22:32:39.894Z"
HH-FTZ6-B8,"0x43878fd6b705b8a87931280d4e6e7377dd001b39","@Garfish555","54xiaominga","2026-09-10T01:18:12.816Z"
HH-FU4G-GY,"0x8eA4E547cA6c1CF62506dAf3c4931973A2ab260d","FabrizioRomano","FabrizioRomano#8557","2026-09-10T06:20:07.000Z"
HH-FU9J-HI,"0x2755CEBd41D0EfeB6c9dBE37e190Ad79beeBF203","Capital_johzie","Capital_johzie#6815","2026-09-10T06:19:49.000Z"
HH-FUV3-FL,"0xD624eFac3D2E334Ce456b9f0C4b0616A45102922","Betterday_9","Betterday_9#8059","2026-09-10T06:19:42.000Z"
HH-FVXI-5T,"0xAff548f50F4B28a95B5a9Def69933fE6cE11698E","genival284","genival284#9094","2026-09-09T21:39:31.584Z"
HH-FYA4-FC,"0x638dd2b56f77527c2643d60ff8aecc13168bb600","@nft_crypt5573_","nft_crypt5573_814","2026-09-10T06:59:35.827Z"
HH-FZRZ-65,"0xFA9Db797A397266C8EcD93079ecfC0755eDD5477","paulo348","paulo348#8716","2026-09-09T21:38:58.334Z"
HH-FZSH-ZJ,"0xE3151901d928130C8582597B71D592E10e8eB026","bruno917","bruno917#2014","2026-09-09T21:37:52.106Z"
HH-G0PU-Z4,"0xFa3Bf692ba893c4d876a8092E56D96D8Ff888C02","24th_Hokage","24th_Hokage#6647","2026-09-10T06:19:23.000Z"
HH-G2K6-U2,"0x3A5de9AB6672Ec4eAc4c2249B2C8A547d6C819f2","1houssain3","1houssain3#1382","2026-09-10T06:19:23.000Z"
HH-G2QZ-ZC,"0x3bB013BB0057adA1D56cc9b90b1f34D2ddc74D6F","fabiane756","fabiane756#4559","2026-09-09T21:39:26.974Z"
HH-G4VN-S2,"0x2A94EBc5C0b8187c92Ddb67E12cD93eEE84EdA26","Browmsky","Browmsky#8679","2026-09-10T06:19:46.000Z"
HH-G562-EO,"0xbc88656Bf36b7814593e56576000fb96da758b1E","patricia617","patricia617#5418","2026-09-09T21:39:13.122Z"
HH-G5FC-8K,"0x9ace86eE93b2Ef52d1300B4FD5b039F9dc3AE5e5","@moraelx3","@moraelx3","2026-09-09T19:29:32.492Z"
HH-G5FJ-RS,"0x8DC3EB22085B31967148D9Ae04CEE41666e1Dbf8","COVIDJABHUNTER","COVIDJABHUNTER#2322","2026-09-10T06:19:48.000Z"
HH-G6L5-AT,"0xEa298Bf4f3f9f245dF996c442b5c178A97A43021","erika269","erika269#1764","2026-09-09T21:39:36.705Z"
HH-G8O4-QI,"ffffffffffffff","ffffffff","ffffffffffffffff","2026-09-10T00:17:41.070Z"
HH-GA28-BN,"0x455bdEB1bF0BA9dd1ed9381e187e1271c66d4729","EmekaEzeanya","EmekaEzeanya#7099","2026-09-10T06:20:05.000Z"
HH-GDMX-KJ,"0x4EFf764325Cfc93348da86D8265CAC08c01351d7","felipe129","felipe129#9480","2026-09-09T21:39:07.368Z"
HH-GE0B-L0,"0x21d62b66d542ec2e633811597354d573862653f7","@DSmokyyh","smokyyh","2026-09-09T21:29:53.830Z"
HH-GHUG-69,"0xA6Ebb942f376555eD43Fa4CCfb79ff61f6a867b8","vagner870","vagner870#3054","2026-09-09T21:39:08.945Z"
HH-GI66-2B,"0x7036b07A964bC8b8Da683580f1504458Ad62E131","daniela156","daniela156#7722","2026-09-09T21:38:58.151Z"
HH-GJ8Y-P5,"0xCC872aE6796F6D84A94eF76Afe8EB1eC8B0Ce2E4","hood7c63f6f9","hood_7c63f6f9","2026-09-09T21:04:34.480Z"
HH-GKH2-LV,"0x73F6055c2D4E7C5c094Ee29618142f217BE44eA6","walirttt","walirt","2026-09-10T05:52:43.106Z"
HH-GKJS-1O,"0x94341efd773998d8bb1b111f6f0a9efca8dda932","@quedao123456","@xiaoxiao123","2026-09-09T20:48:27.511Z"
HH-GKS6-CB,"0xa63f2cdaeff455a2709f812ae6d71a7a9f797e4f","@rescueldn","rescueldn","2026-09-10T06:46:38.254Z"
HH-GL5F-HS,"0x6FB2B36CAEF2242E21a4364CeE8D6a83673A0528","@cryptoF1schumi","rambo383838","2026-09-09T20:33:34.101Z"
HH-GN2R-H7,"0x19C6298899bF53D2E3cDc5321742F65995353A66","alice439","alice439#6792","2026-09-09T21:39:19.222Z"
HH-GP5N-9B,"0xa17D631f2B3984C911Eeb8831c2bc52c9108830b","Dr_Gbe1000","Dr_Gbe1000#4395","2026-09-10T06:20:01.000Z"
HH-GQ1O-K5,"0xDA6EdcFA0A8c6D5bD75dFC0B1E4f34F797C5775d","hoodb3790573","hood_b3790573","2026-09-09T22:33:32.891Z"
HH-GQO2-EO,"0x543F888dE9875bDF577ceE4E79d5C230Fb5Dfee4","BiaTerra97","BiaTerra97#5497","2026-09-10T06:19:42.000Z"
HH-GRHN-T6,"0xB7C52d6E94b6B1f127Cf44a07BED9cd5c637a83e","hood5530ef90","hood_5530ef90","2026-09-09T22:37:05.550Z"
HH-GT3E-MQ,"0x8476B717DfD143cB3ABda7b67Ee18AA01fA9f200","Ay_Morales99","Ay_Morales99#6329","2026-09-10T06:19:38.000Z"
HH-GTJE-1N,"0x79D492Ad2621b6364374fb0e5FC4fAF84891bC57","kauan504","kauan504#3390","2026-09-09T21:39:10.199Z"
HH-GUEX-7M,"0xE8714668a30031F6891A60e801DcEA758246c3f4","DXAZKIz","DXAZKIz#6397","2026-09-10T06:19:55.000Z"
HH-GUHA-HF,"0x7d0870E5343fFA9a592e0458dEED047669A1b52D","Cattobreed","Cattobreed#5703","2026-09-10T06:19:50.000Z"
HH-GUKX-E5,"0xbd1bd161248dc15f825551ec986515f854b54c8d","@SlappinSolsiris","SlappinSolsiris","2026-09-10T06:53:33.753Z"
HH-GVI5-IW,"0xcb68bd0437d93e32c1ca2571136c7ace8b073f7d","@web3_ape57520","web3_ape57520864","2026-09-10T06:55:49.231Z"
HH-GWWJ-G3,"0x230015a72DC9bd292A56DfBa08bB39fa08840473","hoodcfc67752","hood_cfc67752","2026-09-09T21:03:44.175Z"
HH-GXHK-TK,"0x4a0ffbd3bd0d58da3864f77ec0285c9a1247a0e9","@Yuuto86294","leoleo212_73457","2026-09-10T02:10:30.456Z"
HH-GXIG-QK,"0x82EBBa977AfF9b87516b6e1d8FD23A25AC59CC54","carolinne906","carolinne906#5847","2026-09-09T21:39:18.891Z"
HH-H0S5-8D,"0x5f57D7d06f8B6F529BaA6bDf39926dD92d55BFA1","andre653","andre653#7645","2026-09-09T21:38:49.686Z"
HH-H4R2-NX,"0x60a2d6d92120Bb2461AF8362AA4042eCd8EaD663","renata983","renata983#2812","2026-09-09T21:39:10.123Z"
HH-H5IX-RD,"0x57326D6102e1770aDb2903E00be6F4996CD79300","Dubency2","Dubency2#9725","2026-09-10T06:20:01.000Z"
HH-H72D-2E,"0x91241e1F2eFba8F7806494A0Ef5BBa605e01c2Fc","jonathan742","jonathan742#9934","2026-09-09T21:39:05.487Z"
HH-H92K-OG,"0x96722FfD7d4448D06bc73125e30d0Fa9E98006B1","0xritzy","0xritzy#6894","2026-09-10T06:19:19.000Z"
HH-H9T7-JW,"0xf94b16F98a6758eddBe52c0C782D12225D4bE752","0xAsta","0xAsta#1424","2026-09-10T06:19:13.000Z"
HH-HBOY-EZ,"0x905b8aF524f0c2e8248bE499d8A0104e3a8d1eAE","hood6de56fc4","hood_6de56fc4","2026-09-09T22:38:14.677Z"
HH-HC4P-X4,"0xad298b51c72b62374ab14f230e76a4523924df29","@iromeansstar","iromeansstar","2026-09-09T21:06:20.678Z"
HH-HDCC-9C,"0xe618bA9480A8b3112d48D9BF79f414bd6e5f3f80","@sadspicegrl","releasedarkness","2026-09-09T20:16:32.641Z"
HH-HDE2-BT,"0x15C7cd00d29c8a858FAf86399Ed72dA2778681F0","Chelsea_2580","Chelsea_2580#4197","2026-09-10T06:19:51.000Z"
HH-HE07-9P,"0x8ccD548e2E53D1798F1060e8F73Fc701D4Ac99c9","luanna752","luanna752#9960","2026-09-09T21:39:24.112Z"
HH-HFK2-LO,"0xBC33ff87619e599F3c4ab7a7EA5C76A4AADDC6Cc","Fathhazz","Fathhazz#2028","2026-09-10T06:20:08.000Z"
HH-HFNI-UB,"0xa1e8550FA4c6F0b8Bb23534Dce0a1AC1954B1e15","flavia691","flavia691#4411","2026-09-09T21:38:58.597Z"
HH-HGEF-FJ,"0xD1a34c19b1E4175BcB809cc81D8C43923eBD46DE","DanielGoldersUK","DanielGoldersUK#4380","2026-09-10T06:19:56.000Z"
HH-HH05-N7,"0x7f03b5236E55eB2c6951231110673d0fb7eE7079","Alex2rinawe","Alex2rinawe#2548","2026-09-10T06:19:33.000Z"
HH-HHDP-9J,"0x7D51C4d5adD2753a4ff7f3C1cB628FEc4F5Cd34b","Amalia625422","Amalia625422#3982","2026-09-10T06:19:34.000Z"
HH-HK09-N7,"0x7Fd7e1d6C4c3687917f64C41ECE8F41FAEe5BBF0","Fermin_Lopz16","Fermin_Lopz16#2735","2026-09-10T06:20:09.000Z"
HH-HL4Q-LT,"0x842aaec5c05E0eDB602A91297c717Eb5c68f16aA","romulo913","romulo913#9522","2026-09-09T21:39:20.468Z"
HH-HL7R-YP,"0x493FD278594192046559b8daA4A5C38A36c93791","CaptainXos39864","CaptainXos39864#7950","2026-09-10T06:19:49.000Z"
HH-HM90-VZ,"0x18AcE1812fb298039506D4e4637854001aB62BAF","camila875","camila875#2167","2026-09-09T21:39:18.250Z"
HH-HO03-8P,"0x2Eec5DBd5c07908635fdbe1af331ac191a666666","@xiaoyu180513","bestlove8377","2026-09-09T20:17:17.325Z"
HH-HPNH-YK,"0x00A3cFa642DC47aE80344EfA6aC30FBD6e484c23","hood95372646","hood_95372646","2026-09-09T22:36:31.460Z"
HH-HPWR-W9,"0xb5D53acf27a6D5bFe7e1C9c1b9d79e4Ac258a08E","BunaEruopee","BunaEruopee#2504","2026-09-10T06:19:47.000Z"
HH-HPZ9-J8,"0xcC005Aaf879B98F618E28f20E040436819fE8804","Ajmal_Maiwand","Ajmal_Maiwand#5061","2026-09-10T06:19:32.000Z"
HH-HQ4D-LM,"0x961ef2b282bfa761346464f4F3BFFA4bF7EEa53f","@darusaputra_","darusaputra","2026-09-09T21:03:09.252Z"
HH-HQKK-P6,"0xe968469e501d47bf1a36Dabd0d5b4e8A4fD413A3","Gilgamessh02","Gilgamessh02#3733","2026-09-10T06:20:13.000Z"
HH-HRCZ-8Q,"0x78f3116664FC4bb8F13f225259BEB64159f82Fee","amarildo472","amarildo472#9278","2026-09-09T21:39:33.265Z"
HH-HSUX-1K,"0x34f8e35a3d94b53a3275b05d5eda3cdf2c0b335d","@Leomaxi","Leomaxi","2026-09-10T06:37:50.644Z"
HH-HWR2-BM,"0x15f182cf1AE4F89adfb57a487d8AC3D9294Adf71","DerAswaggo","DerAswaggo#6619","2026-09-10T06:19:59.000Z"
HH-HX4C-SM,"0xf3194Ece2d2d2605c9a94ce11707e85782954aB4","1_Artistry","1_Artistry#4160","2026-09-10T06:19:23.000Z"
HH-HXVE-8P,"0x450b927433a4a3ea465c1dc14846e090780f4748","@jade_babyyyyy","jade_babyyyyy","2026-09-10T06:55:50.243Z"
HH-HY8J-1Y,"0x81d3524271fc5554a3E5B3C37F49B711a4164023","mirela809","mirela809#7126","2026-09-09T21:39:00.124Z"
HH-HZFQ-3B,"0xF7D3C5d1d692644b3AD6B7Ce617e9511558d1340","Chidiebere_BO","Chidiebere_BO#2931","2026-09-10T06:19:51.000Z"
HH-HZQP-WD,"0x1a994F76ADDF9ef5eC5914899F7337d2b1314520","@swordsmanwork","sanjianke","2026-09-09T20:20:18.982Z"
HH-HZRL-99,"0xD9c60a66676b3a2CFEEA3a4BB40B2b09771bEb20","0x_philippus","0x_philippus#4175","2026-09-10T06:19:15.000Z"
HH-I171-8F,"0x8B3216375d424B0ECA736BaA3A0f010728C60Ac0","ariany284","ariany284#9397","2026-09-09T21:39:33.930Z"
HH-I21H-AQ,"0x9F1FED08D612708bF240B0ca8EF097D0fF92Ce30","enzo314","enzo314#3115","2026-09-09T21:38:51.812Z"
HH-I2JV-BP,"0x033ca1b6BA5d6482736097DAD260AB9079d9383D","DegenFl0wX","DegenFl0wX#6252","2026-09-10T06:19:59.000Z"
HH-I2NA-Y6,"0x6481e53ce35a5c427027161afbf6aa7aa41ef05d","@JupDad","JupDad","2026-09-09T22:48:55.864Z"
HH-I34Y-OO,"0xeDe86322f9dEbFba3af6526b9d5156469e954b20","Ezecomedies","Ezecomedies#8393","2026-09-10T06:20:06.000Z"
HH-I3DL-ZQ,"0x0E5e0Eb4B516EcD7c505b1CaB7341B5b66D3EDB1","CakeMochi03","CakeMochi03#6359","2026-09-10T06:19:48.000Z"
HH-I510-L1,"0xB65a0616E6F2df9C997036045F63928713adfa97","4years1219","4years1219#6553","2026-09-10T06:19:25.000Z"
HH-I5DO-7L,"0x2ebdcbee8ffe1c2f988667546e7b249d304f5337","@sempak_kadal","babiluh","2026-09-09T19:56:43.655Z"
HH-I5MB-9I,"0x23695BBd7d84a8F53c49D829d3fD1Cd0D3437Fe1","0X_CUPZ","0X_CUPZ#4473","2026-09-10T06:19:12.000Z"
HH-I7H4-16,"0xb37b5e47241d5713f0f1a655cef276aaf8062f48","@0x_saintsultan","saintsultan_","2026-09-10T04:02:07.825Z"
HH-I7W2-16,"0x7183780fEE27606c0f3804a194bed7B0072DE303","80w1n","80w1n#3704","2026-09-10T06:19:26.000Z"
HH-I87G-GI,"0xE9a4FBd0A4c6260b8ee545F4CD85547042a2cC42","mayara418","mayara418#5504","2026-09-09T21:38:57.659Z"
HH-I98A-3V,"0x1ce9f7ef217b5afc2dd017fe42f934dc05313354","@taurinhero","evergreen011","2026-09-09T23:39:50.004Z"
HH-IADM-MW,"0xF5dB4840C515DdbD7426Afabe7Cbeee84FbFe0C1","0xkebz","0xkebz#4174","2026-09-10T06:19:18.000Z"
HH-IAWQ-O0,"0xe06ba01bc014637ea30F5A86f1A683fE4769B68D","beatriz936","beatriz936#3473","2026-09-09T21:38:11.170Z"
HH-ICMA-8L,"0x8c445916211f245aBB923C7e51851619041fBE36","@FajilRenoo","FajilRenoo","2026-09-09T21:54:46.434Z"
HH-IEVY-W7,"0x45119b4a911F797E8832507438068404564d4016","edmilson348","edmilson348#7552","2026-09-09T21:39:24.138Z"
HH-IEX6-T2,"0xD2BDc21655D757ecD19D19BB105fcCACDDaCF700","@lqthan92","thanpro74","2026-09-10T01:53:48.938Z"
HH-IFTS-V7,"0x1A22DD7361486A1230A652fc859BD100260Fc82A","@ElexusStribling","slayernft","2026-09-09T21:48:58.117Z"
HH-II9T-TG,"0x0081f7b059d9b05B1C7D3942512737D93026aB4d","DeepCodexl","DeepCodexl#5421","2026-09-10T06:19:59.000Z"
HH-IL5Q-V1,"0x8BF333BCc50FB68dD5798c58132637AFB1bd4a88","4LCLockharT4LC","4LCLockharT4LC#3303","2026-09-10T06:19:24.000Z"
HH-IMKO-SG,"0x33a314F4D34716E01208F743375ea9b152117874","valmir804","valmir804#3303","2026-09-09T21:39:20.866Z"
HH-IPZ1-0P,"0xEfdb15340a23152029Ea55F680100F9E3b3e0B18","AiFlippa","AiFlippa#4104","2026-09-10T06:19:31.000Z"
HH-ISI0-OJ,"0x5A180185C5b75C70690217363c90eD4a988dC6dC","AgonW3","AgonW3#3746","2026-09-10T06:19:31.000Z"
HH-ISTH-L3,"0x12E7E70b53f622BFaF549eBA9D4c5136A0Dba354","Big_Ohms_","Big_Ohms_#7492","2026-09-10T06:19:42.000Z"
HH-IVC8-XT,"0xcc2ea6ef5776cdc29843972081135807082e7836","@defi_king21411","defi_king21411","2026-09-10T06:59:06.039Z"
HH-IVK7-WB,"0x9b6b191b884fce290b472fef18de98e3215f26c6","@0xchad573899","0xchad573899","2026-09-10T06:58:17.780Z"
HH-IVPA-XS,"0x0935cfb4403577126b5B005aB56D4b3bFF70bcb8","danilo845","danilo845#3935","2026-09-09T21:39:10.512Z"
HH-IVRQ-3J,"0x43d20D9DB8Cb3C96a221f2c4719f4BAf31006382","@0xLowryimh","0xlowry","2026-09-09T21:11:30.188Z"
HH-IWCJ-5B,"0x21906Dd445074B5ff9bcb23f294f71AA96F272C9","renan537","renan537#2665","2026-09-09T21:38:57.198Z"
HH-IY54-OD,"0xba63c16e7a51494a1133c13cd3ac1b25901bb2bf","@cristeno_46","wednesday7051","2026-09-09T21:25:21.470Z"
HH-IY8K-5R,"0x84769FD9D8cCf63F3322236B04ad2680C65A8700","BasilSomadina","BasilSomadina#6221","2026-09-10T06:19:41.000Z"
HH-IY8V-6S,"0xfc12E04390Bd62CDF4B69fE29bA903458F57A65a","333Boots","333Boots#9685","2026-09-10T06:19:24.000Z"
HH-IYNA-SS,"0xb30FC0ee357411f812E1d78b771Ef33A9C288d2a","hooded4b6075","hood_ed4b6075","2026-09-09T21:04:00.736Z"
HH-IYYS-KZ,"0x3930454c87e490b1ce89093b16e2E5ff4e1cC1d1","@catrichard777","urpian","2026-09-09T23:36:04.067Z"
HH-IZQT-IR,"0x058a61F5437e7E95941F4D3F37c28C7bB93Aab4c","cristina540","cristina540#2860","2026-09-09T21:39:11.985Z"
HH-IZVU-13,"0xd936277783fF35107EC4FE2DacFaD868bB06dC1d","AfriMarriage","AfriMarriage#1505","2026-09-10T06:19:30.000Z"
HH-J0GD-YF,"0xD7b37e1179232D0CcA64e3E41f95EECfB3E93208","DeFiZenX","DeFiZenX#2034","2026-09-10T06:19:58.000Z"
HH-J1KO-MJ,"0x675418460D204cA099AeAD3727E335e853B2009a","@Imharis24","hariexy","2026-09-09T19:35:11.000Z"
HH-J1YS-A9,"0x13c86a8db634f6a33bb319fecdd7906e4f0713f3","@vault6726eth","vault6726eth463","2026-09-10T06:56:15.501Z"
HH-J3WU-M8,"0xF1298e181e357531e9bF65250Ef826Cacb73B85B","raiane618","raiane618#3983","2026-09-09T21:39:27.727Z"
HH-J4HN-ZO,"0x97AA289e829C0b16e2Bd46a1fEfFac8BBAd85aAD","Blackdegens","Blackdegens#9779","2026-09-10T06:19:44.000Z"
HH-J4WK-JM,"0x28e5159c4b619ff01ef5f0a389f8d2126e12d3e2","@0xSvinci","0xSvinci","2026-09-10T06:44:52.109Z"
HH-J5T1-DF,"0x4a73681bF601d891fc1Beb0573Ba0BFDB833bBb9","talita796","talita796#2668","2026-09-09T21:38:49.688Z"
HH-J6RD-AB,"0xFc0f4bAddca0E8333fA416b58A2AafD1Db605881","FeFi2023","FeFi2023#7050","2026-09-10T06:20:09.000Z"
HH-J7EX-LL,"0x60AcB7b43962E2dE596eEAb77C5FC463d2329927","jeferson537","jeferson537#1615","2026-09-09T21:39:31.704Z"
HH-J8JW-8Y,"0xb45c83d7f9a1b70ab2345d6d699cbae5698ae48a","@sir_nony","sir_nony","2026-09-10T06:59:09.165Z"
HH-JA1P-J1,"0x96aE38D8fD46F6E6582449776412A5eA9861534F","Cosi_za","Cosi_za#8705","2026-09-10T06:19:53.000Z"
HH-JAVY-64,"0x271024cA74D3f9F27dBD89F82C048025F6a67665","@marks0l","belugA#0872","2026-09-09T22:41:36.837Z"
HH-JBZI-1F,"0xFE077FC9c4D59381845281a9335cdF6302bE96c9","hoodbbc9f771","hood_bbc9f771","2026-09-09T21:07:31.459Z"
HH-JCOS-4J,"0xa6882507831e872d5db2567982746c02f4c25074","@0xintrepid__","@iam_intrepid_","2026-09-09T20:28:59.495Z"
HH-JDAO-70,"0xe41A07b2145C5ae6385FCc036e880e950f63a811","amanda190","amanda190#6721","2026-09-09T21:38:18.027Z"
HH-JDOA-FI,"0x892af9cdbe168673cd4bf4cb414b08dad653cb4d","chulaiewe","passionif","2026-09-10T04:28:12.642Z"
HH-JDWA-Y0,"0xA28B67d608155611CDd3D8f1525D528e3b891076","cristopher186","cristopher186#7142","2026-09-09T21:39:21.818Z"
HH-JFZU-LQ,"0x492edf1Cee52157bc6CceC92658f828844926760","AhmedALMARKAZII","AhmedALMARKAZII#4762","2026-09-10T06:19:31.000Z"
HH-JI0T-CX,"0xF3d6EDfBD62E0D949F643581a1e05F3D3B0Dcc89","Gaivs_Marivs","Gaivs_Marivs#9795","2026-09-10T06:20:12.000Z"
HH-JING-QL,"0x4395cb688981c627c79C41fa00A91dC327c24D78","anaflavia815","anaflavia815#9015","2026-09-09T21:39:33.442Z"
HH-JJ51-X1,"0x370caeF37475C95AA40DA954C68EC9B1a3916a64","Elbash_143","Elbash_143#4671","2026-09-10T06:20:03.000Z"
HH-JJDQ-02,"0xBbf2d50B50645dE34bd2d52fF054bBf54189Cc77","@mukidiweb3","mukidiweb3","2026-09-10T03:14:30.365Z"
HH-JJE7-P7,"0xa0078116F1638512E054916A4c780a85f4b7C734","Deenwayss","Deenwayss#3913","2026-09-10T06:19:58.000Z"
HH-JLVU-FD,"0xd24f9a142a88615e40602bf89815b4874f85e55e","@THEEFEHALO","theefeh","2026-09-09T22:33:02.887Z"
HH-JM4X-F9,"0x52701d309c665f056BeC2Aa904186b4fd5ff5A15","livia482","livia482#1745","2026-09-09T21:37:49.552Z"
HH-JMAA-1X,"0x22b97D5a56e63D7E7031fddeC8Da0B28e1A6D7dD","4rlen3_","4rlen3_#7399","2026-09-10T06:19:25.000Z"
HH-JP0G-93,"0x96317E2d9c1a4041Ead6c742ebC4200B55FeC80e","janaina843","janaina843#7089","2026-09-09T21:39:18.416Z"
HH-JSMK-DL,"0x9fC2D7cb6AA9Fe4aD93956B2A57c113D82eb3Abb","adriana471","adriana471#9467","2026-09-09T21:39:05.075Z"
HH-JT88-VA,"0x5F0ECB878A8D0fE39dAA8dF13773553e6F2Ac7e3","vitor852","vitor852#8511","2026-09-09T21:38:50.852Z"
HH-JTFA-EA,"0x2e3f7Bb8A10BbEB703F4b0Ee0A218aA4AdB7e372","@0xboyzz","boyzz","2026-09-09T21:08:05.028Z"
HH-JU6A-T2,"0x3588afdb817C0C87d5D6189bF1A98a63477be818","kazzyuzanft","kazzyuza","2026-09-10T03:12:29.492Z"
HH-JU9T-A7,"0xf93AF0556A27261D3BD9C6bFe3e80f70eD3B443F","lorena851","lorena851#6805","2026-09-09T21:39:01.093Z"
HH-JVGN-GX,"0xAE4703f95950414468a5d7d28D161598c9Df5618","Benbruce_22","Benbruce_22#1470","2026-09-10T06:19:41.000Z"
HH-JW30-TF,"0x4d6838793e92b32bd1abdfcf3456f08b6db439c9","suckizal","lanfvv","2026-09-09T19:27:01.625Z"
HH-JXLZ-93,"0xBAf0935cBf4722B84f7cbF22e597B203e21ccE8E","ANSHxOJHA","ANSHxOJHA#4750","2026-09-10T06:19:27.000Z"
HH-JY5X-KW,"0xb02532D108D596e6AbE95E229e66DE3d9618f3be","hood83f2efec","hood_83f2efec","2026-09-09T22:41:46.080Z"
HH-JYR4-XG,"0x6aaa4466dD1e448cc7208109488b12639a0357A9","renata915","renata915#3035","2026-09-09T21:38:30.504Z"
HH-JZRS-OI,"0xf359f2909EF63ae6e2A3213EC4c3B1F891470fd5","caetanofelix316","caetanofelix316#8774","2026-09-09T21:39:28.840Z"
HH-K1I5-9M,"0xd7548EDF23cD6Ba3a087aA8758bE800177C60171","vinicius748","vinicius748#5340","2026-09-09T21:38:23.799Z"
HH-K1IJ-7O,"0xD4d42b44F1A4a9e62290C989486657d0930273f9","everton269","everton269#8219","2026-09-09T21:39:12.029Z"
HH-K208-MP,"0x922fFA72d3f646130CC529E726CE2E660BB143fe","wellington283","wellington283#9329","2026-09-09T21:39:27.857Z"
HH-K2HB-Z9,"0x65E6004Daf37db4501910175133821730147F87d","aline529","aline529#1979","2026-09-09T21:38:00.771Z"
HH-K421-VU,"0xd025B29570A83a613fCcC684FB57C37392738E39","elisabete978","elisabete978#6091","2026-09-09T21:39:36.615Z"
HH-K5NG-3G,"0x4b927555951986272090f634b391364EBfdbe0f3","BeeFarig","BeeFarig#4200","2026-09-10T06:19:41.000Z"
HH-K6BF-RI,"0x73d94a6e99e93f99f5efa01b95a4320eee2d2c2e","@tianqing23456","@chrissjr7411","2026-09-10T06:51:47.741Z"
HH-K6P9-9R,"0x62377e27ab368d3a75c6bebb7f8a0f9192bcf812","@Soathefirstt","Soathefirstt","2026-09-10T06:43:36.752Z"
HH-K72E-KD,"0x5F537D53DDdB8312d7480eAf7B366b17FFadD9BB","alineborges193","alineborges193#1631","2026-09-09T21:39:26.120Z"
HH-K763-HH,"0x3d1F21fAC2Fc378f83B292EE766Ab14b2aEC9cE5","hood1f0014b6","hood_1f0014b6","2026-09-09T21:09:11.067Z"
HH-K82S-GX,"0x76d643E678552d23fd307B8cf757401D2204DB91","emanuelle164","emanuelle164#8364","2026-09-09T21:39:27.515Z"
HH-K877-8M,"0xf0B0920578Df3e9604C1F6990eFF49c7a2cC708e","murilo853","murilo853#6253","2026-09-09T21:39:05.923Z"
HH-K8A6-3F,"0x685Ac9571F8b26726751794C62E094c791178Cac","EEgwuh","EEgwuh#8214","2026-09-10T06:20:02.000Z"
HH-K9DT-R9,"0x841D567901578EBB7Ce1F221d396B026Bb238Dc2","Dboddilum","Dboddilum#2214","2026-09-10T06:19:58.000Z"
HH-K9OJ-7Q,"0x943f3A45D9514CBb603566D9387dd4A915a491bB","camyla965","camyla965#6286","2026-09-09T21:39:31.599Z"
HH-KA3C-R6,"0x0F0bb80E058C7Ea943eA08C92b5294D3F9d5eecE","DavisLove21338","DavisLove21338#8952","2026-09-10T06:19:58.000Z"
HH-KASE-TE,"0xf3e88519be4f45d4e4b8d4eef38e50b2b70362ec","@Itachi_On_Chain","Itachi_On_Chain","2026-09-10T06:48:24.871Z"
HH-KCMP-ES,"0x8fCC799EF8975DC56DE6023f138616983f1B7819","elaine397","elaine397#8098","2026-09-09T21:38:50.991Z"
HH-KD3I-KR,"0xec791567fede6feed862b788e207c52df3b7c96c","@wangjunjieXXX","wangjunjie","2026-09-09T20:18:39.224Z"
HH-KDBQ-I3,"0xF097D827Db60590763232AE66aF046F72a36d439","29Havertz43802","29Havertz43802#8042","2026-09-10T06:19:24.000Z"
HH-KDZE-04,"0xDA73349520Dde2Ef7acF923C1581D7e91Fa96493","hoode2dc0c35","hood_e2dc0c35","2026-09-09T21:02:50.706Z"
HH-KEB4-HY,"0xce86d2011E63C5da7d32b258CC17Fa77fC16Ff4a","BharatnewsAds","BharatnewsAds#5490","2026-09-10T06:19:42.000Z"
HH-KEW2-TF,"0x4d4ae1FD39Ac9b18610e87c82A1f48c96E42B979","00x_mateo","00x_mateo#9868","2026-09-10T06:19:11.000Z"
HH-KGDP-61,"0xd975a4d8ebc2cc25c7d206b8836b6c3274454a8c","@sadardiribosku","kopet5903","2026-09-09T20:11:33.707Z"
HH-KHTZ-YP,"0x86Dfa2A91d7e8dB6c20C8487c4bfb846ba080efd","eduarte817","eduarte817#7332","2026-09-09T21:39:25.956Z"
HH-KHWL-VY,"0xe00380938f4127a0dBA57EA68E0ABE7D690f9D4b","@jelenemae","absollothareclya","2026-09-09T19:51:19.915Z"
HH-KLPH-7I,"0xe667835a7c91291352274efb6de923d3e6999504","@OmoNiola97","@deija344","2026-09-09T19:55:39.099Z"
HH-KLU7-QS,"0x97A5EAE23Cc609acfD0529aF623F97D3936ef175","marlon825","marlon825#2906","2026-09-09T21:39:23.203Z"
HH-KMYT-GA,"0xe704951d79978Eb01f0F57DC1aC43aB6fC50E593","Adams_ethh","Adams_ethh#6485","2026-09-10T06:19:29.000Z"
HH-KOVI-5L,"0x5d4e7738e5d5dafda7877d142E9c239Cb2D1Ebf9","AnhTunBi536660","AnhTunBi536660#3431","2026-09-10T06:19:35.000Z"
HH-KU8A-8Y,"0x7b2bf854347DFA4a037C65Bb0857ADc0715197B9","BiGTTips_","BiGTTips_#5425","2026-09-10T06:19:42.000Z"
HH-KVBA-8F,"0xE31BFD432BF1AE4c6Db92da6955FF9e747540A5F","everson205","everson205#2210","2026-09-09T21:39:20.935Z"
HH-KVFX-13,"0x18C78a10ab9E4a04F51853Bed03Ea3ec628cAbe5","AshdinV","AshdinV#8347","2026-09-10T06:19:37.000Z"
HH-KVVU-2H,"0xa21A986286AC5743b10CdA18913a859AEEF525AC","Akewusolaf","Akewusolaf#8665","2026-09-10T06:19:32.000Z"
HH-KW7W-PU,"0xD3f47D13513667896cCa402fDD809F5381cB9251","Alienno455382","Alienno455382#8765","2026-09-10T06:19:33.000Z"
HH-KX50-91,"0xF2cD5e52ec88392453Ca15f497483026d91f026E","suellen729","suellen729#8114","2026-09-09T21:39:26.107Z"
HH-KXDJ-UB,"0xe8fcc499c575dc60715c07eefed9313723350979","@db11798","makihunter#0001","2026-09-09T20:10:26.000Z"
HH-L00L-L7,"0x3D7b639B7B391Fd35fBd489af2f6cB922c945FC3","Easyboi_0","Easyboi_0#4220","2026-09-10T06:20:02.000Z"
HH-L1QC-BN,"0xe9959E90b20080681392E8939D6AFcfb2F4cA993","marcos532","marcos532#6646","2026-09-09T21:38:55.906Z"
HH-L4UE-63,"0xCcD7072520De1b735604191D762470CAe18b8B39","@pokerdewa6","pokerdewa#5008","2026-09-10T00:19:09.229Z"
HH-L4WO-4E,"0x70c2adb3a4bEdb9663ef76676Fe0a53331ED32c6","Arslan_onchain","Arslan_onchain#5777","2026-09-10T06:19:36.000Z"
HH-L508-7L,"0x6D9c122d1CAd40873fAb2B9065B4899766f290d5","0xiluminado","0xiluminado#4362","2026-09-10T06:19:17.000Z"
HH-L6IJ-D4,"0x3ad3230494019Db81D31967ae351585256da5F2e","gustavo234","gustavo234#4480","2026-09-09T21:38:37.795Z"
HH-L7DR-D9,"0xf4692Dc5C0D68E7492b5fe82e88FD900774DeC01","Ayamke0","Ayamke0#4637","2026-09-10T06:19:38.000Z"
HH-L7LE-BZ,"0xb48e0542C2c611080858843e8d48F84bEBc67124","vinicius524","vinicius524#2570","2026-09-09T21:39:03.336Z"
HH-LAJ1-6W,"0x9dA034E5a88B32fEe11fB022cAf741a47f71C48d","0xRivo","0xRivo#5195","2026-09-10T06:19:14.000Z"
HH-LBIT-MN,"0x8218556ecba9f926bfee7ddd6fdbdda9ece20942","@texugofighter","Kadudeli","2026-09-09T22:44:50.236Z"
HH-LBXX-SB,"0x5B6F7e9a8bbf1Fd147D731e8a5E8B767f529E4Ba","Ebenmakanaki","Ebenmakanaki#7492","2026-09-10T06:20:03.000Z"
HH-LCAG-SU,"0xA6b59F33A0C2E834F9279d2dFc5236aCc7D6f82f","hood88f02b30","hood_88f02b30","2026-09-09T22:33:14.551Z"
HH-LCM1-JO,"0x7bb08b372063857fcddd8049d6a2fcaf6a6e5ba4","@kyverradr2m","kyverradr2m#0001","2026-09-09T20:11:03.000Z"
HH-LDBK-3M,"0x65465eEEc9ba7a5862b8a34e7CD71eeD574A18C0","silmara149","silmara149#2754","2026-09-09T21:39:31.713Z"
HH-LEUX-SS,"0x62ae0895FBb4628FA6AF36dEC19E07957a287F15","CryptoChickennn","CryptoChickennn#7671","2026-09-10T06:19:53.000Z"
HH-LFMN-AB,"0x20A8253685C38115B6e48A98b922c55aaE73bbd1","AnasDeFikill","AnasDeFikill#3532","2026-09-10T06:19:34.000Z"
HH-LIN5-G0,"0x02977015A8Bb698fcF1d8E34E64746Fc72135632","0xwinSuresh","0xwinSuresh#1438","2026-09-10T06:19:21.000Z"
HH-LJ4K-UD,"0xfa48cB9a47d6CD30f844A531E3e243B8cD5E87bB","AkgeneraGodsent","AkgeneraGodsent#1010","2026-09-10T06:19:32.000Z"
HH-LKYW-2U,"0xF1177317Ee4a2441Ba7BB835B0964a780567a9B5","0xitzyryujinie3","0xitzyryujinie3#7822","2026-09-10T06:19:17.000Z"
HH-LLJT-91,"0x1945f2bFAF964DA0e0d0521aE81Eb9866564d0BD","CertifiedMayB","CertifiedMayB#2335","2026-09-10T06:19:50.000Z"
HH-LME2-86,"0x14b9637494116c39a043556a4Af1dE62B1eebC62","hood3f1e130a","hood_3f1e130a","2026-09-09T22:32:06.283Z"
HH-LN26-JZ,"0xD97BF6794bEfeCbd04E937a047ED3bd39908040c","GodwinsOE","GodwinsOE#7398","2026-09-10T06:20:14.000Z"
HH-LP6B-GS,"0xf2D9D084D2439734e6b7075033C2b57d650b8705","FabinSandr49913","FabinSandr49913#1630","2026-09-10T06:20:07.000Z"
HH-LPLV-ZA,"0x2d2e446fe45d61e5ae39b1aa2f2e5cd9c4d3f91b","@borgereth","borgereth","2026-09-10T00:31:29.018Z"
HH-LPYS-ND,"0x397d7b9d88ee1fcad4586571ac2378e8b258062a","@Noble_g6","noblegee6","2026-09-09T21:50:26.464Z"
HH-LQMW-H7,"0x220511f4fd6d898125f79aa8d4cb91bffe9df6db","@web3pipi","web3pipi","2026-09-10T03:14:23.725Z"
HH-LRNY-GC,"0xEeb29Af00311621e6E810DC7c4C0608F7Fcf196A","cauan341","cauan341#5908","2026-09-09T21:39:21.628Z"
HH-LS0I-G9,"0x491FD3ff482a5dB7529BfFE1599b45aA882baEbC","Eldersofeth","Eldersofeth#1817","2026-09-10T06:20:03.000Z"
HH-LTW0-EB,"0x94c4efc9098d0ddf726981cd48f29f58f3061bb8","@0xpulga","greekmith","2026-09-09T22:04:44.598Z"
HH-LWQS-Q2,"0x9b9ddfee0967d4e3ae3a9cc3531508256431add1","@crypto_voter936","crypto_voter936","2026-09-10T07:01:48.438Z"
HH-LX9B-C4,"0x2B4433F627811B7B40565F4969f16a8d44e4EC7c","@dekisopul","dekisopul","2026-09-09T21:39:33.392Z"
HH-LYAC-OV,"0xC5b456f85f8aD87860086Ba883fF1eCd67b2Bd4c","5kPac","5kPac#5727","2026-09-10T06:19:25.000Z"
HH-M0VG-L4,"0x11b44c69B9C886149c60F93f1e086dA547b507c1","Dear__People_","Dear__People_#1390","2026-09-10T06:19:58.000Z"
HH-M228-Q9,"0xC606478e15084Cf6552D0c3c88e9f1A3B0613Df0","0xvietnguyen","0xvietnguyen#4855","2026-09-10T06:19:21.000Z"
HH-M5JL-95,"0xEd576bdeFE3008d0Da65D0659761C4AaaFb7f27A","breno207","breno207#4439","2026-09-09T21:38:58.607Z"
HH-M6KD-NH,"0x328248695B02e93821B9E5678AF68cA4096D35d3","DukeTheImpaler","DukeTheImpaler#9512","2026-09-10T06:20:01.000Z"
HH-M7A2-WA,"0xf0e88DCA1891dBCB156269b26EEd2992F71E00e1","marcelo417","marcelo417#8381","2026-09-09T21:39:26.546Z"
HH-MACS-D2,"0xd3995fd0aeac6d43d976f969e8e798c9f288f748","@Zzzerodev","andriano_wijaya","2026-09-09T19:47:23.910Z"
HH-MANF-FF,"0x1C820ac722A0115F9Aa74293EB4c88C07d3AAEe2","Coiner_0x","Coiner_0x#8172","2026-09-10T06:19:52.000Z"
HH-MATQ-8I,"0xf469823593b305d8d313e70300604f1b2242ae41","@x_ghost83180","x_ghost83180420","2026-09-10T06:57:37.250Z"
HH-MAW9-34,"0xC57B697903A3190DB949f80833C47a098d85fbf9","CarlaDigru38122","CarlaDigru38122#5037","2026-09-10T06:19:50.000Z"
HH-MBLT-3R,"0x27951485a78301f2f2297F7e718253FCa7cF0531","juliana580","juliana580#5009","2026-09-09T21:38:54.239Z"
HH-MCU7-PO,"0x512125040e5b257bb0e3f2d012e33c6adba67625","@nft_whale78571","nft_whale78571","2026-09-10T06:56:53.618Z"
HH-MDG0-F9,"0x10E470cCC55405a5335408A31ECF40465abfbFCe","5iftyzero","5iftyzero#3568","2026-09-10T06:19:25.000Z"
HH-ME3J-4E,"0xd787ebcb782fa138fea6dc0fbd0c3a0e1afcbb54","@overxezekiel","overxezekiel","2026-09-10T07:19:11.235Z"
HH-MEHR-RW,"0xB95B3a893B3c4f6C3C90c475A29cEB174E75b778","DarkroomMinis","DarkroomMinis#8979","2026-09-10T06:19:57.000Z"
HH-MFQM-50,"0xF67d7a81751f6c8AD11e10e8ec9b76124c704180","edvaldo564","edvaldo564#5237","2026-09-09T21:39:29.452Z"
HH-MH9J-1R,"0xa00de658458b4e04cd56f45d0905c63384f7a910","@x_bull2914sol","x_bull2914sol545","2026-09-10T06:55:29.689Z"
HH-MJ95-LJ,"0x5f6d05add030292fdd649cd419735252ca422e64","@web3_layer4885b","web3_layer4885b2","2026-09-10T07:00:34.831Z"
HH-MJCA-MX,"0x45038A22634773706bb84F8a5b3A757448E05471","0xznyxyz","0xznyxyz#8952","2026-09-10T06:19:21.000Z"
HH-MK27-FA,"0x621782E2E32DCBdA433A3E985C8c05471FFD6add","BTCzcv","BTCzcv#1735","2026-09-10T06:19:40.000Z"
HH-MKG1-10,"0x0eB8D6f42caDe33FcaD1A7D98b3E227c55F3e6A1","1Princeabdool","1Princeabdool#3705","2026-09-10T06:19:22.000Z"
HH-MKYC-VQ,"0xe460F34c5E9ad74ee7a0e036383E166b67edE11d","lara613","lara613#9434","2026-09-09T21:39:08.420Z"
HH-MLR9-Z2,"0x4867cF0F73c74cE9987eA28554Eb341466CcAFDA","natanael357","natanael357#5050","2026-09-09T21:39:14.877Z"
HH-MOU8-4U,"0xC79A25a25072C70Ea77dA72973f786fe7c9C2F53","EmmanuelLucius8","EmmanuelLucius8#4100","2026-09-10T06:20:05.000Z"
HH-MP6V-II,"0x7113A211cBCe5d2A1B36b17636EFeaa4234b6Eb0","0xkzie","0xkzie#5823","2026-09-10T06:19:18.000Z"
HH-MS35-YN,"0x644314f2C0f2f7c6103e6B322ce3E1D7a11f87aE","henrique834","henrique834#3717","2026-09-09T21:38:49.687Z"
HH-MTGT-LQ,"0x6f2c11551d0fc126b0e3230ac0c6eb08830b5501","@bureaumomma","qingtian23","2026-09-10T01:45:27.300Z"
HH-MW2G-XO,"0x6609a0c85af0E34f86B520eD32550F3a0f34cdbF","cibele167","cibele167#2670","2026-09-09T21:39:09.029Z"
HH-MXR6-EG,"0x20ded2d8e8dD952C8D960A71056514E7BD622f8f","hood12b8d29b","hood_12b8d29b","2026-09-09T21:09:29.706Z"
HH-MYSA-1F,"0xCa253F0b9dA8ca3ef27fC9aDEfAF84D3a3807b70","0xaman_","0xaman_#4784","2026-09-10T06:19:16.000Z"
HH-MZNT-77,"0xabb1503107623e842103785B828d8bD902D6D6e0","ALIYU1006","ALIYU1006#7368","2026-09-10T06:19:27.000Z"
HH-N0FG-FF,"0xEB33BB489acd83839DD44568d6e4537721a0C977","amelia250","amelia250#2665","2026-09-09T21:39:06.607Z"
HH-N4NM-08,"0xfA88b4e6592deC18DA5c0d81D2d6719A371Ea65b","ChigaemezuAnth1","ChigaemezuAnth1#4373","2026-09-10T06:19:51.000Z"
HH-N4RA-BY,"0xc248464279E7B4c432ddAD7B20E86d06aEe6E0B9","Emmyfol_","Emmyfol_#7368","2026-09-10T06:20:05.000Z"
HH-N52G-4X,"0xC192868638acbeE876C4E62D24BDb867307e5df3","Cryptdropss","Cryptdropss#8523","2026-09-10T06:19:53.000Z"
HH-N5GG-7C,"0x58aC41E72f3776521A4198577a4a347Db7d0D9a5","elisangela984","elisangela984#8077","2026-09-09T21:39:13.731Z"
HH-N67P-5J,"0x1B0157d2bc5a175221D2D39DC17C20D04C927Ae8","roberta624","roberta624#5005","2026-09-09T21:39:15.113Z"
HH-N8B1-OZ,"0x4D41B2e57306BF4907f8dfbfEc6e3441e4DE7973","0xjaims","0xjaims#9984","2026-09-10T06:19:17.000Z"
HH-N8QG-H4,"0xF3e27D0019Df4C8ad988BD2a037c34B0Ab7770d6","leonardo405","leonardo405#6489","2026-09-09T21:38:53.953Z"
HH-N903-83,"0xEf26ef916732FE669A7E230351D23336bb0Cdb7d","ederaldo158","ederaldo158#8791","2026-09-09T21:39:30.526Z"
HH-NBKU-W1,"0x13922d0Ed19c7f08F1e1016Dafe47Eb0B1F32122","Flint2240","Flint2240#5139","2026-09-10T06:20:10.000Z"
HH-NCIQ-92,"0x5F882111050b0F905dAE870eF88d16dCD06f4eE4","@amertaanya1","pupungrtn","2026-09-09T23:30:43.179Z"
HH-NCXH-HC,"0xB6a9d5A6DDB669090F34064D6088Bd2158B0F221","hoodd8d397ac","hood_d8d397ac","2026-09-09T22:37:38.749Z"
HH-ND0A-EL,"0x9bcdd89454825fd339563f579a548064dfbfdd12","@ikyy_1701","ikyy_1701","2026-09-09T23:50:39.157Z"
HH-NEPN-LO,"0xF0F9b688Cad6D681B07e124948eD218a6002C8C6","hood446f088f","hood_446f088f","2026-09-09T22:37:20.487Z"
HH-NF4L-YR,"0xd9d3d1a2d5110602172112d0313ea322954d93dc","@xrpyoo","daleyoo","2026-09-10T00:20:12.601Z"
HH-NGKM-GD,"0xA76A345D31322033608F87C2e0dA0f3171b071F3","juliane435","juliane435#5447","2026-09-09T21:39:08.946Z"
HH-NI2I-ES,"0xA99f0207b6AD0dd33A474378a78f59A75ea8343b","hood5a682385","hood_5a682385","2026-09-09T21:10:04.898Z"
HH-NJBS-ZP,"0x2FF0Def1B4bf2107292F6b444Aac9410E74125A1","reza_rasta","shade_rasta#3074","2026-09-09T21:08:08.936Z"
HH-NKDL-JA,"0xeaf827e9215178d73b4a5cf3dcc3114458053222","@0xbulltrack","halfbull","2026-09-09T21:50:10.852Z"
HH-NL5Q-GR,"0x5Ea08e671a5db86237Bf06FdaC189F37E1023588","allan758","allan758#9559","2026-09-09T21:38:56.020Z"
HH-NOMC-T9,"0xbEC4bAaA0bcDeF67E5481fc5CB839847D90DF3Ce","bianca591","bianca591#3764","2026-09-09T21:38:49.676Z"
HH-NQ2F-SF,"0x2093f7ac4ce9c30d5e54ef120d01821e3ac7eab8","@preyete","SM7#6646","2026-09-09T23:58:12.926Z"
HH-NSX0-40,"0x10CeA78a766F6cFA28f6bA04Ae0aADD4dbde76fb","100xgemfinder","100xgemfinder#4275","2026-09-10T06:19:21.000Z"
HH-NWAE-SW,"0x6c1ce70D0C4a15314403B398dC542aBA3BFc9493","@Jojolola8","portgas7","2026-09-09T22:10:46.170Z"
HH-NXEK-NF,"0x1d164aba26402136e4201bd560c2fea7bff16d3c","@JajuliBhaskoro","Byakou13","2026-09-10T00:17:13.775Z"
HH-NXFE-5E,"0xB5be825B9293750B6771393B976c7481B3DD5164","Gaasaka3","Gaasaka3#5660","2026-09-10T06:20:12.000Z"
HH-O06Q-XF,"0x7d6D047d0c38625E60C3c21B5f74D6617BF83F99","hood5bc30891","hood_5bc30891","2026-09-09T22:35:21.476Z"
HH-O19V-GZ,"0xFC5e4ff3a0D1fE84BD0Ccd4a920248718d6a1457","Godson__nnoli","Godson__nnoli#8218","2026-09-10T06:20:13.000Z"
HH-O1NE-60,"0x531E73478a7714B04AE7E642FD47299E27b9B70A","0xjimit","0xjimit#5071","2026-09-10T06:19:17.000Z"
HH-O3Q4-M4,"0x08581aE978EEf94f124D457E85b893051c188344","larissa281","larissa281#4739","2026-09-09T21:38:57.207Z"
HH-O3QP-B9,"0x3F6A174c7E92cC589880204E1c5cE9cC9f9A1e7D","debora361","debora361#3977","2026-09-09T21:38:57.621Z"
HH-O4KV-1I,"0x937C7Cd65A97935932696d10b740317027f4be47","Elect_web3","Elect_web3#4128","2026-09-10T06:20:04.000Z"
HH-O58D-T4,"0x7C2029DfEe54950E497f6290386497f4d57A6989","@farshid454592","@rebadia1400","2026-09-09T19:55:55.517Z"
HH-O6LQ-JS,"0xEa27b75E2a2f39e7477F21F9827c09E7492C3Bb5","roseli149","roseli149#3506","2026-09-09T21:39:23.254Z"
HH-O9OZ-4Z,"0xD0cb9BdBdFD3f7fA12EEDBbb1e83a322313cF85b","A_olawale1","A_olawale1#1228","2026-09-10T06:19:27.000Z"
HH-OA6A-ZU,"0x396a57476b87d5322a89d160ad27d9519a621c85","sundaqt","sundaqt","2026-09-09T19:36:36.850Z"
HH-OBG1-XG,"0xeCC8036C044e27fFbb5903f3526FEad7C1a1eEbb","Elivibesxbt","Elivibesxbt#1528","2026-09-10T06:20:04.000Z"
HH-OCAM-3O,"0x0A9C6Ef99E3593aBD7319DD174B0b1F0Bd5bCB8B","Emeka2026","Emeka2026#1322","2026-09-10T06:20:04.000Z"
HH-OD20-FK,"0x3fbce0c52c88bbd94ea690e500f8644e545cf9b4","momoyipm","kukuzai_","2026-09-10T05:00:49.997Z"
HH-ODAH-DH,"0x87A7DFEfe135263Cb15FC376f30d37772A3ea621","darlene581","darlene581#2729","2026-09-09T21:39:35.479Z"
HH-OF3K-A2,"0x57683EFc195ef1c0841dF25259d483AB1C9fbED3","0xGKz","0xGKz#3987","2026-09-10T06:19:13.000Z"
HH-OGEI-Z4,"0xe0310defbeda2696919172f0b2fdba82dd954ffd","@shark6901btc","shark6901btc","2026-09-10T07:01:35.727Z"
HH-OI2Z-U8,"0xDfa24Cb55DF75A78186529bA8b7aC55909baA8C3","FulhamTransfer","FulhamTransfer#5857","2026-09-10T06:20:11.000Z"
HH-ON90-7S,"0xbCC12292f2eFB5770e10F03f01AdD535Ba131219","Dreamcheser56","Dreamcheser56#9632","2026-09-10T06:20:01.000Z"
HH-ONAI-ST,"0xD3aa421890cEF14a1Ed1Eba520Dae1B6a133f0aA","alex703","alex703#7965","2026-09-09T21:38:58.012Z"
HH-ONI0-1R,"0xFb2d8A529C2c7749834Df311B9a72FdD05e5f1Ea","BrutalX_1","BrutalX_1#4107","2026-09-10T06:19:46.000Z"
HH-OO13-8G,"0x1b140d52b3c4909B2d998fAf45D0A1Abad7e6666","0xcobaltss","cobaltss_","2026-09-09T21:31:04.025Z"
HH-OP6T-YP,"0xad225be429c4cf7d07d50a1c6edd9999bb98328d","@defi_based37270","defi_based37270658","2026-09-10T06:59:14.399Z"
HH-OQ18-8Z,"0x3C144621DD7b155eD597C31217B6c48D87Da59B0","hood38a2b0be","hood_38a2b0be","2026-09-09T22:38:32.800Z"
HH-OQ6F-NL,"0x24d8F7939512C2D761602669d543dC3281DDFAe2","0xsrmessi","0xsrmessi#9536","2026-09-10T06:19:20.000Z"
HH-OQ81-VQ,"0x4ea36CBD391915ADEe4f7e039402dD4127D440C2","camila304","camila304#5665","2026-09-09T21:37:54.369Z"
HH-OQJP-AR,"0xe850A544Ca31b4f526B48bAEA6D51a38eb77beB0","@CoronadoOa41637","justdavid8248","2026-09-10T05:35:31.468Z"
HH-ORTU-OJ,"0xC9bf33e9C779604198ABbd8775d505aFb942B9c9","0xpsolitesol","0xpsolitesol#5959","2026-09-10T06:19:19.000Z"
HH-OS6R-X0,"0xB1b0CF89749b4335456F0195a1E7190026348F35","GizmoKeyser","GizmoKeyser#2301","2026-09-10T06:20:13.000Z"
HH-OTME-2H,"0x361Dfe399957e0e02a922Be8B1f744F460cEBC65","henrique816","henrique816#4067","2026-09-09T21:39:11.399Z"
HH-OUZG-TV,"0x4779f717662Fa9C2f35806583f5d0b1dEAa59b7d","wesley931","wesley931#7107","2026-09-09T21:38:52.911Z"
HH-OWIC-CK,"0x12Ff48503Bcad2bCEC38E8b6F3E026fea98bDB9c","Dra_mi_ga","Dra_mi_ga#3126","2026-09-10T06:20:01.000Z"
HH-OXOM-47,"0x843a110aC0D740A9a8327f9c8e742600021d2a45","BertoGoldenhorn","BertoGoldenhorn#2459","2026-09-10T06:19:41.000Z"
HH-OYJ7-PI,"0xd65543D591CC744614a89a3b0B20E5e94FDCE664","brenda819","brenda819#6559","2026-09-09T21:38:53.471Z"
HH-OZ2O-LJ,"0x36805E091F5a0b3565800CAd53d9209c7BaFc47c","hood33188f6e","hood_33188f6e","2026-09-09T22:34:09.307Z"
HH-OZAN-7L,"0xa07E99625201E56D44A4D22fc5DC0487600083ee","samuel935","samuel935#8234","2026-09-09T21:38:51.159Z"
HH-P06W-O2,"0xD879123520eF63A3031DcA3eD3A6A4716207E0fb","Anjuchoudharye","Anjuchoudharye#5758","2026-09-10T06:19:35.000Z"
HH-P0T7-KJ,"0xc3b2c0FB53185617A4FD60aBaDaF50d6fBca2aF6","CR7_2_007","CR7_2_007#7138","2026-09-10T06:19:48.000Z"
HH-P1LW-NU,"0x8829B6B9Bd0CfadF66bc736Ea52743b6D9bfCe14","celso924","celso924#4382","2026-09-09T21:39:17.158Z"
HH-P4CS-3U,"0x0E8c5dDeb71e55066Ff5F274f87392aAF40397c9","bianca927","bianca927#5863","2026-09-09T21:39:11.884Z"
HH-P581-XU,"0x3Cb149fc3FdBa1faBdCf31655ED1df460064aB95","@0xdaikijax","daikijax","2026-09-09T21:04:54.821Z"
HH-P6JL-EW,"0xe24ad29B29db72866c59e26Dd3d5615c9e230C73","Darth_Martys","Darth_Martys#3053","2026-09-10T06:19:57.000Z"
HH-P7YJ-U5,"0x21d907912767aF65B0910999860C026f009a0F57","hoodd26a75bb","hood_d26a75bb","2026-09-09T22:42:02.073Z"
HH-P97W-OA,"0x59aeb2fc1685468e169b34004ed13d0ed254d1ca","@DimasS92149","dimass92149#0001","2026-09-09T20:11:01.000Z"
HH-P9KM-RL,"0xf21bf3518419b66bf32a7f48268f2db6aeb803b3","oxcyprotPirate","shallow","2026-09-09T20:01:04.974Z"
HH-P9ML-D1,"0x8a41dD1ecC6B03A7760D3E328d5509b1D9b05E62","Fiboo_naccii","Fiboo_naccii#4646","2026-09-10T06:20:09.000Z"
HH-P9SN-UQ,"0x5b2f9a855582c0F2dC32Aa99053e8dA2e954bd7D","@daley66608","bulengdi","2026-09-10T04:42:45.599Z"
HH-P9WI-C4,"0xb1EBA83f48dDB28A78B132468f352c742C471D0F","Fah1m_Bro","Fah1m_Bro#6964","2026-09-10T06:20:07.000Z"
HH-PAC8-SK,"0x2cCBA1781686D5eF06A3A5422Cb7549669f8a0c4","Ayothegreatt","Ayothegreatt#6818","2026-09-10T06:19:38.000Z"
HH-PAO0-PF,"0x646db1c3c10f7c6d784e2ca6c00f3e178f4a42cf","@korgonsolana","Cedricf50","2026-09-09T20:14:39.283Z"
HH-PAQP-CD,"0xe02acd6e5b33dba6602f51630a70bae8f8a00218","@Oyinlola580","Oyinlola580","2026-09-10T06:57:58.202Z"
HH-PC32-N2,"0x1c60eF60f1019Df34d70AA5De7F22870fB5684d1","caetano137","caetano137#9845","2026-09-09T21:39:24.378Z"
HH-PCQI-WS,"0x569dd06ec8E17AF61f06eB8Af559198575846C7A","0xroen_leo","0xroen_leo#9315","2026-09-10T06:19:19.000Z"
HH-PF5M-GE,"0x935E96D688B6eB338e66034b4Ea28b05019fAe89","joice451","joice451#2514","2026-09-09T21:39:32.934Z"
HH-PGWY-VN,"0x62d74AF2656a38DeC83e1b583eb6445a180cEAdD","natalia604","natalia604#8444","2026-09-09T21:38:14.637Z"
HH-PHF7-TW,"0x8bf586e88b67B62B5e042810ca37c491c9F65820","hood17af311e","hood_17af311e","2026-09-09T22:33:50.961Z"
HH-PHNT-IN,"0x461B263B931193Dd0CFA4045c75Ee880305fdFAf","@shasha_ten","xingwuB#6348","2026-09-10T03:09:46.745Z"
HH-PI24-13,"0xa4a5D2a72A64982F9FC0437Df06232020f8578d5","gabrielly206","gabrielly206#2650","2026-09-09T21:39:05.702Z"
HH-PJ5C-SM,"0xce0930639C15Eb25635E2fF7f95d2Fe2dC1b3fb4","kleber961","kleber961#4722","2026-09-09T21:38:57.497Z"
HH-PJ5Y-G5,"0x53A6015DaBEe02a01EC0F3Be99cc95d038798E5F","kauane357","kauane357#2516","2026-09-09T21:39:23.076Z"
HH-PJI5-YL,"0x3591399ca4679c67b5a81B6a65839B8A4Aabe431","andreza743","andreza743#5061","2026-09-09T21:39:24.762Z"
HH-PK8I-FB,"0xd1c3d6a05d7de4abdf774fd44109330e909540d2","@heshi23456","@yuzieaa","2026-09-10T06:53:55.567Z"
HH-PKXB-HH,"0x079ab0a8E7b240124D980549E4C545388da47789","Franco_052","Franco_052#5972","2026-09-10T06:20:11.000Z"
HH-PL0N-W2,"0x213000C2C2CCD34f5B2159d06E213DA2FE3e8E98","vivian836","vivian836#9281","2026-09-09T21:39:03.927Z"
HH-PLW6-C0,"0x21afEBdDC676A10F48e55d22EF4164E3ff625d81","Aderoboyedotun1","Aderoboyedotun1#9916","2026-09-10T06:19:30.000Z"
HH-PME1-RM,"0xb032A2a4bA0470C21E02d7C55B1008E7611C76A6","0xlayla_1","0xlayla_1#4687","2026-09-10T06:19:18.000Z"
HH-PMY4-2R,"0x75725c463919D611243E18809a87c4FfCdFe14d6","Callowayvyeete","Callowayvyeete#3790","2026-09-10T06:19:49.000Z"
HH-PNOL-XT,"0x81e525d7cBf032Eb4738f7eD982db60855B1d520","@Deday_1","Deday_16","2026-09-09T20:58:41.389Z"
HH-PO70-IZ,"0xFCa102c3F3375E6Fe9C77fDC4Cd6AF7a092b9C3b","tainara674","tainara674#6054","2026-09-09T21:39:30.381Z"
HH-POAX-36,"0x47dcC8810910CEC22106aceECD30ED32377615f8","D_bjornironside","D_bjornironside#9416","2026-09-10T06:19:55.000Z"
HH-PP1V-8B,"0x9fc3d3735a4900b7816849d3181fede6f894a1c5","oplerfu","sesezai_b1","2026-09-10T04:15:51.404Z"
HH-PPQT-BT,"0x2E83c4C2057326d1b09029fF587c25faA640Fa34","arthur714","arthur714#1520","2026-09-09T21:38:51.076Z"
HH-PQPI-I8,"0xeec26f7ded31065d7798682bde0295298bc8506f","@AhmedAm5819628","lookingforlove0988_90592","2026-09-09T21:00:31.021Z"
HH-PRJS-4J,"0xc0C7B56C39b3677d6A57EF787d179F6E514AC805","milena548","milena548#7447","2026-09-09T21:38:54.724Z"
HH-PROBE-IP42,"","","",""
HH-PROV-ED,"0x7777777777777777777777777777777777777777","@proof_tester","proof_test#7777","2026-09-09T22:17:43.306Z"
HH-PTC2-IS,"0xA2D01DfF247C53c1E5Aff948ED15842e36Bd5C40","diego136","diego136#7274","2026-09-09T21:39:04.769Z"
HH-PTD3-MW,"0x4FD5eBd6a1b0Bf34c7E7c187352D006eC60FC038","@snoopi420","snoopi0821","2026-09-10T00:40:36.261Z"
HH-PVAC-AS,"0x4cbd6016265d9318c9af2070528c556f4ff1102b","@darthcharlo222","Darthcharlo","2026-09-10T00:05:34.142Z"
HH-PVG8-44,"0x3D9C189d653931B5beBCd1b68533D0Ee5B06620B","BlocboyRicado","BlocboyRicado#1575","2026-09-10T06:19:44.000Z"
HH-PWF3-AG,"0xEEBb77D3882Df8c7d252a38320d9F9D8764965f4","@Thisisdeji2","adedeji02.","2026-09-09T19:31:22.267Z"
HH-PWU8-0M,"0x0aBc0e9e4cA838b4A30B7283694b47795F4AD524","0xladipo","0xladipo#6796","2026-09-10T06:19:18.000Z"
HH-PWZD-8L,"0x992631a98CF0E3322B85316F89914Ca000fBB500","Bitcoinmama1","Bitcoinmama1#2822","2026-09-10T06:19:43.000Z"
HH-PX6H-68,"0xe2Be1360b5BBb8D441E4D9cD919726C08ae8F01F","BrianMahindi","BrianMahindi#2428","2026-09-10T06:19:46.000Z"
HH-PXUQ-52,"0x4a928E3651b98C859841007463C14B2f7DcB3Ef1","Emmy_arts0","Emmy_arts0#3190","2026-09-10T06:20:05.000Z"
HH-PYJ9-ZW,"0x734d0763ff8620a44e612272f1559908db664b45","@czh8860","fgc07460","2026-09-09T20:22:35.251Z"
HH-PZHW-1O,"0xc20DE512ef5245ec308e5efa6F274C59c5c7B6a7","rafaela368","rafaela368#1989","2026-09-09T21:39:08.053Z"
HH-PZK0-C8,"0x400B6F18c9AA9A5f8ed91507eB33CacAE928004b","windinft","hollow_winder#4417","2026-09-09T21:07:58.485Z"
HH-Q0ZH-KW,"0x6239F31A9Cb18871f16F2ED9b024882fcd01eE4b","joaopedro527","joaopedro527#6517","2026-09-09T21:39:28.720Z"
HH-Q16X-IH,"0xa6040e08a4d20fcc136a44e78d48323b3e33bd23","@BlackAssu","web3communitymod","2026-09-09T19:30:56.460Z"
HH-Q2H1-RD,"0x31E6790d26423DEe3386A9A67DF7Ef733f707e8A","AFRICANBOND007","AFRICANBOND007#3833","2026-09-10T06:19:26.000Z"
HH-Q2W0-79,"0xA2863E3e9B8700c55bEad65495Acb5E47d74b17A","hood3a5b9468","hood_3a5b9468","2026-09-09T22:31:30.045Z"
HH-Q33H-2Q,"0xd8b110f0D6eC49455fA95a4dA6874C66962Adf45","CallMeHysty","CallMeHysty#4255","2026-09-10T06:19:49.000Z"
HH-Q6YP-SX,"0x18588470C37071f90c13aae0640fbBc3251D2cdD","kleiton582","kleiton582#5830","2026-09-09T21:39:16.919Z"
HH-QA7J-7U,"0x8bb02a591De5e01A0Fb8480379A8139087e44D2c","hood6567feaa","hood_6567feaa","2026-09-09T21:06:02.839Z"
HH-QC43-I5,"0xfC5D171f130fbBede4bdA63C905A5B43A4F63170","fabio175","fabio175#1027","2026-09-09T21:38:57.164Z"
HH-QD8V-P4,"0x3488E4456924C4558D463CFf4D7DD52727304446","@fajrulnisam","fajrulnisam","2026-09-09T21:54:03.082Z"
HH-QDZZ-IH,"0x686F3D25de9cB841d3ea4758C767B1Dd1DfD51f1","DennyTWright","DennyTWright#7638","2026-09-10T06:19:59.000Z"
HH-QEDY-EG,"0x7ea253d3d50b9dDB543f363910c2215cFd70fB9B","AyotundeOlasub2","AyotundeOlasub2#8207","2026-09-10T06:19:38.000Z"
HH-QEUY-4S,"0x510d018f7f39504b8b372b1de1012c18277c25e4","@Beardpaapi","firestix#6522","2026-09-09T20:55:54.047Z"
HH-QFZM-D5,"0x32f75cdc5c7e708114cb573e071a5da032edb355","@harkee00","yudong1","2026-09-10T02:38:15.150Z"
HH-QHU4-W1,"0xDc02B6C399e3a84c2ae31C8CfF10848ce90f3A4C","GamRedu_","GamRedu_#4492","2026-09-10T06:20:12.000Z"
HH-QNZA-IX,"0x612c8d93b2CA02F5E96d1B4Cb8a16B1b969841B7","celia892","celia892#4909","2026-09-09T21:39:34.692Z"
HH-QOG9-3K,"0x86d99f38e8E9d77c74FD6576862353885bC81eaB","hood7145ca27","hood_7145ca27","2026-09-09T22:34:25.945Z"
HH-QPQA-BZ,"0x360b970336ebfD16EF0449341971552e1B76031C","BahadrZorlu","BahadrZorlu#4888","2026-09-10T06:19:40.000Z"
HH-QPV3-KW,"0xbD5512EeA9FbB14DF5B61846381F1Cf56E8A850c","Christianuzo58","Christianuzo58#1853","2026-09-10T06:19:51.000Z"
HH-QQCL-06,"0x3cbdeb4cab8405f51e40eedb97b715a2a2c3da9e","@0xaliciaa","okxid","2026-09-09T19:44:29.630Z"
HH-QQHW-ZW,"0xA1172f6A189d00506E7d034E2B866F9abE64f11F","hood378fe1a0","hood_378fe1a0","2026-09-09T21:03:07.728Z"
HH-QQM6-LA,"0xAF6AD1522Ba62770ed85edD6218D30917C9710A6","EvelynZucka","EvelynZucka#9858","2026-09-10T06:20:06.000Z"
HH-QSW8-OK,"0x2fADf5124c5354d4FdE72532cd1C2AAd728Be119","augusto953","augusto953#5715","2026-09-09T21:39:34.271Z"
HH-QUOR-6T,"0xd08d090f31c8132B7c3Eb7010C1e05C9685B9DfE","AgudaKay","AgudaKay#7666","2026-09-10T06:19:31.000Z"
HH-QX3O-II,"0xF64E9076797f52400AFc4e56e9f0b75D12a55E32","renato536","renato536#1395","2026-09-09T21:39:08.427Z"
HH-QY4Y-RA,"0xCf28c03aC2C1E0dC98FBE27DdAa36f5e393B88fa","BPNeckGuard","BPNeckGuard#1482","2026-09-10T06:19:39.000Z"
HH-QYIN-VM,"0x40F1B1Cf4D5543c2F7a275e2aB6135f33E89808D","hoodcd6328f8","hood_cd6328f8","2026-09-09T22:45:33.024Z"
HH-QYYU-3X,"0x923C8deA58f044b46AcB3933d1EA35349085F536","Aliedaily","Aliedaily#3753","2026-09-10T06:19:33.000Z"
HH-QZ7I-EH,"0x3b8f56abda9a93489d3fc71b67c67fd92b5b6cac","@DarkchainRants","darkness4769","2026-09-09T23:39:13.864Z"
HH-R1EV-LU,"0xEFA85eE3E1705319d01b637E68E86D900a4AF7d4","AnfieldNigga","AnfieldNigga#5775","2026-09-10T06:19:34.000Z"
HH-R4TX-QX,"0x8cb55d284c18474C6Dfd9cA9989aa023a2A407AF","0xEXTRAXBT","0xEXTRAXBT#2795","2026-09-10T06:19:13.000Z"
HH-R50N-WB,"0xD4168Bd5778b5170F4C56Ab402a71780826caF03","AUGUSTUS0000000","AUGUSTUS0000000#6131","2026-09-10T06:19:27.000Z"
HH-R574-08,"0xcd66bCB3aF63C3fFbf60fcf3A51e63D01A69e1Ff","luizfernando392","luizfernando392#5679","2026-09-09T21:39:18.891Z"
HH-R69Y-ZR,"0x4327CcAe9eD49385C1b4f8Ef58CD387c9c8EA733","Emmytheguy","Emmytheguy#2955","2026-09-10T06:20:05.000Z"
HH-R6X9-4K,"0x00673ca4F26090617217d7FA06Abb62598Da752A","rosimeire785","rosimeire785#3595","2026-09-09T21:39:29.839Z"
HH-R89C-AP,"0x1494cAB128ebfc6cBf6198902F9e0C807D481028","@mattermos07","rahmatya","2026-09-09T19:26:48.484Z"
HH-R8NC-VY,"0x27543Bf880ae50C87abD0b2a55d52c53E86Ad9E9","pedro295","pedro295#5889","2026-09-09T21:38:06.396Z"
HH-R8PQ-OO,"0x53fBa83DA432602B298eF9A06464e4dD23B71ADC","CYpRuS_0","CYpRuS_0#4634","2026-09-10T06:19:48.000Z"
HH-R9JT-PI,"0x1916192070A4cF7570Ad537461f04ec6875dA2Ca","jorge591","jorge591#9568","2026-09-09T21:38:59.584Z"
HH-RBGA-LD,"0x8c0fB9D4741A4c42596EBfA4E17b7610Cbf4924C","tatiane618","tatiane618#5077","2026-09-09T21:39:02.407Z"
HH-RCIS-X4,"0x1474957Df11e309B3b2b750CCF67038340278F6b","0x_ramz","0x_ramz#7590","2026-09-10T06:19:15.000Z"
HH-RDQE-5H,"0xdE8B55E4791c3DC8C48eD794b6CFe5a628314afF","0xMiamisiki","0xMiamisiki#3327","2026-09-10T06:19:14.000Z"
HH-RDWG-AR,"0xce57E65eaE2E498E5827761c3c6D98Fd9565f683","hood405d4f51","hood_405d4f51","2026-09-09T22:44:24.552Z"
HH-REXZ-4S,"0x34E976FC01d629d08ae1C7bC56D439100A24a06f","Amec_RMFC","Amec_RMFC#4417","2026-09-10T06:19:34.000Z"
HH-RFFA-EN,"0x87fa6a8Aaab90a530D3dA4A6add1f42c3bbA92Af","thiago427","thiago427#7870","2026-09-09T21:38:32.742Z"
HH-RGDJ-Z9,"0x42451c31E1D21E3C085f54a797F87f86e7050768","AngelFamadr","AngelFamadr#7285","2026-09-10T06:19:35.000Z"
HH-RI9S-PB,"0xc24111e7eeec211b455e65aa1cdb83e9c34491b5","@nft_whale4511et","nft_whale4511et969","2026-09-10T07:01:41.503Z"
HH-RICP-PA,"0x6152b57c981fC7d2b4d2895e8Aa3Ca904c42A9A5","@yayblue666","yayblue.","2026-09-09T21:17:40.925Z"
HH-RJ6G-GL,"0xA27B28B52f5981cdDF0606B56686C2e04b7CF4B5","anderson581","anderson581#6745","2026-09-09T21:39:04.564Z"
HH-RJMA-VT,"0x260effebe26261e599f2235ee89779ddd2ace5b2","@thedegen1425_xy","thedegen1425_xy","2026-09-10T06:55:14.290Z"
HH-RKC6-0M,"0x0c0cF7682f9E79Adbd2eC7EFeeE0F8Af7A9E90A9","ErenViky","ErenViky#8055","2026-09-10T06:20:06.000Z"
HH-RKPH-0X,"0x117120b02aC458380286ee30feC8C504a37E001e","EasternDoe","EasternDoe#3833","2026-09-10T06:20:02.000Z"
HH-RKQJ-HU,"0xaff30bd1b6fedaf2b41c0e3fbe06fc7c984d0195","@0xlayer5924_xyz","0xlayer5924_xyz","2026-09-10T06:57:09.515Z"
HH-RLDO-UB,"0x765594884e9c345A20DE12f59aB9C00b61924779","@Yukka2920","yukka2920","2026-09-09T21:33:49.733Z"
HH-RM7G-H9,"0x018deDc1766783c5D1052F9acAb3d0806d6db577","hood32b5fb1e","hood_32b5fb1e","2026-09-09T22:45:14.884Z"
HH-RM9V-VM,"0x6040674c1046315C9f5750f987F657033B7eD8F7","michely892","michely892#1659","2026-09-09T21:39:27.289Z"
HH-RMBG-EC,"0x2733a01cF9b9AcE2703CA9Ee1F2733491fD13FB5","hoodc71c293f","hood_c71c293f","2026-09-09T22:42:17.158Z"
HH-RPGV-HR,"0x32703C20D721838D3882Ef1d5e4C64fd8878B76C","jean925","jean925#5111","2026-09-09T21:38:58.010Z"
HH-RPX4-97,"0x0680Aa18010e8758580c371ab65478D6BfC57A31","GlitchMaster_IO","GlitchMaster_IO#8102","2026-09-10T06:20:13.000Z"
HH-RQF6-D9,"0x6d8d98f2e00f37b53fb8a6481f402d2315f71b2f","@farm5227eth","farm5227eth","2026-09-10T07:00:40.440Z"
HH-RTOO-IA,"0x1F5ebbd462f5e7Dc03Cf89F9235f23825f5e5bB3","Aaretherealone","Aaretherealone#3175","2026-09-10T06:19:28.000Z"
HH-RTQX-84,"0x00aeaa5556Ec9Dc78ff0Ea0EF47D4Cb3c67407c3","BigdaddyRohit","BigdaddyRohit#1588","2026-09-10T06:19:43.000Z"
HH-RU97-7T,"0x7240F52ee3B5304847e8574c0B816Ab6b676E833","ApaixonadasBy1D","ApaixonadasBy1D#9047","2026-09-10T06:19:35.000Z"
HH-RV70-9J,"0x4792d6252aDE1147Ede4244F140B9b0Fa6CCc426","Agbabiaka383135","Agbabiaka383135#3165","2026-09-10T06:19:30.000Z"
HH-RVHQ-N0,"0x4b4323b98bde7b0bad5f276546bba496cce582bf","@shutiaoer2024","shutiaoonly","2026-09-10T03:13:48.017Z"
HH-RWW2-VS,"0x73397D50F2dC838eCE1B3443ff1a40C4dca9e67b","CynicalHodler","CynicalHodler#3649","2026-09-10T06:19:54.000Z"
HH-RWXK-WC,"0xed5eEe2dc917133dA09ea7cf7Ed7A3e8356aC269","@Ricky1111Ak58","ricky9609","2026-09-10T01:03:11.785Z"
HH-RY6T-VJ,"0xA56094007a899953e8634FDDF7dc0696b1AE9a3b","Franciswillix","Franciswillix#9434","2026-09-10T06:20:10.000Z"
HH-RZ0T-71,"0xc22f5Ddd309fB7e0CBf251B7a5d5c33FD8BEB593","B4yuc4nder4","B4yuc4nder4#6169","2026-09-10T06:19:39.000Z"
HH-S3LK-UY,"0xD4Cd6AAea1FDaEfe81F71AF1babCF96BEfFC73D6","FunFactsOG","FunFactsOG#6246","2026-09-10T06:20:11.000Z"
HH-S59L-EZ,"0xd6f04babbaf5fb17497f33598fbe4299309791f0","@lekan4u_","lekan4u_","2026-09-10T00:40:37.855Z"
HH-S5VP-DA,"0x49002777eC3954358fB00D36ac4305404741f2f7","cristian743","cristian743#2309","2026-09-09T21:39:01.848Z"
HH-S61R-F1,"0x55ea6732AAdA948D66324eD463AedA82a35881bC","Caynkbini","Caynkbini#8686","2026-09-10T06:19:50.000Z"
HH-S72A-WJ,"0x704980Fe6b2111260B37ddB4Aa912C6C31C67A90","ArviHindu007","ArviHindu007#6128","2026-09-10T06:19:36.000Z"
HH-S7A6-8P,"0x8E8dC12050192D424C98DB26075f6F55001a5b49","valeria962","valeria962#2945","2026-09-09T21:39:10.732Z"
HH-S9NJ-66,"0x1c8764E4AB333c3eFEEcB00E28480Cb7AEB6f01A","@Mickyblizz0","mickyblizz","2026-09-09T21:05:45.723Z"
HH-SBBB-8Z,"0x63b702950049238388cd125cd8f0207b81a4bdeb","@Leyneyzhi","Juuviolle","2026-09-09T22:53:57.599Z"
HH-SCKR-JJ,"0x60CA7B8DC85F8D56d1e2d444936035D6045008C9","AzizTahir1024","AzizTahir1024#7685","2026-09-10T06:19:39.000Z"
HH-SFYG-B9,"0x2eEFE4E6F2370959672f020E82c6a0149E8d0E8C","hood250a41fb","hood_250a41fb","2026-09-09T22:32:58.012Z"
HH-SIKX-ZV,"0xe5b99271df784e5347d06e9afe0b63ab21ee1757","@WilliamChibu3z3","willz65.","2026-09-09T21:57:24.347Z"
HH-SIN8-X4,"0x666441DaEA516c7a0d2d838F058F830000c9bc36","CastorOutgrower","CastorOutgrower#4852","2026-09-10T06:19:50.000Z"
HH-SJ34-P8,"0x5B5a22BC89630e3C00F85435fAb130A5493487c8","priscilla341","priscilla341#5930","2026-09-09T21:39:10.432Z"
HH-SJGY-XQ,"0xa50ba68074d0073bEF917c0281e89B64885196Fb","AyomideTheGuru","AyomideTheGuru#2364","2026-09-10T06:19:38.000Z"
HH-SJMJ-S4,"0x7F04ba141BC653b6a175936b4cBD50502E702611","elton381","elton381#6775","2026-09-09T21:39:11.831Z"
HH-SKN3-GO,"0x94D49a10896720c802F9e689A52373b6d6Df060f","BoboIcey","BoboIcey#9339","2026-09-10T06:19:45.000Z"
HH-SN01-IX,"0x0d364c468d334c54D332C436f0517951af597F67","DynaRidwan","DynaRidwan#5388","2026-09-10T06:20:02.000Z"
HH-SO0I-LJ,"0x48020a9EFc25A46eB0a72D3Cdf4aF361795D15A5","michele654","michele654#1166","2026-09-09T21:39:11.765Z"
HH-SOUE-C6,"0xB9898298db57a0b54171a905729F78aDdC2ffC1f","@figliaanjani","yolog","2026-09-09T19:40:12.396Z"
HH-SOYE-L8,"0x13098F5c6002e83c3c58d79A5249F82bE9bE6bA4","jonas476","jonas476#8804","2026-09-09T21:39:00.176Z"
HH-SQPL-QX,"0x3Afdbb9510c90F515575066eB71e31D568B5CaA2","hood6186ca04","hood_6186ca04","2026-09-09T22:39:41.717Z"
HH-SRE0-YP,"0x81ccc275509649d55da58c086D42e8530d63FCcf","edna694","edna694#3697","2026-09-09T21:39:35.924Z"
HH-SSC1-7P,"0x1938981BD863291DE4b2D23cdad3833494De5773","De__mise","De__mise#9263","2026-09-10T06:19:58.000Z"
HH-SUOF-5G,"0x5903451C7A7417B5c9C82689305aFeE600033aCE","CacaXBT","CacaXBT#2368","2026-09-10T06:19:48.000Z"
HH-SW9N-G2,"0xEFf42117253638bf8318cfbf7D2c4223924a50Fb","caetano182","caetano182#4118","2026-09-09T21:39:00.408Z"
HH-SXCG-7H,"0x62a3df3fcccfe0d536ceaa02f35a66a7cc21027b","@nft_node51161","nft_node51161","2026-09-10T07:00:57.737Z"
HH-SXCR-W0,"0x717030AB6DF2758e5898446f6f1ECCD16Be57dBC","0xPonsuke","0xPonsuke#3264","2026-09-10T06:19:14.000Z"
HH-SXYW-YI,"0x4F57d7DBc00D71f31E089FD24aad88365bE4De06","@dilsss505","dilsss505","2026-09-09T22:02:06.054Z"
HH-SZDW-SA,"0xE9D611420F8c22D8840e329E85BE278a87CCee84","FinanceTiger","FinanceTiger#8772","2026-09-10T06:20:10.000Z"
HH-T055-X4,"0x6A3CFAff4C326CE3622aEa2b14B670f32C0bf80e","Ayozygram","Ayozygram#7538","2026-09-10T06:19:38.000Z"
HH-T0BA-53,"0x2A74E97175E99d6d2a6d7Fc8b5A4eC6932b0F6D8","AI_smartmoney1","AI_smartmoney1#8170","2026-09-10T06:19:26.000Z"
HH-T1UJ-NF,"0x5F4af9cC802218A6C0D946c9FC30533Ae0A1Cc2c","Arslandev97","Arslandev97#8516","2026-09-10T06:19:36.000Z"
HH-T2D3-L4,"0x4B3bc70165aEE42334e32f5E01651603b3B97886","CryptoGiio","CryptoGiio#3216","2026-09-10T06:19:54.000Z"
HH-T5B7-OI,"0x840ece5a9c6f25e772a915efd51e0b82b2509bcd","@Damian__web","Damian__web","2026-09-10T00:37:55.728Z"
HH-T6VV-3Z,"0xB8f14C0E84338B875855d1047E15907bB742d0A0","clovis724","clovis724#4962","2026-09-09T21:39:35.310Z"
HH-T6ZH-EL,"0x875A52f345F2f6818317DE1b30FFFbf3215F5615","Chynagoldd","Chynagoldd#5261","2026-09-10T06:19:52.000Z"
HH-T75C-V2,"0x22591F8C7f35C67eD39c5FF0C7B1cbc360C2bA21","0xsofiya","0xsofiya#7712","2026-09-10T06:19:19.000Z"
HH-T78W-9U,"0xc8eeaa18b26a62a1e6fb0a9dc083c19dab0c494f","@davilnos2000","chitago2000_99189","2026-09-09T22:01:04.244Z"
HH-T7PK-FL,"0xE9AA8b6e71170CB6bF7D041d6Dcb3E2d9Fa56acE","Banitdongs","Banitdongs#1151","2026-09-10T06:19:40.000Z"
HH-T7R0-Y4,"0x90bf7c30ac064d4db3391859dce099750d287771","@Sagacious011","sagacious01","2026-09-09T20:20:09.973Z"
HH-TA40-TH,"0xc06588d6F6F98E0798FF4846C8b665828D521eBC","0xsolscp","0xsolscp#7306","2026-09-10T06:19:20.000Z"
HH-TAZ4-O5,"0x6D033F69A6C0deDaC1381C1E67dB056DdD8c9527","Elaweb33","Elaweb33#4200","2026-09-10T06:20:03.000Z"
HH-TCGO-8S,"0x29b7c0dc61cafb1edaca155b64f564ad755ffb73","@seizzi","seizzi","2026-09-10T06:50:16.499Z"
HH-TD26-VW,"0x3d88f01103e8aca56580a243a8e2e2f3674b6e40","@2024wei818","basev8","2026-09-10T04:57:36.053Z"
HH-TDHH-S6,"0xa287b0820c78bb94084cEdcF447CA55D8FE7E8ad","rafael681","rafael681#9484","2026-09-09T21:37:58.112Z"
HH-TGC7-BL,"0xc6F45d903ccf7Ee61a3b8C8121CDE2badf79B702","dwifachrez25259","pale_reza#1132","2026-09-09T21:08:02.863Z"
HH-TGEZ-RS,"0xFA60e632E10E41416f7aab3D5778478Cee0eDb8D","CivilGuy5","CivilGuy5#1380","2026-09-10T06:19:52.000Z"
HH-TGF3-JO,"0x1be2Ea4f51eB23E66588d4af3CCD9655321baA97","@prettymind_gee","anoyamsahmet","2026-09-10T05:25:18.533Z"
HH-THBZ-81,"0x106cA6b56FF61d450E141bDD5094008282CCd96b","Berbocious","Berbocious#6576","2026-09-10T06:19:41.000Z"
HH-THD9-47,"0xe006e067bb2f06cab55d2828226e9ad9958087de","@zhangjingsi1202","zhangjingsi1202","2026-09-10T01:03:32.574Z"
HH-TIAC-HT,"0x373D85787C6A4304F0E03AccC83809Cd1339C95e","@pariraghwanshi","dk4857","2026-09-10T00:01:25.135Z"
HH-TIDB-JW,"0xdB3245162120A06C13B95579a8a2cf01eaA23807","deborah936","deborah936#8422","2026-09-09T21:39:35.485Z"
HH-TJ6D-EA,"0x2B4123c0C9f8e544679A76499d02828e71D6b7d3","DRock_z_back","DRock_z_back#5033","2026-09-10T06:19:55.000Z"
HH-TJAU-N7,"0xDceCaC748D0689a0A711E4e1047EE143515DBED1","DeewhyOladayo","DeewhyOladayo#3785","2026-09-10T06:19:59.000Z"
HH-TLTX-A9,"0x3edBF79438df16A1e686A59bEd45c7b6f27aF8b9","DavidOkooza","DavidOkooza#7964","2026-09-10T06:19:57.000Z"
HH-TM7N-27,"0xe21e76Dc4F59a0720385Fa73512Be5Cfd49f552f","hooda4b0157f","hood_a4b0157f","2026-09-09T22:40:51.457Z"
HH-TMH0-KJ,"0xd7EEA5e0902366A58ACF12C623fCd5B9a54F919A","EloiEmdee2829","EloiEmdee2829#1614","2026-09-10T06:20:04.000Z"
HH-TMNX-QK,"0x0294558eAC4f9566Bb5E0E7523882F8Fd2a143e2","adriel921","adriel921#3562","2026-09-09T21:39:09.144Z"
HH-TP5M-37,"0x99146A74153726193FB8059F9d10268CC651a2dE","AntoniNeutron","AntoniNeutron#6009","2026-09-10T06:19:35.000Z"
HH-TRQW-E7,"0xCeD6e8a15D76b599B5b18C0b0521dAf0ccBb7eAD","AbrahamXtra","AbrahamXtra#2816","2026-09-10T06:19:29.000Z"
HH-TS6J-GZ,"0xf01c5616b86412108442e36eff6ce85b55a68289","@crypto_alpha196","crypto_alpha196999","2026-09-10T07:01:17.194Z"
HH-TSD1-9K,"0x7a59228d862517884b66c4b26e3d6c6289f548ea","@deru_sn","kntlmu","2026-09-09T20:27:56.665Z"
HH-TTE3-PG,"0x37193FEea03a4Ee0240A201D9A71A823c6372042","maicon259","maicon259#8117","2026-09-09T21:39:10.042Z"
HH-TUD3-1Q,"0xE83eEf4e1D873c113E934eD8c51743d0Eb431477","Calvin_256","Calvin_256#5532","2026-09-10T06:19:49.000Z"
HH-TVRH-QJ,"0xc483C596E38B3Ef6c2E041Bb2A4799E090B7c757","emanuel417","emanuel417#6064","2026-09-09T21:39:11.166Z"
HH-TWKD-FV,"0x4eDDBdc33f0990Ced6ac53541c01AdA26BFA5027","gabriel362","gabriel362#6054","2026-09-09T21:38:28.228Z"
HH-TZU8-MA,"0x595834E039935ca9Ea8D048ac5B4B6bB2BF81bc4","edicleia815","edicleia815#1302","2026-09-09T21:39:35.842Z"
HH-U0XN-T6,"0xdC3dE11e85745ce9073B9eDC7507474BFDEe363E","Belisarius2020","Belisarius2020#9729","2026-09-10T06:19:41.000Z"
HH-U1LS-PI,"0x6a4ee637ebed280e3bf8229f63428f55c7a56c2b","@0x_degenola","0x_degenola","2026-09-09T22:13:18.565Z"
HH-U1TA-QF,"0xd21fC014035bA6aCE5792E31Ae85AC9dC6FbF6a6","@jonascap","putunixx","2026-09-10T00:33:14.014Z"
HH-U4BG-BQ,"0x95418Fb7AF4F8d01f152803D2bBd589De6E612aF","Crypto_Hashira1","Crypto_Hashira1#6010","2026-09-10T06:19:54.000Z"
HH-U4IA-TN,"0xC29560dF1cEBFa7100970A5c7603af24933A0bd4","hood70897cf3","hood_70897cf3","2026-09-09T22:46:10.994Z"
HH-U75Z-DT,"0xa3a2BD3dfd20154C0fe7aa9f3534BA92E283E742","Abayomidc001","Abayomidc001#2541","2026-09-10T06:19:28.000Z"
HH-U7FB-X3,"0x2447ad92CABAB639EB6dfE9E3D9eF1C8104d77A5","alan647","alan647#9389","2026-09-09T21:38:53.222Z"
HH-U7UQ-PM,"0x11a917f48296b28183f87e36c1a5e9c2c34c8bf5","@hern0557","hern0557","2026-09-09T20:45:18.560Z"
HH-U8MQ-7D,"0x6ED2314a1514f589a326281eCdcAE5dE438E409d","Fariaskhan_01","Fariaskhan_01#4564","2026-09-10T06:20:08.000Z"
HH-U8S3-R5,"0x45A502CaE2af7D19262a0A7D25b523bDa2990d97","Big_Eazy007","Big_Eazy007#7640","2026-09-10T06:19:42.000Z"
HH-UADZ-WV,"0x83a83440ba70f256683e0cbd1565a9020349e67b","@0xduzaeth","0xduzaeth","2026-09-10T06:33:36.510Z"
HH-UAL1-IE,"0x4Ae1E58cc0e6310f5591C533a63EBDdCd4F7D8eB","Bunny_B_Hink","Bunny_B_Hink#5616","2026-09-10T06:19:47.000Z"
HH-UCCF-CA,"0x93FfEFBfa0F2B320DfAaBc1c304F01cD6450c5E7","Emalio_10","Emalio_10#1412","2026-09-10T06:20:04.000Z"
HH-UD04-MW,"0xC22E794B0E239C7E7C5617d1aF0741F5d66bCA6B","ivan925","ivan925#9864","2026-09-09T21:39:26.677Z"
HH-UD69-HG,"0xb87f7e86d3197983f5f3db7b09db1775b993c219","@bridget_ft","bridget_ft","2026-09-10T06:34:56.999Z"
HH-UDQ2-VT,"0x875E94eC6DF33e28eb6073dd82Ca25bF537fbcEa","eduardo871","eduardo871#6126","2026-09-09T21:39:16.167Z"
HH-UHEN-PD,"0xe8157cE28A3823D65eb34E42B46600223f7e450a","leandro295","leandro295#5971","2026-09-09T21:39:03.895Z"
HH-UHO1-97,"0x91Ab7E54CDA7B3542c434b6BB0Ec4F413FeabF56","BSTAR_CRYPT","BSTAR_CRYPT#6555","2026-09-10T06:19:39.000Z"
HH-UI2X-1E,"0x654fcd31ffcf03c09e2c57e3c63304f2365e8034","@x_ser7755eth","x_ser7755eth656","2026-09-10T06:56:32.912Z"
HH-UI9T-0S,"0x0665c20a6B491856f95926A2aEb285b90e9F0082","Cletaisme","Cletaisme#7401","2026-09-10T06:19:52.000Z"
HH-UIOK-BP,"0x0351a9727A55077c1DB765a939b7a488a286E0e4","AliyahBytes","AliyahBytes#3118","2026-09-10T06:19:33.000Z"
HH-UJJ3-5G,"0xbe002b6c0c6012096a2cc2c18d04fe5e54198d90","@borladayo","borladayo","2026-09-10T06:52:03.231Z"
HH-UM2C-DG,"0xaA75ab84f8DeAF8e0E4d11ba2Ddda7A8A996a84D","0x_Laykins","0x_Laykins#8484","2026-09-10T06:19:15.000Z"
HH-UM7T-4X,"0x14017971dcc095b81f3b910f1d7dfefd7608efa3","@3amdexter","3amdexter","2026-09-10T01:03:21.327Z"
HH-UM8W-GI,"0xcd6348a67b637e2b3fd9827e8ffa3bf90dc52c33","@ayjaystyle","ayjaystyle","2026-09-10T06:56:38.014Z"
HH-UOUE-3G,"0x31434972e45667dEe9bcF05796cA80768b1c5aAb","@Random_adj",".randomzzz","2026-09-10T02:52:14.144Z"
HH-UPGT-9K,"0x8b5e1D3128E08f17eb2dA1c7C98E58377faaeB69","Badmanmarv","Badmanmarv#5996","2026-09-10T06:19:40.000Z"
HH-UR4H-4I,"0xdd03943f2C15aE793380E55990E4344e35649E13","bernardo268","bernardo268#1411","2026-09-09T21:39:34.287Z"
HH-US0T-5P,"0xC6554BB88416b4D84f2cDC03a3a165b966a02A66","Blackkky","Blackkky#3813","2026-09-10T06:19:44.000Z"
HH-USRG-WL,"0x78981c3E00FcE467D2c15FB9B9F28309468FcE14","ForeverLesbian2","ForeverLesbian2#1366","2026-09-10T06:20:10.000Z"
HH-UT8B-50,"0xB10e5A23696dD7f5b657532cF009d3bBb7e9B0cd","DHasheela92617","DHasheela92617#6811","2026-09-10T06:19:55.000Z"
HH-UYAW-MN,"0xABBd833F1cF16Fd2Ee31848cB0BF6c1FD4c06740","hoodd65db984","hood_d65db984","2026-09-09T22:35:02.266Z"
HH-UYLA-SP,"0x6B560Fb03349891058176212D3cE99b5776Dc4DE","1974akkoca","1974akkoca#4171","2026-09-10T06:19:22.000Z"
HH-V07E-QO,"0xaA92817184D61E6D82FBFb303c34fe846cB2517b","DijiNinja77","DijiNinja77#9668","2026-09-10T06:20:00.000Z"
HH-V6GT-07,"0xE56110A9440f30E31321BbE266d59B687017145C","@EarningAlert24","earningAlert24","2026-09-10T04:39:59.052Z"
HH-V7RQ-CU,"0x9c37f75B1268AdfD666ddf65C48e652Ca5bd0f0B","Apsteveweb3","Apsteveweb3#7115","2026-09-10T06:19:36.000Z"
HH-V80E-QJ,"0x25C8bcD18Ef5AB4E23753ac732c1E36A951eb096","gilberto462","gilberto462#1209","2026-09-09T21:39:14.700Z"
HH-VAKX-JC,"0x10daD7793c5C3579F344F2CeeEbAd46403363b33","0xethan","0xethan#4583","2026-09-10T06:19:17.000Z"
HH-VAPI-H2,"0x102c4772609a62c09262001BBf8CF962F258f5D8","sukiita77","sukiita","2026-09-09T21:40:34.067Z"
HH-VB5R-AR,"0x7969541f6217fcb352Fe0c8AE8410d3d5664C764","Energy__sol","Energy__sol#6594","2026-09-10T06:20:05.000Z"
HH-VBS6-RL,"0x65a804956B975ae5509dd85F895C5Bb152942a33","0xhectoriticism","0xhectoriticism#1507","2026-09-10T06:19:17.000Z"
HH-VC34-XL,"0x4B712edfc71765978e314BcdE8069085F47453D1","c0_lors","c0_lors","2026-09-09T22:13:58.393Z"
HH-VDP8-F4,"0xc7c4Ba9a59bbA4b75eD4519Cac9916A7A2Aa5Ab6","Fijaborn3","Fijaborn3#9907","2026-09-10T06:20:09.000Z"
HH-VELS-PY,"0xC80a0A829AC84bae611bF727ECEC9b84aBE90598","BTCs_","BTCs_#9641","2026-09-10T06:19:39.000Z"
HH-VEX6-A4,"0x5F89e00EBe7E46458a3C91AE01b0b8D19ad61FC0","Bighabibi77","Bighabibi77#3771","2026-09-10T06:19:43.000Z"
HH-VFC2-AD,"0x427a9d2e0Bd57A726919725Bc610d4D45cc5b1E6","Chisomdrills","Chisomdrills#9994","2026-09-10T06:19:51.000Z"
HH-VG4F-0W,"0xf44153ed2D977559a6c1E497D50e144bd8306fc5","GUM_RAJAB","GUM_RAJAB#9670","2026-09-10T06:20:12.000Z"
HH-VGCI-DO,"0x1CF3566EB08d611Cd043B6A79e76785D3F6301bD","hugo571","hugo571#5364","2026-09-09T21:39:21.171Z"
HH-VGDB-VJ,"0x4b72c969EE63e49cfFb4ddf2052E00b604D90614","keilla284","keilla284#6927","2026-09-09T21:39:08.436Z"
HH-VGL9-27,"0x566F215D500CcBdbB0cA6a2b24Af5f49c607B979","fabiana257","fabiana257#3051","2026-09-09T21:39:02.336Z"
HH-VHFM-XK,"0xc4766496ea22cb52ff43a7a3d153855b0cf3c8dd","@abbdulmalikk",".malikberry","2026-09-09T20:12:37.251Z"
HH-VIT7-95,"0x515843a77d5981c87f73D330565D21695a303bb3","DUgeniusMB","DUgeniusMB#6961","2026-09-10T06:19:55.000Z"
HH-VJS1-4W,"0xe089a2bC2D70CCaafe41FaAE769C7d86521A5e39","@claoggianu","leiniaofei","2026-09-09T20:02:20.268Z"
HH-VKO5-TA,"0xbfa8f9d4d0EeB13ae2393A61749EDDa7Fa74faC3","AbouSZN","AbouSZN#7855","2026-09-10T06:19:28.000Z"
HH-VKT6-E8,"0xDb234d7B5Cbc749fD8954BaFeD7fB701916518da","sebastiao735","sebastiao735#2134","2026-09-09T21:39:27.672Z"
HH-VLID-3Y,"0xf7d8469b68a09cfcb5376a7296abd644e0b665df","@eth_ser8034eth","","2026-09-10T06:59:19.594Z"
HH-VLQ8-KT,"0xeecff83d7046de92593183ea46e58f738686c65a","@azkajef","ikyy07776","2026-09-10T00:05:09.413Z"
HH-VND6-N0,"0xfbE830f8eF0F89063c62ba8d4f61c59dF7777777","@fenghuang24688","pangtuotuo_","2026-09-09T19:55:06.828Z"
HH-VNNT-QW,"0x77aCd08b2fa7013141cDe9c200e1e6609F26f56d","@Oleg17971","oleg80_69288","2026-09-09T22:34:47.517Z"
HH-VP3R-21,"0xEBCC6dba01650e2f912da54Ab16b120F9e56E3ab","suelen783","suelen783#7401","2026-09-09T21:38:59.247Z"
HH-VPEF-77,"0x2AF1c83A292164Ab54cA32896b6Edf2dA672a28d","AhorroDePadre","AhorroDePadre#1320","2026-09-10T06:19:31.000Z"
HH-VPRG-GI,"0x363f14e0f96b0b66bb580e6f6368eb45a77006bb","@0xMrBlank","0xMrBlank","2026-09-09T22:48:03.376Z"
HH-VR07-J0,"0x36416641FC698a0fedac4C8EE91B4654716cc87B","adailton638","adailton638#3428","2026-09-09T21:39:21.147Z"
HH-VT0W-PG,"0x2202e9Bfe90650617De8BFe76adB880a698e893B","311_smiles","311_smiles#9737","2026-09-10T06:19:24.000Z"
HH-VTDO-WQ,"0x2c993977eE79Dd0f5e788295aFE11158cAA0Ef67","FasasiFuad30628","FasasiFuad30628#8649","2026-09-10T06:20:08.000Z"
HH-VTS4-3Y,"0xC39281B195C5DA016F12b0faCcECb3be78662247","Gibxszn","Gibxszn#5105","2026-09-10T06:20:13.000Z"
HH-VTZZ-6V,"0xe4b86e28863d6aac0c12ec0e04afb1553db762cf","@baso2802","Baso2802","2026-09-09T22:06:13.762Z"
HH-VU1J-N9,"0x9281d22337173F33Af355F1043C0956147af0bEc","debora749","debora749#4219","2026-09-09T21:39:04.744Z"
HH-VU8C-QL,"0x7E61C6D1998D12e0Bc122062c369ac6Bf34eb545","@defi_aized","airzed._73494","2026-09-09T22:22:57.144Z"
HH-VUZH-QP,"0xe98a46795290fc518fd99c835d693c645967b05a","@wolf8858_gm","wolf8858_gm510","2026-09-10T07:00:27.286Z"
HH-VV5M-WQ,"0x9cd86544aFa6cB4589F094561B2718Db0617b9D2","0xTrand","0xTrand#1989","2026-09-10T06:19:15.000Z"
HH-VWQZ-TM,"0x040896b6fEfF5F64d0179884518e998f62405D0D","ariane263","ariane263#8738","2026-09-09T21:39:30.950Z"
HH-VWRM-K7,"0x6AEDfea14a553509dF2b33ECF5C705dFF8f0e27A","Big_Wealthz","Big_Wealthz#6966","2026-09-10T06:19:43.000Z"
HH-VWVJ-KW,"0x9015554a3D158BB16A55F1Aa06A8ee1b48268E65","hoodcb3a29ca","hood_cb3a29ca","2026-09-09T21:06:55.292Z"
HH-VXL5-DK,"0x020e99fcd4328ea7e2aa3f0e4fa00c9348ad3d73","@Ohjayy","Ohjayy","2026-09-10T06:35:43.270Z"
HH-VXSV-LH,"0x479Df3715559B039C1Ddba4420c15c26841ed0C4","richelle670","richelle670#8951","2026-09-09T21:39:26.465Z"
HH-VY2C-NR,"asda","asdasasdas","asdasd","2026-09-10T07:34:47.556Z"
HH-VY9G-OM,"0xc7499eC1661149d9B83A466B0bdFECe494e3757B","BGatesIsaPyscho","BGatesIsaPyscho#7293","2026-09-10T06:19:39.000Z"
HH-VYW7-GX,"0xC34705BDf796E44Ae639E6182853E56170f13882","@pretyninjas","prety.inj","2026-09-09T19:26:46.045Z"
HH-W0U9-8K,"0x2f7Ce11c3Af7EBD0905920247AF9E2726786F419","ademir948","ademir948#4250","2026-09-09T21:39:22.253Z"
HH-W14D-T2,"0x834a6783c332C0456FBe606C039Fef6e41D9134f","sheila276","sheila276#4263","2026-09-09T21:39:20.514Z"
HH-W3EB-2O,"0x2502FFc8b02a35AB46E6235977790Ff1adEEB6d6","ADzakenov8875","ADzakenov8875#3530","2026-09-10T06:19:26.000Z"
HH-W3U9-15,"0x67fD9975B3EE69a754FB13039736E899702C5138","@axul125","cxmaea","2026-09-10T06:39:30.432Z"
HH-W3XE-QZ,"0x13a39dfE86Fb86486528A18CcE42395f4D3d4A6b","Bet_inferno","Bet_inferno#3817","2026-09-10T06:19:42.000Z"
HH-W66X-S5,"0x7094f624b4c8aAF8fD1d4FE8b525d6B96098208f","tamara680","tamara680#8141","2026-09-09T21:39:01.994Z"
HH-W73X-39,"0x88d1CA7910d060694Dc05D65fEe5302601F1430A","0XNEET","0XNEET#1138","2026-09-10T06:19:11.000Z"
HH-W82B-0W,"0x114d17fe68eadf87242277614ff555887df8882f","_xquar","omn3verse_","2026-09-09T21:35:30.673Z"
HH-W8IV-GV,"0xfe8405f7c2b7fdd6c1db335d4351481b979f6bb0","@emawuttcrypto","emawuttcrypto","2026-09-09T21:14:53.058Z"
HH-W9O5-P3,"0x055881Ae5c9688822dA910cE0D82D0057D159E26","Big_flames_","Big_flames_#5014","2026-09-10T06:19:43.000Z"
HH-WANK-8X,"0x7f756002bE3a55dfd6d4846097738806287F30cE","hood572720ed","hood_572720ed","2026-09-09T21:05:27.783Z"
HH-WBH5-F6,"0x7Ba7c64Bb648b3C1778B3b1DaAe958464EF7F3f4","FenrerF","FenrerF#5297","2026-09-10T06:20:09.000Z"
HH-WCV1-30,"0x16A515689A3249F70840e0c0c6E0B4c92787Baa1","Daffydu26663627","Daffydu26663627#2231","2026-09-10T06:19:56.000Z"
HH-WD6A-FT,"0xdd4a1337859c6C994E428C800C1B7e895F4409E4","caetanoramos701","caetanoramos701#8098","2026-09-09T21:39:34.481Z"
HH-WFTR-KR,"0xBca427173C9BbD08310149B92890f572e9E043eF","FeverPitch1899","FeverPitch1899#1180","2026-09-10T06:20:09.000Z"
HH-WH6P-I2,"0x4137b02bc6975f2e0942f76ce98E3b5b5C06e078","BukatyFrank","BukatyFrank#4828","2026-09-10T06:19:47.000Z"
HH-WIWC-1I,"0xdb92ce6263F1cDFBCee92e8Ee8617c9d04090152","dwifachreza18","grim_dwi#4409","2026-09-09T21:08:04.874Z"
HH-WJCB-KB,"0xa63d88aecc43ffd3d5cef274af236aacffc2e7d0","@mrhaanz","ahan_27","2026-09-09T23:16:44.625Z"
HH-WLBW-GE,"0x92b153a1368d7DA430A52251266e59Db8Ec585FC","patricia128","patricia128#5299","2026-09-09T21:38:49.685Z"
HH-WM3V-8L,"0x335dEdE86DcFbced4738FBAF140BCC85CFd242B0","guilherme128","guilherme128#9308","2026-09-09T21:39:10.701Z"
HH-WNOY-2R,"0x101bd6C21a7c6D0B6Cf5151b2d417ef89d1c325A","FrzyySensei","ashen_frzy#2261","2026-09-09T21:08:06.905Z"
HH-WNR9-BY,"0xe1904FE44Bb851bd5d015ef19d8A457011b26e45","Fatipenguin","Fatipenguin#1441","2026-09-10T06:20:08.000Z"
HH-WNXY-I9,"0x4812343A4d2871A44A3fDF11edb1060c21D8E313","kaua972","kaua972#8429","2026-09-09T21:38:59.762Z"
HH-WOA6-WA,"0xB38Df8e8D232Ac60839BEf52421fe02d78CdAf48","isabela680","isabela680#4250","2026-09-09T21:38:35.412Z"
HH-WQ6J-QY,"0x0991266d5fB8Ab92deDd135Fda5922D386Eb69c5","Francis15557202","Francis15557202#1699","2026-09-10T06:20:10.000Z"
HH-WRPP-MW,"0x260257be0617344d76F493AF648e7a77502F9609","hoodb3cd1a0f","hood_b3cd1a0f","2026-09-09T21:03:26.077Z"
HH-WRVN-RO,"0x9e0a70a3262c42D4e18C380482e203032b0209B2","@Narinfksz","bitryu","2026-09-10T00:23:53.650Z"
HH-WSQC-7X,"0xd1d4689647f099aae156e50feeb4027eb67c074d","@thewolf9172_","thewolf9172_793","2026-09-10T06:57:17.729Z"
HH-WTX8-PV,"0x390801C36376fc0fCee824CA1790bfE8f9ec3337","450bxi","450bxi#5284","2026-09-10T06:19:24.000Z"
HH-WUFI-36,"0x91E30d9d4bb373108B1ed2f49f4bEce98a31F9Ba","Ati007_","Ati007_#9920","2026-09-10T06:19:37.000Z"
HH-WVIP-4M,"0x4873b23454A9F560976ED34481EF3b28A4c6fE39","Apicalbmx02","Apicalbmx02#2212","2026-09-10T06:19:35.000Z"
HH-WWIL-EV,"0x6570c8A1010061BDd80167a63a0ee85Da4602710","Cruzszn1","Cruzszn1#9441","2026-09-10T06:19:53.000Z"
HH-WXAE-1E,"0x21830db1a6d859648cb214e1a5611c3ea36ceb6e","@MetaM00","MetaM00","2026-09-10T00:52:14.306Z"
HH-X1I6-KX,"0x1Fc14b49B4b4F836517152aCfa34d44989C55565","Dan1Beach","Dan1Beach#6125","2026-09-10T06:19:56.000Z"
HH-X1LK-PV,"0x775b32ff66c59ad05e62bc87f4cd1fc02daa358f","@Wolfiess14","wolfiess","2026-09-09T23:28:58.402Z"
HH-X1NQ-19,"0x52546749ca42942a1029abEA859554E70aD59272","AlexprimeOO1","AlexprimeOO1#4735","2026-09-10T06:19:33.000Z"
HH-X2SX-5S,"0xf55464C71662d366cb09E92D4fD0bd06f9b74c65","jordan731","jordan731#2268","2026-09-09T21:39:19.546Z"
HH-X3BG-Y5,"0x5d89Ce6667F1fbb35dF52d2dE9E53190d8408F6a","AchiestDragon","AchiestDragon#3453","2026-09-10T06:19:29.000Z"
HH-X3BR-J6,"0xbA3DA487345A0D1698820Aa12F1C53eA171e2e19","hood5d0923b0","hood_5d0923b0","2026-09-09T21:07:49.263Z"
HH-X5OQ-WC,"0xD3e4899016C7CBc0E2494314EFe57d9b9eD0b4E4","marina840","marina840#5674","2026-09-09T21:38:07.858Z"
HH-X6XC-LK,"0x1e0a90ab4e24CdD1CA3EF7aF2Ab31ED0F8be5c13","@bellcion","Al_diesss","2026-09-10T00:13:17.011Z"
HH-X7KV-HY,"0x68475DBF2615989eAc0fe7E579d77F377b0dC505","karoline710","karoline710#2428","2026-09-09T21:39:03.348Z"
HH-X7MP-IO,"0x423a723057b6fc160C5186Aa3c536C6ba542245c","@youbaihu168","baihu0518","2026-09-09T20:51:43.994Z"
HH-X7WB-JA,"0x72Be5061698A4Fcf5A0CC9e8bee0799840312Aa4","clarice958","clarice958#5196","2026-09-09T21:38:58.790Z"
HH-X7YG-R7,"0xF1086795DB9Aaec5aD9df6E2D5B37A07De311C64","Arumswinf1","Arumswinf1#9477","2026-09-10T06:19:36.000Z"
HH-X8JT-LM,"0x3Ea2bB89cbE3618a12A2a2a0B6aB57Ec0670a97a","0xsteppex","0xsteppex#9489","2026-09-10T06:19:20.000Z"
HH-XA2Z-KM,"0x06A02ddF6AC3A9969C25Bd935862A2a2f12B2984","davi264","davi264#7160","2026-09-09T21:38:59.370Z"
HH-XAJN-HE,"0x9932c6dac54a6490e012ce9cfb9a27776db44c5e","@lumao321","sugesodalikewords","2026-09-09T20:14:36.272Z"
HH-XAM3-4A,"0xBd721198207409097b75CA0260C5FB8106E6C70c","@dagedada66","dagedada66","2026-09-10T06:36:50.355Z"
HH-XBNH-LL,"0x491AFf8131011a1A262ec4C829AA4eac0aa2188C","5t4r1a","5t4r1a#5785","2026-09-10T06:19:25.000Z"
HH-XCCW-1D,"0x0dE7caa666cc0D77af703fb17d8903536E88865A","BahityaRonaldo","BahityaRonaldo#4987","2026-09-10T06:19:40.000Z"
HH-XHNN-WG,"0x64320d4583759CE528B30457Ce6c028a57eE9511","GenerationX___","GenerationX___#6964","2026-09-10T06:20:13.000Z"
HH-XI7H-M7,"0x049300Bb6e02aAc290a218aFa38b3737CcEcbDcD","hood68b8d960","hood_68b8d960","2026-09-09T22:39:58.744Z"
HH-XIGF-PZ,"0xc9EE6EAD61aE40BBEE6C6D7325C9437260109719","kevin723","kevin723#4218","2026-09-09T21:38:54.996Z"
HH-XJAR-ZE,"0x4d5c922f6E537bac8cDB0B53C013D6d9A4Bf887D","ricardo135","ricardo135#6343","2026-09-09T21:38:56.479Z"
HH-XJNQ-3L,"0x9AC266F55F152d2381d105659345e62fbA11Bab9","0x0_web3","0x0_web3#4138","2026-09-10T06:19:12.000Z"
HH-XKFA-C9,"0xD13EfDcAE17c040e016Cdf8e7Cfe03842779b518","eltonluiz524","eltonluiz524#8992","2026-09-09T21:39:36.632Z"
HH-XLGD-33,"0x9F2ec6f11eC906a0999d85Abb0a75c0b4f2dCFc5","AdamLowisz","AdamLowisz#5271","2026-09-10T06:19:29.000Z"
HH-XLJ9-YS,"0xec27cCbC33C9838De51132866e6BF828EBE61523","leticia486","leticia486#1202","2026-09-09T21:38:52.672Z"
HH-XM8I-YI,"0xbE0e5e3B8c9920fC4D6C757b59206cfCEbfB8D08","3fwzaza","3fwzaza#1010","2026-09-10T06:19:24.000Z"
HH-XPKW-QB,"0x0BdeE13C570C7761bca53CE7D5D00d95047a6eAb","AbdullerhMato","AbdullerhMato#4710","2026-09-10T06:19:28.000Z"
HH-XPYO-DG,"0x608bb777a23e13879a6aa0f6e48b4e6c1a8fb725","@defi_shark94799","defi_shark94799","2026-09-10T06:57:53.111Z"
HH-XSEC-DL,"0xe1975DcF6b0C9Dd5F9E4f5B3B5EAf969E33Ac14e","0xSlyth","0xSlyth#4198","2026-09-10T06:19:14.000Z"
HH-XSPH-EM,"0xdbf6CBa7EE105bf58cc678fD8E919D53F8e1d744","hood6e5de3f7","hood_6e5de3f7","2026-09-09T21:10:23.779Z"
HH-XUC0-OY,"0x12fC889e5396eF267D7978eb37F3E7b62638d45E","cryptoninja_eth","CryptoNinja","2026-09-09T20:16:38.093Z"
HH-XV97-26,"0x96111b6d0194415d3ACcD6f254b15c30212f38B4","ester873","ester873#9311","2026-09-09T21:38:55.871Z"
HH-XYZ5-A8,"0x73DC742dEC582B56e8Ae70109700E7e7E346AdEB","lais278","lais278#1494","2026-09-09T21:39:14.241Z"
HH-XZ0V-Z1,"0x8B3a60D7FE674365c7de12E0B83Cabd74D9e503D","@Angelguga29","Angel29","2026-09-09T20:02:59.117Z"
HH-Y246-CB,"0xb0F8C2267EC8990d9CF1BC7176c1e444a50f8a20","Atobatele_1","Atobatele_1#1932","2026-09-10T06:19:38.000Z"
HH-Y2YY-HI,"0xF0B244E13a9F5837b2aF481eB0C9CDcF3A44d8B5","Ella_sasha2026","Ella_sasha2026#7096","2026-09-10T06:20:04.000Z"
HH-Y4CM-4F,"0xde4f95aB8E6b05cFb95A66f10A751ebed31DA035","Fransgambles","Fransgambles#2855","2026-09-10T06:20:11.000Z"
HH-Y4J3-RA,"0xF9d6A65fa24a95412373432E8C5bBA2C0F41617f","Dhiiipower","Dhiiipower#3972","2026-09-10T06:20:00.000Z"
HH-Y72W-0W,"0xf093eda7d6Bd953Ee9b69Ea7c207A9404Dc92e2c","0xtinhchan","0xtinhchan#4082","2026-09-10T06:19:20.000Z"
HH-Y745-4Y,"0x8ceAF1059Ff6bf4476B426765E25f96F29052217","DamWanderlust","DamWanderlust#6222","2026-09-10T06:19:56.000Z"
HH-Y8KU-3H,"0xda78B96512B4bB1C5F21b3b5A9057142E8d8BFf5","Eugenenyy","Eugenenyy#9967","2026-09-10T06:20:06.000Z"
HH-Y99Z-XI,"0xD72334dC777F567Ac3058567842C675D18c6aD67","claudineia157","claudineia157#3460","2026-09-09T21:39:35.256Z"
HH-Y9CK-GO,"0xe9ea05c5e520538edcf0b36b82b11203f65525a9","@fitusedu","fkcng","2026-09-09T20:22:31.680Z"
HH-Y9ZG-7G,"0xd619c6ba24bd6e1f2939b79984870707a2732bcc","@minsu8909","minsu89","2026-09-10T00:31:27.944Z"
HH-YAQC-C1,"0x71b74E10a8C6a6ccdFb72a7eF7DBd8fa4B042743","hood15a2f998","hood_15a2f998","2026-09-09T22:45:51.949Z"
HH-YCFM-5E,"0x7636510A049BD14803186A6EA3931F9a773a0660","marlene358","marlene358#5567","2026-09-09T21:39:20.167Z"
HH-YFSR-M7,"0xA178bb94F0Bd7711fD2C4f2a387093bef24302b1","Elibron_1","Elibron_1#2438","2026-09-10T06:20:04.000Z"
HH-YFYQ-DD,"0x5eEDF0a6125cbE7fa0ca8e62e94F5f5b39c742CA","mariah862","mariah862#5046","2026-09-09T21:39:15.897Z"
HH-YIDE-5I,"0x67777B0d5fEA2328eA99C2a16b4B8B3182384552","viviane631","viviane631#4734","2026-09-09T21:39:22.570Z"
HH-YIPA-TZ,"0x2fb20001178AaC7d15762f7D6855a8fAB5c8eED6","rodrigo934","rodrigo934#8083","2026-09-09T21:39:06.875Z"
HH-YIRE-XO,"0x3F67D34E3f7203a73984150dB4B0f0882c1896d8","Agent_Vasper","Agent_Vasper#1671","2026-09-10T06:19:31.000Z"
HH-YIU9-FD,"0x7033bab31ac3715f254fbdec6d17207c07781fc7","@oreoluw6","Blessing#0963","2026-09-09T23:55:42.202Z"
HH-YKH2-S8,"0xC53e3bFf3C831FB3Db356D803C6cA75B0e20858f","Cyberworld001","Cyberworld001#1624","2026-09-10T06:19:54.000Z"
HH-YLZ6-LM,"0xa8D7C2a04Cc0C468E89d22b4e79b10CC9531B28A","Godstyjnr","Godstyjnr#1270","2026-09-10T06:20:14.000Z"
HH-YMD4-K9,"0xe1074e9199e48203810c9543c58d062ab342DBc1","254_roy38068","254_roy38068#8283","2026-09-10T06:19:23.000Z"
HH-YOV9-4H,"0x4C0142c2533DdCB6022D8FeF74983Fb9Baf83A17","AbdiIssack9v","AbdiIssack9v#8800","2026-09-10T06:19:28.000Z"
HH-YPBM-5H,"0xD0dF2D9560A1C0E6f0041A1d6b12f1A31007Ac78","@kanways8","kanways8","2026-09-09T19:52:22.218Z"
HH-YQ26-KN,"0xEd3194479d7b7fe734c6B2e14560F325560e20ed","CloudyEthx","CloudyEthx#7580","2026-09-10T06:19:52.000Z"
HH-YRVK-XT,"0x8d94b66065FABf4FDDe2cb66291E455AFe0145B6","luciano798","luciano798#5445","2026-09-09T21:39:09.026Z"
HH-YSJA-JW,"0x3A4b40D8cb3FB3B563Fe73bBe476707D2d853275","BallyXLs","BallyXLs#3464","2026-09-10T06:19:40.000Z"
HH-YSV9-O3,"0x0758813c81285528a54601f4e174c46e02ee5fd8","@SyrinXion","lili_yongheng","2026-09-09T19:57:42.642Z"
HH-YSX6-2C,"0xb62c864d929EE0077Ad7689C716772A0E3638d2B","hood66aaa8e6","hood_66aaa8e6","2026-09-09T22:41:28.972Z"
HH-YSZA-E4,"0xc43F29Cf331951A9fB40326d491D5bBA88FDB9D9","breno541","breno541#5292","2026-09-09T21:39:16.412Z"
HH-YURC-GS,"0xba4b5dd847be10f14b111d7bfe75633c337fce35","@defi_shark2456","defi_shark2456355","2026-09-10T06:59:25.550Z"
HH-YX0G-NV,"0xd8799e1a081B05b100FA18E25E4F1a7cdFCF4123","@cryptopoise","etherdelta","2026-09-09T20:06:29.601Z"
HH-YXKI-WF,"0x0CBC30eBE6844FfEece4Fc142B87A8C2992c681c","rosangela263","rosangela263#2497","2026-09-09T21:39:23.777Z"
HH-YY1H-OW,"0x9Fbef9ae0C8cC5CF6208dc0747A13B454D3a25a5","@pelong336","kinciinggris","2026-09-10T02:27:42.040Z"
HH-YYFP-IJ,"0x506754ef4D24dC375d9eB254E593A24E37978C77","muchen_xbt","muchenxbt","2026-09-09T19:45:24.972Z"
HH-YYT4-4V,"0x28318253d858292b3103482f2f93d46410e4ad2a","@MAyers93875","spris1359","2026-09-10T03:50:50.459Z"
HH-YZ38-HM,"0x25571D4a39663cf8EF6Ce21563e0f7eEcb1F98ca","nadia291","nadia291#3841","2026-09-09T21:39:37.720Z"
HH-YZF0-2A,"0x48F3b25626B0311e9B889f55c21ec40FB00f0768","tais485","tais485#8198","2026-09-09T21:39:20.314Z"
HH-YZKX-7Y,"0xC4dE961eb9Fc1f7756BC7152AD8219964f2ed185","3enchnad","3enchnad#2592","2026-09-10T06:19:24.000Z"
HH-Z1C7-NN,"0xbab16a62a849f80c2bbb316ab484ae68daf45cb7","zenyield","zenyield","2026-09-09T21:27:03.785Z"
HH-Z2BV-GG,"0x8589b17b8BeF28CDaaC5674500Cd2743371463ef","luiza183","luiza183#9801","2026-09-09T21:39:02.837Z"
HH-Z423-DA,"0x3bdBf1989bB29F75cB31aeb844C407eE480160F6","sabrina280","sabrina280#5424","2026-09-09T21:38:57.336Z"
HH-Z6TK-PE,"0x826E16a09c5658f8aA37E4C6f37EC786cAA45D87","GeeMbappe","GeeMbappe#5675","2026-09-10T06:20:12.000Z"
HH-Z7O0-77,"0x1aAFf762AaA99d69189C8f991d3A0c7c8b08a626","heitor839","heitor839#3801","2026-09-09T21:39:02.376Z"
HH-Z7QY-OA,"0x63EDE4D37624edff69063EF92d26B2531Ee211C9","italo687","italo687#8997","2026-09-09T21:39:17.015Z"
HH-Z87D-5P,"0xd3b592d4ebb766f2095309A32FCeFbE1aa90e8Fc","@taurinhero","evergreen011","2026-09-10T00:27:01.353Z"
HH-Z8PV-VS,"0xF26061397765DBC63220ebb63685BeBd6c5cb7D7","0x_Eze_web3","0x_Eze_web3#4085","2026-09-10T06:19:15.000Z"
HH-Z93T-HT,"0xe1fE9a590AF552C8a33032F0EB712713Dad5ED4f","Ade7q","Ade7q#8220","2026-09-10T06:19:30.000Z"
HH-Z9ZF-MR,"0x3A9f9be3Fb2b1f9c9D39baCD407dB8887aacf59C","yasmin782","yasmin782#9171","2026-09-09T21:38:53.971Z"
HH-ZB16-3P,"0xb738945a03481a64763134faf3ed990c68768e05","@opinguclipes","opingu","2026-09-10T04:05:01.434Z"
HH-ZBLK-8G,"0x0B930e8A119F7914de3E51B64bB4B6f3D4911470","isabelle957","isabelle957#1822","2026-09-09T21:39:28.776Z"
HH-ZBXI-LN,"0x7D809B87Db1129234980747043f4bc596abEF11b","cristiano216","cristiano216#7575","2026-09-09T21:38:54.623Z"
HH-ZERB-46,"0xd7C796c70d4e3dfb7d331E4E23fEA646514A3E25","FrierenxHimmel2","FrierenxHimmel2#7077","2026-09-10T06:20:11.000Z"
HH-ZHC6-MJ,"0x693658AFBf87ACA8Ae0Bd91BB76017fB9d2e8331","hood4e7b56df","hood_4e7b56df","2026-09-09T21:02:31.327Z"
HH-ZIBJ-13,"0xe3691e6327bb1aa41bd017f862df40dc17eaf7e8","@thealpha8431btc","thealpha8431btc34","2026-09-10T06:55:23.617Z"
HH-ZIE9-W6,"0x97B29357663eaFED55eC7a950020eCce8320be3A","CFCsunny_","CFCsunny_#5568","2026-09-10T06:19:47.000Z"
HH-ZK4X-FB,"0xBB4c6EadD8cb9925e0334797163200ECE2575760","ronaldo591","ronaldo591#5459","2026-09-09T21:39:31.063Z"
HH-ZNUD-RX,"0xE6ECa63fef2844074C72B78dc2A998B49eA4E18b","@ozimiyaki","ozimiyaki_28711","2026-09-09T23:38:30.434Z"
HH-ZNV2-90,"0xCC58E03Fb5B63A03cA6e2DD46dD801620A29E86d","FloridaLisa65","FloridaLisa65#7868","2026-09-10T06:20:10.000Z"
HH-ZOY0-OW,"0x7d126c3c8bd2f13f412ec825c037085ddd98a03d","@Degen_Green","Degen_Green","2026-09-10T06:51:15.748Z"
HH-ZOYR-F6,"0x0F26ab881c9A31F6CE487d2f1aC64876A795e047","AceXRoyal33","AceXRoyal33#3417","2026-09-10T06:19:29.000Z"
HH-ZP8F-WD,"0x3af2F117278ce23894A10E67B523C75887d84815","marciane324","marciane324#8993","2026-09-09T21:39:32.674Z"
HH-ZPYH-IF,"0x06158F1BB51e5C31De2b2AA2049A0741FFDE87Bc","11_nfts","11_nfts#3221","2026-09-10T06:19:22.000Z"
HH-ZR42-XD,"0xA02831D170409E07245C4cEE010F09cCeEa4a682","tatiane874","tatiane874#5798","2026-09-09T21:39:12.157Z"
HH-ZUSX-MM,"0xD32C31E6b9500B85F1C8fd67887C31fc45C8D485","CollinSmit90755","CollinSmit90755#3261","2026-09-10T06:19:52.000Z"
HH-ZWY9-KM,"0x52773785b21c20bc9e143ebf7e5600d99e600656","@murreyosaos","naganetic","2026-09-09T23:23:38.354Z"
HH-ZX70-HH,"0x76341B802A2904e8001910D910e2015c312c4e07","C_Chidinso","C_Chidinso#9154","2026-09-10T06:19:48.000Z"
HH-ZXFP-UK,"0x088Ace959Eeeee5Fb2f9A43CC1e4392c8013ACaC","yuri704","yuri704#3255","2026-09-09T21:39:23.515Z"
HH-ZZZ6-RQ,"0xCc2180e496354f9893c32dBA64C7D9E3F13C075E","nayara476","nayara476#6742","2026-09-09T21:39:07.082Z"
TEST_PING_CHECK,"0x0000000000000000000000000000000000000001","test","test","2026-09-10T01:20:00.000Z"