id,wallet,twitter,discord,timestamp
000a8f6689e16b9d8020d4f59c14,"0xE22156c567396d6705b3Ca995e0a39f8AE3103d0","CoveMints","","2026-09-05T08:14:58.495Z"
005565c1ac540f3774477304bc4a,"0x9F95628F14CC18e6794871Ed9031e5cFdAe7F77f","nova812","","2026-09-05T08:04:57.939Z"
00f82e1bf661a5ce20d7952ab32d,"0x60f14767C0E211d0e4d7c43005d09Cc614754791","darklynx","","2026-09-05T08:53:52.388Z"
01116,"0x8Eeee47bA750144A8d68264eb919B0fDDaDdC658","01116","","2026-09-04T21:15:19.000Z"
011c8abea314a8aee4bdbaf16596,"0x73AbC3Acf90Ddd8AA5861BB2e65B5d505c78DfDb","wildraven48","","2026-09-05T08:46:10.078Z"
01OsvuE7YdObjX8dyoA9QZi8VPR2,"0xD0A4189F1fD60E00F67eA9195bB0B4c095Bcf2D5","LanaFletch67084","","2026-09-08T15:55:54.931Z"
01abead584e23bb91ed0601197ce,"0x3137f723E818Ad6C0f637cE986b8C98248a1f3a2","itsonix","","2026-09-05T07:46:42.649Z"
01b65b59be371fdfbed9440779c7,"0xA5A032B31F78B122fb86DBbD8dCF7BfE46B8Caa8","RemyDrops","","2026-09-05T07:42:37.709Z"
01be47c142fb8b4d40765f12336e,"0x40A534d14f86cB4E65A55c9c27e71c2c783D46A4","luna42","","2026-09-05T07:43:55.215Z"
01c05bdb1d05dba2021dbd828511,"0xBDB068cf74B7d006Ea71b9164765F1348E86F1A3","EchoInk","","2026-09-05T08:13:44.583Z"
01e47eb17256a97bec483cbcb6ca,"0x84322565994f5dBfaDd62bDe2986a6eFE81E7629","realremy163","","2026-09-05T07:49:26.875Z"
0209d2531df8b362dc2697f88f3c,"0x9E0d7d3e65b5B9Ffb25e6e774eaebae993D78346","Slydoodles","","2026-09-05T08:57:00.480Z"
021202f2b27440dca8f8867c79bf,"0x2e1e2b17f3db433ae882379274755670122e23d4","ErichReimer","","2026-09-04T10:35:16.690Z"
021b7d1a56a271125d8e7c6c181f,"0x7db2E628C948b20F1378C26D72e73f29b8c55a50","ember42","","2026-09-05T08:54:24.946Z"
02982,"0xF746f3fc7e6Ac771023C772339e255b607947925","02982","","2026-09-04T21:15:03.000Z"
02AVcDE5SGOCqE046yRm2c6zk3C2,"0xD3245ff8Ed21668108cAFEc0e309ae3f267122b9","HHuy93208","","2026-09-08T16:29:29.627Z"
030a05d255d10c060d738002e6b9,"0x7862Ee8810eDe998542215130b12c59f242532a8","Cosmicink","","2026-09-05T07:34:35.355Z"
0316dee35fbd0196212adfcb79bb,"0x041E071B77d414fd3f6E1fE6D2b113ED6C38CdCF","stoiccrane96","","2026-09-05T08:53:45.867Z"
031736494473e0d7627d49737df1,"0xC93F79EEba27C4a5e28F22D0515B3EA8d4e6C791","remy285","","2026-09-05T08:34:38.998Z"
0328,"0xB87CB65b3D3ff9052aD9df7F9ACE2E7B4140b915","0328","","2026-09-04T21:16:55.000Z"
033c5af92ce728baea4add6ae5fc,"0xd4a7cf47c9230A139bB5A2f7D7656c863E119534","onix261","","2026-09-05T08:59:26.334Z"
0359IvCq0eh40FxDCAxMbVScoAA3,"0x600B2996248D764a31f6b313052fcB7c9De58BD2","tu_nam43851","","2026-09-08T17:03:08.954Z"
03c7bd505ff995f66091cc29515d,"0x75Ae68D458f27cdd99eE26eB1c38F80df8dF25Fb","theIronFinch","","2026-09-05T08:28:10.734Z"
03d13c183ce5e2779d1e7d2fa719,"0x2E8C7A27a1FB75806026002C56A541E3385A3FDc","anova","","2026-09-05T08:33:57.122Z"
03eNrZfs27hg3P4zyoE0YzVqKJf2,"0x44184247bA269c7994E10AE41Ea2435F17681F38","NhmMy115707","","2026-09-08T16:42:42.521Z"
03jongbeom,"0xAa472edbE1E0cc5e24968c8AaF4b44b0d1674ef6","03jongbeom","","2026-09-04T21:14:27.000Z"
0415f27c43cc7de8c1dd8bc4ac7c,"0x02d61599885fB6d1040280e8E24488623814ED7F","gonix","","2026-09-05T08:40:51.320Z"
043cf4f4271366f66bddf60b41fa,"0x516a37188e13f37BD991794079dBD06Bfa959Db1","Bravepixels","","2026-09-05T08:29:29.057Z"
04e485243b63dfec88e3c369f9c4,"0x8DC0a33369c9344e68646E917DD2d994BebB2cC3","oremy","","2026-09-05T08:05:32.257Z"
04f449ee0105dde0459df35acbe3,"0x1E27b091041221941fb05A81BEd60c0771064775","vividhawk","","2026-09-05T07:45:57.740Z"
04fe21f2eed1db30de0f520d5f73,"0x41f389e2693bEAA607b9aaFf309c977aFd5D2e0B","theDarkWolf","","2026-09-05T07:56:53.103Z"
05173dae8fed45e18c91eaaade91,"0xB6D3616335B87593146A70faD3a22744c5486821","MistRetro","","2026-09-05T08:42:16.193Z"
051742261866f5674d1ae2fe841f,"0xB471Ca455Fb15642958adbb8DfaD5A69Be593635","art_remy","","2026-09-05T08:35:46.031Z"
0568,"0x822B81F37a300ED65b1455a7E084A00C00834768","0568","","2026-09-04T21:18:19.000Z"
05bb814766b7e4d17c8a4c9b81b0,"0x0ff815A5Abc610A39aee000bcb7dfFa747D13a5C","realvale","","2026-09-05T08:36:00.536Z"
05dd7d8e4a09c19a1ce9cb94ed16,"0x8caa41f1812468e7CDa530AF6faAC501399C35F6","hrune","","2026-09-05T08:04:06.354Z"
05tFNNQg2qZ1cVu4oWPghIp8JDw2,"0x3DDD56BF07dFcC35aeF321dcD02Bf5c307868203","MelanieSaranza1","","2026-09-08T15:37:18.425Z"
06527,"0x9668fD817601019a99AF735d48B6DA736c5f5F3E","06527","","2026-09-04T21:20:55.000Z"
06e114d28e18683d63411206bc64,"0x95bEdB3cB180e522c71A97a03D76A8F68319418b","realonix","","2026-09-05T07:53:41.494Z"
06fcb7eb04eb1dbb359d5562b94f,"0xec0542Ee45b902516338F5Be9B1c637D22e2037d","twillow","","2026-09-05T09:08:04.968Z"
071d8cbdd1a0f79569e0c740ac44,"0x60d770986C6F933FDe3831338a001F49919009D9","theLunarMantis","","2026-09-05T08:07:19.032Z"
0761e46b45e58d780559e288f804,"0x8DbF5a0f661C7d3461fb91730F0C8c30D197B32D","anime_fern","","2026-09-05T08:09:24.306Z"
0763af449a6afb34cd3364399a09,"0xf909938Cc64408f7015b6D3b7489098Ac6c92dfB","theSlyRaven","","2026-09-05T07:37:49.678Z"
076fbe07f6bd2c84683da7355d47,"0x5216C3eaf0D51d1338beff4317103d1313827a03","ironhawk","","2026-09-05T07:33:45.945Z"
078fb9b93cadd7f8ddb17c794cf3,"0x696b8E6544E3851dc4eb810d381739A3d8e2704b","haze277","","2026-09-05T07:43:21.431Z"
07AIqvmwVmXIsriAAzLjvczdagj2,"0x9746eEcF89F9210B8E806B34127AD8Ef2b6aD5bA","alexina93811","","2026-09-08T16:55:51.968Z"
07c67f27939abc7cb55793371b29,"0x4DCed38239F4381C1A1bD52471Ab2bDc645f4637","Frostpixels","","2026-09-05T09:06:54.086Z"
07e3e89f0e377f53d966b362f980,"0xe40c1cb4A4b6B18376885b2f2D7b294e672EF2c7","theLazyWolf","","2026-09-05T08:46:57.993Z"
0828b08f424a94a926be08641e57,"0x1E283cF67b7b4aE877772553247215A22d656954","theDarkKoala","","2026-09-05T09:15:26.729Z"
08383e1ba2ec4674b10644bbdb31,"0x182066e0e2aed646516080f5fcaa3cb2071bb8d3","0xKalio","","2026-09-04T10:35:35.887Z"
085b5d03247e59627e705fb7589d,"0x7ff914C7F21191EACB5032490529a02dad6Ca51E","toby797","","2026-09-05T09:15:18.745Z"
0868jKqI8ohYSaw37p24HzkA4DE2,"0xA68f05bbE8602FdE5F589F7eBE74d29604da6F32","CaoBui85234","","2026-09-08T17:03:17.108Z"
088j6K04PTYqMxa9F6mZRTE4tGY2,"0xC5Ac447e334e31c5879Bd1f7a5Db0182dF179a0c","maya_jacki11878","","2026-09-08T16:20:20.953Z"
089926ddf61b5a95851869975405,"0xd9d4F14EA798D295cAb7b62a0Fc765D7398828D8","theCrimsonBear","","2026-09-05T08:06:14.180Z"
0905ymm,"0xd48271473370DfFF8fbc789b3bbd88C39cf7A245","0905ymm","","2026-09-04T19:37:55.075Z"
0907eda346bea2b0439cdabc24a5,"0x035eE477e56C02F3191cd3061e6c22f707f41852","realsage","","2026-09-05T08:44:30.231Z"
09Fflbed2VaD1s6DKuv1nhSqmi72,"0x8533c0D8219639077e9866cf08880A8BBC3765C9","cao_toan81944","","2026-09-08T16:46:24.061Z"
09GdcFGxeuXYndlfddeBUBEbSbr2,"0x9E3332beF8ee4B76Bd41f8C67931A29be520c619","PerezKeith18746","","2026-09-08T16:12:56.924Z"
09b1d979e6bea7be1e9b194851f4,"0xda72d079d69AfF6386eB746FaD33C09ae344e549","LunaGems","","2026-09-05T07:32:37.806Z"
09cf6f11555a24b1450a8ce27cb0,"0x6409496f458E62331019eb359FC9DF899bC2250A","ValeLoot","","2026-09-05T08:11:20.861Z"
0B661V5HSCPjXizGJSEkuBSNn8n1,"0xE253e5f97a916476A5718f7e865E932737B9f5Ca","CFarrell3401","","2026-09-08T16:15:47.541Z"
0BQ60vAQGveXIUjd3tLJ0znrFwZ2,"0x3f3194B187ebaF58e71b5310e2047dE21293DE58","FosterRalp79833","","2026-09-08T15:42:07.543Z"
0CZBQv1xzYeM3CknyEo38KBu78i1,"0xd8481d34a18874e142f397f7da2e266f4b53c09e","esseungxyz","","2026-09-04T09:52:42.318Z"
0D26o24muCYuf1DJ1z7JvtHGMPy2,"0xa7931E76A07978b95A1bFCAA6D6D153398b54C03","VThng1155064","","2026-09-08T17:00:44.123Z"
0FcvJxjeUHYU1rMuBUshsHkyvmF3,"0x342C121cdb444F10DB968317190749aA0a750341","BellaMercy65980","","2026-09-08T16:15:10.611Z"
0GlJoagama4ruhb78nUby4FAQIdv,"0x000ff1FD6aECa716dD0fb358Abb616AE22d2778F","zvbq1ytb","","2026-09-01T00:38:40.698Z"
0IsGKgO4qaR3veWdkMfcx2K3hEZ2,"0x58a0b9DFF49045f05B770d9f4d5c7c612Db31b66","BridgetJol43312","","2026-09-08T16:38:55.268Z"
0Js7QGGq3CfsKo89hISBKBLGSjU2,"0x102BcCDD5bDA424b4675309934fDe99bc09Ed589","wi55002","","2026-09-08T16:59:52.037Z"
0OD8W8syVXNnmGhcDcBUHyOTrkn1,"0xe4086764B67BE1426bA36799EfCfAD83519ED2FB","MaiQuang336514","","2026-09-08T16:39:58.209Z"
0OMSI4zwGmVA0hoeI2hZ8hJbilB3,"0xe94dc8E333ed2E689E6070c2ed61Af75a15E12AB","CAlessandr98756","","2026-09-08T16:20:22.466Z"
0Oq2VAfhJDwfSce35WTiHObqg3kX,"0x1b3197b20eDf0f91Aa7d6e54720abD7abd4261b5","laura63mp8","","2026-09-04T08:58:14.200Z"
0RRGUlUH87WXgoMXBk8CqELmEaC2,"0x5bC08a2947C380e3C98cFb30D8897cf87827c3dC","ClaimA53455","","2026-09-07T09:19:05.340Z"
0SacAhbyBhQPODydNzcv8yQxGx53,"0xa709429856695f4f56000465AC2bAccad6C13636","TrnPhng140908","","2026-09-08T16:26:34.863Z"
0TgdCrMRWqhHLEh5UOX2QjrcQIJ3,"0x61E2eDE84698166C8f156b4C05122e8763D57B9f","HTrung99064","","2026-09-08T17:10:27.973Z"
0VRMoHGDr5VVLqILJ47hQ6Cf43a2,"0xc4C4D6e1A636416D1772BB16c3635F7E79478571","IsaacColem68623","","2026-09-08T16:10:42.057Z"
0Vv4uRRqkXVRZLzgTIlCIwTLwBh2,"0xE18F46b38Ad88Db666080B11BCe8e10bf0146A06","_Kamog","","2026-09-07T19:08:47.461Z"
0XJrcouPEigoDBJKvyHWVLZZT5p2,"0x4d341C5503fCf5E5DEc34680C6909F508847db5D","NghiemK17415","","2026-09-08T16:56:37.179Z"
0Ytd9AONMLbJvGH6SbpH3296UPr1,"0x0487Cb6238B6481E332636C3F6C085FC13A1475F","omoyeni7573","","2026-09-04T07:31:50.600Z"
0ZfTq6Q7Z4gngxplSDnBGGy2tYG3,"0x077339e5dddf93f8C40E68FFb160D024D5a4c5A1","ngoc_hang93757","","2026-09-08T16:46:54.931Z"
0a176a385064a5ee1263002371e5,"0x6102B5D2E03F0A05c393CB9F3Ea898C23767E78E","RemyPixels","","2026-09-05T08:22:37.348Z"
0a343482416c4f8db020c7a40712,"0xc4766496ea22cb52ff43a7a3d153855b0cf3c8dd","Legend_LFW","","2026-09-04T10:34:43.511Z"
0a6657c08533d5dfb1ff39848c8e,"0xDE99cD0F35319605F0156CeB9B3eaab747272166","theDarkFinch","","2026-09-05T07:34:25.371Z"
0a92ffba98b4454bb0a49b086236,"0x52773785b21c20bc9e143ebf7e5600d99e600656","justinsuntron","","2026-09-04T10:34:59.439Z"
0a93fe3e7b369b17be2e17540e47,"0x6861c9CCe5b1fC6f450130D73C6d247bd07D8a27","art_willow545","","2026-09-05T08:14:38.091Z"
0a95654808aee047eade018d29e1,"0xD7406c977aC1af72DFce428507B1677441AA4Bfe","theCosmicKoala","","2026-09-05T08:08:36.818Z"
0abDN7xpo8aVgfMiio8H7cOG47q1,"0xf47b9BCd0eeA2CcbAEEF365231558Ca2061Dfc1c","JustinTayl55891","","2026-09-08T16:13:20.488Z"
0ac631ddcb894b65b3f4bfd3a1e1,"0xd895e2876140d08a8f980663f67165808e288596","seth_fin","","2026-09-04T10:35:21.772Z"
0ae50ee85c554d2787fa378fd9ce,"0xf397D3890B3dd379318F58f62c5512695456a354","Stoicdoodles","","2026-09-05T08:05:53.095Z"
0b5266334ad32806bcdb6b3b0264,"0x71e8bc89448a68eBb2AfcAf275A89beB6c438d86","realmist536","","2026-09-05T08:41:17.473Z"
0bM75hkQcqV7HU9BBU1bPfkv6DC3,"0x6e9E84936c3c047232F8Fb24DDC574eF3145F0E4","LThin274348","","2026-09-08T16:43:22.160Z"
0ba9e00dcf26f2bcd375ee504063,"0xF8BA74Eb136Fb48f34C0E1eB0068741E4Fa064cF","drift_edits","","2026-09-05T07:52:12.281Z"
0bd3e7f2815a41bead573fdbeeec,"0xBbc632758CA43CC906A9dd303f5432E8bc2B9657","Wittynft","","2026-09-05T08:00:21.837Z"
0blivion,"0x28b3EB9B5eEABd15F485930CcB85b449DaBfbDD8","0blivion","","2026-09-04T21:17:26.000Z"
0ca1b2c49fbad712a456c360c3d5,"0xcfdAf925ac613f4748114e17300040b3a9B87e3A","realkairo195","","2026-09-05T08:58:17.641Z"
0ca56c532b9de493a08509140c7c,"0x31641f151DF5c35329E1Daff2ed3A38b634ED691","Stoicdrops","","2026-09-05T08:13:01.438Z"
0cdc73050e3f0aa70e69d981207c,"0x60FB5F614cAF8191e262Ef51BF40fF5ae31bAcAe","Silentgems","","2026-09-05T09:04:00.066Z"
0cfd6c0ebe594e2886555448fef4,"0x106723d972daca4e243894a34c05c4d1f81d3b3e","woonomic","","2026-09-04T10:35:47.211Z"
0d31aca061394b8e92a134477183,"0x65c6ad6ce68a87b5ad00c330ac3ff73071a4de6b","LLuciano_BTC","","2026-09-04T10:35:23.822Z"
0dQXqx7BFfhP1b8ouq4vOr9UbRo1,"0x050ee474BC618aD25F39928616f3A4f79c01813a","BiKhang177337","","2026-09-08T16:24:49.014Z"
0daf323ab83d9b2c5a699f4f0410,"0x1912a171b61911bBfFc7c448D7f223905Fc0e067","retro_sage","","2026-09-05T08:17:19.481Z"
0duTuTdWp8UxvBFHyuRyayK4hGC3,"0x869188E1d079179A37522808006527c0f1aBc843","LynneRios34288","","2026-09-08T16:15:51.272Z"
0e452041ac753ebce895a69ebefe,"0xe88470e2c9d2c6c645f4cD1bc5dbEa81263452b5","EmberLofi","","2026-09-05T09:14:59.652Z"
0e76585d49b0f48b6376dd510c0c,"0x7aa3d5eF591df3b273ED17f430a8e2e1F6ca2628","realdrift369","","2026-09-05T08:06:32.630Z"
0ec990c029c92beeea6f9c6e3329,"0x0B0be15ECeD75e6395314C6684aF652048c8D9c5","Coolmints","","2026-09-05T07:59:01.700Z"
0f138615be674f3a68bcf16a8d7c,"0x756038357102A397165a3E64A6aaf29498CF6b73","sage680","","2026-09-05T08:34:01.157Z"
0f6d3cd275e879d0745c3a533130,"0x2078540003026BdC3d87A8371a0cd289443DB69a","gems_pax829","","2026-09-05T08:35:24.418Z"
0f8c4bafd8dd4c64a1ca4f5e5e57,"0x8218556ecba9f926bfee7ddd6fdbdda9ece20942","cryptorover","","2026-09-04T10:35:03.529Z"
0gHvnzj0GgaTe5x0c0dVP9zMT803,"0x75bbcC8D562B65E78169528B39153f241db73f89","LGimson71034","","2026-09-08T15:44:46.171Z"
0impact,"0x4a60BDE679A92D48262Cf46759E4160EA813cab6","0impact","","2026-09-04T21:14:16.000Z"
0nCVGHJHvbZqtbSsQeKTcRwU9tW2,"0xc8Ab7B6431E20A142ef0dF1805e6EDE85451232d","HardyMeris50821","","2026-09-08T16:09:31.887Z"
0ojlIEtRXbXqXnCKavya1zHMR7q1,"0x88C6b8Bf25698D8CEF617f3B7737381539661d50","TaThien16201","","2026-09-08T17:07:19.385Z"
0p6HT4D64pgQvbvVbiP0w4F10nU2,"0xa93FedA67075f7bA18d70B17b2B0B899eF61B8aD","JamieHazel71272","","2026-09-08T16:33:10.363Z"
0qmKNmRko6OD6hlz93IihZlj7EH3,"0x339905794f205777eb579B3CA7d1B2335cb952EA","TrnTrng276819","","2026-09-08T16:27:13.102Z"
0qpGMmGyqMarTeahfZJfTapYZFg1,"0x0528209Ec0100040036b4C823D22C8e6EaEFa3b1","Gilb55322Lopez","","2026-09-08T16:59:21.576Z"
0rKR6JSyMfOvJNkOIcsPh0qnGW13,"0x163b0ccF4078c9F483A0E54F3f10140b63a23013","LngTm172527","","2026-09-08T16:55:41.494Z"
0s6aZGRW4QMljAsCflcnsEc3GZi2,"0x76808145899e4D82DE445A8CB74e5BC05ee97faB","GenevieveC57103","","2026-09-08T16:07:17.818Z"
0toeSItzl8Nb5EaOJnNO0oFb9KN2,"0xF30ac20410a1828bE774cCAB88dFb95E0BE4F150","KorryMarqu15600","","2026-09-08T16:24:28.746Z"
0uR4DdZrDvbzELzJNtzG6rqJS1l2,"0x5311c0418bafd4dece1fe2d978092753e250bbb7","outlaw_mhrz","","2026-09-06T17:03:34.492Z"
0x010695,"0xD59d325B06b9625ae81001352dF00ae2Ffb3D7C8","0x010695","","2026-09-04T15:17:56.977Z"
0x3a50,"0xb02F92b76F50f9f6FBe6E357428BaF5DB6ce9fac","0x3a50","","2026-09-04T21:15:00.000Z"
0x_cody,"0x3cf6d9c3b016578631b2a89cd7a0841920bdc6e8","0x_cody","","2026-09-04T16:51:59.709Z"
0x_fortune,"0xd891C48924B91087d2E747DcafC9eB005F63726b","0x_fortune","","2026-09-04T21:14:44.000Z"
0x_zax,"0xd9B9431EE5D2A3303F40B0BADf3684A34C6001fB","0x_zax","","2026-09-04T21:16:06.000Z"
0x_zenox,"0x85f7099C8EEe2Ebe8339ED9Ba126Da4d3b36171A","0x_zenox","","2026-09-04T18:29:11.230Z"
0xalienpool,"0xEa2c920ABFb760E70b7447AE828f33858b4D5979","0xalienpool","","2026-09-04T21:14:09.000Z"
0xamirrz,"0x59BD76D1c7248fEC3A5E19A8e93AFcF47cfDd2aD","0xamirrz","","2026-09-04T21:15:22.000Z"
0xarees,"0xee1d416fb9eb26eeaa639c40354d6f872a590be5","0xarees","","2026-09-04T15:25:44.124Z"
0xbale,"0x04512CE7f95B827B4D5D3655762F93C3dc700561","0xbale","","2026-09-04T21:15:24.000Z"
0xbuzor,"0xf4c4bf02f4ae2efc0078d6c5a8c9aa45403a8225","0xbuzor","","2026-09-04T22:04:57.325Z"
0xdaddge21,"0xdB97846dfF2329a0CbDE0FC0efe2A621dd6EfB1E","0xdaddge21","","2026-09-04T21:17:49.000Z"
0xdigitz,"0x1E9Ef6CA478B10d397BeC8cAf372b1C75830638E","0xdigitz","","2026-09-04T21:19:27.000Z"
0xexa,"0x00ac4fAEB13d9C71B92BaB350910E2F9F9B07BD5","0xexa","","2026-09-04T21:19:39.000Z"
0xff,"0x46aF23e6F3d11E1555a57223C9f8163F230CaAA0","0xff","","2026-09-04T21:14:42.000Z"
0xfiktau89,"0x9b7816f3eb2d35A24edD9BB4F33f05E9a2332494","0xfiktau89","","2026-09-04T15:11:11.893Z"
0xfin,"0x0F47360c63E6145B62cBcC99522abB5db4cB0cce","0xfin","","2026-09-04T21:17:40.000Z"
0xfunker,"0xCD7c200De46B0565F3F8fDF3d1d69952a0ED68b9","0xfunker","","2026-09-04T21:18:18.000Z"
0xgalxe,"0xC24d1D0410eC8b8aB734DF62131443b237Be4dbb","0xgalxe","","2026-09-04T21:16:40.000Z"
0xgream,"0x11194fBe09AF0633D6a4455794b9E7c93FAef5D2","0xgream","","2026-09-04T21:16:59.000Z"
0xhamza,"0x300f4306E92F9599049cB51a710EC9b07016aF3b","0xhamza","","2026-09-04T21:19:12.000Z"
0xhappy,"0x08E266e80d362a5b083752d70E1D26E75e2730Af","0xhappy","","2026-09-04T21:14:29.000Z"
0xho3ein,"0x4f4f564b8b9b900ea9a28e4fc3a34df05a81d9bb","0xho3ein","","2026-09-04T21:18:48.000Z"
0xhyde777,"0xe1017d7a224d2a54c13e414054c46e1c5cfb0fbd","0xhyde777","","2026-09-05T01:57:31.267Z"
0xhyu,"0x18667aF4567B889dAef34B9691E9b7651F595c39","0xhyu","","2026-09-04T14:28:55.916Z"
0xihor,"0x72DB8030EC555CC1C61c60968a9Ee08ed3B452fd","0xihor","","2026-09-04T21:20:58.000Z"
0xinexplicable,"0x2d1e98fcc4fd3f42a36834125bed07e56a39a9c8","0xinexplicable","","2026-09-04T14:35:21.838Z"
0xjiwjzmKeMfhREW4MUERtjLWay1,"0xb9500f525Ae22A34F4f3b8fB88695d1aE3007f48","Lew4444Lewis","","2026-09-08T17:08:06.171Z"
0xjkair,"0x47680Db32214fCd248e676E95A84FA764E4C5B8e","0xjkair","","2026-09-04T21:21:15.000Z"
0xjoyboy,"0x0865bE96A21422299A2042B2E0c43B2Ae2e71d21","0xjoyboy","","2026-09-04T21:16:48.000Z"
0xkage,"0x19f4f20df89fd2738438F2E71d9e1566bFf0BcA6","0xkage","","2026-09-04T21:16:04.000Z"
0xkanata,"0x5aDA89A6a533C22B35e1D2a4b66250c92a5CFb44","0xkanata","","2026-09-04T21:15:58.000Z"
0xleo,"0x77023877e231cd0d7ACA85c8652eD5826cabd223","0xleo","","2026-09-04T21:16:05.000Z"
0xmaduro,"0x0d8b48ec28f27efb5c2a8bb928d139595f06158d","0xmaduro","","2026-09-04T15:39:30.123Z"
0xmihaiolteanu,"0xEB6c74CF1FFa72BeB2973aF55e79a7a6AFBdf289","0xmihaiolteanu","","2026-09-04T21:16:30.000Z"
0xmora,"0x5aA1836d1b91C033Ae2fC75e95834c5ddE61B935","0xmora","","2026-09-04T21:14:19.000Z"
0xmorteza,"0x59597D621CB473F1e2169861F72231fc77A1A4e6","0xmorteza","","2026-09-04T21:21:15.000Z"
0xnanu,"0xD7C0b1B2197B7e2a6DA180758D02Bd02E77DadE2","0xnanu","","2026-09-04T13:38:01.570Z"
0xnobody,"0x229be2Ee4399d973a48aE798c6a369D6f179D1A0","0xnobody","","2026-09-04T21:14:10.000Z"
0xobsessed,"0x211265d71e2e153e21CAb0f2cAbb8eF1Cb4137C2","0xobsessed","","2026-09-04T21:19:39.000Z"
0xobst,"0xa4A6d51Ba93e07373374a888a910bB5973490c06","0xobst","","2026-09-04T21:20:10.000Z"
0xpegasus,"0x406Dbd77D3fc4b3e625aBd459e4829fF18BF8B29","0xpegasus","","2026-09-04T21:16:00.000Z"
0xrahul,"0xc5bf39881F7781f0B47E279Df50B630540F459E5","0xrahul","","2026-09-04T21:14:31.000Z"
0xs1mo,"0x23d914ab49f4a896ebc53ce3b36a89298de00a28","0xs1mo","","2026-09-04T21:26:47.332Z"
0xsend,"0x7208AEe04Ec573f45a3bFa5C4F579D02636DF245","0xsend","","2026-09-04T21:19:09.000Z"
0xseyed,"0xD937fb18289787336d61902f0566ac3d2286facD","0xseyed","","2026-09-04T21:17:37.000Z"
0xsriwijaya,"0xEaA79a6585656AEc4F39E5c25be92111112f91d2","0xsriwijaya","","2026-09-04T21:20:00.000Z"
0xsunshine31702,"0xa82873be6c52374796cce133d550791a50bfcfab","0xsunshine31702","","2026-09-05T03:55:45.191Z"
0xtapout,"0x4A84b692f3DbD41e7ebA42aD6292C628d3D0293a","0xtapout","","2026-09-04T21:19:17.000Z"
0xthor,"0x7709827237dd1942f0DD307C1312D312Da1e0A8b","0xthor","","2026-09-04T21:21:36.000Z"
0xvulture,"0x8c658aaF1dECBcB16Ee8a630Dbd0F02f2620A283","0xvulture","","2026-09-04T21:15:01.000Z"
0xxiaoxin,"0x323Ba28636fCF86832d31E9eEcf8d5B6D6b93A9d","0xxiaoxin","","2026-09-04T21:16:01.000Z"
0xxlowart,"0x17c4a562f267752c1a36637685826ee2fa6cd6c4","0xxlowart","","2026-09-04T15:44:03.285Z"
0xzetton,"0x626a96d2796aE29EC856bE33d0039AfFF308C9DA","0xzetton","","2026-09-04T21:16:48.000Z"
0xzvan,"0x0e34E11B5bfA202eF0e8605CD142D6Eaa03E944F","0xzvan","","2026-09-04T21:19:11.000Z"
0yl1rzf7M3OrUACnGYq3x7Hevx13,"0xFDE42De161b95E960bB6Cec97CF7F755C840b46f","thach_dung7852","","2026-09-08T16:52:13.391Z"
1020da8617560472b42dbbe94f6d,"0xeA141f756f003Dc16f437062e5Dbe3C254796D0d","lofi_ash","","2026-09-05T07:52:31.820Z"
1025b5cbfae38bdf44246879c58f,"0x828F06F6c938F118a1AffCb3edE6916b2cf9C610","EchoLoot","","2026-09-05T07:30:12.603Z"
10366b1225fdbc1367ca44a48797,"0x4092f2a75Cb49949De85a379f53566B8A7f7d4e1","vividwolf891","","2026-09-05T08:03:09.635Z"
1051cbd5bdb8c8b2a709ffc08528,"0xCd035f689Cb7e257fF5Adc974BbeA8399eD76804","itspax","","2026-09-05T07:48:18.682Z"
1060c916b32e67d3624452cb1e2a,"0x87317da01A1CD6DFfd8740c8024dA9391BD941C1","luna246","","2026-09-05T08:13:24.379Z"
106e2f1d17bd3f902c1ddbbb7d40,"0x0b8Fd4F81BB752c7c2162B0d8322536A59d5dce2","psage","","2026-09-05T09:12:58.613Z"
10IkjVyxxrfwXsVR1dS0Smmop9U2,"0xFd11D8ec1c8Cf6df8b15Dbe1DB77D44a7Ea9e594","RachaelFer67396","","2026-09-08T16:02:53.365Z"
10bONPcyEtXKoxZWumUFrZt5JA02,"0x3Ec2091cA767cb64E2A0663a07498b95c27e11B0","YFaith23740","","2026-09-08T16:44:14.467Z"
10faa70ca8214e5f92446cf93d56,"0x6c9590B7911c2A806e09B6650231d1C43201310b","realkairo596","","2026-09-05T08:52:46.776Z"
10xrusk,"0xac32B80D78037A1aA6C2C1666f3B998A8819B391","10xrusk","","2026-09-04T21:14:44.000Z"
112063651013e5738db7d0f635c1,"0x8106A7BD020568e92553d7272dC27934379DF788","theIronOtter","","2026-09-05T07:55:19.003Z"
11b08c2cdebe68cf373e5a1187e0,"0x359Be94C90Df4162A63AE68a7034AAdB91B0D67d","kairo375","","2026-09-05T08:02:47.333Z"
11ce9ccc39e0d9f752d832c129c6,"0x980Ae0608B8C260834FDEe5088E49403B09CbF3F","TobyGraffiti","","2026-09-05T08:50:11.110Z"
12156ee37c3d21921e3f1ab33219,"0x7Bd9bACE78Ae047Ba657939051578498606b374F","ironjay","","2026-09-05T08:27:30.286Z"
12345555,"0x80c6eC98a9942a29f16e07518F283A2F25DF109B","12345555","","2026-09-04T21:15:53.000Z"
1234vbn,"0xfc7Bb90D2cB25bCc39e4BaB2FceB4dF223c59121","1234vbn","","2026-09-04T21:21:37.000Z"
1234wang,"0xB19EA564E2B66D54Ac3e6DA6C5E2e96a8D201D3C","1234wang","","2026-09-04T21:21:04.000Z"
124234,"0xBDd72BF325D93FcD20E581C37062bBd1Dd23E392","124234","","2026-09-04T21:20:20.000Z"
125fe118ab614ef9b189c0ca8b65,"0x45dbfdff1e2107ccd09e5cb3ac6b60b0a33104fb","rimtoln","","2026-09-04T10:35:07.429Z"
1261669ced4d3548e95b930e6242,"0x1acf97431ab1C7b1c5C8aA0c8892feF19892a0E6","lazyhawk869","","2026-09-05T08:36:13.646Z"
126f2a6ad26bbd6a9128146b7b7d,"0x3C2e67354e096f9e4F6C00bD9a127513056A064B","HazeRetro","","2026-09-05T07:58:32.640Z"
12IQI9pCFCYHFffUO5xR856WXKv2,"0x096B41eD06CbB77b9feDf640a87F43629a77cb94","DCreighton59136","","2026-09-08T16:18:29.085Z"
12VRHgESYJgY69KAnuMCxs4jF0f2,"0xD133650c4898bde4DCa6B3cEabddB19b0c526D4E","DonBush758229","","2026-09-08T16:45:36.479Z"
12e426463e054819658c5d63d6e8,"0xB84bF7f42367239187af91ad7ec020D8FEf1b532","cosmicbear","","2026-09-05T08:10:20.859Z"
13228a2217f11ea83045dce0dbcd,"0xfD2e5ed9f9DbE77a81D93478d83e317fC69E6F4A","sketch_pax","","2026-09-05T08:42:40.936Z"
1393874118d5ff847a67230acf9b,"0xa41bf16c8d7466A3075c78752c99a27e01541A7c","nova208","","2026-09-05T08:25:57.038Z"
13jslqCXSoVUAO6tcy7AgCI9CKv2,"0x411A1d31aD4388aA67B6b7BfdD7BB55c69897c45","KimHng324718","","2026-09-08T17:04:11.463Z"
1417x,"0x412CAe1C1180cB794A2f74aB7e4875e78Dc5bF9e","1417x","","2026-09-04T21:20:23.000Z"
14376d71a45aa891890a65b7b972,"0x2471c3C0BaF79Fa5Db8F1089e57d03Ff11d72065","swiftjay","","2026-09-05T08:51:25.408Z"
14b7e5fb9d60c478f9cf70c1ef58,"0xf7863358d27e3e65f55Cfe7EAABB54562E1A3Ee5","Cooleth","","2026-09-05T07:47:18.405Z"
14ec,"0x0c13ADA3052189FE25cb3Af0c4BD9fE7E2CeDfBa","14ec","","2026-09-04T21:17:57.000Z"
15571a030eb08681c9cbf0470a3f,"0x94A3F7BC9840137d26108d891764DcB31f08Ab08","KairoPixels","","2026-09-05T09:02:56.458Z"
155e3b234014c7d9b348fc4536d7,"0xb12f1e05a789ab789fe86d9E31e3001757824f3C","realmist645","","2026-09-05T07:28:51.228Z"
15717715cf1e3a0ebcb868728f20,"0x1479Db96854730aE5589915fD38baDf78fb6e233","Numbloot","","2026-09-05T08:47:45.038Z"
157ClfYNJAgQ7ukrdhC2ydc06GA2,"0xD99DF1B986b6F495859BFeA556cc04aB8791A97a","QuchVn268999","","2026-09-08T16:48:30.094Z"
15f26098288aa4acf94bae457560,"0x2D7128425A9107d44Ef868E192010FeB27FF353A","esoren","","2026-09-05T08:58:11.804Z"
161b8d48fce76c3f16aac08cc1e1,"0xA7b1de8bB4bb8c96Ab4FC8087Cf61A73A93d83c7","loot_fern387","","2026-09-05T07:54:07.917Z"
16699f4ee4a36ec06f9c0ae35343,"0x929399F28A837f295E72B6F89Eb2DAb771A6d3eE","icove","","2026-09-05T08:26:58.795Z"
16772948ce9df89c4b1db38daa48,"0x20B6D7a913a1c5e12Da60859abADe4ACf1A142Bc","MistRare","","2026-09-05T09:04:13.742Z"
16788e629cc1da6624d5b27fbeb8,"0xa96ab739728f1d37F97d62Be1FE216F06eB49d20","NovaDrops","","2026-09-05T08:48:51.344Z"
16958a9210eefb34c24ae7dc7026,"0x5e80B924bc41388f2734379f436f6F1de667b7eC","ash689","","2026-09-05T08:26:31.306Z"
16a9b7ecb79221a293f3e1ad55ec,"0xfEb69adf15F15e1c93510B2DC8af193bcf8677f0","rnova","","2026-09-05T09:02:49.097Z"
16ac54d7421f62e24fb92aaaacfb,"0xDCa4763C81C149B5b2EDb00D631a309cF2aD1c46","jremy","","2026-09-05T09:01:02.360Z"
170pFztD8zLX1Q46PzuH9P6iBtj1,"0x77C423386136c637195AA23E15B944591dc3EB7f","CammyPaul44940","","2026-09-08T17:03:20.789Z"
17775dfc28fa52e9614f306846a6,"0x7bC8F2CF27cacF95a76312Fbf6fE17dFF6EC9b85","aecho","","2026-09-05T08:51:56.953Z"
179356067a748b5545896874701d,"0x05D0c3E52c4BaF6fF251A20045D892CDaa5b3cA0","bfern","","2026-09-05T08:28:35.342Z"
17b0a5e5b6699eba77490716ab13,"0xdF026134521Ee6a0251812B216438d194CC10710","ink_onix","","2026-09-05T08:12:20.929Z"
1814a90ff20344592318023d2db4,"0x6f708c363BD7DaEADCaBf2E0A706216C500cBc91","doodles_rune","","2026-09-05T09:10:10.555Z"
182df9f044e08b866b5a4db01884,"0x88Cba66Ba4360ADf8B4bc3eD0AD56b52B835A19d","HazeNft","","2026-09-05T07:55:49.689Z"
1838c2d29ea8dbf07fe31e994667,"0xCb52C3b32216b32aeE5E7d4D079F61451eca058e","ponix","","2026-09-05T08:15:54.378Z"
18399722b2d9cb019494cf9280cb,"0x8D04CAc10B76A71cA90588905D82005c6cdB2a36","dsage","","2026-09-05T08:45:41.233Z"
185ff3a156c4c04ff55bcb9cf368,"0x088c8af73B6378Bc83d7b3dF1CA15F6442c9C14d","realember422","","2026-09-05T08:03:59.609Z"
1882685709bd8c700d1be55a2531,"0x1E377357D8cE373E32Da909722c38A044E8C82f5","vale126","","2026-09-05T09:13:31.196Z"
196808b80eccbf604e6b2f22458e,"0x292A3D1C38973A1582686f924f42A8548506d2c9","realfern905","","2026-09-05T07:32:25.871Z"
19UqtA0yPmR8JB7N4RTG2jhJVZC2,"0x465BF52C27c4785C0c34Ff2112210930151626e8","bawerman18959","","2026-09-08T16:53:36.400Z"
1AAGJeXda3dzNJ8lARHISKo7OZU2,"0xC6f3f891f3fFD5DCA5Cc7311F133EAD078A76e00","UWilloughb70247","","2026-09-08T16:19:56.002Z"
1AMI6naZjreisyvOalb2tn6SlMT2,"0xd1e7328c9ed05dc1bf052c519913d8beb330bd02","inott999","","2026-09-04T12:12:45.291Z"
1AmN2uD5QgSxDNamdmghtwDlvlF3,"0x165f17CD3eCE1b45D79d6653c9D5891f254BF93d","JanWright826311","","2026-09-08T16:15:50.064Z"
1BBE2AdW8uaSbA77Ag2EPtf2R023,"0xFe8b5aE20C4aDE9b87c332BFB935941A420df49E","AnnabellEv3245","","2026-09-08T16:24:33.502Z"
1BuuZA3wCCdtqDgiibBiEB2oegi1,"0xeB7650E5eE9bCF0e865e9741678dA5eb8bE27793","xuan_vinh46671","","2026-09-08T16:55:16.535Z"
1CgtH47oHXTDkpwfiVWfHkzvW262,"0x1a8081b345bf67B4AEE6E648F0D2e4E2B67C4425","AlanWilson73142","","2026-09-08T16:19:12.373Z"
1Cw2bszvG4egyrT2b3mnZtkvrCj1,"0xe7D8A2C008A24C9877447DF0876af436ab217041","Georgexmeta","","2026-09-05T10:48:17.362Z"
1DU1Bi02Iqfv9BAbFAYtUr3VCJt1,"0x6E04158a9f4F34fe5325939d961Aa33EC85E7c81","GrosAlyss69959","","2026-09-08T16:28:18.412Z"
1E4d358GPKRoTU8WcmneRGPYkyh1,"0xAd202832b344064BD880AdC3d631B85CE48642b7","RoyWalker117619","","2026-09-08T16:19:17.866Z"
1ELaNJguLqgceACmwjnPft3PeFi2,"0x964195c3aEC4B5fCF7DE87ebA6faA8c5dBfae1C3","SamuelR59352146","","2026-09-08T16:11:24.712Z"
1EpX9pnNjEet2yDTBrXCewCIjuB2,"0xEd773724e085Eefe4Eaa51B9D6AcbAc009c248cc","PParker80396","","2026-09-08T16:03:10.943Z"
1G5Oy0VggFVa9PI2Hsa2dZVWcMb2,"0x220DAcCb6ef715d58b5CB5F5527Ff2947F3109fB","MaiT1121837","","2026-09-08T16:44:32.304Z"
1HJcNuwa90cyXIZtCdycsMWEhsu1,"0xc20b1cc810eF38bc3f630F851acA63857d3B2b1C","0xvinaysoni","","2026-09-07T07:07:46.575Z"
1HhickImScaXxlfdXZWDQMtP2dC2,"0x44d5e7043b7245e4eb7c038a976376742ba6e977","toosiani10593","","2026-09-07T11:56:32.517Z"
1HolihuCCnOQDJRnDybYNdm8Jh83,"0xd575f1faA72a2b3d462896087EB96649B84969DE","ParksAmeli26691","","2026-09-08T16:19:10.611Z"
1KbFSlJ3nSMnBzRTrzqFyJxa8dX2,"0x7BE3dFc757c8840f1956018Fd0186d8c3D3C9485","GabrielEnd35917","","2026-09-08T16:35:34.273Z"
1Kt5Vjz1YkVcyQMeAGhmbyxzKkf1,"0xc54DE0efE298ca13eC61aD737701675274A519E4","LuThu329278","","2026-09-08T16:33:15.892Z"
1L31PuyiLnZWZ8hdKu8amqWt4Jr2,"0x29589cBe92297A127214b3943f2dd40456B53Ef5","ArianaEsth21864","","2026-09-08T16:38:53.989Z"
1M0G1FLHMmNUDarpO7oIm381Zo83,"0x2e0Bd87a3c4e7920Ba4cDBBBb2f5Dedd1a22F019","AbbieRicha82904","","2026-09-08T16:21:32.871Z"
1M3SIs3MiEL3xzrkzbAxbMtMW5ei,"0x2A495d67E78e4117461FeEe73fC5DD49617d8a9b","anna73lf4","","2026-09-04T08:58:30.056Z"
1MWZcW4BgQSiDRhPfdl2RcWIH402,"0x11544B46E1db22e6BEE93200f34822fe658Ef183","Want_whale","","2026-09-04T12:40:33.169Z"
1Pitq0rrKBWlOWw9GSSEBWtZrrm2,"0xe68e5e3635bc6f8a55628eb50a5a4b00add7cbd4","eternal_0x","","2026-09-04T07:48:45.749Z"
1UCIeGdFXRcT2Ocddxffg2phxzi1,"0x79120Ff8A6Ef48cEf84071199db43738E238a89d","lewis_bill86720","","2026-09-08T15:44:56.608Z"
1UEiK3gIu6S9P98QhqlWhQYEBkS2,"0xFFA86a252a01194ae5a964C71f43BAe4A5faDC97","andrea_rea24969","","2026-09-08T16:05:04.293Z"
1UM4DyWw1uc49esYX9LS3K1SS3h2,"0x79ba7b858C1208A8D4483830AaFfaDCA76022AAd","0xsaniaaa","","2026-09-06T19:54:23.637Z"
1XGzSzyzVLVFGHTGe13BrT3MK2u1,"0xddba89334c339c83aa282740c136b799c58cf6bc","0xdvybs","","2026-09-07T06:17:57.884Z"
1YfeD4XZTueS3ldWGCkttYDLfsD2,"0xC147C093f6229Cd6Ae6f7FAa36030057ECFce316","AjaoMercy1","","2026-09-03T22:26:32.031Z"
1a020cc4535aef617d8a37f92518,"0x634deA439CEb2e19Fc5fE2F5b6fE5C620595c7E8","ember_edits","","2026-09-05T08:03:51.287Z"
1a0944f1b0fd71bcc73417780380,"0x9A1C6867749111A988D81Ce4b42B1aeC1E1A832F","realfern127","","2026-09-05T09:01:52.032Z"
1ae16586e0604583982c890866f2,"0x491f2e07531689734c03952a3f71a1bc3f9bde38","rihan736","","2026-09-04T10:35:17.218Z"
1ae28d73e22d3dda72fd761ebd7d,"0x7c6d18982A76B0B997fCcB22E1D989a7DF54686B","frostmantis226","","2026-09-05T09:01:46.577Z"
1b07c0bd226c9799a7d088ed3805,"0x5DBcCCDb5ce06C34b32F28968A9234f6c15faCD8","darkpanda","","2026-09-05T08:21:12.402Z"
1b526a2a55e91884ae68ecfe8051,"0xe935012fd9D6F652756547feF8991f3932270716","vremy","","2026-09-05T09:09:07.850Z"
1b8c922987241a360edff484cf2f,"0x460483F27391c6d8437D2a4679B5781c0F5611A4","itshaze","","2026-09-05T07:45:38.630Z"
1bThH5Z6WHaRl5ACNnj1nsoHPpC3,"0x5074523d004319301CC4bf7Db8aA26e8E5F91280","JesusMarti26565","","2026-09-08T15:55:53.159Z"
1bfdef10e044153ca83b41cb458f,"0x36FC1defB3432c149052d17C6BdF38BC14Dc0173","luna_edits","","2026-09-05T07:40:02.772Z"
1boLtKzGugaWwxWsioBHF9t9h1b2,"0xabb8cf08bD38Ed5feF98AEdCBB348A546f564Ac9","LngKhnh350696","","2026-09-08T16:35:08.000Z"
1c1eda5637f14a72af71cd490ed6,"0xD9E0C781D2B7C1425743292a65553dA3C0112ef5","theFuzzyMantis","","2026-09-05T08:43:19.644Z"
1c7162632e6763f3ae32be63a02d,"0x2336D39278597774cEaD24E819a2D8712213eb3c","loot_luna","","2026-09-05T09:06:49.337Z"
1c8bb7a4e9f046fd6374b920ccfb,"0xD598908E5af0B140aB2564CA3abca82a0B5e3365","Swiftmints","","2026-09-05T08:44:16.171Z"
1d1241534da43d871ae572a9fabf,"0xf9e5f25B00f8936D385d7F3a0ac324779B757458","vale822","","2026-09-05T07:48:32.465Z"
1d5b26c09d984498076182fd2186,"0x175106d1324eDC5BdC4B442B1E644c607D559570","EmberNft","","2026-09-05T08:53:36.300Z"
1dH6FdWv9KMwzHAaJCOZHNKMjkl1,"0x40A9e567EdEcBA21ec9E999cb2D61aF465760fcb","BPhuc500","","2026-09-08T16:46:35.922Z"
1dd1561647214a0f8226ef658a05,"0x46990902868181590b5d9fb4d743f442d2a3fc6e","krasnovcrypto","","2026-09-04T10:35:06.033Z"
1dhltehUY6hfzDLLuFZPMhhgtZy1,"0x3c3eF0DD7a9689a6fE8A8B6D81461F1977276665","LmNgc143540","","2026-09-08T16:54:19.065Z"
1e364fd90d2eab103438a05f75ce,"0xe61DDD7CACB5Ce5aD6016ccEBfeBfc3BE1E270ba","lunarcobra767","","2026-09-05T08:58:59.837Z"
1e6108e1562f44ca89eeb2b57bc7,"0x15f7aa51810a11d6d77754e4dcfbccfe9055070a","alicharts","","2026-09-04T10:34:59.407Z"
1e95ef06b9c673992941c84969fb,"0x5241d973954D745685A1270ffE3f8Bd760723345","realkairo","","2026-09-05T08:36:06.146Z"
1ee0e1b742c1ccb0d33c99fdd417,"0x0AD1B377EFCf10232c9e6f2Cb19dB7b033c89Fb2","retro_pax","","2026-09-05T08:21:53.730Z"
1eeb14d6af9941dff453a145f902,"0x3ed77B64Be9D85d456cDb7F5867B57008C9329a9","theLunarCobra","","2026-09-05T09:08:12.423Z"
1ef9318b647c884e5a8302b3da9d,"0x7A0a553338b50dbc08A8142fDbd7F46D1250b162","vividhare","","2026-09-05T07:57:05.445Z"
1f1e6e22b5c298049c636ee2584e,"0x4C957B74EDFa090f52E25141479437A2A7B5b969","numbseal654","","2026-09-05T08:48:19.437Z"
1f3f9b390f4b11d542508c02e6f8,"0xaD4d0397635e01961c4650cc231642c9C17b51BF","Vividpixels","","2026-09-05T08:42:29.132Z"
1fCcYA0xshhijTQUaaLo7OzCkAeB,"0x81228de3503727d64306195d5cC20407b6E50D27","JoeNguyenl6xx","","2026-09-04T08:58:59.277Z"
1fQKziayocQtVSpkWEm0jc7jo8A3,"0xF350aA5D20cb5e20C38F5a1A79153cA0da8cAE6f","KorneySand15566","","2026-09-08T16:35:03.808Z"
1gnYAiEwPOYusyyPMOLZqDF9R7x1,"0xe1c5f993299d04Ee82243B362a887886e4f0713E","ShaylaVano99345","","2026-09-08T16:17:03.990Z"
1iUVonuQPHMEMw1HiEOHhj4ySiJ2,"0xC5D65EbFb17816171D18DE8Ab5F54159a4A2148D","edwin53127","","2026-09-08T16:53:28.858Z"
1ikWiQHOtnSZSoL05vSa8Uy90Xm2,"0x58f77cA7B420F8c65c8a108C65518799988bcE75","VanXuan46665","","2026-09-08T16:47:28.972Z"
1j4Rdl0aYAhxhHGW5gK0rHKEANe4,"0x6f11022167AB665EB37f046338cF9bfD0a585217","KarenCarteorc6","","2026-09-04T08:59:02.633Z"
1j5lRqbT4tOlLQqnZWWTUdO3XUJ2,"0x6E630f2E8FbD7d13563A1ed3eC1D22Db55Bd2e48","Leondha09","","2026-09-05T10:55:57.702Z"
1jY44VlAq2R3cCQBEJ6F3NoOawx1,"0x20e7c5597fcC3C454d65A419f577C1f7E104EB49","FaithNorri78325","","2026-09-08T16:11:58.125Z"
1kozQ3X5kIcSUrmfB0BSp4lSDlq2,"0xc2b7F451C4323E60057EA9bf9AEeF37B128B3173","offernft","","2026-09-06T20:18:43.076Z"
1lIZLSKN22Ck6FZbpWPuABD3wkvz,"0xbc130bFF3BF4CCcde390712DBfAbb4E5cE37fF3A","RandyTorre7jtr","","2026-09-04T08:58:57.558Z"
1maB4NxHEvc2zUPutAVklJylSOs1,"0x23cc0b2FaDe5aFA53140170B8D8Ecd41766EC13C","GracelynDa9416","","2026-09-08T16:11:49.593Z"
1mdollar,"0xb78BdfF3984FC7324cDFE5ddCA7F3c0061d24172","1mdollar","","2026-09-04T21:20:56.000Z"
1oLrozz2LAYg7aMVW8oSWNxSiXc2,"0x92b062fc001d066bb08eeefcd7597805397c05be","SkullBlasterNFT","","2026-09-07T14:50:33.849Z"
1pHrOHrDacdBpBaG0vc5MTPdlji2,"0xb9899aC86E14058F31F6a235Be2Eff5647dEfe9D","McmahonTam85949","","2026-09-08T16:47:02.519Z"
1rLswdp9cGdA8eSbGGjQytz5JIU2,"0xA9Dad5c3264fA52eB463B43E440F517c451826dd","tien_ta25102","","2026-09-08T16:53:10.176Z"
1s0P3Dyh2cUZv3iflgDpw7DNjyI3,"0xfbE11751d6981D8Ff9440e588a95ff32801400B9","bui_thy3608","","2026-09-08T16:50:55.082Z"
1tM4eZDHaHeAZT7tNAwWf63KOti2,"0x48aa829C00D51A286BC5De507b3099Cbcba7eF8c","MaxineCart60593","","2026-09-08T15:42:47.790Z"
1tfg,"0x21c87F9b7d7321e3B3157305b2CF1A7263b951F6","1tfg","","2026-09-04T21:21:10.000Z"
1uQBjmfzGAhhbyN4rK3b2e1PJKA3,"0x82a3a2a7a307a33231c763BdE94257EFD3894212","GiaKhang562190","","2026-09-08T16:59:42.448Z"
1uV89G4G0hafJPATlGu8BU9ToAz2,"0x4639101c1Ffe41e96EAc7720a607586CB7e47AdE","JustineSar59338","","2026-09-08T16:26:45.377Z"
1uW3NcHPJsSBg7NnUMSKtpHi5982,"0x6af25D0F228fbbA44a0E99a594A6bB771f471112","GunturSak56728","","2026-09-06T20:46:39.949Z"
1vh3lFiwdDe0FuxJUgCluEsKzW93,"0xe27eda04dE9764CDf6B0B0AcC0E7E29f5F936aAe","DestinyElo82739","","2026-09-08T16:35:06.483Z"
1xjgYVSGOchyg4D9rOWIxBv1j8u2,"0x0F176eF4756e47577d67817ce665b1E14a8DD751","EsteAnnabe2767","","2026-09-08T16:50:21.539Z"
1yoUx05KjNNJuPXvbQs0yyeUpA63,"0x3BF18c0BF42d1c2964EA09196C3B63BdD68c1874","MalloryEva78056","","2026-09-08T16:27:08.609Z"
1yxb0RUIlsOzpAQJLzXzCIyGGhP2,"0x89327aF926865f22c72EFE144d36E6Feef56D2CD","Willingham57554","","2026-09-08T16:46:14.764Z"
1zz3dzgxe6bvOx8RXBwgyrn3edj2,"0xF7a60CbD5eBF4a47f4A6F671B21212802De5D090","YenGia95777","","2026-09-08T16:53:49.973Z"
2005yasine,"0x75eF3A97A909F90BC518d44eD6C1B89f16125265","2005yasine","","2026-09-04T16:42:27.557Z"
20092014,"0x8ff13c9d377695d8f2ecCcDF20f9738382610b2C","20092014","","2026-09-04T21:18:20.000Z"
205af6a5c73bc60b638b47d5c13a,"0x1096457e17A47412AbB038A81b61Abe499d06fC4","ironowl135","","2026-09-05T08:51:18.230Z"
2068,"0x8506d151b97b0e72763E9548f833D7f771bfcA64","2068","","2026-09-04T21:20:05.000Z"
20717f4f9b8cb6461c00b124d24d,"0x055C87099b8e1D1508Ca5186023507c8725eAE1c","theBraveOwl","","2026-09-05T08:17:49.862Z"
20723ca1bc1e77434c1d88034d7c,"0x74B715F811583177b56E991e035B821E6d056413","rcove","","2026-09-05T07:31:07.060Z"
2079487a7166d314101677c80a25,"0x0311B2E02Ed1c99D45467F0C602EFC457079Afa5","Darketh","","2026-09-05T07:38:38.403Z"
207b41b6cbb58c94460cbb17c0dc,"0xdC612E5436Af8eCF608869eE16CcEEcCDf015F03","mist466","","2026-09-05T08:10:56.915Z"
20a29ef5463443a4a10a4804dcad,"0x397d7b9d88ee1fcad4586571ac2378e8b258062a","SoSoValueCrypto","","2026-09-04T10:35:11.578Z"
20wahyuw,"0x0BB8133D5A19132A243AFEBAa7fc3680C94440e0","20wahyuw","","2026-09-05T00:23:16.168Z"
218Jb106RXWEgpNtbvUNTOQx4sk2,"0xadEaB8aA600AD12fBb090fc93EAF885a1D36ef24","NadaSexton56747","","2026-09-08T16:52:25.320Z"
219b2e153a99290aadbe305b3df5,"0xD83cc6C4F3003633d43bfB3b2d3033f78e99dAA8","theNimbleWolf","","2026-09-05T08:01:03.111Z"
21xUBDuY9tggH4NSvOwr7gxrgQy2,"0x2B11dc4285F8aD3389f320Daf274B41aCCF17612","CFlatcher56926","","2026-09-08T16:04:14.988Z"
220volt,"0x8446C0267389E1b73209f0575F0F1E3390ff3d0f","220volt","","2026-09-04T21:21:34.000Z"
2226d3e7d9989c48e19fff6c77a7,"0xbC2F66605eFA2ceaAfF36Dd9911F5d5FdA2A0205","lofi_soren805","","2026-09-05T08:12:48.767Z"
2269105f394a98afcfa6bc9d9a77,"0x969C3D47c2dF98Ba68D3476c52eE5FA2E26578ea","doodles_sage52","","2026-09-05T08:20:00.630Z"
22c5f5ea15cf59d9e910f0a0ca40,"0xF754EcC242aFc661089e6C510148c2d133734eD8","theWittyOwl","","2026-09-05T09:10:04.603Z"
22ea03c979917aa50eab7e799a22,"0xa4aD9C718FD03c35619289C9Db4afA30873C3ba0","RuneEth","","2026-09-05T08:23:29.091Z"
22sSaeXwsHgEwvNRUqmEFCXoTLD3,"0xe740981d5A674c81bAf3618fE25F167Bc6849AF8","are_sha1720","","2026-09-07T04:04:34.360Z"
23c2f500e23e25b014f266f68781,"0x45bb1B7c67C0bce69a9e7a1d51036b5aDeEF9730","CoveNft","","2026-09-05T09:12:51.982Z"
23df13a704824ee8a0533908e705,"0xb8c5a60a6dfdd39357eea3e4751b6a9cd149e4c3","cryptounfolded","","2026-09-04T10:35:12.559Z"
23f99274147887e5685c41d3befd,"0x848191EE91E51D67D6F0Fb3Fa1931C70DA9a8244","slymoose","","2026-09-05T08:18:31.319Z"
2428e7df1e82c40ca7bc48d412ee,"0x69E461457E95Ac1cb7A934C671fB842a6097979C","Fuzzyloot","","2026-09-05T08:59:45.546Z"
243b556f339ba01a3d9a22873da2,"0xFFB9f3512fB80cF217584A4C8D68d99D92e36136","onix_edits","","2026-09-05T07:53:04.425Z"
244cd92d436770e3ee7e63fddb33,"0x17d42AAa245d6774FD57cBBb62A511BaAe55E5e7","Wilddoodles","","2026-09-05T08:40:42.840Z"
2463a8c5dc51849efaf6e74c5a89,"0x596EfDD0c8CA083DF5e563Bf01c04760EbBdb30c","realecho","","2026-09-05T08:20:59.323Z"
24ac92ca827377873731f5f0cbea,"0x3c00a2B774B7471Dd60060A22FA06E3d64f8f36A","SorenAnime","","2026-09-05T08:41:33.303Z"
24acfc30d2e0a23ae2061e3631f9,"0x045073EA4Ffd43faaC72e12c8DA06b2f2B859D94","WillowRare","","2026-09-05T08:37:23.411Z"
24ea76cae0c4483dbe102d35df1e,"0x1ce9f7ef217b5afc2dd017fe42f934dc05313354","Zevweb3","","2026-09-04T10:34:51.471Z"
24hlive,"0x2Cf131c948ABbd9271F43C4da292cEd56B7Dd4f5","24hlive","","2026-09-04T21:19:55.000Z"
251BsrRFwJv82g5ipzjVRbBS2K1d,"0xb4A2DAa0b0Df2BEf6A5c83211d5cf442D944e87B","jessica78ej0","","2026-09-04T08:58:28.516Z"
252618eac87f4ff8b2bf2639f45c,"0xb5e78d72480829ba80c10b9126ae57bf641af872","pete_rizzo_","","2026-09-04T10:35:28.850Z"
254a30defd24ec22fd9cc653f114,"0x0D1561189fbc419671b4c31e370E23DF348E6A49","SorenSketch","","2026-09-05T08:40:36.628Z"
259dec2885f5410895a8896c2fb3,"0x1e48c5fa8f76d21f4f88128d65d08acfad697997","tienho_nyx","","2026-09-04T10:35:30.372Z"
25c76dfe4ad04e49ce50928fb4a6,"0xC23AD76a431975D46e8537CD900541daBC079455","esage","","2026-09-05T07:48:14.660Z"
25nh9osHnPhNAU1uoIV3roh0j2K3,"0x9192B85599a3B0db2F33F1A89D89Bf25c9b304EE","JennPaulso58841","","2026-09-08T16:22:18.187Z"
262b25db7a3d8d72e01b01dfa8cf,"0x2136cb6e31F4B046EB9c4255EAA95Cc09b17d2Ec","fern149","","2026-09-05T08:09:48.329Z"
267dc779ccaf06b43db383699cd9,"0x8686744Cb4B332932cDd5422A1AD31b7e09A7825","Humbleretro","","2026-09-05T07:38:33.624Z"
26fc28d83bf8c1fae9b28235f1dd,"0x58d0B5BCC9D7C61B705BE29819826f96e23296C8","theSwiftHeron","","2026-09-05T08:21:34.220Z"
26fclEfmxhgodPLDtqx1EQuvZXG2,"0x037E9AA29915F542DA781487a45Be5d7d6ae91DE","KimCng110491","","2026-09-08T16:55:20.231Z"
270fe7f240d06858fe23a96d3058,"0x30E042D25f7cf5E76040d2bdd2082B1eD189a2e8","rare_onix","","2026-09-05T08:20:09.039Z"
27AaVuWNqndmoPTBZvgvFzwf9F83,"0x2B310b8D1294b4e9Dd8bE94bE8c75c24783C6C09","LngTin1181061","","2026-09-08T16:46:22.262Z"
27c06e4f5291748d44902ddcb979,"0x30E87afF77bA7Aa7CE548458a27E3f8e072B7eAE","nova225","","2026-09-05T08:59:57.851Z"
285d7e047d06c2c06e0639414d67,"0x861e1aeEd4933fD76e1A524B9e9F99fDf1A89Bd4","nonix","","2026-09-05T07:34:57.587Z"
2873f90fbda4178d7d4469767288,"0xFd4797104F68113DF52ad57eBE1aDcfaC14876Bd","FernGraffiti","","2026-09-05T08:14:28.459Z"
28873fc0bd71bdf133b52b82a8a0,"0xBd497733799251ded656EC90ab4627CdBF4a25Bb","slymantis","","2026-09-05T09:09:13.929Z"
28aad288746e2b4427823bba8049,"0x9FC0efAd7B67f766c971C6B2B31Ba2A942ACa9a0","Coolpixels","","2026-09-05T08:17:45.026Z"
28f0c28a3a4de52b3d5f3f0fc6bb,"0x7D5c9EE96d2802551C806bc656f6Cc06F42466D5","frostcobra320","","2026-09-05T09:00:55.551Z"
28fs09EiAbQE7iRMG0INLGyJbga2,"0x4d835508e3b28f28237d5694d8d06f2596a5e39a","creepynads","","2026-09-04T12:14:07.158Z"
28lZ3atm2QUdu8tNhrY4lPqyBax1,"0x3628475153709D1eaC1343c19AdC6A9A9C406a7f","LuciaPache7598","","2026-09-08T16:48:53.184Z"
28sxEfeRlIVu3x3XQEKXwKC4YP63,"0xa6716e46330562fE3E109E5fb3b520c6381Ff996","ArthursCha28844","","2026-09-08T16:23:07.070Z"
2915ce24571bae7b585e15e1fe72,"0xdb818e3263D7a80Cc7aCe94d4C6B8194Fd5bdd32","doodles_fern","","2026-09-05T08:46:06.200Z"
294bfb4fa873be767d7ff9d1f644,"0x676cd7C2dc2d228bc56c9121e62cd7C4Db7a7a1E","soren871","","2026-09-05T07:57:15.898Z"
2951531268273bc5d2cd61f2f92a,"0xCDf087b870df38365058BF8313C956C925271871","Silentgraffiti","","2026-09-05T07:51:30.934Z"
29Oslq0N3BgLYtzbaS4yvWSaxLG2,"0x14916Bee21Be85722Be1c5c9087566F8df427aA9","gia_loan61342","","2026-09-08T16:29:34.243Z"
29b694f1340149528a03c780e1e7,"0x6f6c917e730336207260d8254366429cc1e948cb","defi_monk","","2026-09-04T10:35:33.402Z"
29bdfd5487471f2eec1948bcb4ec,"0x97e488a3ac7d7c20Ed6d27955fbDC26d51C4a630","crimsonhare","","2026-09-05T08:26:11.244Z"
29fe867c3d3e8092eb4995447998,"0xc14d4887810c3EEEcF384c1f16412f95Bb235400","theWildCobra","","2026-09-05T07:58:37.209Z"
2AGUasVkUQNafBYXSYgnX5W0vOE2,"0xF48A45aF3B23f7C474a908d39b4Fe5289CE2F7Bb","KlineDolor5422","","2026-09-08T16:11:45.576Z"
2AfX0zPLp3hNOFb5TAozdq3UGhF3,"0x7B0dC64326837095Adbc689f94b6cAF33ad6A64D","HortonPam55180","","2026-09-08T16:21:31.879Z"
2D9J8EFoQ7PJeBxnclX33H7LmSu1,"0xDF9A9C5C1661bD712B68c6D94e1B6614DE0932F3","JeannaKinion","","2026-09-08T15:37:50.996Z"
2DFEXW3rNEeJbohPTJyWN8xan812,"0x833A0807C738a4D325071B99dec5c29af220C848","DngThin562448","","2026-09-08T16:45:31.710Z"
2Fon0xkS0RSEbqBWDSabtod0A1D2,"0x9D654Da451BcB5F00623Ac2225B8e4FA2023b818","Eslini0937","","2026-09-05T10:56:38.186Z"
2HGIPM0MuSgDhPrq0fCC8Shxg3E3,"0x7F6658059C101BDc0F418Ff80a5e3305fD5Ad3bE","QuchT293620","","2026-09-08T16:40:55.334Z"
2HtwrVV3gEddo8IzmjdvfCJBftt1,"0xd2f8f5D9fDFCE6133d0370B31e5Ba8aC4B8C52E5","DysonJoel22876","","2026-09-08T16:21:53.894Z"
2Icuhh6BpscnYl9ae0kABeMJ60p1,"0x6baE60b0c3541f718FaEABBAD55Aee78558028F3","NguyenViet55461","","2026-09-08T16:31:47.271Z"
2L0Ny7jWaJfOA3iu2DokTDG0btE2,"0x28dc0603b2a5eA7a21631E9F1CF6b9E762b075CA","SimoneM97674","","2026-09-08T16:14:15.628Z"
2LTv4bCu3WN8yZ8BIskxYoVeymw1,"0xf1489a712043f5e28c86566fca65ecfb0de4d69c","RipHoods","","2026-09-08T03:57:53.720Z"
2MH0iBTxdPNAjAtIYUf66E8b8LB2,"0xa4528c98f7bf379a8a74ee21092556d4e285a299","Icacecan","","2026-09-09T03:56:57.507Z"
2My3iN1EjqTH8GJ1E3e34YKUqTZ2,"0x7A737189dA2d28Afe61ADF9BAc4A71f1D3d1b2Af","StacyE34919","","2026-09-08T16:37:11.461Z"
2N32SlBkOFcU3cgI0NA9y9mW5Th2,"0xF3D57bbA69B65b8882DF77dcbdF326c8EdaA6D43","KennethCar47612","","2026-09-08T16:12:02.868Z"
2NrA1nZ7zEZo4TFIJg7bAudBvIA2,"0x552ef32DBB1ffb98E5c3C3FeAf3700682C5Dc479","HAn381544058282","","2026-09-08T17:06:29.627Z"
2NzZKmLGTQYGyK9BKV19uN7ipGV2,"v","Le290788","","2026-09-05T13:57:13.372Z"
2OYraQE4VraSB8Gq5RyJ4ibmHqK2,"0x06baBBB8EB4a7e9336546b57E9ADF6D21B0366AD","luong_khan89252","","2026-09-08T16:44:48.263Z"
2P50uDEosCOEcxQTlv3ECLMMzxz2,"0x87875556FD7142cbf71262aCb41d44787776CEe9","MatthewAld8833","","2026-09-08T16:49:20.556Z"
2Q3Nq6abBqa7mm3O11SatQjSOWC2,"0xB69Ee2E8C54E7396Ee4e1dFc9983d34762A05132","PaulaTraci68615","","2026-09-08T16:23:25.455Z"
2QuZaJV95WM2VZlgxpVtIO5afRb2,"0x5C8Fd4282A21935049844B758B24A060FD6707C8","WatersGail32960","","2026-09-08T16:17:23.295Z"
2TylAvUvjIgR2EkZzFQvExzPBJvZ,"0x9C3F79130f1749eE68d7228A3e09A6Ec7bea82c6","kathryn02tc4","","2026-09-04T08:58:19.930Z"
2UaWSw9GYCUdNRcRzVJNBKLWUt43,"0x84152fEB4E0030F55fF7f6095c8f4A87F7a38037","JustineBak54414","","2026-09-08T16:41:30.000Z"
2X42WKIaUgRNiHfHNoKQfit5IBx1,"0xbf7da5DaA696a48E8F93E8fce626639Ca127EA45","fane_jack48925","","2026-09-08T15:43:34.135Z"
2XWsJKtsIQZuWggrH4C5QhGOnaE2,"0x4597B59b8Fd8A1D0587D5E327A959F8B27700C0D","_isallll","","2026-09-06T17:12:27.527Z"
2XmouhBSFeXspMzg020Q0pKCBgJ3,"0x811d9529E4821a9c467957F97e3ebac93209092e","MH0745057748354","","2026-09-08T16:36:14.819Z"
2XxvbASOcsQhEDwsJHbX6XiqqPE3,"0x148F8db94A3562EDB69164073ba626bA8D3CDC83","TuongTrieu36615","","2026-09-08T16:38:33.362Z"
2Yvd06RaFFQ77JOPR0LMSOV0Kpj1,"0x6Bdc0D3b836eCCA595563Be12a5cDcc133360E61","CoriPipkin86254","","2026-09-08T16:27:05.619Z"
2ZKQkX0L3Tf4AUX9p5aMdEiA4hz2,"0xa3788D9924CBD4BCbBCbe05e51C96D08A5C93061","DemetraE5723","","2026-09-08T16:56:20.499Z"
2a165a6a402635ef8104898679db,"0xbA9B73d315a4fe4c3Cb9eBDD297132Cf4623a8Ab","doodles_echo846","","2026-09-05T07:48:59.788Z"
2a916add4b0b429ea1aee4d973e3,"0x439e68f2c878be4ebdf9cefb403fbf866c487efa","wmougayar","","2026-09-04T10:35:14.011Z"
2beecef27a9e7ebfc47a9a2569a5,"0x2178E00DF0F4eA104e8Dfffe97b1653F7DaCC7C2","Irondrops","","2026-09-05T08:13:09.838Z"
2bfd76b5d0963ee50e7f55fb16bc,"0xd882A0FCdD2b642f94977e7d60c5Da347F0CEcDb","realecho153","","2026-09-05T08:11:27.096Z"
2c00c6935d8719a399d2079d9aa0,"0xaE5811d89512582b604E556E2E04e3b527b8F4D2","sage236","","2026-09-05T09:04:28.100Z"
2c3cfc9c2fcbc677200c276c1ba9,"0x498a40d68C39c0CAD5Eb8Fe8dA4861e951b1edA0","Slydrops","","2026-09-05T08:21:47.946Z"
2c8a3f6829182fb378c814205b13,"0x81103e2f14329f6D32cca68cF5ba904a681A3506","swifthawk","","2026-09-05T09:02:03.123Z"
2cfc73b242eaed77768d99966b78,"0x61223D20eA38f7019e9FB282D2cee760EEEc7e26","willow497","","2026-09-05T08:01:08.416Z"
2d08b0a242393d615c5d56022246,"0xD8fF83724F64D987e0e7219245b376Fb1B74b8fc","lfern","","2026-09-05T07:47:24.871Z"
2d91d95832a6475d96559709af94,"0x5d2af629013c6583e1069367b02127c0654809fd","0ximjoe","","2026-09-04T10:35:23.894Z"
2dOiGbqxgOgxOCipw6xDm7dcvMi2,"0xCCe43bA5d5908B279af9407aB9d46AA79bE55ABf","EndersonJo98255","","2026-09-08T15:44:47.638Z"
2e0ab7c33b3a4a84a5780b3e232f,"0xc785d6310b971acec5b396c8fdee6af7fc8be899","MOEW_Agent","","2026-09-04T10:35:34.172Z"
2e361a445538712d88b34313885d,"0x0cC9CaA9326089E205386E731BeFeCb12086EDBE","silentpanda268","","2026-09-05T08:47:37.856Z"
2ebac6ed0e41e9251a19f8a21ede,"0xf08F1195A89A69d8893F9952616c21D7c05c7947","kairo457","","2026-09-05T09:08:33.898Z"
2f7a930ea0a730ce935a21d6c86b,"0xc9E3c300d50113ae37b83C5A43031F0813527c3C","EmberMints","","2026-09-05T08:22:28.897Z"
2fbcec3029cfe90790f34e4ff71a,"0x0EAc414d97c21d5a5f48E0880Fd9F5851A025e8B","Stoicart","","2026-09-05T07:31:12.220Z"
2fbe95fe9f7bfcdcef9b4e4d64d4,"0x7E04C586b541817fa13dc1214C629d26d5BD575F","stoicowl899","","2026-09-05T08:35:13.339Z"
2fhmTOVWAvYi0Sr0R2sBKWfg53y2,"0xE2879034FB2bf1F9d3F8BC5820B1cAE2b35AD890","DodieGarri6261","","2026-09-08T16:16:41.594Z"
2fvE2vEZWSR1zAVNTuaOoWfVvrS2,"0xbD580b8C7C0D5B5d898AcbA69BB0633F621B32Cb","TangVien64308","","2026-09-08T16:57:41.191Z"
2guGVLMlraVzOAG0CbowTzOu1SE2,"0xD5D71eE41Eadf7f7a5ED06bF8D30d7398cd77410","TMaiSn124834","","2026-09-08T17:00:45.274Z"
2hCYZPQ5WBYXSRruYrc2QySuQe82,"0x24133541C153d3294367Ce738C9fC9FFA9eA86EC","TrngTrung183283","","2026-09-08T16:52:32.893Z"
2hZXAJ2OUaZfbz3UwrbdP3PpbB12,"0x7262325E5bD338AcA1B49F9dFbA4dE5814FfE031","SherriCarm86746","","2026-09-08T16:50:15.932Z"
2hsupGhBrlNVkc5AFnxx2XPXX273,"0x74e64854f4cd97bDC7403342F3Bc4E1e52fC34Ce","VThnh976345","","2026-09-08T16:54:54.544Z"
2iAV04XH8YtQiLW2dxxpeJGcnaep,"0x1206ae66191083D4e3561fd717Bc2Bf0F35dD46e","JessicaWhixvey","","2026-09-04T08:59:16.801Z"
2iX6slOoojefJ7Ozc9SAiZ1qWHp1,"0x28Dc711000F84beAFde360477d8d6dC4Bfd7e231","SosannaF40073","","2026-09-08T16:51:38.584Z"
2jEvHexa5uZckLo4RAasuib1tpE2,"0x7d0ECA392294DF2d7a6689CEbED59eF37161DaeD","KimberlyMc56256","","2026-09-08T15:42:45.724Z"
2mAP82UjdhNsVUS9H5wt6eiz8YL2,"0x810692371E7CF74a6Fc1FA9b1100d9a4524f257B","GlendaBarn11810","","2026-09-08T16:20:15.627Z"
2nby472IRVVuwtG3qlz3lgfnMRd2,"0xF879A27d233861f34C07b8640d84a5c0c0175e86","TrnPhng118567","","2026-09-08T17:03:34.752Z"
2qGPhKZaUsOjBQwNte3mbitMV7O2,"0xBB1F6D74BfF4959a5e94eb5c3c584b0FA0E21240","KimGeorge54399","","2026-09-08T16:06:12.874Z"
2rHfvwDf8KZQnkFoEwm4AD7Jpfv1,"0x1bC1fC48eB49BFFD98E1Cd2A03169834DCA6e02A","LngThHuyn484727","","2026-09-08T16:58:37.992Z"
2rm8sFGgmqdK4DksLrlJKPqedrc2,"0xEeb18Abc5F5301fED8db45F4d1a80b202877B5d3","TamaraM92314","","2026-09-08T15:44:33.046Z"
2rotYPWoxDSSh5amf2WFS6CUulT2,"0x6BE2bC27999D3590Ed6036eBD28810426b8749FE","LTuyt6806775786","","2026-09-08T16:29:04.295Z"
2tL3PxQMh4XIB9zoJtwLOQVGD1y1,"0xAC49d9Ea9C1be5d1290578777BbafD00B5fBCb9D","McgeeGinni35105","","2026-09-08T16:54:22.426Z"
2ubvsa2voMXnJRRVwTiNVj1ysTe2,"0xB7c6F3e4588e8ee16CfD70FBCB94153af4B7469A","VTm2012142","","2026-09-08T17:06:24.477Z"
2vimxefVPOZvPPX2OskaqJB6CTq1,"0x559936D2BB5604a267c5a71503BE023536f9E16f","tin_xuan87796","","2026-09-08T17:07:56.873Z"
2wXLK8JQiDShnDZ6jMzuGnNhEhu2,"0x9be6eBe418835D4D224B9Ab31aD93580a223b668","TrL1589904","","2026-09-08T16:28:16.402Z"
2wr6PhWQZzgPvIX4PygZPhggARF2,"0xe42081f89d8e23069a9FD98059Cc8339Cd389Ec0","tam_yen90858","","2026-09-08T17:02:54.314Z"
2yXvRvBiXRRXrdU6UGfUuHcWtf93,"0xC10c998FAD0154f5052dc122a9941562d9c6b26a","TrngVn146029","","2026-09-08T16:52:28.092Z"
30615eaa2801f2c9246270a93df2,"0x1F34892597D36D9742AD67Cef61fEd8FbD8360d8","bravekoala734","","2026-09-05T08:14:43.933Z"
30ba3a0c5503216218d3bc90f69c,"0x8f42b22ACFf09f7bd255EcBb5bF637803d44f770","hember","","2026-09-05T07:53:31.764Z"
30d4003abfbcbfa4d75fefb778d5,"0xe77D0cc7722026F4d05cFaeB04D3cAfB530dD24d","theStoicHawk","","2026-09-05T08:34:48.046Z"
310d767be42f408facf50d31a2ba,"0x00c90e45c9dcd5a7880a63a19c422cc7034fc0f0","CryptoHayes","","2026-09-04T10:34:45.488Z"
3136,"0x8ce1e69302085e466B4E3DA134ec04DFcb6657B2","3136","","2026-09-04T21:14:41.000Z"
316850c74e1ba0bf7c42ae2a0ebb,"0xbADBe46509DF46923Bd1f19052bF2cf5D2010C05","realwillow272","","2026-09-05T08:48:28.280Z"
317784f4466442510e02c3a9ebb8,"0x7B9ED84929a2C6Ca4AA62B4Fa3d82152E4AA0d9D","Wittylofi","","2026-09-05T07:44:18.613Z"
31b340aa5535c6f2e601653cdbc6,"0x8D763dFFf0Fb226343d5804Ee6fee7bb41B013cF","fuzzyhawk","","2026-09-05T07:59:11.710Z"
31b8b0bd43e8c93a0ff3b03e3a1f,"0x1aE1B9fe8C9dcb84eC594a511D021E906aaD21D4","HazeGraffiti","","2026-09-05T08:36:42.380Z"
31cd3bbd1d8a50353b4503d5709c,"0x5418c49Ad393D1f9a1637a7256DD3E49f6E3dD66","Lazygraffiti","","2026-09-05T08:20:41.581Z"
31ef4f1ec2d2f4c8bd79d0589731,"0xe59fF717f29dC9c12845028b3B97BFc05Ec5d713","rune_edits","","2026-09-05T07:32:18.774Z"
323b00a3e7209296a872c9aff4f9,"0x4d75c073eC686b9aFB271E763D6070FE80282e64","theCrimsonCobra","","2026-09-05T08:30:05.994Z"
325ccc38ad91f87409082b50db24,"0x3c26C2AC109B7f7f23D188a818C9bc3ee3Fa8a06","realcove","","2026-09-05T08:02:24.276Z"
32da840f75f29faff134fcdb42f2,"0x5356c6446A54c688A238b44E34520518eE72229F","itsluna","","2026-09-05T08:18:14.098Z"
32e0dd2945df9efbb1a55ca2dcf6,"0x38b47c7423138A2ab735786107a58d7BE9f08ff4","drops_luna","","2026-09-05T08:27:34.631Z"
33AJQYEyrgfTZHA28oEwwdWSUSy2,"0x56F53f54821a4c890A1b729AFd38901eC3770d52","HChi626945","","2026-09-08T16:29:25.495Z"
33Y9XtSxaOhuMTPyRJNH55Vkz542,"0x473b9Cde82f3DD366FF710C1e2c6d00485D613b1","denboer_ginette","","2026-09-08T15:37:50.118Z"
33db68ef1c787f5864c74b9aa3a0,"0x338f343c0fAB63D7eD1119841beC5D179A3C7521","itsfern","","2026-09-05T08:07:47.824Z"
34b23b37ceac9f8bfc4a65da37c6,"0x2323Ca2851768978543B7B608A2E4D0FF9441C83","Vivideth","","2026-09-05T08:03:42.486Z"
34d2ed9fdc69eac5f7d423f239bb,"0x188089378463388f5D192f4f5134FCcd2A683463","SageLofi","","2026-09-05T09:12:45.565Z"
34uyEQoTmVQfgdz0rnkTfEkaMzn1,"0x3a3576f236c3761671716783e9e5a67e328a913e","FullyAlliance","","2026-09-06T01:59:41.976Z"
350cbd16aefddfde7ac101b2ce38,"0x9e1d3fa9BA92d0d6Ae2304c1b9691cf23F9267A1","nimblefinch605","","2026-09-05T09:04:49.973Z"
352657519ae8af6f5bc9d4254704,"0x17A7d52Cb9b4985FF1Ddd1c9E6fDF949a93c405F","fuzzyhare335","","2026-09-05T08:33:07.954Z"
3535f9adf4f8ca03e067299c61d1,"0x578aCDa26C19460665Bf3f973CfbD76016E8699d","htoby","","2026-09-05T08:15:30.741Z"
35adcecd8628a4028e78243b830a,"0xE0fEe248cAe32eC3aF3841ED5C7935d9406E11f2","Nimbleloot","","2026-09-05T07:42:46.321Z"
35zNJJgzOiPPHlOTXIjz8yYmxq42,"0xF65e3E9a1a82669DE02B1Ff389A5147497B6ab18","MarilynWil60243","","2026-09-08T15:55:57.085Z"
360f735c7098475ab3483e177071,"0xf10254ad491f2ba2c1c1c481235bb13152ea1109","CryptoTony__","","2026-09-04T10:34:47.809Z"
3617a335476317f4c97567a7f1f3,"0x2DE750699199D449c2e394004e735f5836A237a9","art_sage814","","2026-09-05T08:29:03.151Z"
3643c823ab048802756a6912b4ac,"0x9179a326953F6C0a74E3f0E1Ec1dD7E620BfEA48","theBraveBear","","2026-09-05T07:43:50.954Z"
36d3e6dad9f48f12cc565bd69dcd,"0xa29fADe2f8726894C26A5D29c37162c4e49D3481","RuneArt","","2026-09-05T07:53:46.841Z"
36e662fe12a542cfacce6a2fbb5d,"0xaf1dac99f889a3cc08b0f77ea72bd08c570ccd72","aeyakovenko","","2026-09-04T10:35:39.723Z"
36f068ce05a800caf56cb24cda6b,"0x39B0f08caA13a91139Df1dd4B80618BcA6D76B3b","cove_edits","","2026-09-05T07:47:58.184Z"
36x7MxCbcGWyf4HttfK8AIpGZmo2,"0xebef68e6d59ab61e8b1170e3b1056314d310f038","pdt1620851","","2026-09-07T12:35:33.587Z"
3783e1cc6bf34eacae6522c2e5b0,"0x13e7dea9a5e107caefa9a93b85c9834a032c4287","TheSwingTraderr","","2026-09-04T10:35:06.367Z"
37NIgJJGldYsyA7h3TgBryRquQF2,"0x563129069e2c44d7C741d0e4CEDaD9eB4Ba2aC3f","EFinley54344","","2026-09-08T16:29:14.793Z"
37b73a74bca75d7980f6500df060,"0x25730Bc8248b627d9705E4457dA9c59D7FC0d0f0","anime_toby","","2026-09-05T07:31:25.497Z"
37cb79ca3844358b33731c4d5292,"0xce3a200e17bC8BEf3f92df2f7B78014AE96E842f","cosmichawk506","","2026-09-05T08:45:21.559Z"
37r4DGc0Sle20pQFdIpG8rDrKYO2,"0x6Cd85066cFa0632f4A289AF789e67BDf7428D376","BradberryC65804","","2026-09-08T16:17:44.358Z"
38057c3ba8fdbc231e22f091b30a,"0x81F779597Ea97aA114Cc4d21e0F3EE89AFff2091","humblefox288","","2026-09-05T08:01:46.710Z"
381411,"0x9594E9737f9b7836C7DA96B255d785C5eEe94Cf3","381411","","2026-09-04T21:19:36.000Z"
386708118a46c2020bc19f5024f0,"0x757395d120E66e32B7A62d19B254Eceb3E320710","slybear93","","2026-09-05T08:06:56.042Z"
38b999bd494fb7bceb3c30991a1f,"0x736D903bB9612164f3Ce744C126c191E7D2f6afF","eth_nova12","","2026-09-05T08:45:30.464Z"
38ba96f640734d49ca6751d58406,"0x61c12f7B233E4f123C44FD954d2500524D99F0d8","ink_rune482","","2026-09-05T08:40:56.137Z"
38c25d67bf2b41ce9ec9ccb9d9b5,"0x8995ae2071c906CffC183395E6E59F379072a147","Fuzzypixels","","2026-09-05T07:33:15.329Z"
38dd,"0xF799c9aFf3E3a0fDD34bd5676Ee33169dD72C126","38dd","","2026-09-04T21:20:21.000Z"
38f4c52f1ed3d013a8a6a183659e,"0xFb587bb46b871C3a38DDeC99f51bF4fF7505Ba43","oluna","","2026-09-05T08:22:08.635Z"
398fecc3324a70dcaf26e92a06e9,"0x8EB22271C01B139b486D3d891AA5e28a315eE757","RuneSketch","","2026-09-05T09:03:05.145Z"
3992e8835e064c0f8de4de477681,"0x2857cbb297a3aee5ad21902b109aebb1216f8727","cryptooKaZ","","2026-09-04T10:35:35.955Z"
3A8I2GtWLmUykCRae7azO2HLjKh2,"0xe8E9fa09dAae2a9FE3EeFe0eAD5cdC6bA02c57e2","THuy1619928","","2026-09-08T16:59:54.141Z"
3Cm40ExFnBdKVON3Vx6MHuOS3p83,"0xbCEb73b52051f98A5776c176d7f9971C371446f1","TngLinh142463","","2026-09-08T16:49:53.782Z"
3EzDcbHfs6QLFgem3hzbdKuzhhC2,"0xA86c4aD3E8A5653D76142C38Ca80C724DcFd24a3","ForsterMel1509","","2026-09-08T15:45:10.807Z"
3HpJAz776HadgQJFxtloia3jPk02,"0xba61E1c55A33270ceAd544ED420a35eb9B81bEbC","QCharle45368","","2026-09-08T17:07:52.043Z"
3I6vGvgxBNdUF2M7RfJJnzaYSy33,"0xe693ef5ba9C2381042Ba9007304CfDa897588763","VienVo64893","","2026-09-08T16:56:09.050Z"
3IPJVeGAD3XJigJUx1v6uTmrG0h2,"0xB133d21b26A21581ae9d1DbBc02f61132B36Ca87","thu_bui72874","","2026-09-08T16:48:10.926Z"
3IkLRcaNyfTYSXS4rd2LewCR9ku2,"0x920B60Ef6F4c7Fe47D4c8b3AFedE18c4524487FE","StaciWhitt6941","","2026-09-08T16:47:56.169Z"
3J3zQ6cNx2tEw0KnA1uOiTB6iLHW,"0xD4a422944F0a791eee93B245366a8C9449aF7153","brenda72yy1","","2026-09-04T08:58:33.710Z"
3Le6MgoouEeWSycJEnAzHnZR0NDX,"0xaaB7b2614e8F1b7499eD7ee132Df52DB8eC2C84A","RonaldAndeojng","","2026-09-04T08:59:22.618Z"
3M6BfsX5zpQrFrbB7GwEgzWsQtZ2,"0x385c463CB8CC1235FA2Ce3F4b0b9095b344E9e6b","haven78406","","2026-09-08T16:33:30.380Z"
3MG7Kyz8ipTQCgtVwI4DQsPfTIe2,"0xB72f76C00ad420D88051d1E9D18144752efb37dE","JohnnieRic260","","2026-09-08T16:16:47.080Z"
3MW3iRamNIYVrVHWk8VzfFuDyE23,"0xEfA50dE079476109f624632fb0373BB1Bb2717Ed","CandiceEll32922","","2026-09-08T16:13:41.988Z"
3NsXR28VuHdOGlBnuDjie6r52293,"0xefcd03be403684381ca721d6459d5ee6cc5ca957","sempak_kadal","","2026-09-04T11:51:57.937Z"
3O3LDcnEUkfz5rbkMcaeWzt7G4D2,"0x5209Cbee1Ec800A82c5260C4533ffE4802889F47","HeeZena53861","","2026-09-08T16:42:00.708Z"
3Rvu9QkkrOernmEhlg8dHPYVcrX2,"0x487C659A2C50416f26fF344d086E7788B3210da5","LindsayR7991","","2026-09-08T16:14:58.069Z"
3U5e0v2lag5OSWqTVuYtmefhnJxX,"0xE448f02A6fFA838Ae38EA7c1b631c1cdD6AB1F8c","AmyPricesfxc","","2026-09-04T08:58:59.001Z"
3UUKTdgTmeSdugnXvmHr3YuejRg1,"0x9B294467ea833DAd9553A700EB0145b1BD793aee","GavinHaile96651","","2026-09-08T16:26:17.734Z"
3UacRdnWGPM2xxZUj5eUFJTALUv2,"0x4fEb349aEc306CC169B432768b11AB5A311b4C24","PhanVinh430226","","2026-09-08T17:04:46.903Z"
3Ugmp58s6ITypWH50eH0pLqNfBz2,"0xDA3Dd88001F07D11FCEc9F718F21d29a778E21BE","gwen_saman41251","","2026-09-08T16:34:30.664Z"
3Uyfbsu7rRZRsFJTvdIt9fbaTtn2,"0x887B0e4d0f746C4418619134F9E59fBf09dF659f","phan_hieu28169","","2026-09-08T16:27:57.504Z"
3VVxZyvkaxcPwnQ95e9zfyGTiMo1,"0xb4EDB9b8c3ACC95A131D5Cfe3260770098212318","TrnNgc114841","","2026-09-08T16:32:22.809Z"
3WyUVw9fzQUdKTmZOC7s2BVp0Ln1,"0x0a2fA6BFcfbB6005d3163B2f2713fB0C7bD2F494","BellaHayle63085","","2026-09-08T16:42:47.098Z"
3X1josAcueg3e3i28E05DfM26fr1,"0x94ABA4219a3D29E40096D1E6fE5932d7DD27896f","Xeternalmonarch","","2026-09-08T09:58:43.224Z"
3Ye2hmjOdRNGVa0cc1k3qh8ct0d2,"0xDe02E7fb72404E0f09232ef79c3589d1f786d2F0","MirabelleL70051","","2026-09-08T16:40:20.451Z"
3a6xKbX71ZSpYfEe6HvcUMwjm9t2,"0x6205e588cd41c92DAaaa5bB81b6d5AA2acF1DdcF","pochit20026","","2026-09-08T16:41:57.388Z"
3aab09f51dd22a52db30dac8c41b,"0x54e9a116395B314c6742B805426c7fe00A26668D","xrune","","2026-09-05T07:31:50.857Z"
3af6c133105584c577c1325f0dcd,"0x32E7D0295A725c2B3aa4773Cf558e8Fd82Da7cE9","mints_haze329","","2026-09-05T08:54:09.233Z"
3antar,"0xeFde1eF9dE10b03AF237Aa36d5c74511Da05DF62","3antar","","2026-09-04T21:21:37.000Z"
3b4131fcdd42bac808c559b9e584,"0x74c60A31311144f2aBA3E881736cD8a12F5FDfb7","KairoInk","","2026-09-05T08:11:16.292Z"
3b94866ddb33e7167177dc078b6d,"0xbEA7fC483de074Ad2F320dB2d5dFa0230bd62981","CovePixels","","2026-09-05T08:06:45.049Z"
3bd35a5be759d1f409c3c4e0163b,"0x6A3003b4f3D441ffa9c8E728ee146A97A1c46D4F","EchoDoodles","","2026-09-05T08:33:45.250Z"
3bdbf59841235b918745c4ec5748,"0x0D175830269ED22c3230ceE1669cE5b24522ae0c","Fuzzymints","","2026-09-05T08:18:26.646Z"
3c07593cb2ce352a048f4dce33f2,"0xbf0Ad9EED99fef219959F1525a861EF525309a03","kairo501","","2026-09-05T07:30:41.339Z"
3c410d2f589544929dcfa5ccdec2,"0xba8fe504b8687bc8cfce0dafba1c08c9afe004ae","IntelPocik","","2026-09-04T10:35:24.087Z"
3c74693fcaef0845eb4ae06ba3f2,"0xa0296Ea9Ef0d38ef601dD42Ebf4d3F743C5e2910","Ironmints","","2026-09-05T07:59:49.304Z"
3cSc2JVwsoSiarQA6QRHIkhTuLg2,"0x4A7766CE67E9B8954Efd38E2C7AD86A06B9fF056","0xcarpediem1","","2026-09-06T17:57:25.281Z"
3cf944dbad283cbbb636f00269fd,"0x0080091Fb73755D20c6e831793Df8Aa85E3f9F23","MistSketch","","2026-09-05T08:48:13.336Z"
3d22TN4X9RWn3xDqMkdWcUYfNts1,"0x4015C8992b392658421F3B98D783f0DBbcf7a2da","LondynSusa71064","","2026-09-08T16:17:28.570Z"
3d2937624e16628e2fc3b4d419b3,"0x32188861cC4c7f81Baa8c7cE0643c06aA3A1c883","grumpyowl","","2026-09-05T07:47:02.990Z"
3d7c1649153f92edb70d6a8847e7,"0x37C54bc77c64D0e64b6648F323b2116505DD5eDa","realwillow495","","2026-09-05T08:19:55.145Z"
3dBo14UqVQSzYuWEqo4T3mfrnRP2,"0xe50dcB04b436d31339A10EDda0C41DbE882D0104","flatcher89086","","2026-09-08T17:04:13.895Z"
3dLeCSTS7xdHl8hfqy0ZByTSW303,"0xfF7e46F3EF5Fe8C7F7bBB7844e88489fd82918eD","AnonixWeb3","","2026-09-06T03:50:19.759Z"
3de61830e9104adbcdb457f69b73,"0x2aBa9728988A6A2A50c5bd8B690c47E5cf518E2b","Frostdoodles","","2026-09-05T08:55:15.049Z"
3dec491f0dbc4fe7ad6ced762413,"0x3688eaaf6b939f684aab7f5274c4b74281de5941","StarPlatinum_","","2026-09-04T10:35:19.596Z"
3dffa935c7cd75dedbf0a2feafe5,"0x869B85D4F36C6FeaC23B1eb49Af513b8b334844E","remy378","","2026-09-05T08:09:42.293Z"
3dwE11nV4GPnuHPqhZUFFccaP1J3,"0xAEE24Ed04bc0712a10C63DB94cbEdbAc7200b0E0","DuongYen34899","","2026-09-08T16:42:46.455Z"
3e0a85226c8dec45a2e48d236fc3,"0x69DF8ddb1C4004a334450358502B42C7d923BbCD","doodles_nova","","2026-09-05T07:37:06.243Z"
3e8fa5ba6a364adda3a822ce724e,"0x1cce66bc3417548e970dd3b161db30f6882d7f0b","Solana_dailys","","2026-09-04T10:35:33.945Z"
3eZNop68R3eUgxV6odOF0UwHC8D3,"0x1cEC9fEeB2451EBe992a46Bd4360EFD70F8F8de7","EolandaY23159","","2026-09-08T16:41:17.786Z"
3eb5b100c101a982917ab275392e,"0x371bfae80040d8AD7ba2943b4AC4DAbA7b14f9a9","realwillow47","","2026-09-05T08:17:36.988Z"
3eurpxYkS8X1QAZkEvv4RgeX6Vu1,"0x01205DAa96A452EeF69366919f3d058cD9a7aE70","LThng312871","","2026-09-08T16:27:59.379Z"
3ezd3BZaYbTGVVeKvWPnArOZPkS2,"0x199d0e1725F172F2123C33eEFB00973e91209419","bao_thu37050","","2026-09-08T16:55:35.590Z"
3f3257130ea8256b07e09c86fe28,"0x62fBf804F0fef30D4350CD60Cb3706f23959B91a","realnova850","","2026-09-05T07:39:55.582Z"
3f47d86d1a5f07cc6d09c4373120,"0x37603883732C434568b81C6E6CFdD8280C1005Bc","drift79","","2026-09-05T08:58:00.532Z"
3f7T1JsI0RY2eVnvr6aCljcWO2J2,"0x1E195C282863f248530E388695B3810726154b2F","AnaNguyen279324","","2026-09-08T15:45:51.159Z"
3gNn6EhFyAdT9t5NIp6uaA5vTId2,"0xDbf3045d370e08765faDad3C12B9093dad02731F","SpencerPhi76962","","2026-09-08T16:47:38.626Z"
3hXo6lxhxbXWg3JIgP6ui3dEEb52,"0xC0f2038721a446b4b4966bc45F43282e8EF752DF","ryan_lizzi7496","","2026-09-08T16:49:45.890Z"
3hc1qZWmUMVPsKivP0LGFmKo7U02,"0x0e307773a8a5a05f0538f1E3F68099e65c6Ed683","rochelle_s88036","","2026-09-08T16:37:30.557Z"
3iAtQmy1vlbKNAqwnEE9BJAg1gN2,"0x18E18b08e4bdFBa8344E22861637a357Fb4C8613","YosDeniel","","2026-09-06T19:21:55.564Z"
3iFMuZKAOKPtGs2bSrQHoWTlIwW2,"0x72F505ba8580995c14e2C02f4aBA13107946c6fE","PhanP35295","","2026-09-08T17:01:27.473Z"
3iHEcQ6B8FXfeF88g8pK8qJNlz22,"0x9b0765C8e75D571D18D71e706a8A6B4E9637b67F","GenesisRoc11175","","2026-09-08T16:28:05.742Z"
3iUerHysqdPjehhQDBlbKzHmUEy2,"0x44535840CcCBdB195CEfBC9635Edd4Ef0EEC9810","MGiang149266","","2026-09-08T16:29:26.895Z"
3kubraMbXnht7556gaF1wMigVUO2,"0x8a38147857D51311f18337A47CF56D1e256119AE","BMinh15262","","2026-09-08T16:30:33.675Z"
3lml1e2CcAPhqvM7RPYWhmLLowC3,"0x5F1470B910A9Aa952182DFaE19d2C0cd592E4190","NguynNam644025","","2026-09-08T17:10:42.921Z"
3mO6VaR3cuOPy6w1ZxlXhiC64EX2,"0x653c786b2b01e693c4A86434304d62cA3Fc09c18","BrynnSelen71798","","2026-09-08T16:25:49.552Z"
3mUqJyxm8fgEAjfHiwpNQSKkWeu1,"0x66e6d8FedcFEA922d7bEf4d202D7Ca0E4EcbA64B","VSchneider14699","","2026-09-08T16:17:17.357Z"
3mXco5TMx8Y3ErU82cNJwJguIcw2,"0x7a59228d862517884b66c4b26e3d6c6289f548ea","fitusedu","","2026-09-04T12:10:25.920Z"
3nLhF5LXgiYziKZwRZXaLnpFv82d,"0x3C31C9f82f3474D4C8208dA32D5Beaf6067b62EA","linda29pj7","","2026-09-04T08:58:12.520Z"
3nRQGDj31LX0IURFwdIiWrIP40B2,"0x3845B3EEeFA49eE9dC2930211f7AbE222eEb41f6","PackerRonn53618","","2026-09-08T16:55:45.838Z"
3oQs30uydMhFulzGZfnoqkM4FA1E,"0x3E0Ef75e16657403b21A6914cE98A82a9C13fF8d","krystal02tc7","","2026-09-04T08:58:05.873Z"
3p1bGuUpPLeTdBxcEkSeWCKSnTP2,"0xc6a6aB290bE65822cE7fc92ae273E488f70505F6","TangT44650","","2026-09-08T16:34:45.937Z"
3qaqDW5E3DQMvmAwE8pMaKNIEBD2,"0x0E8A1523fED7A0d4Ea6981ED89700be80e99107E","ConnorFras98603","","2026-09-08T16:04:12.306Z"
3uU5WQ4KvXVS8Oqq2n9ANNT2ph33,"0x800e4ADa0674e2E06789D69e2000456A4Ea5609b","LyHoang15653","","2026-09-08T16:52:07.590Z"
3yqQzJWuQLXlC5Ifk5SaLY67gd12,"0x6317bB8D8444b24E62F361B5C09F563c57e01975","DavidB20452","","2026-09-08T16:33:56.602Z"
4073b65ff0f85510e96231ef3bff,"0xC83aCf5178AD5F8F7CCbe9016aFE6eeA618eA38c","sage473","","2026-09-05T09:00:16.570Z"
409aa727637efa55f60c8bea82a9,"0x99563d27B20338Ac3e87efb90182Eda5d87Bd99c","xfern","","2026-09-05T09:06:12.121Z"
40c5f9f1c2ed969ea87a7062da38,"0x47F298735C8f910bc8e0cbA24793657cE21168eE","mnova","","2026-09-05T07:46:38.333Z"
40vj0nZzxERD33V7FAQyGzdm6Vx1,"0xbA3e9D17A7890398880BF48235fc51D0A8745cd9","zion_joyce9696","","2026-09-08T16:14:47.791Z"
412120,"0xCc4c088AFFA8Ee70272ac1d372A4a4D10d2E47Ff","412120","","2026-09-04T21:16:21.000Z"
4136ea0baaaecc70675413ff3a69,"0x6A8BC241468765dDd2df09E9fa358B4e044392F3","kairo780","","2026-09-05T07:28:38.456Z"
41angel,"0x7B16eec464fd8ED6A237C739eaEFb530B65Eb5A5","41angel","","2026-09-04T21:14:32.000Z"
41cVUJQ4nIhtaNsqbWJfBUdKLZh2,"0x35FACFD08F37e0f68646bf3943c14d7c9a56078d","MDuy221597","","2026-09-08T16:25:11.385Z"
425160c8362b25be555fc5397a87,"0x5b74ee1f3E15f1A53501525D964840C5F6efc622","crimsonpanda","","2026-09-05T08:06:01.231Z"
426139f28752ec947048d62d7412,"0x8e6a95e7195d979687592f729664b72Bd85a6aFB","onix541","","2026-09-05T07:52:51.045Z"
427cdc1626b33e70ec11e8a79cb3,"0x16fDece56B9AEA516ff5a5835a72525e46d8De3b","theNimbleMoose","","2026-09-05T08:29:52.330Z"
42c98bae317f4c94ac8e0b76488f,"0x17ffdee2c0e93ff6c563bdbaab86c5ffb12211d1","LeonWaidmann","","2026-09-04T10:35:15.244Z"
42e20901a93f2d435507b9ff2703,"0xAf5Febbbb6920A1613644eA509578cD3d9a36EB3","remy590","","2026-09-05T08:22:23.563Z"
4313124a595aacf0d3e2207b0afb,"0xAEAcc9c78029D7A9E6CF4ca839241DF19BC2D3E8","ember323","","2026-09-05T08:26:44.548Z"
43178f7cde1e75693ffc909f5c7a,"0xe14e551E911aE395C1Bdff5C8e9CCfBF36f6B381","silentpanda","","2026-09-05T07:27:50.980Z"
436fb4318ac7d27e9fcf4155937d,"0x79E916e75ad1db67754fBaA45d5305339D71b7FB","echo673","","2026-09-05T09:14:04.148Z"
43S6nUQm7NMCxnqFb2VvVlwS7ti2,"0xdE5004634a40DDF6915c1c1B00E31EB1D921a182","DoraTruong9195","","2026-09-08T16:29:17.973Z"
43WfHWqQ6jV3luwn2uO1YdOkQGQ2,"0xBEA6E55CcB3Ea6ca640dBa5194FCD9EB1C7061dE","GaryFraser32796","","2026-09-08T16:15:00.526Z"
441085af56c279fdd42c40360a15,"0xD488bA0318ce0124271dAaa4E9506f9e8690631a","MistEth","","2026-09-05T07:33:37.361Z"
4494f44599bac1ec4f1aaad87b59,"0x5842c1a566780f9d10133319c1d48a127fBC88A2","ember161","","2026-09-05T08:48:06.955Z"
44b3002ae2c98821be694e483efa,"0x8E78568AB169FBe264573c980d23D0019cB34C51","ValeSketch","","2026-09-05T07:30:33.508Z"
44rvDBm5Q5SXeJtG2iu1kFQMhtB2,"0x0b2DA26bC5154Df7F5B5EBA225A613eC2d96Ce5a","lam_ly70315","","2026-09-08T16:32:14.777Z"
45cecf23a0289cd4414033ac80cb,"0xf5d96aaa7b638Ae31d9f362357b3E88151b22D7f","onix633","","2026-09-05T08:10:27.485Z"
45f397c358341ed3ad65d04d0594,"0xe01540e0C6B683D9d371f7a6c57F2f6B2250626f","KairoMints","","2026-09-05T07:43:36.413Z"
45vULJCVeFPaDe5hWunRsCzi5ar2,"0xD9e34B57E17EE18E586b7851591f09925B4A577d","Twinspalace","","2026-09-07T04:22:32.430Z"
45xAR0GL3FZjYltA4gixyg8wY2c2,"0x8449A313C2C02a379Dd358778A8Ed0d42B153073","TriuThanh131338","","2026-09-08T16:38:32.041Z"
464e006c07f83c43347681a6c8fa,"0x9514fDbf53b76358969817dD5c6Baf8ADC0956E3","CoveGems","","2026-09-05T08:57:36.542Z"
4685c5006f81798b7d3b9dce238a,"0x53c7ae3E7f09d903FD67833B9381c3C44e6dC227","Lunarpixels","","2026-09-05T08:05:13.663Z"
4699b31c8059d1b5ec3fdec0c2f0,"0x536E8D7d746802E7CAaF1f84f5EbA1A3a67FCbe2","itsremy","","2026-09-05T07:47:49.913Z"
46c160d9a612cee261617a366794,"0x55A75C2201900fd9D805532b122b646D22b31866","ash_edits","","2026-09-05T08:10:01.388Z"
47586dd12edf36fdb7c54d19f8b5,"0xd7Cd5aA756fFDCB99BBC6afC88e159E700e289d6","nft_fern193","","2026-09-05T09:04:06.635Z"
4763e3a3098b94d9a8ebabd7cb31,"0xf7E6d033363f9E76b8FE66c22e0d6F0B6b3D5EE9","remy672","","2026-09-05T07:58:53.276Z"
4774c06cba7f7df16874ad2cf28f,"0x14899aCd04766C2C90703DdaD034d9A99E0A1099","theNumbBison","","2026-09-05T07:35:09.887Z"
47fc1e132f0dc648bd7e7a40ce09,"0x6D497b000Ff72d0fDb49A4be7007b6B77f8Bcb45","theDarkFox","","2026-09-05T08:07:30.812Z"
4844969,"0x50491052D1250E27bC6CED2fb937A4FF1581B1fb","4844969","","2026-09-04T21:19:09.000Z"
48e159e24f3e37b20ad572956688,"0xDFA8E7C4d6bD65a5636B95Fb712c64318fe7389D","Cosmicsketch","","2026-09-05T08:14:22.007Z"
490be7aead70889b2f861be3c0fb,"0x71D09d603fF697d7A1Ba0d8C0c5536895A5d98a6","theSlyLynx","","2026-09-05T08:06:09.506Z"
493eb853484954b2d1e554c0611c,"0xeB9e31aAa7006aD9f20317115DE2CC2A9cE7bc31","anime_rune","","2026-09-05T08:47:24.236Z"
494e94e9b9d759aea6b608c39a32,"0xDFa3466de321d280206f06781De36D82f6469515","xluna","","2026-09-05T09:00:36.530Z"
49UdwAinigYSU1M5YVOjIFdT6qw1,"0x83A385CD29Fa6e94edc94B5E80C9FbF1D115E9F8","Mbest5vgy","","2026-09-07T04:28:48.365Z"
49c5a62d6f8ed4366f501b1087db,"0x3f41Cc05C9BBb2C98F5581628D05e89Ec840fac7","remy444","","2026-09-05T08:53:06.280Z"
49e43775f9d708f829f3456c7612,"0x30a2d38751143AC2dF6d00A070127eaA54a6Fa2E","hkairo","","2026-09-05T09:06:37.103Z"
49eaf2ecc22e4f8a981ec21de069,"0xd9a59ee59e0dbabc13c967492e00cb6375271c8b","Crypto_Chase","","2026-09-04T10:34:48.671Z"
4AcgABp8NaYZ91jRUfCJYEKVGKO2,"0x208a94832094aE8b5bbA46828fe9F71f5E54E219","HKin330751","","2026-09-08T16:52:06.358Z"
4CXZy9TObPbAVYJtWxH4zRiZRlx1,"0x4dD5A336c7cc48eebB3B536eDac4a1E834f16b60","AdamGoldma38758","","2026-09-08T16:57:30.040Z"
4DJrqOHQ1MPfoWwCvtQgIYH5R823,"0x0833CF5895477f45bc81AeB5e523059ddf918105","PhanAn149035","","2026-09-08T17:10:30.973Z"
4DK1jvpSWlgiZo2eZWeakQOlrcI2,"0x0eaAC0B20f3Bc5Fd2665cbb3b74ae5929A7f1902","LucileFran99766","","2026-09-08T15:43:54.302Z"
4FuVqd28QqchbAEkqztJ4xQru5T2,"0xc8b5716dA45D4Ad5cF8Bf46Bf011b3461199eF33","JAmaya14519","","2026-09-08T16:38:17.634Z"
4HninSBWNIPXQixitcf0M4aMLIN2,"0xdce53d8494B8E6eE1e4Ee1aF8E3D9D1868c11408","CameronDan28388","","2026-09-08T16:24:06.887Z"
4J4DYmVXzDa1vEx8nIAOf6ehPE23,"0x06F3D68D4E7f2051031F639788B30D9d057C358d","PhamThao18574","","2026-09-08T17:01:17.863Z"
4JFMX6TNN0UMGdd7eaJlfUaTdik2,"0xBb305b04Ef7A7D6BB075392f90aC6f86Eb9E4EA6","TrnTho992819124","","2026-09-08T17:03:04.038Z"
4JvDVcr1Y1TZDZrrJMmLJvXtrud2,"0x8460252926d4da7AA3d4CeF58b462230fC822f8f","GonzalezBr81022","","2026-09-08T15:54:51.104Z"
4L6iYD3H4ueQKMggj15vKbGzTDG2,"0x3B96bf1Edd6603252b586F131e4087aaCe40cf4a","TangT81622","","2026-09-08T16:27:56.177Z"
4MEZ7ixaFDe8JcesDI2SlcbBXAg2,"0x1f499f8B069858aAAfD992430AC4688424C35AD7","LeeDurham182124","","2026-09-08T16:22:46.997Z"
4NZDhA4JX4QwEN6XqeHD4pGzhe92,"0xBd99Cf03bbbFD9f7D18a6A95Bed36a46E686a496","thuc_kim7040","","2026-09-08T16:42:55.900Z"
4PAQxJAJByMjhQmq28HkCF6Jj9y1,"0x58fE87d0f2F7dA5ABbB6cA6DBedce90126741e24","AustinCole37958","","2026-09-08T16:19:03.797Z"
4QNle4S5SgPFdURyXEioJ22X33Sc,"0x13c2c5e531C68ff93fE6cAF8FB49d3582AE8d74d","RuthThompskhu8","","2026-09-04T08:58:48.731Z"
4RbW6FqMCAMK8mBSjaIBB0Jov2LO,"0xb9aE9A8F007b1dcebcE9A075449aF3e7cA3819DE","AaronHernaylrs","","2026-09-04T08:58:55.457Z"
4TE6FyVImSW6vIphdIjlcCq90PX2,"0x68D37AA62c98418608F577F2D4d81110b2028362","HongLm251223","","2026-09-08T17:07:47.192Z"
4Vmm6Djperf4JP80fgp4TlRHPnS2,"0x9bdd4ccdEC27eD500Ad1bD747AdCf1E53813A4EF","ingrid_eli30131","","2026-09-08T16:19:49.340Z"
4WNtIUCrleNXPsKFBoLA0b5BELp2,"0x219A7f7ec0799BCD96F4894EF9FB0A685b496e76","HallieCart86691","","2026-09-08T16:12:43.938Z"
4X4JRavR5XQvI9rzf4Ib7TxW9y63,"0x917b40A6fe36774DdbB487AD3243a6D7619918B3","HannahAlex85193","","2026-09-08T16:50:48.232Z"
4YYTT6RGHwWcOgZYCy3L2Xa8wKA2,"0xfdcbfC1Fd1b4814a1185a579CbCe2647Efb2eCbC","Electronwebb","","2026-08-31T17:12:19.171Z"
4Ypa60dxqUZ0SBqD8ptOaJvZ3LH2,"0x5c1a266bc2e61ab2ed1242d90b4b8bb477cc83ea","TheChiefwhip001","","2026-09-07T08:58:44.241Z"
4a01abc04708370f28e501914176,"0x3b4137E4aAf9c041B8B4aE7934F3aeE9d627375D","Fuzzygraffiti","","2026-09-05T08:53:29.376Z"
4a6d85ab7577cd93a83903e50e12,"0xad0e9673aB0014C213B0104fb15118c18517EC21","lazycrane380","","2026-09-05T08:52:18.608Z"
4a7de99ddee6eb2e0b8bba5c51ae,"0x8e8A914B9969dE64B065f5Fa7b85b4015e7c2DB3","hwillow","","2026-09-05T08:40:10.453Z"
4a8b3e28e7781f11b27694e484f7,"0xEA66a2C3C34dd8905a57CD93e672319Cd996d5Cd","theDarkHeron","","2026-09-05T08:35:39.427Z"
4aOkTZDegTXpwGE7Po4lq15vmxH3,"0x2F0017A93BF06BadD5bc84Cc398D82a0ea5FD790","BichTrieu97377","","2026-09-08T17:05:54.213Z"
4b2FMOlNG0eZa0tiJompiL2tGTe2,"0xD44Da9d889fF576c73876e2EdD2cCD6397f0C0f8","HaThai86141","","2026-09-08T16:40:10.466Z"
4b3ed8fad739f61d2444813da671,"0xdd8C391EB4c7473B26B7f764f2190457Bcf0e6E6","slyfinch839","","2026-09-05T08:30:00.389Z"
4brB4aT9RpSg6QedrRjgMuoRPom1,"0x940ED962E95955Ff0E5f98fc81415297758766D1","thomas_gus22174","","2026-09-08T15:44:00.373Z"
4c56d8e71a1445626c06fbfd3aa5,"0xd6838033aBc1F2929D1aF31D7E7CA63B910a9661","Frostsketch","","2026-09-05T09:05:58.474Z"
4c8ijBEhrLepfxlvL1GL2Tz5kxs1,"0xc5B734998624EC3F62Ed1D386B2dc143B00C85Ab","HaileyKevi78136","","2026-09-08T15:45:26.381Z"
4cRYCwbPhxXYCVxyPM6Rwenc6O92,"0xBE466A51c45A53422a09f10D746B3D7B3F8F4383","mariyam1992","","2026-09-05T14:16:53.219Z"
4cYlpKfxL1YYLtAqC1fTRpEU9Nl1,"0x033e72D6da09220CeCa13B158EdCC6947981D97e","yoGA34524762","","2026-09-05T11:19:26.855Z"
4cb7e17d31e5a11e850fad27b296,"0xfBAA836d308D769A9053DaB8bb82d6a543a84ec3","pixels_mist262","","2026-09-05T08:28:57.226Z"
4cbed9ab3b344380b243803e1ce0,"0x28318253d858292b3103482f2f93d46410e4ad2a","CryptoMikli","","2026-09-04T10:34:46.650Z"
4cznMYHczgVlXEAkEVa9jJv2Sg02,"0xef28714311c79f4ea9d33c4cc2ad2bd06e88b39a","NFT_bunk3r","","2026-09-04T04:56:43.419Z"
4dstZ7o1WYWyB2gEjYAXJMsClNv1,"0x385076Ab419013Def8C74e6C03D9F025e1290Ef3","YnHo667787","","2026-09-08T16:42:53.043Z"
4e1b8209c5a64b8fa763a6bad105,"0x1d164aba26402136e4201bd560c2fea7bff16d3c","Coiner_0x","","2026-09-04T10:34:52.699Z"
4e523e009d6a05feecf01a8c41e6,"0x916FCEf717cbC982b9469f1C6dcF35b1157Bca7f","Ironlofi","","2026-09-05T07:56:15.561Z"
4f2905baf6631dfd7d18a8d2b7df,"0x5022174D16A965b7261F9f26BdF8F7630A422777","isage","","2026-09-05T08:18:09.773Z"
4f3d03e1c739e7dd791cbee12af8,"0x74aC7c3f054CeC8e4e5c6b669EB7AddbA00d0259","theVividJay","","2026-09-05T08:45:16.224Z"
4fe1ce4cefe540cfbde965699dc0,"0x602f79cb575a9172b3cf4993c6793bbfcb2b05ec","AltcoinSherpa","","2026-09-04T10:35:48.002Z"
4gYudIqwMmSqVplFaDw63KNXbl03,"0xEeAd84AFEf2bBF21845C480FEbf7fF631ebbC514","navy_le71569","","2026-09-08T16:27:52.871Z"
4gf930wzTRav2cGDwAafvQY9cOw2,"0x12E7e3dF6ca198E48d147Fe641C2eea48cfB5C9b","CodyFord489062","","2026-09-08T15:41:41.195Z"
4iWSO6UywdS5LD3U1cRkA1EPhom2,"0xeeCc66030B399B1d62E8E595c46db1D7837Af412","DarrellDan79018","","2026-09-08T17:06:50.048Z"
4j2hhBtwiYbLRM5xZTfXn6Xml423,"0xb95A803017F9D2df0674e0287E330463d5906e11","LennonJust21971","","2026-09-08T16:12:39.942Z"
4kIheSpa3OU9q2eNpsbW0Rukr9d2,"0xE0436D2Ac699e1BF259B1EAF83b25e2E4bdBE021","arnold_gen25039","","2026-09-08T15:45:02.754Z"
4lPl7bcNxpS8TjGkurC01d7mYC32,"0x92c49e3d351Dab40d4cBd3AD74475728b9E82B23","SUPJason7","","2026-09-09T07:45:51.792Z"
4oWzy6yIE7ZDcYYgYnvLK32La3g1,"0x01Fc8635516D40D2eEB90A20E69603aa58820524","FrankJones19680","","2026-09-08T16:09:30.005Z"
4qi8GhuBP2gZUVdWLuXYlJ9HBsA3,"0x4E5730844e4D1782D7e8Eb00aE808B0800C8cD35","NhamKien70038","","2026-09-08T16:50:10.281Z"
4rdcYNKVk7OUs8bymFiSpwxQfLB2,"0x897ccfF6C8c1aEb9Ba6b814F6229a86241245001","AaronYoung22545","","2026-09-08T16:14:44.162Z"
4rqYlnuQQ7aFC1Cfd8q9KsvsZif2,"0x447e760b89F1f591531f7a5FFEa22CC3ABB79Ef7","MargaritaJ55220","","2026-09-08T16:14:35.148Z"
4sq2wuJrdOUOZvpKUqhCxobhoGp2,"0x682149228a153259368Bc382ebE5Ec216178a8E9","HaHiCng163246","","2026-09-08T17:03:36.290Z"
4tD7hBPq1AMpqeth53JNhLebee03,"0x8cf542dB7440619BCd4318568ec70ebE168599E9","oneway_999","","2026-09-05T15:11:14.788Z"
4vKtV0HTV3guTZymA9urCp8F6uG2,"0x51a8184e67f8D297EFBDaE6aA6D0095fD549103B","NgTho1184972","","2026-09-08T16:56:39.655Z"
4vThNHAkwlWWdB4CJDpfUm22bRx2,"0x00Bd3530479fa6E597172CC37783C72FF8586246","kristin_vi95239","","2026-09-08T16:21:35.631Z"
4vzXfKkF7ic2UrcgPu4Tf2ArCg62,"0x2a48b2b3F3f0e874cE9Ae2Da084C2B10C32279F1","PhungCuc72223","","2026-09-08T17:11:39.435Z"
4wVqdwJ4sfb9gHUTOcrxy1tjFaG2,"0xb80cebc30343e9a1fb3c3c57cbe1a5a4f8087761","DominoPkp1609","","2026-09-05T20:05:37.381Z"
4wpjA5B8zfgZqUcmroUb37HnBQeg,"0xf19798cADb04eAe5c0ADe0dC3dBb9D207b4E7cc3","fdoo7vkp","","2026-09-01T00:38:40.698Z"
4wub6dKsyQcjNNsSImmTj8OP3Jb2,"0xf6094e3C3842A1572F7aa1ef06b665D9F33Ea433","ikeylayuri","","2026-09-08T02:37:19.965Z"
4xPBRY5FtEaOnD16X55KrBdpEN72,"0x82390D7eA05686b13755d26924b73Ef9908F09Da","L1528Lucas","","2026-09-08T17:02:31.901Z"
4xlOb28lJ5c9Y5UtBYxxVv5XzBh2,"0x461a5c611970b334b36bb3fa510bcb1b7ee505bf","iamsola01","","2026-09-07T09:36:19.134Z"
4zLQRaCsXAVNIgnENMWRaNaVgbm2,"0xa7350e520B18aFa542b0F48f8B53eDb61df84886","DorothyCri22815","","2026-09-08T16:23:11.156Z"
50389a1a0d094159ad910c60a7d7,"0x49116209fc046e062dcb5fd0250c73e9b8767622","VitalikButerin","","2026-09-04T10:34:55.511Z"
50733b7b352e3235b69c60522caa,"0xb8A1533f4F2c7e5D15d14d8D836c334D790eaa3A","lluna","","2026-09-05T08:57:07.874Z"
51141af81f169593b4cd24aec46d,"0xB2a20ab1b29C2A03EC32B8e5bb6aAe0a44a8BFeD","loot_onix907","","2026-09-05T09:01:07.240Z"
51755ab991e920e00edea37fcdfe,"0x0354f2766673fD4235Dd88b7494c8bcbaFc2Ec56","theStoicWolf","","2026-09-05T09:00:22.109Z"
51bb4deecabcc0211b915a244aef,"0x9726005eD957d023Eb6cd6246E8730598c529faa","theCrimsonOwl","","2026-09-05T08:59:31.769Z"
522c14967e22fa67f07f164e6c7c,"0x9031a421df02427a0254D26C9d069E97120baB34","loot_nova201","","2026-09-05T07:29:10.606Z"
5247e8068d8a32983a6aba4ab8f1,"0x784CC0D0F7EED4b2a7F91dcB11773823471050AC","silentbison234","","2026-09-05T08:58:52.089Z"
52889ae3f78e5cd7381e1d87cd7c,"0x39f373CAe919a37fc9a511E8b78AD06fBEBddF4A","realwillow","","2026-09-05T07:51:19.706Z"
53542b8351e3514fd1243a1cb394,"0xBFc5ED4f88C4bc4Ea2a5fa8Fc229fb11CF9C2f79","onix864","","2026-09-05T07:31:38.896Z"
53a11ce2067b1c7e93751045123f,"0x3E18C2b955B002193E5c9120E1EdeD1EE328c6DA","stoicowl37","","2026-09-05T08:15:59.030Z"
53d4a5c79f557e045d110baac61e,"0xA5699E85aAC6f2865782d165a51Fa9Fc7145dd83","realhaze264","","2026-09-05T08:10:41.674Z"
53f3d403a160bbcef7a3e2e56470,"0x4Ae6d98fBF7a6b3BeAaABcCf8f799a00D470539f","realhaze","","2026-09-05T07:30:04.365Z"
53nG6ZNYwadcYvKK35sXTbtcz1d2,"0x9eAf1d9d7f63bF1F0b7673ACe06529813C8d5532","TPoppy43360","","2026-09-08T16:19:59.059Z"
53wvOWJeJOQifIS849KCFWql87I3,"0x1b9f3d3c2f4a6bc8c88b571356fd8a49dc776665","heisenwitcher_","","2026-09-04T09:12:44.666Z"
543d0251a2e939dfcec7338b3c62,"0x65e7b7ba572B0C54706Ba874a0db393D039a16A8","soren587","","2026-09-05T09:14:11.203Z"
543e620558707355fa1fde052e9d,"0xF111D874839fF4c4CA60c198bde33Da473487551","realash806","","2026-09-05T08:54:34.358Z"
545649e5121dd6dcfbef1c5be108,"0xFbd943674D020B8E613746c4644104829cbE4c43","itssoren","","2026-09-05T08:20:13.434Z"
548ccfaf8bce4ebcfda21f295cba,"0x41F14b3c4F4090D7aff5BcA6eB490b9e0f71Af8A","retro_onix444","","2026-09-05T09:01:40.516Z"
54J7TFTcDFUIJfByZYjiNJnfEa53,"0xA5bCCf54FF64F2aca833c9E9DB3078E1f4ebA799","MyaDinRoyal","","2026-09-08T16:42:14.435Z"
54P2watUaZZuMKp9O2p5t9vOE7u2,"0x90e93e232AfE8654a8aD727B88DB4841a26B8b10","GeraltNinja","","2026-09-04T10:54:49.605Z"
55d4cb97d99700f3284556c56c25,"0x0d792a34caaE9faE708B442D3f58Af83fA007A59","wildbear","","2026-09-05T08:02:06.776Z"
56559d6af34cfd88bf551643f23d,"0x26B42e3A1694cb9ad2859a78c4F432c5fE1a8A4B","theNumbJay","","2026-09-05T09:13:24.445Z"
56b20df67dd2ca6465674d155866,"0x370DA945BB56f776C39a679Ff7a42d14f50BDB4b","nova698","","2026-09-05T07:44:01.152Z"
56d2166d0f29124d59ec4e3a5675,"0x9E2e41DDF0E7e610a2170Cf0F1b284b9691f98F8","EchoGems","","2026-09-05T07:45:33.575Z"
56f39f15c0fc6ad09e05aba48598,"0xBbc4e0e282b81804F8c45B27b8FD69Ec76424C73","lazycrane486","","2026-09-05T08:01:21.124Z"
572e0c8ddc1de37f827b91fcf12c,"0x6a0FFc288f227530aA2DA4C2F5F6bEED3Dde8F09","loot_soren100","","2026-09-05T08:11:33.079Z"
57XJ2XbdpgbnUVKiTgnQwt9e6nv1,"0x536F1b4956CdCe09ffcB1dCbA6a8b68Cfa1B67b6","ElizaTorre57316","","2026-09-08T16:07:29.629Z"
5818bb686819cb44608af0e4bb67,"0x465D574Ce7576A6533eAF45c493D42Aa2665A3D7","mrune","","2026-09-05T07:42:23.059Z"
582c63f7b7c94d31a7efbfbebabe,"0xd2baabfba49a2a4e2a2daa7f33c1e1686bdb4d4a","telonex","","2026-09-04T10:34:49.610Z"
582e301314db0cfda6dbdfcc9ea6,"0x6CaD6c29eAd232eCC04aD7F6990c757e9a9ECb3B","fern507","","2026-09-05T09:14:46.175Z"
58338e68ab98f334d810466cab43,"0xA29BC7bbc303462A538ae4c53E45B032c60b566d","nova247","","2026-09-05T09:15:33.038Z"
58e821c55d796a3abbc9115a90cf,"0xA05b9a1BfD53D40C0F1fd7712DDaed9812beff58","itsmist","","2026-09-05T07:59:44.023Z"
594DmCluvXShvPcz1YKtXaCUdzg1,"0xeC21f5D5B41A745a421A2879CC70d27e3187A248","ismam2222","","2026-09-06T20:27:14.163Z"
5957756f85773c709df25789862f,"0xeE430a7630A4DBBA80EC7322998B283AdD63F1dC","cove773","","2026-09-05T07:42:31.597Z"
5966,"0xE6b42638C97fC0c809d980BB407c475D83c4be8a","5966","","2026-09-04T21:19:45.000Z"
59c0ad180dd21e6ab5a19327707f,"0x1CccB7937b564567B2e8f4a985DCcC309B1F692B","EmberArt","","2026-09-05T08:17:13.230Z"
59c9280bc26341b8912864b60241,"0xbeff4b5c0d205c8d0a94d85703493dc973f59cd1","DangaWrites","","2026-09-04T10:34:57.490Z"
59q15cuLg7UFFUzWE5G5QE1W6ol1,"0x7ed529Ab9C33662F3e10f2642dD85aDb5F89946F","tyler_gigi51580","","2026-09-08T16:43:58.264Z"
5BtVdG00kSMVwqrcbj0TlUPGO7F3,"0x3D5B68BE7221bc779f6E7B7cf9c7E0aaa4C52b67","ZhanatanF18627","","2026-09-08T15:42:16.009Z"
5DJMnXd8QYMB5ohKvwYEiDocAT33,"0xa32E589Df3E4A371196C0cd54Ee3AfC09e3B813d","QuangVn1670956","","2026-09-08T16:25:34.099Z"
5EzJ1Djrl5c7FWahaJwExn90BSy1,"0x2B2b37F5490E2D6A8b59d3EEe7dC66c065E75B82","MLinh1249169","","2026-09-08T16:33:23.297Z"
5FnEXn9lEiMsZb2abU5B66izWne2,"0x492f1900a343a7b5a3d0657a8da6249ec40392d9","Y_square0","","2026-09-06T17:56:18.141Z"
5G7yAW7BPrbtcd4BTmZjHRaCB4W2,"0x8b972933E58C2773F0Dd6B6437302bf7eb5E64A0","MarysaPric80991","","2026-09-08T16:57:14.725Z"
5He5NtHIKRYUtH7lDSAixCn8pz62,"0x7518ff54fD08DC1e38644E0a05de01b8e4c50e46","LucasHaig89707","","2026-09-08T16:30:11.918Z"
5IBAMhNE5ASFLARA2ubSQnLm2Fk1,"0x360DF064b36Bca3D8f507D52B5e1c962867F3d3b","AleenaKins87291","","2026-09-08T16:38:23.033Z"
5IIRoSyuRnbqujPxZLBik98XfYC3,"0xbe9CB38ac1DEFB1006C94c9f43aFF33F53E89c12","TangT95181","","2026-09-08T16:43:35.599Z"
5JXanfo0qtYiNGEd4P9GqgFDEny2,"0x6fd9BC6d46d8a31C711e45b565533D33c45578C6","oleh_kos","","2026-09-07T12:40:46.242Z"
5L3MSA6gXzfFzDuITf6ZzfhgIJ92,"0xb1911374cbb6852d5ebdd00758e700773690764d","Mosehric0","","2026-09-06T22:28:58.530Z"
5Mhzm9W1czQkmMwMpPRRJs3TrV63,"0x86fb62Af3BDd58db1b63B0765f32fc41C6a2859D","FelicityHa59917","","2026-09-08T16:49:27.146Z"
5N8Fc926iSWWKpZ12am6CE3uKOf2,"0x6e7cBb9674586A8085F1c316b4Bf990E9d06e219","DinhLucia44417","","2026-09-08T16:29:54.726Z"
5OWyZXG8g0UVMqXAl3Y72DTKh0n1,"0x5040cF88554A9D13C640187CBa9FAad17f01f526","milesnormaldude","","2026-09-07T14:24:36.881Z"
5PfbhKPl8rUdnqzS4EJnYZjRfV32,"0x47E3E58eCd738DA5dd3b01865fF58C1fB2BfFCc6","MorganK91603","","2026-09-08T16:15:44.373Z"
5Q3DR9T2ege0gBXqn8N1mJrNzXq2,"0x750be1bd0f58152C541815E5a0f425B82413A6c8","VTho315817","","2026-09-08T16:52:12.149Z"
5RTnbhOpBifvpTuUuH2eOVAsxe32,"0x88D4649179e6947F0ae79b88c3A2A4792135F4b1","CaitlinMar21319","","2026-09-08T16:34:22.985Z"
5W9cgx8oy3MSsd6kGdzaUall5RX2,"0x09Bf43A3E52A0e4585bbC0409C9123dB584C01D1","MomoAgentVP","","2026-09-04T10:04:13.302Z"
5X5MSQVUMjVNnLhqZZ5wF9PmADI2,"0xED8738823F769d273F1c890B3EA0EC276f5CECEf","Rebekah42890291","","2026-09-08T15:38:39.002Z"
5XMUIOPuFIPREMH6LgNygKlIva92,"0xA3c1E9ed96F7F60c42aD10f13628AFE0568a5676","thien_bui9041","","2026-09-08T16:28:55.884Z"
5a00fcb6a3a8c3771e4f629c08c9,"0xa582CDe29DA7d06eF58159cefb2DcFe85c175d09","theGrumpyPanda","","2026-09-05T07:48:55.500Z"
5a36dc28daa015e64d861139fb2d,"0x6fE6DE8e80850E5834Df833311bd0bD56667a21A","itsrune","","2026-09-05T07:44:05.702Z"
5a573cb3e90131667494dce198d2,"0x94bcDE880df03280cC3317360F6634722ed3dD92","theLazyMantis","","2026-09-05T08:11:01.259Z"
5a5a48180865498d9f0325104f20,"0x01bbbfba7ea2d409cfd5f1f3c42a2a4b1a4f3f87","cryptothedoggy","","2026-09-04T10:35:19.757Z"
5a8ewyMyLqgdO2gAD0x3sCuerj52,"0x7f9F595F2C5812724bc7876bAF3FC20461a554D9","GZapata42294","","2026-09-08T16:41:08.414Z"
5aMhQyzfmzP1zFX296Mjmj8TabX2,"0xaB0fe5d6dC6A4517D6a5dB4f7dF676e775018374","dark_jesuss","","2026-09-07T22:46:17.495Z"
5ab08ffcb82ccc154dac4bf70fe6,"0xC373e4d0971f2f6848965f6417b5ae6857563530","Nimbleanime","","2026-09-05T08:28:40.623Z"
5ac5cb4f320c41e19ce79e9e6101,"0x103e8b1c3644b060b51d20e8461d574e0745c825","theRealKiyosaki","","2026-09-04T10:35:13.429Z"
5aef215b1bade33a9ec8de92f4b8,"0xC0B6cc796F93C9Eec65022672AFAB1bFbcD70637","Nimblelofi","","2026-09-05T07:46:20.049Z"
5afd41fe91ea47fb9a0e2793c923,"0xb4bd788a78a5ae40259ca6e58ce96b5b2623cc0e","mumo_mumo_","","2026-09-04T10:35:19.165Z"
5ak9qCZUZ0QqpXI3vQnG98VnAb12,"0x80F46e0563915D88A2C4a4425EAda5DeA84dCD7f","HNhi55768","","2026-09-08T17:06:56.521Z"
5b21685ce6a3fd63883685b529f4,"0x7bc1a9c63633f57109268d8c5ACFf36F81C1570e","vale292","","2026-09-05T08:52:52.660Z"
5b373c74399845b32b776112fb46,"0x29C4A4BE73b1a718b9d991225447BcbC57435215","odrift","","2026-09-05T08:42:44.932Z"
5b4288221ca93a5c4c5ed1043029,"0x1b81800E43D928bFc19D6255f62A722cDCa58c73","realash","","2026-09-05T08:22:01.088Z"
5b626f70111cf18ef6b6a9d64a09,"0x868A806C6ec35f05b4a5212b4F952B73dadD9566","HazeLofi","","2026-09-05T09:09:52.940Z"
5b89993794673a2fc61e7e0bc46a,"0x610932b4f8ad4185CC3591Ceeb7644962dEAddf2","fern205","","2026-09-05T07:27:45.981Z"
5c2aebf930f95f80c322527a3181,"0xEA8f03803d31fE40f75A8B3714F96C70916ABfb8","HazeEth","","2026-09-05T08:36:59.125Z"
5c49b704f61ed1e515010608ccbe,"0x8F66c94d2821e20Fb737F92c73ff87d7FfeA2b78","Fuzzygems","","2026-09-05T08:46:50.925Z"
5c82gRLIWFUYwuIELex5GEsZSuT2,"0xae5ee68999605aabA719cb69b7e701DC35251BeB","LaneRowan73227","","2026-09-08T16:35:12.485Z"
5cLZdsxnGSTpvJi9JKcEHEBrcb02,"0x5310684dc3E30B503C324C0f00a7F0012b5b0769","HT5502452263241","","2026-09-08T16:57:10.247Z"
5cad4d1d7bd30c99dfa38e56c952,"0x09bFA7a96a8C73FFB8612361F82350dd436ceDdA","lazyseal","","2026-09-05T08:59:13.788Z"
5ctDw81fztVA5IysVz8uCWJF56t1,"0xC2B121A10AD192d6485AF2CfaE465534a9e39b3A","DungKhi127609","","2026-09-08T16:56:41.633Z"
5d006ce95d38e231e6cf4d49509d,"0x1264BC8b4E6496F47ed590104c0EdC7c6d3eA407","realdrift169","","2026-09-05T09:01:27.032Z"
5e916dd9ddd9ef2d028e3a93f387,"0x061bD0b484ae29ad1494B14a1FbbcB10aA6Ee0fC","stoicmoose","","2026-09-05T08:41:04.330Z"
5eLCPgZLcgNhoVCUyQ1VdsKMYgA2,"0xD72431f2208Ee16BC9AE50F79cB5A4b22246A8E1","lucia_fion51251","","2026-09-08T16:17:39.485Z"
5ec6f3643b9bd8377503d9d03698,"0x3F4469aACf21260D3F32623cB989745c205aF9db","zdrift","","2026-09-05T09:09:59.970Z"
5ecc0e0b9b3d0aa36fe901bdbec6,"0x356db18Aa7b05080cc193859553d843BbE1Ce9b8","theWildHare","","2026-09-05T08:41:11.317Z"
5f18b056622ca6424a961705da45,"0x4dbA918B2Cb9bdB40b8c90f71f94538F567A3D00","willow854","","2026-09-05T09:02:08.050Z"
5f9e55993213498c917cfa166117,"0xb544f328dc5935712311e4568f770b204daef499","ki_young_ju","","2026-09-04T10:35:46.008Z"
5fc04c44e837d2f56a1b8220f332,"0xe668e02322be89f9AbcCB19BFA7F295E0b08Bfd6","theBraveCrane","","2026-09-05T07:33:29.028Z"
5fcc15654a458ac11e9a86f84567,"0x0EfD61Cc4546AA49316D7fA7912164e90F4f3515","theFuzzyLynx","","2026-09-05T09:08:39.649Z"
5fd6cc02649f530e536663476d64,"0x75A8b4e3e283E7c12B22b351A6866cE84084e15e","remy593","","2026-09-05T08:00:16.873Z"
5fodmPxAAFbo9R0vbCw5zJlqJkK2,"0x2cC02A7BFb65cda2C6F56389FfF7cce39406C65b","BankBeatri79859","","2026-09-08T16:11:33.935Z"
5l1uzf968AOPSnUKwrFCIJxgTl13,"0x407602d870ddfd17a96a19a2b86cd2c09bf2fb43","berttttt_22","","2026-09-06T16:26:25.364Z"
5nRuOqBbjka1Dsk0elKLRUnhtG82,"0xC4bc605452e53B48D6d58ae1bFEe733B0B0dDF2a","ly_quang82388","","2026-09-08T16:37:03.421Z"
5pRPw98UVZW0C00P6gAsVByUrlF3,"0x8f45D4CeF7bEe4898041866162591C690C264195","LngSan234173","","2026-09-08T16:41:00.968Z"
5qansKH1Hch8uZ4ZzOTlkyiOk1S2,"0xA0d968cB86f2548420A1F2EBa96597b0728C5Cf1","LJillian15566","","2026-09-08T16:17:13.348Z"
5qno5SMcXPZUHyFsqRj2B7QaItt1,"0x595C0Bdf32C29A4B51381b18D393f5327a73464E","erick84489","","2026-09-08T17:02:02.440Z"
5sTvcB7JVBW6xdBsaQQV90Qotc53,"0xFaCaf9e198a961BcEeA8dC3848ecb7Cce663f624","TngKim177101","","2026-09-08T16:50:01.497Z"
5vaWDhe4vbPMGGsskqPxdqHit0i2,"0x477F271e03E959e8fC9CcdE00dA7AC2cEb983324","HortonPris42444","","2026-09-08T15:45:33.835Z"
5vbTmWUvR8hauYcLOYN4HJPcOeo2,"0x0c77204c991201F45708b0f37214cf9964c507B2","kimoyanki","","2026-09-07T23:25:16.317Z"
5vdm4CZfIIhQ4d50xxnhJeEjc4O2,"0x64f75B793E0574C9c09d60C086229f0Fa8d73233","TL2593545824755","","2026-09-08T16:25:51.008Z"
5w4yO6T9JQaBlfRjyPfqQwdMLBB2,"0x57C2E3e1473E8c6F72fa1f16f1d2aD62066D5791","DanielRobi93183","","2026-09-08T16:08:25.026Z"
5zJoV0RUldZmRAbpnKvsNxS6Scg1,"0x15Ed89681FEe15D595BBa73bD48BE1275D1AC11a","lydia_cour72842","","2026-09-08T16:18:01.722Z"
5zkv5SVDVvVGZs2e8kDa52gCjCo2,"0xF552f42B50a0491b1fdE67cc896e756544289774","hoang_tam50943","","2026-09-08T16:25:14.190Z"
60266d5fdc925e9968d4bf205f64,"0xbAaD6fCAfA9924c4aFF3e7b1f62D6bb171961Af6","willow677","","2026-09-05T08:43:33.050Z"
60922aa1fba4c37a6a47a307497e,"0x12C28D17Afe266D52Dc0E54827F4cc9991454d64","luna627","","2026-09-05T08:47:11.914Z"
60rSNyApnMcx0sxOEjGxZVPoOos1,"0x1dDe094CB320395E950A951c0fF54eD0c1a82D8f","CreightonL47239","","2026-09-08T16:19:33.267Z"
61697275fe4ca978a856870b8656,"0x19CEE8E6b60faa301f1D069A8D1C3FC6Cc58B5A5","grumpyowl151","","2026-09-05T08:18:50.901Z"
618754ac2ccf15ba7d87dbc8ba55,"0x187727Ac0716799c67Fdac5e3b74B815dF18B00d","cove500","","2026-09-05T07:52:44.238Z"
61DZCs4pesVpgrpvHzjO3G5qDgN2,"0x025ED4AC726BB594e70f2dbEE197d1d1E2cD6Ad1","NellieE81007","","2026-09-08T16:39:45.690Z"
623cf522568d41e305f34282561e,"0x6df14cE9E2B36CcdC901607D3026aC58D3f334AF","FernRetro","","2026-09-05T08:59:38.251Z"
624591af59f14e698278dfc39651,"0x23519a539b07fdf9a879e31959c0ff0d24ee3e0e","sassal0x","","2026-09-04T10:35:43.919Z"
62a523ee533c8bb8cacd5f49b24e,"0x0431192A1A31cA2567c31f5B9315639d02825b14","ink_onix83","","2026-09-05T08:33:27.081Z"
6310497760c54a98bafc35b4ed75,"0xF967A9dB6629A9ae80E53B8a9b1A38452d9F0f3D","MistLofi","","2026-09-05T08:57:30.187Z"
63CgKPBn9bfxGNdHY4SzqjkUTII2,"0xe0da9a8a6887bc7c7dD6e8a326fC6a417dBB35B3","NghiaTang68546","","2026-09-08T16:26:12.929Z"
64323e4b3333822e615a71cbfa82,"0x4E726eddbC02Fd4383FaA5f9B5F9a58e1363bF07","luna663","","2026-09-05T08:23:34.022Z"
6487cad1bbf2e81c6f6dd09251b5,"0x96e20B604Db3c9e9a65BE9A60ca003Ef0b92c8C3","Ironart","","2026-09-05T08:08:30.887Z"
648A1z3OGgSeFsCINoD6GCdPtFH3,"0x68FDd06732114D207D6F8A485Ede348e7a6673C0","GiangDuong90970","","2026-09-08T16:45:46.720Z"
648a6316f07db608c16f69994248,"0xE08D3F2c6AA932EF56bd8011A23f631f6B2770C2","AshRetro","","2026-09-05T07:59:37.535Z"
64c21c9651457b4283ea2e550ff4,"0x39d6fee3849f9bBE0aDFfaD485D80527080a109E","drift509","","2026-09-05T08:59:52.888Z"
64e528ea85234bdc97354c4d14b7,"0x304cf0bb8c1fb8be40fa84e433d090052f1c66b5","openletteryt","","2026-09-04T10:35:04.154Z"
64e6b05e5e353817fabf588cdb77,"0xF5526552388de1ca2Ac77b7E2Fd84Aa47C1D5aA8","pixels_kairo","","2026-09-05T08:42:21.167Z"
64hk2V23mIummkq8ukCby8SwAzwm,"0xBAB3A5e210364CDe8c70B177FE3Ed035B3Ac80B7","rs1c2c4y","","2026-09-01T00:38:40.698Z"
653693741121b73d41b74948171a,"0x5e299466F47A108739607B8668f284250C03fcF5","kairo828","","2026-09-05T09:03:29.243Z"
654b6fa90991cb8e1ec738e5e921,"0x7BBB3Ab1bbD0a72Ca86E62506aD6FEf0e3e6ce46","Lazyanime","","2026-09-05T07:31:18.029Z"
654c5dbfb0f63cda48a003c83152,"0x7f9b4543A775360F27fEF7d2dA99C9e321930293","xdrift","","2026-09-05T08:44:03.598Z"
6575d7a815e78523870173874074,"0x5d695a2094b64eb8a44D909dDfbb3F4B02f650c7","zember","","2026-09-05T07:49:46.848Z"
664edb6d88a821ac75a528dea64b,"0x6Aee8B838337355ceAA2fAB97830897E1e3010D4","fern790","","2026-09-05T07:36:59.438Z"
6663,"0xa40037B65e8C21F70964eF76984696740b8b56D1","6663","","2026-09-04T21:16:40.000Z"
66b2d04e65c54485b88a2b18b080,"0x451C4514a720B7B53BDaFDcCc136D7e86AA16B1a","SageDrops","","2026-09-05T08:27:15.994Z"
66f720cd55257dd3696dc5f6e620,"0x4AC07283f970FBCaC66D50aF85dF4CC6E3f0F7A9","silentcrane402","","2026-09-05T08:59:05.733Z"
6713f7431b555c0f2054ed2e609a,"0x832542d99DAFD9E2F6977b0934ca56813b4D2150","Vividart","","2026-09-05T08:18:06.066Z"
67595bd429b4774649f5190be6d4,"0x8a862f9D4c30c0486682BFD1E49Ff063eD0Dc7d3","soren530","","2026-09-05T09:06:24.640Z"
67d5638a444ddd4c5075953bbc64,"0x673DE233b2b4009b9A751809c910ABD043433555","fern_edits","","2026-09-05T07:28:04.519Z"
67z5Oyn2cQctQ6OyME7kBck0NLv1,"0xa6C0c8Fb48728566c3DFb7834963B4Ca24884101","nhi_chau32516","","2026-09-08T16:46:43.600Z"
68197ed21b5f883454326578c897,"0x3Ff83A2CDBd8B1F5B9196878C9D42a3696037Ef3","drift830","","2026-09-05T08:17:32.073Z"
683c041655efadf5937be1c2368b,"0xbd6239fEbB1B6c706db9fDF0Bb8363B947CB4020","wittypanda28","","2026-09-05T08:41:58.467Z"
6877b55f0340cd09626d16877ba1,"0x19139758043Ef185Fdaac48f6Aada60451a634f6","stoicwolf897","","2026-09-05T07:34:52.913Z"
68Lpel9WYOUtM4GeFGfgnFPGtn32,"0x43b18d527c7c844Cd49fE40a569aAe283A12BAd5","TrnhKin449561","","2026-09-08T16:31:42.205Z"
68c2d5277f236e734dafcd80e766,"0x6dc7c73E173892De09b2C8602f275a3DA07b1983","RuneGems","","2026-09-05T08:15:46.085Z"
69c967277e711a0ce9d871292038,"0x509Bc70Ca2Eeb7b3D7Ec632f4e0f75bF06113a5E","willow454","","2026-09-05T08:20:48.252Z"
6AIau2pE3cXeQo0K0LxWQ97GdgeB,"0x5B367bF78B59aD26DC7F58105d64f2587565a5a2","angela44aw9","","2026-09-04T08:58:45.843Z"
6BKAskQFhUYyTTxpsjoTCKtvBmg2,"0x3D877BBFA59d7879F810Ed97fF8cb0479E9294A1","JanayaWinn48716","","2026-09-08T16:13:32.880Z"
6CcJPDm4E5MLJ9ka012dOI2AsJ03,"0xb4b22AE16d3d5fAc4F167834db5647f92b8bbbB1","HancockFra93860","","2026-09-08T16:17:24.675Z"
6E5wuh7kKBd2eGXqCp1bF8Ona0a2,"0x7572D0221DC0a4628A5E3efAA6d5f58DBAD9786B","JadeDoan47566","","2026-09-08T16:20:37.728Z"
6F0hPbdENYb1mkb5ihwKqf8s6F72,"0xAb152aD781Ac75E48E306541B39B472AF7d09A4d","IsabellaVa8129","","2026-09-08T16:12:30.419Z"
6FZvbIYwz2PDjdwtgokGkoqNpRJ2,"0xC6E2E52a133465C706EB8DFaC36b29401a1A8B97","karen_west21217","","2026-09-08T16:19:28.839Z"
6HYNdw97uIcIMewqScvoLBt8FJB2,"0xA232504CaBA573580221a8872A4e2B8d9f1b6282","EvaleenW61263","","2026-09-08T16:34:01.927Z"
6J8kKV2HJmRRMIkAMeaWzsEfZQy2,"0x61be886843407dEf5F77891290978a5202d8Cb35","eliana_car52512","","2026-09-08T16:11:40.246Z"
6JLYfgGUm2t9VBm0PSEd3Ns1zMAJ,"0x9d7328B4708b143EF8A87345a2a1ae17127E0340","jennifer30jn1","","2026-09-04T08:58:41.977Z"
6JrPZHpyrFacGko8UYgYJTBtolY2,"0x5b5734e3cce999a8424cfec9c87ed0e86bc3d7c2","Reinamimi_","","2026-09-06T20:32:41.281Z"
6Ld17VhYiDNgUDqxETW6YHzmsRQ2,"0x949d8FD70A17cCeC3c6207A5D2C6F8C22fBa3F00","MVin644748","","2026-09-08T16:24:59.301Z"
6Ok3jBxrJMbKwOUHhbAGvmTftFv2,"0x0AD24c9D0d9f474Ed3403a0d264fE8c3405bF4Ab","TandiWhitn20043","","2026-09-08T17:06:46.673Z"
6OtKFcMawNPRuiJ1eBCONjherJA2,"0xF8bAE82D0871E78534f4d7eA107d8FFec3dA6302","NgChi985415","","2026-09-08T16:46:39.225Z"
6PiGHnd6jUS1ta1dTvs8OJgmE9K2,"0x46aa41804b47a7Db1f0B921c63bae4FcD629eC26","BarnesRyan51671","","2026-09-08T16:08:12.348Z"
6R7oMgc727UomOqlO2OmorHlIOI3,"0x7193a075E6BbecbF7cd489D510697fE6163b9AD4","Adeyanju1993","","2026-09-03T22:37:37.955Z"
6SqWNIIve3Vxu4rgRvhIz9n8JEH2,"0x280aaC7eE92597A141Fe624919Cab7a3F23D7efC","TrieuC90287","","2026-09-08T16:38:39.574Z"
6TXbY18U5acCJQ5060ns1q8IFc72,"0x90fAE2BBbA12f2489012bbfA832B3D1251dbeaf1","NiaDora26588","","2026-09-08T16:12:15.902Z"
6VXXRuSsg4Srnq0gRxaY46NChxu1,"0xE3B503Db58dAef7C39dafa96D7A728229B411E57","LelahTate9978","","2026-09-08T17:05:27.059Z"
6WVz9yjLSDUSNhSL6jeNbwmy4SL2,"0xCDb0b7635F9e5852ec75cF23a2feAF0a3B31508c","LThi956260","","2026-09-08T16:31:43.494Z"
6Yrx64Yw43PFDcKAxpClTIjjbV93,"0x736fEb7EBFA53141ae45580fD29Ad6f6affA4EB9","TThi431175","","2026-09-08T16:31:19.403Z"
6ZQ94gYjRUa7mjyFOQJYXVy9CQi1,"0x2b1F6e7413Bd11e90f9db30276d9aF2f8cF38630","CurtiNorah79571","","2026-09-08T16:40:51.711Z"
6ZsmzYOBHnSLlKdJwrKCtfjifHV2,"0x19C2B32D3e3BF25636206288F4540FCE789B9898","WatsonMinn81259","","2026-09-08T16:12:04.239Z"
6aa2eaa3021079e2c824c6f53a0e,"0x02b7ccd1bb6750729e778e6C9336d80f9C1B8240","asage","","2026-09-05T07:43:42.973Z"
6aa962c9dff4a9206cec457661d1,"0xA68ce999daD22EA47f76CF807CA6E55Ce12C4F6e","KairoNft","","2026-09-05T08:42:52.353Z"
6ad9336c60e8dbc88db4a2aff014,"0x4E3864297c25af46e336409f36C99e422A7d77c3","Stoicloot","","2026-09-05T08:18:55.924Z"
6b402c00c91f72e8adb046b11314,"0x8f05d12a16D9caD5fe15A80Ea443fC452F20D240","EchoMints","","2026-09-05T08:55:42.280Z"
6bcea1abae6e41a299b2f279f9a5,"0x42f37566ae7169e76831e91458c898e84e808d91","econoar","","2026-09-04T10:35:43.569Z"
6bzyYFTaX9Oahm6LWhLEAxlebUm2,"0xfaF74e125232fCA8633242D9AAc0F8eBcF2e61be","MandyCook499897","","2026-09-08T15:43:41.472Z"
6c0f855feba092567de4f9378b67,"0xdf1A50b47dF224651857CFBDC0f5a7E2E01C14E3","NovaLofi","","2026-09-05T08:00:05.870Z"
6cKqvnBZM8OjZTzcT0FOZ0POsKm2,"0x7fe7C4FD1e1BE5c9027b102BD7A99B101543a90F","BabaraParr73997","","2026-09-08T16:08:49.720Z"
6cpvDgB1EHxbxxwVQDJyHNhqfhp1,"0x20CB88dAeeDFB587dB1d46a1f8235a12D2357F5D","LouisHarrifgfa","","2026-09-04T08:59:03.895Z"
6d0FFBCB1NgmuCdT8oN3zBQfBcN2,"0xfd86afC20f53671A522999093E8880f92153bb95","HNam286443","","2026-09-08T16:54:31.931Z"
6d46e3c6681fe0c61729f7cad930,"0x5346D6612F32E7612479A5f6D8c1c7f69980Fd15","Bravegems","","2026-09-05T07:38:18.073Z"
6dHQ5G42aEbNJB6P3d2uOcgdGwE3,"0x5c11b341ece39772622533A24c048862eF13b82e","MatthewDod42015","","2026-09-08T16:07:19.975Z"
6dd70c9a3f364efea56ab49504a9,"0x91aa9ae6ed87b259189997ef0cda21cac0d2f74e","Lolatoye1","","2026-09-04T10:35:17.519Z"
6e449db250a3157182480574ecde,"0xbc7f66A55C95F293961cE93bccb84189344c8276","retro_nova557","","2026-09-05T07:51:11.268Z"
6e7a6fd3292744f5fc73876b31e4,"0x30c737ce7A176B90e916054bcca4C80FEf20a8bD","theWittyJay","","2026-09-05T08:54:15.091Z"
6ed67af038440414462e2a04ffec,"0x4598eF12203eA1f89dE108Bc72b6073d6905464B","theLazyJay","","2026-09-05T08:53:00.889Z"
6ee1b66a95b4b8969336b8edce79,"0x4736f3F62DB174d7FFfe920A8e60eCfb2d172fCe","lember","","2026-09-05T07:56:41.514Z"
6f30058c91ca75966a51d9df3a8c,"0x296fd5df2dc747B81216a0C6C51b80A5Ec8B18a5","theNimbleBison","","2026-09-05T08:51:34.026Z"
6f4JaQRLBTatv4DyrfxZdDwYfYp1,"0x34150d33d8F65D77c83fd242915a3498945719f8","HPhc261771","","2026-09-08T16:24:02.349Z"
6fdfe21118b744188a64013989b8,"0x449C06f4F39BA0ded4b34DdcA96A07bfF11E070d","realember680","","2026-09-05T08:20:20.567Z"
6gWWIHzVDGaBwfHA00XyQYPebA62,"0x5Ee99469EE2a193440ccBf9c33A14ead65D09287","HKhoa152443","","2026-09-08T16:28:58.923Z"
6gcZj10VzKZB8QV9KeKZLg53mGG2,"0xc97BD2d0ee81F8cF51a74B410F9b5F2C30D59147","AMelissa28812","","2026-09-08T16:25:54.253Z"
6iXbmVbvVEXPKTEoLybWq4IldVO2,"0x75ce8B6558D6bccB819Ef4bB302524c8CD5cc155","thang_ta23126","","2026-09-08T16:50:31.878Z"
6inM7SFuO2NOZ6FULyhD09wteTS2,"0x24814E28dB3dA2E53d67CbCc945C317e37875b71","RichardDod77315","","2026-09-08T17:06:27.872Z"
6kltkgOYjf9zM7yaqIfFjksz8qBL,"0x9dF675820512858fDb7721b0Bd8f8320b5b5e5d0","robin18ag3","","2026-09-04T08:58:19.861Z"
6n0PMhksUlYNx2fzNBmXfudhpVI2,"0xB7094aEe8cd1CcaCb75229163594c99f59c0A938","AnnabelleA76091","","2026-09-08T16:30:29.835Z"
6n8Rs19VZGU4O9iKCLmr4Jr5M7k1,"0x098DE6E010ac68c3F454E91a854DBa9444c1c5C9","PhungSierr9115","","2026-09-08T16:08:15.756Z"
6noivEVV5VVbbM6YqXEzbTi3iqF3,"0x9FDE47C613A636a66C8125021cBCC5070E70d7b7","DodsonJust96561","","2026-09-08T16:03:57.023Z"
6o46b15iKyc0peefOpGSADPX4z22,"0xff02e608741650920eC92f07f5551671AA037C7E","RayekiEth","","2026-09-07T13:03:10.522Z"
6o9Ur8d2I8g3sKj8VauZSyHPfsB3,"0x257b0649E113b02636f4a55D5f7C0f2Ca26c98E5","NgThy544304","","2026-09-08T16:33:31.434Z"
6pGaInegGEQoEVaP2fE0XBNIFZr2,"0x206681b5f12d280890445b507a71C85EBF4A2c41","MullenXavi18644","","2026-09-08T16:51:01.168Z"
6psiSto50HYousMMjM9WKXGsddH3,"0xF963BF1F08342f3C1E82FBE4AfB876D0F6e4743B","TrngCao227510","","2026-09-08T17:06:51.486Z"
6qYoonqhMySppu74HSzdhIIOrgz1,"0x94D29b59E3044b9644c22EC03678eaC6a89014c6","TinMa72852","","2026-09-08T16:29:38.220Z"
6qsefx3Zj0RSOTgS2ueTlJ1S8ky1,"0x0e4F37564f5E91d5C570ac9A38262912A1F7C21f","TruongQ47783","","2026-09-08T16:48:02.682Z"
6rQDhXoTbcdi5GEjdc7AZWafs2A2,"0xEBD2541EDC9de5b597E7D20119D9A23A7A83d00f","AlexDyson275333","","2026-09-08T16:13:24.163Z"
6sOGNsKRYmQqDQTNK1DWPEYP1MZ2,"0xC62e6FBF3bdBA6C6aFd54f60e25C6125b86597B9","HunterDavi87693","","2026-09-08T16:19:23.287Z"
6tbb0WTfYvWGnXZEyzgxOuUER262,"0x1ea5460094e55907825f1cf2547fea3c9f36d813","Jonk_X28","","2026-09-04T09:02:42.689Z"
6v2ZBiBIe0hP7NEz1RHQYbxa1aw2,"0xcEd9542A2D0bE0b414aDD94f68990278105E4c53","marsha22684","","2026-09-08T16:18:05.510Z"
6vtf1mea3bOFlMdwbh8qTLvv6Lq2,"0xa4F449832835591300f43Bb8aCED6aD654253Bc0","LouiseLenn33598","","2026-09-08T16:44:15.953Z"
6ya0F4lRNSb48OkroWlyiVrlWHm1,"0xe8a0FDaA98B8D52D7bF53DFc3e3AfA00d384A76c","PatrickAnd94227","","2026-09-08T16:18:27.962Z"
6ykyEW9nd6Pr0HXVfZMGIheDowV2,"0xc100Cb735dABB10913B8cf101971a5973F22A0ba","HngHn261497","","2026-09-08T16:33:40.557Z"
700912d8feb24a0d809816d19fd8,"0xd9d3d1a2d5110602172112d0313ea322954d93dc","angrycryptoshow","","2026-09-04T10:35:08.344Z"
7019900beb9faac8124dd1e99896,"0x9BD62470E124A3d80B2619782db31ab841fA1456","tmist","","2026-09-05T07:58:48.512Z"
703f2005a78f7c3a843f9858c138,"0xd8ce3Feb5762F9600168FD534D3F9B3971969D0F","art_onix","","2026-09-05T07:43:07.925Z"
704d19630b9348b112eefa5bf594,"0x4FAc962F1116ebE9695f556D0422A423ec9489fE","rare_ember","","2026-09-05T08:50:24.498Z"
709fe8c62291865fd4fcedf1bed9,"0xC773D0376109bC23502FddD87e4F11Efe1E1D2c4","pixels_cove","","2026-09-05T08:46:22.760Z"
70c988c8f4e31c338e3f3a2fa120,"0x9c6d483f949d51B6e1BDb967A0aB5c94Ee4c4cAE","fuzzywolf","","2026-09-05T09:06:18.059Z"
715ee2ee35b854e057c79a2490e3,"0xC4079dB17d3E1fFA87f14B2d74537837d15Ba43B","itsvale","","2026-09-05T07:28:34.244Z"
71608cb648f3eebbc84526d7a3e2,"0xc276e9Ad92e47d397d93d33f972be44259D5e910","toby204","","2026-09-05T07:29:59.214Z"
71910487c5364eae842efbd2be85,"0x873758249cfbaaeef490708cec772b1057d8829a","PierreSamaties","","2026-09-04T10:35:21.532Z"
72I6WvlmgC1cqwUuvgLAGYdWI5qP,"0x767a744E8ab09230F192aA227da7234A6839E62F","carol47av8","","2026-09-04T08:58:03.970Z"
72f22388369faecf75e7acd87293,"0x16539c152457A892E0386e02792D0f7E18CEA92C","sage_edits","","2026-09-05T07:28:45.121Z"
72f2d64fe18160742307d306bf76,"0xb7Af54b9275df7812078C68f86b1773F3f6E2322","humblekoala","","2026-09-05T08:18:43.152Z"
732cebb89779398a0ef08e3f186f,"0xDb820d5D01C7910E099E158a90659f250c926775","realhaze770","","2026-09-05T07:52:25.834Z"
734ce317d671d9bb488d983d12c4,"0x881816ef04f418dF1BFdEA0452cA71b6B4E206cf","Lazynft","","2026-09-05T07:55:43.484Z"
734fc9a7245be58e5ca3f90b330c,"0x6A9C9D858C412fbDc21C9C532d688c6d376d9285","wildseal","","2026-09-05T07:29:17.978Z"
7377b001239188aa6d167e920a62,"0xeC093A6117b29134BFF171D9Fd1377197b3a6Ef3","lofi_fern520","","2026-09-05T07:48:37.434Z"
742df6df6f48f924a32d49510b66,"0xe87df2BfF3a0FF8C0C5DeAaD702dFCc13ad8cEF0","pixels_echo","","2026-09-05T08:10:14.112Z"
742eceb2215a48c39c0d3f9a8785,"0xa2bf397285717bee12da2a63b237c5e39278fdd1","DeFi_Dad","","2026-09-04T10:35:44.752Z"
746d621dc327f17b0c8ed18ec05e,"0xd0742B6a1D37c1ad600403DF1A5958d344E8F73d","wildowl","","2026-09-05T09:02:15.343Z"
74nKpN3z6dfbzRp6jac5GVcB7E82,"0xc7AD2737bfD64B95Bd58146de5fcDe3cfbb0cEa6","VThc815552","","2026-09-08T16:46:34.756Z"
7506720d359f96751b1e72bdf15c,"0x709618D6235C2627cC1247386f4eAfA02992112C","gems_sage","","2026-09-05T08:56:53.110Z"
75abe558ddd442ce82b368187a67,"0xff78516ecb581e57588df7864beb9bbe3dac00fc","Snapsh0tSn1per","","2026-09-04T10:35:10.408Z"
75dc37d561ef995fc8b8cd23f7a9,"0x3dC9c125E654A086575c520E3A8Df44B75255F1d","theCosmicFox","","2026-09-05T08:51:48.664Z"
76624b759ea40fa9e5604c67beb3,"0x538486f5547B71859ed4eCF85b395dD694AF5319","Lunarnft","","2026-09-05T07:56:57.884Z"
7662505595ac46fdcd0f23a6106f,"0x5A3ab9F3E8070111850d9B555eef145493660b7e","EmberGraffiti","","2026-09-05T08:19:24.587Z"
76LtgzWnPCZB0G3QRshRNVz46pL2,"0x01520AF35664c33B5Caa8EFDDF5f6Ceee8494f4B","ArchibaldL9325","","2026-09-08T16:32:17.827Z"
76d7d681bf5706d8231fa06e217d,"0x7e156Cf668833148C5f8b881593590bfA5615Eff","wmist","","2026-09-05T07:50:14.246Z"
76x0sInev6bHpc9I2L7u06EDwlF2,"0x598bcA4ca6e7FFbBC546E84d79900AA10EF3F682","ThachBao64161","","2026-09-08T17:00:52.946Z"
773ab2453de0ee8b5b283d226108,"0x201c88EF6a546790A81153AC4a5f8b028a270762","DriftLoot","","2026-09-05T08:29:55.568Z"
77967e00078a3528d7f55a51d301,"0x37e006B42de19fAcE665A17B7A8974d0fABcFeD5","MistGraffiti","","2026-09-05T09:01:58.733Z"
77c4eb5704c5448090124a4893b2,"0x11a917f48296b28183f87e36c1a5e9c2c34c8bf5","peterjwolff","","2026-09-04T10:27:00.129Z"
780c8dbb4f334aa59d80707dfcaa,"0xf9f6AA2d7A2b0C63B2f6EDD1C225fEcd9Cc32877","EchoDrops","","2026-09-05T07:33:22.792Z"
781e28e2bf6a1a7651e44251993b,"0xD396797Ec3c26bA404781B05021236e1fDBe18AF","Grumpydrops","","2026-09-05T08:27:45.416Z"
78QxwWsDVZZu7tjmxXR1mWDIria2,"0x412F876c896FCE8befe8eE8Bd7512dDBb6FB0d0d","NhQunh677916","","2026-09-08T16:47:13.736Z"
78qzqzNNPaMljNTM4fSa6wguNRM2,"0x3A8B5281fec22509db28d18ABfBfCF1Ccb0bb879","MaiThy1381376","","2026-09-08T16:37:58.288Z"
79581db0c06bf6418840ee181b03,"0xF1C054E3a7d0d16518c19A78F1c82aa9809E6957","fern368","","2026-09-05T08:28:29.954Z"
7986c4be15ae2c708de9b7bfefb7,"0x69F00dA4F2Ac92B1fc714B4F5a72680aCF24E6a2","Wildink","","2026-09-05T09:00:41.646Z"
79c21c3850ed328ef9e4e210013a,"0x8d7949ff27a51754DB34b3b8A7149c920d5b03b7","echo298","","2026-09-05T08:12:10.486Z"
79lRBMMGWChhOBx50wSy05p1aaz1,"0x2df70dd943FeD2FB2499F8cB8dFdE4a7D4D27529","ngoc_duong87131","","2026-09-08T16:33:14.448Z"
79qOnSDssjaUS35J0GZekKDL1KD2,"0x415E90130fd3E73DE009D6Dbb41bC9C4617AB7e2","CarlSinghisen","","2026-09-08T15:37:13.389Z"
7BC337Pm7IemJLkqpqTkp9EnLqj2,"0x3907aa846000eE336e519cDe539889eB61499d19","LongH31721","","2026-09-08T16:21:00.812Z"
7Bp4PDZSD8OzHqRCjUgcJqL8kRFz,"0xCC0589eA49C909B4b184F058012964F767135aDF","diana18rk9","","2026-09-04T08:58:04.093Z"
7EC3pOJ4SEMqAw1eMKZNHkhIyEG3,"0xe2a8e4191a475b059049cb6601c1a74100c5cf1e","woopie_1313","","2026-09-07T14:00:30.320Z"
7FMW7ypIOiblSpTtYFfXHVjIM1T2,"0xB5d05Ca5BaB5e72e0FF209869022Fe35c591EB10","CaoBui64028","","2026-09-08T16:54:13.415Z"
7GGZuOUzjbgzUCbbeUvdL5n6L2A3,"0xC80B20Fc19e19A7B955B510c3a98c2b25fb2bd02","ScottDougl60086","","2026-09-08T17:10:09.632Z"
7GtuYFwW8wUimiYfUtChvpazpMj2,"0x3d80d7B88f2Fb1865526d8951B7Cdd67C214af01","HongThin1384353","","2026-09-08T16:36:05.881Z"
7HImzaqEfaYu4kCoJo7Fc3rBMMc2,"0x89891Aa7E9c5183eB74a771301d60F845B4Dd647","CandidaFotherg2","","2026-09-08T15:38:05.459Z"
7IK55ZxhZWRdqdagbIvql0FS5QI2,"0xDF043Ee0D1259596F8d50591ee42A47CA54775d5","TriuVin164838","","2026-09-08T16:38:03.150Z"
7JS7MsyIi0e5mktuS0NvgmDmbtM2,"0xc6c3da5fef67b055fd4ca9a8576b2f38a01e585a","IsalCoy89","","2026-09-07T20:10:49.407Z"
7K4vORunjWMnC5TV5blsMg6UjNh1,"0xc0346e650c6D4396d9dC959ae6596862212Eb2de","dung_quynh92867","","2026-09-08T16:24:29.527Z"
7KaPIjSHeIVdDjwKksAS6eniAw93,"0xec2e4e017512f14ae604cac2985bfc5f75ca09cc","JeanTheCowboy14","","2026-09-08T01:21:58.305Z"
7KxSAayLRQYYzhpZk06ajlVdQhy2,"0xB048ac6963FC053E32f2701294C75c390CD1fD38","CoretteW39155","","2026-09-08T16:45:16.622Z"
7LxUPqASrSbpjsc3T85iBOnbG043,"0x92E9f992B0eB667ab0DdeFd5614877fA435Bad48","YolandaSte42367","","2026-09-08T16:10:36.273Z"
7NBgwidTtz5dotlr7aIG0GKPlFhV,"0xCA8E82a7D76c68A54c911fe9FAAaF8B7140019b4","gloria53vq0","","2026-09-04T08:58:10.828Z"
7O4LcQ5PGRVuq3t0ZANRrD8F8ft1,"0xA9774E9a31D5637510015aC581f49f0608B7A25b","DoanYaretz13460","","2026-09-08T16:30:25.023Z"
7PCHZQL27hdhWmQ7xodyW4SDXbx2,"0x492Cb03EBb28B4741F456848964403Ce9395D7a7","bach_kien84044","","2026-09-08T16:26:53.062Z"
7QWlEiptPbPf0GNLEpLqgyOzefN2,"0xbcB2fF3A7b18B8F8d5d96FA1Bba10590B5c4F128","THng677988","","2026-09-08T16:35:43.594Z"
7Qix2eBB6MOM9GaE7YpsdfHFN0t2,"0x4860DeaeeE97dCd902748E6030Bf7D0496Fa2EdB","LilySoren73055","","2026-09-08T16:30:45.004Z"
7SPccbvIk1Uk429if2uqqp4T0vr2,"0xbbC8275AFAe1d511F450dd0aaB698028512D41B8","ObrienFred15579","","2026-09-08T16:20:08.478Z"
7THdnuCwmoZPVQsnVAzfjYzlzCg1,"0x854487Fb5DfBe1fa1aE6818e0c627B53D0f78443","QuangVo15091","","2026-09-08T16:59:09.266Z"
7WAoYE6PRpYXSumACdo2fABCr3A3,"0x0f4B7fb16d58178597cbea45995311550CA4991C","tiphanie57848","","2026-09-08T17:04:35.900Z"
7XduMTBxBWQeZBqd8fSzgp8fEpl1,"0xe6Fd07E1e5D4B3a5D550D2517dc61a225BcCD75c","KimLm383064","","2026-09-08T16:27:40.900Z"
7Y5gI1eIDxX4DTBFLQRdGmqIThf2,"0x3C976a5F631d8c0a74E5798A9Fe1Afa9F33EDC16","em_chau57392","","2026-09-08T17:05:11.199Z"
7ZhP1WkNtWQod5A7FhFF0fD64ug2,"0x9a76cfcd2e44e4ed629d7c892d72bbea21c6a13d","dendimopoy176","","2026-09-03T20:54:17.866Z"
7a72Fxfh6rNsbLlmTA4rTOla9Sn2,"0x86caed1caC0203a1296bD868ADf2B04419589C79","AndyVanwin62625","","2026-09-08T16:51:11.446Z"
7a7346268cc8fa5c9257f0527c34,"0x04A6C26fDc9487b1cc8291cF19703f8f74A5668C","Coolgems","","2026-09-05T08:08:57.297Z"
7a7522a54330c5eb4a87b7b5250f,"0x8dB99585081fe5F645C36f86d6393b44A0AE7D23","Darkretro","","2026-09-05T08:35:08.605Z"
7acfea6cc45e2d0c9f0e67ff3d23,"0x6B983538AA92796A12Ba258F2a2b91A3F1C772A7","willow877","","2026-09-05T07:40:43.212Z"
7b03045cec6f941f9346f38d79b9,"0xCF6d6610a11a816BadFd0Ac530E057779553Bcb6","ckairo","","2026-09-05T09:00:08.923Z"
7b251d29e407b36d506edd69d4ea,"0x537Af00B3ce49F44646128b2B0014532cC5892Be","bravekoala769","","2026-09-05T07:42:16.035Z"
7b934302bfba5260820c151d7cf0,"0xE51e0A413BE14734f89c1cD50C554F299CF468D3","theBraveMantis","","2026-09-05T07:49:19.331Z"
7bf9a1fdc5a8b8f2d2c5064d2b54,"0xB468550aa08F21243627f400F2D1bc7C204740e0","Fuzzynft","","2026-09-05T07:28:12.742Z"
7c119b960cc02b2669e17ae9ee48,"0x7ef03fA009788c0a7F83De5c5FfC64CBf1607678","theFuzzyCrane","","2026-09-05T08:54:47.766Z"
7c73b3a776ce779c84f55d70dcdd,"0x626420b9fC0A82e3C600B9d451295aD353354624","realecho739","","2026-09-05T08:22:59.059Z"
7c7c05ce5ab64b98b67f482ffe87,"0x825a5e4d38d33f14bf34f68e906e771380c63c1f","inSec8386","","2026-09-04T10:35:00.249Z"
7c9a3db5e9c28f564a742fb44339,"0x125c18D4C07a270cf6e819731f1F8e44455362a5","rune777","","2026-09-05T08:02:15.808Z"
7cc5ecc8e6e45aa4ce48199de3c0,"0xb5C6e75999982D301ca32b00F08F2C0cEC59da57","realmist418","","2026-09-05T09:00:28.587Z"
7cmMMMfSP6Vi4ao4N31xDmjaAbf2,"0x7690c315BF8C912a14dCA1e48c5802Ec067A8112","PorterCami64930","","2026-09-08T15:40:20.456Z"
7d040993b2b8dca3040fd34d974f,"0x146645f0BC3201b1D61bdEfFD8Ff6e0B10863c76","loot_sage","","2026-09-05T08:42:04.688Z"
7d710e587a9ed93cf7d3d817e8e0,"0x890d17212Edbd6b55641E47B550983be276a7eAd","realash792","","2026-09-05T08:09:11.823Z"
7dQ8NmPIuzcT8j7EiXABUbKwR1I3,"0xB5B4db71ca47B7CDBd618e11c49736984BE7baA3","EmiliaLily7577","","2026-09-08T16:47:43.505Z"
7ded77902cf7ce139f2b89c827d1,"0xD1f87E211731Ec6cDD99329921E57c28D56eaE02","theFuzzySeal","","2026-09-05T08:50:46.422Z"
7dzRbp4leMZe4n0HFrBVL0Z7YyU2,"0x03f21348A7CFcfa021b6A32015C915e906E90D32","ParisPenny48213","","2026-09-08T16:49:31.572Z"
7e425e39f06080254fd82ebf21d6,"0xcCA7708E10ba1bFF9A701DA71b2A967f60aC998F","Cosmicmints","","2026-09-05T08:37:14.799Z"
7e5bbf75d5e2e13d0f16eb52ad20,"0x7B7e1BF5D76744E5f60c3b2644c54618F33a5307","Silenteth","","2026-09-05T07:48:50.897Z"
7f4a1ff3a7655094f3aad1f48b87,"0xDdd99B51D30d71676FBD5EE25fc77a62a84153cE","Numbmints","","2026-09-05T07:46:57.303Z"
7f7683380961d93642792d2ecdeb,"0xa485b0C161321f1FDE1AfdEFea1d9A0a594EC5AB","Cosmicgraffiti","","2026-09-05T09:06:04.782Z"
7f8906384666c32bb39635b44672,"0x6c7a662fADD1d2dD391505267b9E924db05C77F4","Slysketch","","2026-09-05T08:18:20.559Z"
7f8d16889c1746d6a0cfe009c9b6,"0x06091e2f63c582b41ba49dB02A4ba7bAB6360D72","crimsoncrane814","","2026-09-05T08:29:09.367Z"
7fE5Ubl1HRT6Ok5olLFlY0UPtfh2,"0x17cEb901deA48e465BE78cd1cEB853b7706B1443","RayAbra32474879","","2026-09-08T16:21:49.355Z"
7fPRmADn0vQzQ3GDHA4EIrAWxyC2,"0xc9E391CCDC8e8885114a816398001ad495a6C474","madelyn_ol14726","","2026-09-08T16:13:28.341Z"
7fb6b03c4b12380ce9a6b0347f7c,"0x6ab849cF8355888d62dF4551b8d5E45BE49fdd4c","LunaDoodles","","2026-09-05T08:12:15.094Z"
7ff32a092a83424eaa896445303d,"0xe361939a179969d97573b78f10f11897dc03aab1","KonstanttinS","","2026-09-04T10:34:43.629Z"
7gt1rVwunvYFeTiKqraktVae3qs2,"0x21E1451F3b86c86eB36e86C6590C835d0cb2f252","KristineSt92332","","2026-09-08T16:14:56.128Z"
7hflj3SCAkOyg1fTDUORmhYW7uW2,"0x44FDb81490aABC802Cf1919C95a9eA19983aB62C","SophieMadi59241","","2026-09-08T16:23:14.391Z"
7iU1AbBpf7NC1CknFnzlF9zsIZ02,"0x5A9e1000A3B972eD6F5c29d22794693d7256ccBb","teresa_aga87957","","2026-09-08T16:06:06.961Z"
7jBEK1fbxnR36CA9GHdzM3DKRGo2,"0x6F7AA6fA51Dc366932907c312688a7648c5e2555","maurice_ha231","","2026-09-08T17:04:45.043Z"
7jybzW3kgpbnyKGnWH1EFcnK3wb2,"0x626902B74Cad96299A0AA1fDC728b73eF3166BA6","AndriiPst","","2026-09-04T12:39:37.730Z"
7kMcnyLrera3wjCxfSXrvO4YY9P2,"0x5BC20F78Bd9a0751b3CBe7EB6981e43C499c5ea8","BirchCarlo11862","","2026-09-08T16:37:14.458Z"
7lvSpVAQ7ETHnhCC4yYpvDjFEDy1,"0x2161AF3c1f46EE2BC1b16752Fd38451938d0EBaC","CynthiaJac587","","2026-09-08T16:26:07.081Z"
7mQnhHgOQROrpBr5qqGbepZQ8Wl2,"0xEa84210676E3951DAe2C9f47355fD0A2DE4D4268","fabe10347","","2026-09-08T16:52:21.573Z"
7mffqdsuOV7HRJP18kdcUa3nbZ98,"0x0deaf50F5F4f123204361EEBd22655D9734D02bd","JustinJenkvlf9","","2026-09-04T08:59:17.689Z"
7oNLxAGbNxc2EzkvDu6z8j9e67X2,"0x1b0EEE834E763831556B4b8448E6a8409149f714","garci75828","","2026-09-08T17:05:25.700Z"
7oi5QQ5g7dZVC8bJIa121uvID4I2,"0x2FC80daDbE95F9175DCB671DC634eE0c9e96eC69","LidaHernan41787","","2026-09-08T16:13:55.044Z"
7pEzfhpSv6Ox8PX2AevfRLKLVKc2,"0x9667527183b424d2f576c8a19794fAe4171BEe3b","ZhessC29355","","2026-09-08T16:59:37.712Z"
7rp0n2KzkugYueyY2UxnLVHOdRK2,"0x3f5f62765d2Cf685488bB0C2928B33034eeA7eB5","DianaKylie20304","","2026-09-08T15:56:04.084Z"
7s4x9KFM0Dhp1fVKjnV7gmbpkip1,"0xa7E1edce76f8Df0a9D09DDfa1981e1554fefc667","MDaisy44389","","2026-09-08T16:16:30.526Z"
7u25gXpo4Igk6nBXDOtNRlHAGcp2,"0x2607Ae4758c555b29521707A1A3c1594d9c00b03","lara_eva69300","","2026-09-08T16:40:36.264Z"
7v7h0TyyvQS8jmARWujVKRTcJQI3,"0x4aad110f563e1d0a5aa33f4b90d2c72bf966181a","gyurand92","","2026-09-06T16:34:10.248Z"
7vGBJXtL0Vc7lGFirBfuMRMCF0K3,"0x8163932b4d177060788f73506b7d8d52e9f4efc9","smardisgmi","","2026-09-06T16:24:08.231Z"
7yXYPJxGcLdAaHYRNXCzJL4qGRo1,"0xFC2E7684699ef0Bb4C8e338da54E6be97bF73429","CamachoLor10091","","2026-09-08T16:40:18.125Z"
7ykDtcV54rNh7sCyvxIRL8AIOpF2,"0x3D3b57fcA68EcAfF3A3f47e2d7E048b138510872","MorgenTrev67561","","2026-09-08T16:20:40.500Z"
7zkQnQa36KbzRgPWtWoqn3in68I3,"0x86EcBBBE3Bb6690C99A5D0960724673f0Cc7414F","DoraliaEva18645","","2026-09-08T16:39:14.082Z"
80052b64e96c40b96f03e3bbad52,"0x455C8D39DAfc7C517F3aCb6df25aC7fa14eD2C95","sketch_echo690","","2026-09-05T08:09:18.816Z"
801ffaea7460ec4fdb920de4208a,"0x0e5A6274DB0e5C3951CA7F1f5Daa68035670cb05","realsoren","","2026-09-05T08:11:46.507Z"
803800,"0x8AD13aaB3d3F1CEdcF6A0314da341B296F4c0DA7","803800","","2026-09-04T21:19:14.000Z"
808ff513a125e573f14153964b5e,"0x1B49BdE451669F8aE5Fe34B627aB83C64456A2ac","kairo138","","2026-09-05T08:53:14.493Z"
80JvYO3soUZss0xbLCn9Q7qKBM43,"0xFCe7113AEeeA642c18Ee641F38Eb18Aa3F97Ac8d","MonicaWilk70369","","2026-09-08T16:45:24.900Z"
80a813b61b3af939862d69e3ace1,"0x546a5797e373866D582fc948a082568186833c2d","qvale","","2026-09-05T08:25:53.090Z"
80e2089d951e5d212d9967bc280e,"0x9D6eB693130b4C7454d87C22842C125475599aF0","LunaDrops","","2026-09-05T09:03:43.399Z"
8117bd31b7f870bb8d1d0cc4dd8a,"0xfcC7629a735B4438dbB2ee6d8C519C280256dD15","nft_pax","","2026-09-05T08:47:16.439Z"
8155a9c9423692fb0124ef240d4b,"0x80e971aDb87e9273254eF417D018B35703c860c7","slykoala624","","2026-09-05T09:04:34.132Z"
8163c523b12245a3bc1a3f7b1543,"0x809d08986f935db848f6d0b9b83220fab6037085","0xRobbStack","","2026-09-04T10:35:28.263Z"
81ecdda1be8d9d2447b74af08d8e,"0x366521bC05b659a0aC18f3836e3DF4b2bD1546FF","theVividMantis","","2026-09-05T08:55:23.402Z"
8256a900e7f55215011eada87ccc,"0xaB4f726ba273fFE466c57F01c319b45185B563b6","humblekoala218","","2026-09-05T09:12:15.541Z"
82IH86jNzWMlVL1PPDqmyz632ZU2,"0xA0A1269d982E05819441542d3f372B700694bBCA","bui_an2506","","2026-09-08T16:43:28.259Z"
82VA2aCwVqfPRGfcwRU4u9tpPiT2,"0x11c2aae29d1fdf8bac1fb7cf60b2d8467764e9f9","Grimmjoweez","","2026-08-31T20:55:20.718Z"
82f98524bdf12f68b8ebabf8d7ae,"0xD0C6cf3fbc39712960e39138aa463013FbB40da6","ctoby","","2026-09-05T07:56:35.814Z"
832f9c811bebb138538cf5439f9b,"0xD59Ec7DcC0e333A1b6E19C65eC945c61405A08CB","coolwolf","","2026-09-05T09:09:35.697Z"
8351730deac2494d08c15095436c,"0x0720e1fbcd4e1E82E0c3461043D90Ae68c333749","frosthare","","2026-09-05T08:17:24.579Z"
835d71ffe814dbaf727db59166f0,"0x1A140b236E846d9Ae290b75F7Bcd0a3b622F56aF","slycobra694","","2026-09-05T08:04:26.162Z"
836296b0424a46dab8f9f547c4da,"0xb2a5adf90402bb3c10d3f07e07e8bfdb31b072ac","0xMert_","","2026-09-04T10:35:41.419Z"
83iq8kl1DeM8k7PF2d3Ry2rGmLw2,"0x45Ba8E1B06d5A55173629ac36ba96758ECFDD12D","PhanNga1728620","","2026-09-08T17:07:02.941Z"
8424c14da05d13aca274ed0825f0,"0xB969850f4DCa8551C5c9A8a4bacE23A14854934d","fwillow","","2026-09-05T08:51:00.768Z"
84512ccd012414653aa368b82f09,"0x77148A1F7219eC9d3fFADC1f640A160A3a341A67","wittybison532","","2026-09-05T08:55:28.185Z"
84QCVghYdUeNHIBdeFYQ4zX8QuG3,"0x60cb54b4a57ebc733c2003fcc31bfbe6749e3ceb","Lukk_isme","","2026-09-05T14:38:49.396Z"
852926b8856b66a8e5100fd3d755,"0xE2af51e110cFF38F9Dd6b05bDF1620749B81b572","Stoicgraffiti","","2026-09-05T08:22:43.985Z"
853dbcdaaad533cdbbadc80d8bf8,"0xFA5E7c3b6b3F583a9Cf5dcEF2bB7f7204997790D","Coolloot","","2026-09-05T07:48:05.060Z"
8597a372a3a034de123eda44ef14,"0xa620c60a7dF43403dD364292288696a567eB3Dc4","dsoren","","2026-09-05T09:12:20.710Z"
85a9a1885f41b88649a0297f87ed,"0x3fA12c5Fa2d63266C831DC8BDd724a4cb8dC1753","realhaze172","","2026-09-05T08:40:02.780Z"
85ffaf8a1c446e6ff0527a18cc4f,"0x977C1C4cb9094861Bb8FD41851584d4dC97F55ae","mist166","","2026-09-05T08:23:41.879Z"
860de04bea70f7a12e888ff3739c,"0xa196905EA2340ca02a2f2bCdaC65B30dE6C95239","grumpycrane433","","2026-09-05T08:05:21.312Z"
8629d7a343fe87f72dcc291f9694,"0xE3D858F6C828c9b3D605aFFef7A0a19A75C8B63B","nft_sage","","2026-09-05T07:51:36.329Z"
867ffb5e550d37e483d7e8f8453d,"0xF65adcC9BCaeFedAd4E0918e0aB8091Ed4FDd628","cove335","","2026-09-05T08:07:04.957Z"
86B2IdmmMw2oLvLzU3RC3nLstiGC,"0xC7a359fE17CC26D9ED70b8260CC503573863B415","KellyClarkgpej","","2026-09-04T08:59:00.012Z"
86bede6131c390507160022e4420,"0xF07377Eda60C3b3058c8664b5321b2Cb524469bB","remy49","","2026-09-05T08:40:15.960Z"
871120ef051a47578044f21c8be4,"0x646db1c3c10f7c6d784e2ca6c00f3e178f4a42cf","Defi_lord002","","2026-09-04T10:35:02.024Z"
871d9309887e18579b72f7176193,"0x1261667Dc5010Daa4FBde67a6d653e5D441aB536","yrune","","2026-09-05T07:35:23.569Z"
872017f150b74f8a8e5f887e8f20,"0x394a50a3e4e29ab14ecedd549d6a878769207626","DiscoverCrypto","","2026-09-04T10:35:35.677Z"
873858d3cca19c122effa9d0ab15,"0xAd13D9Cf608CB6C763CAD59c484332CfE35ed9A7","Crimsoneth","","2026-09-05T08:34:13.930Z"
8817c071e0e34e11838c96744144,"0x4cbd6016265d9318c9af2070528c556f4ff1102b","HugotoCrypto","","2026-09-04T10:35:11.434Z"
882bb5803d765c5e08d7f93dacf5,"0xcFF5B2c0dEd45B7e6BF0C02afa76378A2064b26e","Numbink","","2026-09-05T09:13:37.537Z"
888000,"0x526a5454EdBE6337614E6dfe58E7305FF4FDDd15","888000","","2026-09-04T21:16:25.000Z"
88pZl6G676R07RLqHSLrUQWoszo2,"0xb80B9134f680705F8678750a2185A7579cBE01A8","QHung22122","","2026-09-08T16:52:54.820Z"
890d5268361d4f9a9ad4e45f568e,"0xe3d2821c1e3a6c90c599925d17ac2d58a9e689e9","tedtalksmacro","","2026-09-04T10:35:45.739Z"
8930182773449629fe9c9176c0d9,"0x0cce593e25966baa8Cdf8C1469d35aec8060D2b5","realkairo864","","2026-09-05T08:43:38.295Z"
894ff7603bd07a57c472a4b3505e,"0x9b11911d5758cF2b454dA27C1e471A1a6FdA278f","realkairo97","","2026-09-05T08:20:53.445Z"
8985a51e48b3ca3acb5552ffa76e,"0x9c5Bbc332DA6efD45d4870aAee32dFe51143A3A6","theDarkHawk","","2026-09-05T08:11:38.192Z"
898e1319f6024cc254f87df7933e,"0xdb23Cc2b452f81A7136c65EF4c0c1a521B5381E6","theLazyKoala","","2026-09-05T08:12:42.721Z"
89q0zLR0L0VhsjY8kMces9cXfi02,"0xbb2A6Ad4650ed85201Becf9D506AcdC3CE17fEbb","BishopLeon96727","","2026-09-08T16:15:20.813Z"
8AbUia7PVINtG9zo5kGVAzqzabO2,"0x45Cc716d0D5E2392a80Add6277d479203871415D","ClarkeMarg21689","","2026-09-08T15:40:53.001Z"
8Ck9APbwx5gcPDGCqyYCXkNSV8I3,"0xb329d5798D46fc4ad8cC8074C03e7Ab6C76F72e2","LVirginia12204","","2026-09-08T16:48:11.562Z"
8D7WhlOfTIVmZADMjSlBbeJ87ze2,"0xf6212b29046A80c948D5974d1c6AC5492B94C4b2","hao_luu787","","2026-09-08T16:27:48.153Z"
8DDkXcX5gWdohSyFX3onNbB8w5E3,"0xE7Dc2c666Bb90C67A1408c37cAF5506BF08621B7","JordanAldr68713","","2026-09-08T15:44:39.893Z"
8DHmsC5ZmBYFVkYXCLTjRUaKFR83,"0x1b0A01A577Af43DfE5B7cAC7b106A8f79ef1142E","KimBch215415","","2026-09-08T16:48:49.730Z"
8DYixpciXiOJH1Pyq3Uxzb2EH5j2,"0xF09561beee0E82373789B67930b1F235Ea2135B5","LewisG62148","","2026-09-08T16:15:08.411Z"
8E8FUO4G8Eduxo9ksz239zqVeMJ2,"0x029a0565Fa223b1c9b424041912DB441A936407f","KiraPack385021","","2026-09-08T16:23:35.652Z"
8EmCU0rxDEfH3OlQfX57rclQmlO2,"0x9229BbCb96FE143cbd5FEbcF63743254aC6ca4eB","TrnHng131335","","2026-09-08T16:27:45.545Z"
8JpZl98siJWFCyRFxZkxCTn2Eue2,"0x32d090C1ceFE386Ea8b3208defF80F71Fb2Ca234","JadeWilde215200","","2026-09-08T16:46:50.792Z"
8LezrQMQvahECGQpaogKoOtRZDI2,"0xABdFd3dd94f7631BD80EA20fC1f86b34716cCCa4","LynseyPerr83560","","2026-09-08T16:45:43.320Z"
8LvRSqQKTUhYL6JfIOQt89AHBQQ2,"0xdbd3a9173Fc211D6899D4A41C726D765abA9FeB8","Gmal2289","","2026-09-04T03:56:22.475Z"
8MJPq11vpUbVf4kJ8yF5dLGEc963,"0xd6362C004f6303E8F36E2171c744912b1510fc39","MauriziaVa71580","","2026-09-08T16:06:04.621Z"
8OMS971mZMdyMvpJQIU2uQISnDd2,"0x702CAffe1e8087d36b6C0986eF8079Da174771F7","TngKhang624918","","2026-09-08T16:36:12.722Z"
8QdqG9lTJCfme89iiAkbk4pmATi2,"0x5B3fb715Cef0e9a0711c5b8b740005C2bB7Db8C6","MarioFrase6326","","2026-09-08T16:21:34.361Z"
8SLUAgMgEcfUCqTBHx0jTJs71sE3,"0xd9Be077Dea6434cCF726E8176Ac1068a5587A1bB","NessiH84833","","2026-09-08T17:10:51.438Z"
8UVCO4fHjQWf6929Ag3DHXT1EV42,"0x8bc30d41027575CFD7D0661Ff5abcE1Ebb564bC2","BereniceGroth","","2026-09-08T15:37:05.707Z"
8XcDMy1mqFV7k5sR2dESSXVF6L93,"0x690eAA5be9957cc09d3Ab17Ca93ace621842b768","LeeCramer23993","","2026-09-08T16:11:11.001Z"
8Xlwo48k3FYNUgXvCW2kuWgLFLN2,"0xD5Fa02f837f4F8143b1B1E923703A3e9F8C1B10c","ChuH716609","","2026-09-08T16:27:18.285Z"
8abfe06f8d631109aa48b17a926f,"0xC7B2fE69016010f4D36A7a84819b0a2F2C2BCa82","frostpanda","","2026-09-05T08:44:23.038Z"
8ac98e4aa10b20e18e44c77d34b2,"0x14C649A8eaE82c31221Ac2e880209a9E8D06ed16","Numbeth","","2026-09-05T08:25:44.904Z"
8addef4b3711b9bcce898fc6f5f2,"0xc9c4449601CA747C4E45FEF7e12a85e7f68f2D26","humbleotter","","2026-09-05T08:09:37.631Z"
8b0b08d077d937f4b758a6b70c4e,"0x3542A15E25dC9E22B1b3718d63b07Bdd4056b3c5","lazywolf288","","2026-09-05T08:51:41.737Z"
8b2a71a92b7a95115f9cae7644bb,"0x0f599F6F832d198159133AB46D5e41F14A579E05","theSlyMoose","","2026-09-05T08:08:48.471Z"
8b2c19edfaa6d6292c9cb2307558,"0xe066f2448c125F9fF52E65A32961E6A19530294F","swiftfox","","2026-09-05T07:29:26.493Z"
8bSAJxJdNscBGZfITXyitq2h8lz1,"0x8C0E37A4B14eA2662B8CCABC1ed471ab8E48DE5B","ThanhPham1611","","2026-09-04T11:18:50.404Z"
8bit0x01,"0x08C86d59265ce0868088023604d729d5c2e3c209","8bit0x01","","2026-09-04T21:20:42.000Z"
8c8877ade74245e899b013bb4cde,"0x8affa6ba01b419be9659ecfca5ce7d19fdb17713","serhio_lens","","2026-09-04T10:35:02.131Z"
8cadd06ac03807d9adb24c9b8992,"0xB1Ab0656bA7A4D7f6D9B8D355da00E78671ef475","realvale791","","2026-09-05T08:27:02.808Z"
8cafbb2d97022c5e8ca9edd2da11,"0x1F3aE99d5AEd101F4b5b5fbd634551f2bD86d2b0","DriftNft","","2026-09-05T07:42:08.723Z"
8cyDdwtFnyRKzrep2jABBgBha6F3,"0x78EA314aEa7094e27740fc3A356089b3aAa25dDB","BriarDu38195","","2026-09-08T16:40:58.573Z"
8d04a1108a5f36a8d0a8bd58e91a,"0xad04Bd9B7C9f33523489c7B7b194EF0e336EDC4c","Vividdoodles","","2026-09-05T09:09:40.182Z"
8d2fc0bd974ac1eed5f1e3cfe84e,"0x7898DCb5fF951bd09e8448FFC46AF628F98EEE87","nimblebison831","","2026-09-05T07:56:47.239Z"
8d813248a6683aeeed113dd2254b,"0xEb49EE7E83C6a84732ac8583674b9aBaC952f5e7","Lunareth","","2026-09-05T08:44:48.751Z"
8dHvxjBP2Ic4SlWltodrO1vIhwM2,"0x1Cd8BD52bF7aEBB6Db1012373D40339bbf9dC5dE","BiKin325867","","2026-09-08T16:35:16.672Z"
8e0b109c5e78d3944d2b6f1c27a5,"0xdf3b960d492ca48262A25233602CC3E98620057c","mints_ash253","","2026-09-05T07:38:25.263Z"
8e4flulkWqNpLr6BMyQgWBChuKn2,"0xDd29f1EbC37E2E01235c4EaE49e9e6696f9f1900","KanuuRosa57910","","2026-09-08T16:27:27.241Z"
8e927f482a5e69fd6905f6653eb8,"0x1e8b5E6852841C188605200F4630D127B6668c15","EchoEth","","2026-09-05T07:47:13.910Z"
8ePlticMsjWHXS8YzWDYnLlGxxH2,"0x6e5C6b58bb97704a28687da6997B31D54d4680B5","FFlannagan70478","","2026-09-08T15:45:23.458Z"
8eaad1c93426fdb9695a5ff78b61,"0xEF1A0D2B28d90742d45DB9e922087680F4eb40Ff","sketch_kairo","","2026-09-05T08:29:45.528Z"
8f9CAVvdihhkgb4OtiKfuOd0IHD2,"0x18671E1905Df1aE030cE32c13DbF05EDDEaB0757","nga_dung32576","","2026-09-08T16:42:40.772Z"
8fKaCZUlVsZvD3MLEX21CNRN50o1,"0xcD539fB3d5238C60D873F604B125772a96028fb5","Cunningham95634","","2026-09-08T15:54:47.017Z"
8gAoMMYeeoNrKlxmWuhNlZ0Qo8u1,"0x05B7cbeeCF4385c65da17e46eeA964B10C63f538","ClaytonWil73398","","2026-09-08T16:59:29.413Z"
8gqKwMav4YYWGk1ScmxaNNWrPPh1,"0x2DF2907eB90fc166B3339f3390A9F42433A51A32","QuangThy829700","","2026-09-08T16:36:28.089Z"
8hbRsnwJ7fmFYhR68W0fwjMOo3mU,"0x7D8c6CcCB8d184C0276149421Fd265Ff626B2a10","sara60fl0","","2026-09-04T08:58:44.232Z"
8iCyeF3YFFQWBifIALVfGjOblrs1,"0x5d56bf778E2788c952FeB8dBa635e68a506102Df","lee40790","","2026-09-08T16:54:08.734Z"
8jKKtJl25bPwbe5qfFVZ7i13Qvy1,"0x50808ef3AFf48B7D164016514280452f46C0BE01","nicki_terr85730","","2026-09-08T16:13:25.787Z"
8kFRQDnMSpcVu9SicQkPeTLG1Te2,"0x515A461110dA6cC5EDC9EbA48C342DB4620149de","HangGiang8741","","2026-09-08T16:48:25.504Z"
8keB96KmxNS8zyT0OySm8SROyCG3,"0x40BfB0eA04d78B16c1C2f371771D99C7A30E549C","GrimeKara98491","","2026-09-08T17:06:38.651Z"
8lHrfDZ9ajRTBBQMkUxSkvfmAUI2,"0x6B5D7C97A02D6137ceC3F3AD9Ac8FaE1574AD215","PauletteFr61890","","2026-09-08T16:02:38.312Z"
8pEsQuZapGelr0JfrFzREs8wMWH3,"0xFcb124cb165F27D39f3DF137e799Cc3F0A1E3539","EthanFarre29367","","2026-09-08T16:39:47.786Z"
8pRjxvzfUwYWD6im1nc8l5yjQz62,"0x9faE190518847e9c0C4CAd9baaf262888fcDc1BB","ZMirabelle61859","","2026-09-08T16:16:00.582Z"
8pXWzSZXGzYq38dQl4OxowZJpYL2,"0x1c44378205097b94384DFCe27B4Bae28b6AC1ce1","luu_cuc39233","","2026-09-08T16:24:24.059Z"
8qRJx6i8tMYJbWqxkQRWadr8YtD3,"0x78b3341381a6d1D130F599A94192fc07bA3AE582","7tomars","","2026-09-04T13:17:37.372Z"
8qv9LCyp4tccQT6LcrOvA5W23Tf2,"0x260754179b5a0406ee13a153Ea736898176bB62b","CalistaYvo80561","","2026-09-08T16:29:51.142Z"
8rvSX4FAGkaPg9QFLlTlIQGzSn72,"0x2Aa9fA81EeEAcb61020E0C862096170d199D5e98","martin_tyl63306","","2026-09-08T15:40:32.755Z"
8u7QnDyuj2NBqgJtsmo9VfLWtJj1,"0xc56Dba85fa0FF4f094038e8feb3e400e3B9d1fB9","HVy1126927","","2026-09-08T16:37:22.795Z"
8vNu3va51JSef5C5xe2HgAkPIfF3,"0xD31191Eb46b54998eC462C01f4cd6F5C742719B6","HTr1688158","","2026-09-08T16:30:08.080Z"
8vYvluMG81hQZRtk8l4D8UNKuBj2,"0x9674557e6D54a251cF08d18bC17c55448e1d577E","hanh_phung97231","","2026-09-08T16:39:11.559Z"
8vigTyP4D4R18ma3nw1BChZkllq2,"0xa936f53cBC2793F18789558f07Be6683063fEfDE","ursoul_claimer","","2026-08-31T19:09:40.284Z"
8vlyNkgG5gVu8d7xICtLH1l5SEJ2,"0x98384bEA93eAD9E535b72B0EbF11e5E77B8eD0AB","ja14533","","2026-09-08T17:01:21.114Z"
8x2h4UDIfVNtjky9amrA5IffMqg2,"0xc7e14D4cd7D94Da0648F0c496234fd8E61fa6EA2","DylanMarti33441","","2026-09-08T16:09:17.940Z"
8yD5z3VftbWTBSZ3RZuHerM4COn2,"0x54A81Be02cef1d4D4f3aA8d4a0b4A6047029653f","GNftarmy","","2026-09-06T21:08:00.137Z"
8yZ3MjOcVXYsn20e0WKNo4vgQJ43,"0x0768FC4056f500c983815b16C31e47882E9C22d3","azaria_dan73707","","2026-09-08T16:22:11.426Z"
900524,"0xA8d281b3737b15eBd6D3aCBfb561F2cdE1b57495","900524","","2026-09-04T21:21:37.000Z"
9026058dc0a88f35f62a9c1603d5,"0x3dC7015471E1fda289735df5209a00Ba310ADFB1","theLazyOwl","","2026-09-05T07:35:29.004Z"
903111c610e0037687184c99ad9f,"0x030F6D48910414699B433d54D8962B759D2FaA65","Crimsongraffiti","","2026-09-05T08:21:42.580Z"
90QzOLSUuNPQmxDghJonKR1d7ax1,"0x1c63219993951Af3c7252Fa264C907dF3646eaab","Tiffany40960726","","2026-09-08T15:38:37.366Z"
90e90bb7cd4a74840587997287e5,"0x8eA23da1a0b7E551eA2D4033F5069D983fFF9df0","sketch_rune","","2026-09-05T08:17:57.779Z"
90f42fb571e0d64c6adc29f7a9b8,"0x19d9C6A669E106Ea43dF9fe45B6107901345325C","theBraveJay","","2026-09-05T08:59:18.283Z"
9180ca4523ed2bcabf42b2dbe4bf,"0xA88368E95A6AF6d4e34bc5cDB226E08e06B2e2e3","pax_edits","","2026-09-05T08:03:37.042Z"
918a62dc287d4900b0ecc44b9659,"0x9398b40726ee913f047c3b7d8da91d6f811f227c","DaanCrypto","","2026-09-04T10:34:40.472Z"
919517b2149456657fc21a8e6d48,"0xa3618AE7A3429de965Ac260e943CB4Bd8D54D62a","theCosmicOtter","","2026-09-05T08:07:39.109Z"
929b17cce26a7ba4be935b168a84,"0xb1491959aBcCe2f0E7d9737db67Df1ecaa0bAD53","kairo619","","2026-09-05T07:32:30.953Z"
92QdqIDZ3ug0oQmJuSYVi4zGjv22,"0xC259D57CffA933b6b588b48F7fD0D4726Aa71A39","MendozaLuc69121","","2026-09-08T16:19:35.844Z"
92af2aaa8c6f95b2021b3722706a,"0x9Fc67547DB19A071aCD4BD65a2e8E11fB9371Baf","Humbleink","","2026-09-05T08:03:22.022Z"
92bb6f522eb23d93f9d38a9ba1f6,"0x78506c8683a72B6CBb497B754eB859cFacF524bF","Lunarloot","","2026-09-05T09:01:12.657Z"
92e440d13b345acdd451ba30804d,"0x38d33f2F911f7e5bcBbCA1BC5f3d565A07dCEd83","willow_edits","","2026-09-05T07:59:20.233Z"
92hyKggRSYAu7O47ByqhL4xxMGzh,"0x1bb02B975AB903429b7140Db84Ec5E11F76c8FF3","julie73qs1","","2026-09-04T08:58:00.348Z"
936dd410105a87fec6b774af7a61,"0xE527EB5d53f6bb00606Ed3D56b48f55Ff3043838","theCoolPanda","","2026-09-05T09:13:05.233Z"
938cf3b5fcff3bf652fb8777b819,"0x867C8B5Aa4ba4852bfc6FFd703435ba81A238413","Humblerare","","2026-09-05T07:29:47.155Z"
93FQVDgMqGdkX8HVk77UyCRgFNr1,"0x727D6E38f0344C96BcaDCa7FD768DBecE189fa53","TatianiaVe42865","","2026-09-08T16:16:13.804Z"
93tkSC3mKhg0X58DV0H9a0GS81u1,"0xd725cea8569E80a6f65641a495AEbEA881fA0427","PaigeDarla96351","","2026-09-08T16:32:51.763Z"
945147e83cd9b84e45ee2c23cbdd,"0x470a1743abead563174E5522349B63f5c805319E","theLazyHawk","","2026-09-05T08:57:53.399Z"
94fda70ad19eb1c655157e575926,"0xc8B4b7Eb1acdc683f015692C660EAD36d1E4400E","coolhawk534","","2026-09-05T08:41:40.611Z"
953572f4d324ee0b735877d9da8a,"0x5aF5154755585E6cf42A53A73F7F6c713e6Ea748","coolfinch732","","2026-09-05T07:55:38.789Z"
953c5c1ee38246fc9533b25ee899,"0x6dd3c1ef3d650eb876d89d1e9380b54033dbceff","SolChadNFTs","","2026-09-04T10:35:32.344Z"
95TBP38QaJb9hbQUsJxcheKPLcr1,"0x636b32B8aEBbd7Ca32b83bA89fB13De64DFE8797","HadleyW92682","","2026-09-08T16:42:06.269Z"
95e8432b39460097ff3dee5daafb,"0xCf5AbD8aE0dacBc34b6F6126E56CFCa6f972a9ff","mist374","","2026-09-05T08:11:53.919Z"
95f84f2d3220a6fd3750f620d1fc,"0xb658E31Ae206b9305BD53A7BCd616f86fa4fA82F","rare_sage","","2026-09-05T08:00:11.328Z"
95nU54PNBfQlU50TnrE1wHpPNfg2,"0x01f6A5E93f08FdB76265C7c5097b8e4aa3D6f50F","LynettV41703","","2026-09-08T16:47:24.199Z"
961va4FWjtT4PB0xxcvXsjlqROl2,"0x19092ED69e04A5011CA85a5650902606EbC0a826","allford73424","","2026-09-08T16:57:57.692Z"
963566bd40fa46c2be4eebd0446b,"0xcb6bb23cf8860927c229557a62103d700ee0f25e","sandeepnailwal","","2026-09-04T10:35:39.619Z"
963a33369787b9e4a9fa98ba645d,"0x7621D78385a612038Ee734524e0B3b0B3da89E5F","Silentdoodles","","2026-09-05T08:09:06.221Z"
96562f3391bd42a397c41fc12b87,"0xd19b68f03b37c07ae11911fc8d22f33a466ceb36","Coachjv_","","2026-09-04T10:34:41.421Z"
96881bd194dd0cf062070cfeeb6b,"0xe5F71D20B8d04ADCD2284007CaAD121975E41974","itsecho","","2026-09-05T07:30:46.699Z"
969fc79fbcf2b0f417253ae924ea,"0x0c1B0340beeBf074dc55BB378E4a49897B6810F9","PaxLofi","","2026-09-05T07:28:19.880Z"
96ae471ebf1828016773c0757f03,"0xA43229931680Fd2168439E2B9AD71BD87Fe6e6A4","theDarkLynx","","2026-09-05T08:39:54.430Z"
96c15c1b605582d5b1a266389e49,"0xB8245945303DdE9f8c40b8BAb7C7EDD927653bf4","Lazydoodles","","2026-09-05T07:52:36.462Z"
96d88d5b0395c6a84a72cca614bd,"0x1FDc99b918C19707A4117B0442F7A6ec2A220459","SorenGems","","2026-09-05T08:42:35.324Z"
970f89ba35be9b011b1f5b9599ba,"0xE87cDCD78328887b0eaA2b339cf89DE714eb19B2","mints_sage","","2026-09-05T08:28:23.137Z"
976be51d78a66a6b0f7305dee393,"0xF8b78f1EeE1b5df5AE28efECc76FB46308a9BFd4","realecho815","","2026-09-05T08:15:37.351Z"
98RGQdJBaPTstGWcsa4yx44LFoK2,"0x8e0ff870DaCDD73F7f1463159D49bf7F3199522a","WayneAllen60574","","2026-09-08T17:05:57.073Z"
98d65884021f72515e2693979616,"0xE4fFF2cC6a49b0426E2B8c03fBe97d335e12D66C","ink_willow","","2026-09-05T07:29:02.959Z"
995e2b132d44cab53d060c3905df,"0x8E9Fcd8D056653E834d3cDEd97f85e4DCFb7cfA1","theCrimsonJay","","2026-09-05T08:54:54.957Z"
998f3ce221b64298970db29848d7,"0x18e2b6360bd4a90d9808cf92cb4f196eee122795","weremeow","","2026-09-04T10:35:41.879Z"
999sever666,"0x5314e92E2De8b4D11d586FEf8A6217adeAd520E7","999sever666","","2026-09-04T21:17:49.000Z"
999u,"0x7c0E177F09Ff8235E1C956649768162E82E38DB8","999u","","2026-09-04T21:17:25.000Z"
99d7f4d18e2ce932e5197cff7e73,"0xa0353714633beDb8D2CC35D46107054C1d12587B","theHumbleLynx","","2026-09-05T08:50:40.518Z"
99dc0ca93a8831f2e8741e6a1245,"0xed09640f3D83641A323b3bcf46f444638D489884","theLunarFox","","2026-09-05T07:29:54.179Z"
99pzSSRkZhan9fb75Zx41ndXyp03,"0x7456EB6975c531f94927117bccfE836a0b18098b","ZAyrton86691","","2026-09-08T16:07:59.454Z"
9ACNTPiOSIMX7KK2SJFPiEiBW4Jz,"0x2d173805C761C44b342f4c8deEBfF568E41fCC9f","anna76hf2","","2026-09-04T08:58:17.384Z"
9ChdFVLQkESQVpmTGZlHRrzEOaf2,"0xf417f4A02aC47F94c1584Aef8b3c5137284b1c87","LenoraMoss10441","","2026-09-08T15:44:24.059Z"
9DRhcyGt3UexUHhK75LuHnunvDJ2,"0xe5F255b182F78D60256621E6bbF11260dFD1113D","LoanManh83044","","2026-09-08T17:00:17.783Z"
9Dz1wm8cJuT1xtCmU8zmRybpmH82,"0xE8A0007dfe993665C2FB5b5A1925E4532Ec4f9Fa","FallonCara92062","","2026-09-08T16:49:48.788Z"
9HUXjAu9xANZw2khLGqdOgDZ59B3,"0xb5D795a0a8720D25Bd6f21065dCd746d47A51caf","BchLinh597708","","2026-09-08T16:59:23.301Z"
9HYUPkg4YdOoDIhZf8HS99zButE2,"0xeea8f6dd11c44115dec8d5640eab3771980a2086","cryptoblast007","","2026-09-04T07:41:22.629Z"
9Hu8erAgecYnDjWPFy6pSlyp7St1,"0x772d5A3969F33F1438935914F4F1e89c91a5eabC","BlakeGrace93085","","2026-09-08T16:40:04.291Z"
9LZOaVNpRfcr2ofKd6g5aSRWgog2,"0x88de61ab8165fFD6123083EE493cc68E7964F6e2","BerniceGiza","","2026-09-08T15:37:55.736Z"
9MXlDncMPhNkYvaeNsBhloaYdb02,"0xF3203671D771BFD525ac15538dc2a52060b1D1d8","tegan27560","","2026-09-08T16:09:53.374Z"
9O3cBhWDurTRXseQuobbVUJcTAe2,"0x7b648E20887446866c203Aee0eE30444bae2e918","EdwardCrei67865","","2026-09-08T15:44:05.478Z"
9OJgOXVgu6emf8qvhW8mmWwd6v03,"0xcF984e5bc261F1D8E18121FF358B48d425a4780f","KhoaHo65873","","2026-09-08T16:41:15.289Z"
9OnH7a70itZOIZYtKBJINITqCVx1,"0x87df50D39a949dB8835783c4F2Aa157e04653D0a","AGustman99695","","2026-09-08T16:31:22.039Z"
9PKB6Y287kdXAsO1PON7d4EdPRX2,"0x032A597Ec3a22540861CDCf8AeE4b57b9a402c2a","AdamMoore141713","","2026-09-08T15:43:05.709Z"
9Ut9nIN76eVnheP8r2QK50rCAe02,"0x83F6aDDc9cA586C66B4d43d2155f79b0Aed8E77d","ByrdElisab23054","","2026-09-08T16:47:46.065Z"
9VLYtJgHIXcgBATbIgV5LANPhig2,"0x927A90FA1A398aD758F6f0179A1B5B4681B4A4a3","carlos_gil25501","","2026-09-08T16:46:09.863Z"
9X7G8lXuhdXtMlMQPcdjSBe3tGu2,"0xBbfEe1EFeca3f4AcFe67e831d0e75fCe77E9Eb22","VictorAnde67791","","2026-09-08T17:07:39.528Z"
9Xr2wau4ETXflqlw55rbHgMKhP73,"0x5BDB481bCc62DC6E3a2fCC435F2091d132c11287","ElsaG49419","","2026-09-08T16:12:26.493Z"
9a512b46af2b4fcbabac362e38e3,"0xcf3bdb43a8c24a32b205dcd96963ab6daeb197a2","GetTheDailyDirt","","2026-09-04T10:35:26.238Z"
9a6ece5138e0f5ff803660e6480c,"0xf1483bAd746FbC16e0Ea57a233DA57f52b430550","Numbanime","","2026-09-05T08:46:28.604Z"
9a6f0c8890638205c24b224391ac,"0x0Cd997D2bA691dDb5A53bE80126A5D67c14134D9","gems_ember","","2026-09-05T07:37:21.145Z"
9a84559d1c1215acc526d1e0605d,"0xF5e57f4FC6194f47f35F26e5144910616C9e5481","mremy","","2026-09-05T08:37:47.676Z"
9ac96e76f4f34283b1b4b6ca49ed,"0x9d1e7d2ad458e66cb41f75057f41030b93d4b336","SergeyNazarov","","2026-09-04T10:35:38.219Z"
9aqN4wHpp7YmKvmJipRLDOzfIyE3,"0x6abCBF69EA3CF66a09C8a7b03E2f3099aFF2D07b","HLan699299","","2026-09-08T16:46:25.261Z"
9b0278bcc7759281cad413a0027a,"0x96D09072a1A32Ef9Fce5bf83f6b684E9947C5570","theSlyBear","","2026-09-05T08:43:06.298Z"
9b22b96ecd395c5380a1ca35ee77,"0x2fA7b14F8D91d76eb11eF648C9e291DB3e561FFe","realsoren389","","2026-09-05T08:26:24.480Z"
9b4d4368a415db9c299d6160257d,"0xB7ea105716e4d604a59ADB3A08eD266681D8F6F5","soren642","","2026-09-05T08:45:09.115Z"
9bAHSEijpzgWwpMLqa1SwI2MYPt4,"0x0c22cF1d228cFC4096722D06Ef3FFa55D2408644","DennisButltzxe","","2026-09-04T08:59:24.418Z"
9babb43314894caab4e968f0be2b,"0x76e049877fa174efe5add3fbfbed96b363a3192b","TaiKAIROS","","2026-09-04T10:35:37.759Z"
9cTEKSUVIEVfh3B8JszcmjATeU13,"0xE4073eEaE34EE8a582E50a3FB8ff8C73B9016945","maggie_gem22470","","2026-09-08T16:23:59.739Z"
9cXI5FyGjfXOUtC2SDarxJLrBAI3,"0x491BA0d2619737de0F8C9368B8de9845CC02803f","AdrianGill253","","2026-09-08T15:55:50.958Z"
9cakKdHHuTcEzpk5ynBSen7l5Hy1,"0x50F172dC2aeE085c1b6790BD813D74d2E61Ca3B7","JeanKathry44168","","2026-09-08T16:21:17.382Z"
9de4881fc20246e2cd340aacfd48,"0x6b511EF76f05a8CE1f04f5CD586909088Ac3BD76","gems_mist590","","2026-09-05T07:56:22.675Z"
9e00650d98e762ef73753c98c584,"0x67D9787A941e82f2C2348B203644dE330f9cB663","stoicfinch","","2026-09-05T08:27:58.455Z"
9e1SUQBLTnVZDOMxaNYPC590OgQ2,"0xc7e7c235d0D96e61562eB85e4672bD57ea803e01","LeTien81442","","2026-09-08T16:45:00.708Z"
9e6795e401e543749644e4f94133,"0xb60e8b26852893A229d59C6e6BaDe10755e4c18b","FernLoot","","2026-09-05T09:12:36.566Z"
9e6huebpkwxyyat,"0x4AFC6fAFbe1cd2B4c074107b86d2FB95C4c76abF","9e6huebpkwxyyat","","2026-09-05T05:38:32.419Z"
9ed1bd039143d9e0fffeb61d8d51,"0xEa0a403fd00bFaa77aAD93F87fd9A6558eDe94D7","OnixArt","","2026-09-05T08:03:02.766Z"
9eeac38f3e14b818b9d44307ee30,"0xD8Ad3B021838A19F385CcdcB048375f06B6F8273","slyhare481","","2026-09-05T08:08:42.940Z"
9eoA6a6TwbOTrmgNXEZ9srtA19X2,"0xb058bc54B26237a3c301EDa4B77Ad64B7B664Ad1","Zero_G3ass","","2026-09-06T16:49:34.825Z"
9f086a4e79d2154251ba38e9927c,"0xa66886d1D199DcF968FAEBb715C51D0F5F4C20b3","Humbleanime","","2026-09-05T08:08:05.734Z"
9f0cc7743fa9bf8d51d08f4eb9a1,"0x46F74F27991e6f99c7937eD41969c0A15F65EB3D","RuneMints","","2026-09-05T08:33:18.939Z"
9f8e9855d8df8d01f1ebfabc9404,"0xBC6Ee76B1fe8b63e09F2B5d821cb57E44Daad3f5","Slylofi","","2026-09-05T08:27:39.960Z"
9fd09e72f395428f1cdcc7f99ee3,"0xF0d9E6c10ddaDD71a229DC1b1E6F58Ed8F7b9634","Crimsonnft","","2026-09-05T08:44:53.938Z"
9fe0f885105b026d61eb28a14afd,"0xDe83D17b3232E5C491f62C1f04ceC3C7cB7F6a5d","haze_edits","","2026-09-05T07:39:50.244Z"
9hG1iMKIX4czA1wE9WKiwa6TxM82,"0x5De8bB322aCAfc90C8913A236CA5e5cB8027d95D","HoLizbeth180345","","2026-09-08T16:11:47.878Z"
9j8lyylb4cgli3avOR9Nk3NjGXk2,"0x1FD59d9584f9747EeCD30C765C9bE8592388629F","BryantJose65940","","2026-09-08T15:45:11.898Z"
9kYqbLgRaOhnbvExzw1XmA0bffK2,"0x223CA8E76e3fC3207cAe28625f8e8fD3458A6e84","Valdis_twp","","2026-09-06T16:51:01.184Z"
9nHc6Z4taJVIrXEY6uY2s3UBJm02,"0xd7b28797B08c4C882b7eE623fc98F73Ca874c2A0","QuangHu314813","","2026-09-08T16:49:02.578Z"
9nuQBb5nPDXn5IQ5JyImV0YBfWp2,"0xf65e60010c68f6AE5A6ef5Eb58b3bb905f3e2EEa","PeytonMoll30022","","2026-09-08T16:18:13.151Z"
9o5js5dE6RYOwUv1Su0RI2sJuQu1,"0x466da5a0619ca2ffeb0032054b560c6a5eed3fef","RehanKhanSafi20","","2026-09-04T11:07:03.934Z"
9oOjWDAbzIMhTN90aGPdjBpOEkT2,"0x68CF4AE86DBCaFe6A8CD024D16a7780Ad44ce46B","margot7989","","2026-09-08T16:47:26.450Z"
9pEKkuZqvUSaLsH8JjCwOng6foC3,"0xfcd6803482c0324cA2c272296fd2e8dF2820Fa6C","TrAnh231758","","2026-09-08T16:45:22.832Z"
9tWLIj3x3xVKGle9Pq0IBryFez73,"0x7f6e0D9b306fb967615f55D546228805e0253E8c","SondraWhit5647","","2026-09-08T16:16:29.178Z"
9ujEbb99auNIjalN8U4CVVAwMXH3,"0xc8e0f9e71E469cD93C65e6114925FCAEff8A481E","EdwardHenr38531","","2026-09-08T16:04:11.641Z"
9vBA7HA9M6gWqAjwgxS8DCxvWwz1,"0xEaB3310Bb7bD013b77bEfb05499603bB646fb57a","hoang_quyn44712","","2026-09-08T16:42:39.229Z"
9vi1H9gqbcZtxoxthMTtnhNOTpF3,"0x10c92f9499f5DD1b689c4d915E156873f3571dDC","EsmeEvange57583","","2026-09-08T16:40:40.513Z"
9z64a1IWGje9rVIyvmQlIRFmzso2,"0xB1f624E5888F4F3f365140035BcDD3b4Ab7cC78b","LaylaKathr24346","","2026-09-08T16:08:52.703Z"
9zI3HSTP4SMIdu3WOUFLwBlhUuf2,"0x0eAA1659978CbF951EB29cC56D377B8937e1A826","NhHng654814","","2026-09-08T17:05:37.791Z"
9zJAa9MuatOZZOwTgOQIi6tlQq12,"0xbB7E6a1b9e327DFa322F738178E6ca7A5ea3f0f9","andrews88694","","2026-09-08T17:01:08.235Z"
9zcOv4BzwebuRjf6WvCrxmjIuOv2,"0x6823Ccb5D813DD0E5F8C3A1cAC25CF04173CF1c3","OctaviaB83237","","2026-09-08T16:46:42.013Z"
A2EUwOtwtNYGZNn9NArvMUVYeKO2,"0xE4dFB732b2063eF5922108e4D6839bbFAa27B33B","bonnie79613","","2026-09-08T16:41:28.366Z"
A3ZnnPXGPCPm4ReshYwfnUuGVZ63,"0x3842c74b8427c125F9A9784222BebA8B2B89ff80","TChi111110","","2026-09-08T17:00:46.228Z"
A4YV1VqTTggqiO2uXLqTFloNfnx1,"0xBFC6227613cf0e90d6c01B3055df146e8a7A1f34","LyndsayMur97693","","2026-09-08T16:32:40.991Z"
A5YkeNg2ucfxEWzwDgvDR4h0vaf1,"0x5ff58E00D3Da53271050eb20cBa8cDa660012Bf6","BHo948861054829","","2026-09-08T16:40:48.885Z"
A6IsRIzYo4e1PZR9JvT4OMl82Sq2,"0x4B7d30c4Ce32FF45e5A8B193A14e8eEa1b39E722","AtchesonLo71300","","2026-09-08T15:40:43.169Z"
A6Mr1G2SCDdWvZTTAVzOslEslnH3,"0xaC90Aba6800d8bEF0Ae5cFb1098eAcE439459722","TngHng180421","","2026-09-08T17:05:39.736Z"
A7FJAAK9rPwf9pvh6wMQMa0gv3Cq,"0xcC20cB985F73449D20BabD90828bc35F9EF54356","BryanBarneyttc","","2026-09-04T08:58:54.676Z"
A9mMEYuyiNDiECrTHzjrqZhKqwNl,"0xF7B4E73415247D288CD07Aa9E853f301BBa168Da","WandaScottwora","","2026-09-04T08:59:08.108Z"
AAx12rtm7qNWsqQVKecXj7KSQcD2,"0xd2A54dc0Dd97a225b8C5f8E31b7eD1646AD7e63F","ArroyoMarj8421","","2026-09-08T16:06:59.499Z"
ABg6QSzjbBPr2reKerPJzO1tLhkv,"0x133Cb09Bc7EcBEbF86F486D7C10bf31eE2C2A97d","BrendaClard5yz","","2026-09-04T08:59:32.744Z"
ACQNuo77v5ZEIGaoly4SKjd59Rv1,"0xD5393C6f3D67ae607DCa3A43047C63340dfE0620","HngT528655","","2026-09-08T17:02:50.196Z"
ACkVg2po7ob4XCTge839fkrcJtu1,"0xCcD6B00a4db95E8bF4B22a1434E21271FA01ECD2","LmLong412509","","2026-09-08T16:49:22.423Z"
ADFUB93XXQf7QjJOefYs0dFy1Qv1,"0x41Be2c7981a179cF660AE7cE3d358160A6eAb9D1","Antonio68986585","","2026-09-08T16:28:00.101Z"
AENlCsbaB3UgjUKdSJq2XDBOjHnB,"0x61DAdFBb646C40698453d9f4B529673d36E9b44f","StevenClar0iup","","2026-09-04T08:58:52.760Z"
AFrEcjaECHXqAthD22DNn9KaMN62,"0x5Ac08BD761321c800A94C616dFE3ca58c7060C9b","ariyaneliyas90","","2026-09-06T19:49:13.937Z"
AGjYbQvwUd5Xc3eZscmw6NPz12Qr,"0xf110C88fBA8200B3957dDD4597a7A6BC12F635Be","JoanWalkerx2el","","2026-09-04T08:59:06.621Z"
AGmAjYHPihWf9j0n0z1ejethePx1,"0xE9707a5b0685A45A76C947eA4b8383E97B9aAD7D","AGray82923","","2026-09-08T16:14:00.432Z"
AHhrMCgkw7ZFX6Fb8IJPC4U8PFX2,"0x0DdcF2768268b65A1Ce3A952525f2513B0Cd13C9","bao_ho59903","","2026-09-08T17:08:48.274Z"
AIb7gCK7VNWCn6ypxrDX54vkkNE2,"0x5bC9eF873433897E994F2e03831aA00A0115463d","DyerMelode74712","","2026-09-08T16:53:24.311Z"
AKHd4Vg18Bb7SAVdqg66lOvnKC62,"0xd0b06eF365a8ccA8C99fC435659E56e1360313a0","courtney_s43321","","2026-09-08T16:16:59.035Z"
AKNWILEeqDTw8cefL4E5fgTjV7w1,"0xe61ee17938e5e80E847d200f6a67c79f82f11955","LuTng38423","","2026-09-08T17:05:43.323Z"
AMyNme9Ye8eTLLJtimf0BWfxQ2J3,"0xa63756cA4F0ADc9C3f36DE9B36E4A35B34d03BB7","GretaHayle25259","","2026-09-08T16:31:08.640Z"
AN4eyqIlBUUWb5Sv34dJunPMHqF2,"0xDec7c22f1BDBdB02E3154f2ae91b18d624331aaD","BainJanett5025","","2026-09-08T16:20:27.257Z"
AN9MdFINsFOHhejF3ZJTzrYZ7n83,"0xF07176dE75676049234C445217580EEc2f50e16C","LngThi264144","","2026-09-08T16:24:26.891Z"
ASPidsCrHjbW5JgkqPTEPMKRNI63,"0x66CAd399dC06e5D8f522d1EDC0dADf90f5fC03Cb","MLoan3392","","2026-09-08T16:54:10.535Z"
ATFdDRCrQiezrA7ZCc5ySRwBlnv2,"0x2C53e3fc39B170dA12B34af054e46DF5e426b9E3","LesterH29735","","2026-09-08T16:21:08.039Z"
ATOIcr59zMZZAl2F1N7VmF6QmC83,"0x028cCfd9920A413b3398399feb7F331709b85509","CelindaWhi52239","","2026-09-08T16:39:00.901Z"
AUzxADrWSeTFjGwLlZsvFyLpiSy1,"0x0B69770545099D401581CA863276b9E5C5F06146","DuStevie97557","","2026-09-08T16:45:58.711Z"
AW3UoH1Xh4eHAJcgHF596d5bzBt1,"0x9563FAC7c0974B606894802B08EAab78fac67F11","FrancisFra2997","","2026-09-08T16:13:43.246Z"
AWGz7p9tpmaQ43aY1R56hJvADlz1,"0xF4194F4a795A528730add5fEb1abd125D9228B15","BelvaBurge86903","","2026-09-08T17:04:03.150Z"
AWZAKj7AtcKRYelCLglM3Q95uPDH,"0x52C26D793fB396cf802eE25139225D8EfA419228","brittany91cl6","","2026-09-04T08:58:27.207Z"
AXcLVJUDHngVZ8rOod8y51kK6G32,"0xC8D022f96D37C3D455885C52e64C9ceE6fCe5d92","sapi_terbang15","","2026-09-04T10:14:24.824Z"
AYvqti0TimholQE2qMLBB4VJGtv2,"0x3Ef8deC336f8FA9b0f90f4024241FAAca68C92A1","HoangLizbe58364","","2026-09-08T16:17:37.515Z"
AZAVlVn4VpryKwcl2YLWr3ZUwY3F,"0xEd0633510dcBfD8bdf8E6487f678306462BCdbfF","ChristinaTnqmu","","2026-09-04T08:59:08.421Z"
AbEgGLk9WDAYdzA1TuHq7lAc2IUv,"0x5f94b30d26aA67819E39b4d6B936A94F8DaBF039","TheresaMyeadyx","","2026-09-04T08:58:57.855Z"
Ad1XxCUQk9ge7yWMaz1jKkdAB6m1,"0x71C1FdEF9fF0F5435c5EB6Bd58c190064Aa077Bb","PhmTuyn1894577","","2026-09-08T16:52:32.241Z"
AdtIp7rNDVaybW4MNIxR1z0RX3T2,"0xD16ed0ea722e79C2aFa3411e4fE3d5Bd43c84125","AngelBootm40878","","2026-09-08T16:10:56.819Z"
AexVvTcTREeq9nFZMJMGPF2cTQz1,"0x4C7260663841D5461D1b63B26eA3Cb75B44d764b","YJaelyn70742","","2026-09-08T16:14:53.213Z"
Afd42ky45JUnvFAIOQwCkSIKC592,"0x2E2E4a6C71138D341515d6De41b0Cf0869F71bdf","ThaoTruong96951","","2026-09-08T16:57:44.134Z"
AfdX1ZI6LgTHNhI5BsPxcMQzUPo2,"0x053191aD34A9049bCd7497eca4959EB70b2F853D","MoranRosem30135","","2026-09-08T15:44:41.118Z"
AhUiQUT9OSeSKeQcupeKadp0V8z1,"0x1e3f84943783FEeBA2A321bed83039ffDaD5ea5c","erika_harr54104","","2026-09-08T16:12:20.757Z"
Ai9sLyLMJkQpkslzdbJtXQLSV7k1,"0x804465BEb5c3C2373C7C6d2d79DE4c10D7e85Ca2","NghiemLan79392","","2026-09-08T16:53:54.203Z"
AiQqNxe818Unze5i4YKfg947Fd62,"0xA207BD11c8C855299419023A2cB96971c7878824","AmeliaCass80832","","2026-09-08T16:25:08.856Z"
AkK27DSCbBesQ76BJJdTmI4yX9W2,"0x74a0e97D23005c571F473B0e355d1a18573A348b","PatrickDou92216","","2026-09-08T15:45:07.113Z"
AkZ3GRYrzzM9eVogISIBwdQAVIJ2,"0x5629a00415730257Bbb9609EEe35e59bbeE9Bed0","StrattonTamekia","","2026-09-08T15:38:07.477Z"
AkaIEjJkJ1VasrXrNEUGkwCvCd93,"0x75bECD6eafCa041B6Bb84c1351a46271F923E72F","LaniB18966","","2026-09-08T17:02:28.730Z"
Al6W36Vx3OWYIU4fJD85Jy9gqHU2,"0x894f9203c040dDF80feB5b8796D757E976590B75","cuc_tran97290","","2026-09-08T16:36:07.367Z"
Am3A7i03xqVAWPs6cuFDQm3Iyyd2,"0x775A0122e930C1A7584BdBb8b9E8920b5fE4C3Ce","citizen851","","2026-09-07T13:16:51.949Z"
Ao1bJq9H1agjyml5iRUNPo4N2I92,"0x6e87453A5068CbbA1bb00f4042D80e67433781AE","LinneaWall2819","","2026-09-08T17:01:06.590Z"
ApeXzeA3UgMgguCh7B965FU0Wqq2,"0xaAbdAC2C2bc6b5b759affBcA5928343C692660AE","FabioDe10843361","","2026-09-06T05:41:32.681Z"
ApgyzTRoCQSvAi4XAzlBSlhjXKq2,"0x3DD34Bbc2785667f00A8853310AB4976d3FdDa4b","BHilde69448","","2026-09-06T01:43:14.242Z"
AptU8ci1sVXYTXJp24UgMiQAfA13,"0xA247b7CA743F576e1B6cc550A483c8437521612E","TranAnh11900","","2026-09-08T17:04:27.952Z"
AqJe7KPb5oaseEj9P4aSe9b9frs1,"0x6d48B52Cb44Bac2d0b277a6Af97Dd68186D93921","MasonBarge75171","","2026-09-08T16:03:49.466Z"
AttFoMsshLVYhsCggTppfEbWdsF3,"0xcfe4FA48E984a8f74F44373d2177Ad280fb61682","LatrinaVan32034","","2026-09-08T16:11:08.982Z"
AuOGbiQ9ruSOmtfX4EQcxhrAUiC3,"0x84A91573047811B59aD055c623cfeA523D0eAB23","LJoyce95741","","2026-09-08T16:09:06.183Z"
AvHCylmRwpfBugwDIE7gpsm3gX12,"0x465D82Fe4bc5Fa8A41A6c4fA96BE34e3f7736Ef3","davis_elij14796","","2026-09-08T16:38:52.793Z"
AvWA6bb7iRcQrncO5tJWEJ6xNTR2,"0x6Da271172a693c6434FBc5C03dC32C5a571DdE27","PhanTun1344529","","2026-09-08T16:33:41.930Z"
AxB8um0DOdd8qbSTpqHxRF73hF82,"0xB588cc0B915F855Bd5676f2d6C4188AFb79483b9","QuangPhong11127","","2026-09-08T16:24:25.631Z"
Ay1p196hBqSbmxz8MRNEkcCxysz2,"0x1E96F040Ee01500DADA581E6d79777C293603cba","BeattyElse92690","","2026-09-08T16:45:13.770Z"
AyCOJOhaXTfHuGwlGIIAEUiet1p1,"0x7f1D3E778978B938afe196a0143537ae21d86bD2","ParisDiana61761","","2026-09-08T16:14:50.627Z"
AyM15o1B8uXcSXlL7wbe1IvCmjA3,"0x0B6CF5dCb2b8f41aE5a8B1989cfEDf1f33346329","NorrieWeld8475","","2026-09-08T16:25:25.593Z"
B1DQJ45YIldLRCtkepDa0IPmRmT2,"0x5EAaD683df8332dAaaCcb1A576DdDE19965c849d","TTn1693272","","2026-09-08T16:53:35.190Z"
B1rP3QY9rLPgyNQ0n2FVjcXqZAh2,"0x48FbC47B1D00dec7BeF9ED4A6Cb37448fBdAafE1","WendyHo15086898","","2026-09-08T15:39:04.027Z"
B2KqdrpjvSU5s3r9CKLT61WTNmI3,"0xd6bf07F1Bfd8CE4bFeD02F0649F714F23f31cEeA","SchermanKarine","","2026-09-08T15:37:47.360Z"
B2mcOTxuEySUpoUjk7QLivX7il22,"0xA6999D7F5326F2f367Bba83268B60918D856fd9e","ChuThnh278360","","2026-09-08T16:48:04.375Z"
B2piCrzr5JcUKXfbfKpbg0tWeld2,"0x00283c38e5C08550252BAf711A20f30BCDf6aCF6","mamadsmart007","","2026-09-06T18:00:06.488Z"
B34tp56MzvYRUJEyoHAD4ZoKqGc2,"0x45be5CbE9D65b0FdC15436fb00965078C697Ae68","NghiemP85683","","2026-09-08T16:47:47.094Z"
B4RPqwLMBfONZ4kibyUUGTbTH3K2,"0x44747e7F31DEe68Cdf263d06Da993eDeA96F9E01","F1198L","","2026-09-05T13:01:45.677Z"
B4uach5Nn4R3zIQKF3pW1mn3wDh1,"0x498dAe0e8472b8aFbC737d4F6bad994502C92528","FelizaTuck56209","","2026-09-08T16:35:40.510Z"
B5JViKe7R5Qsao7TpaR9WOyjbAF3,"0xd47a5aa3c888cfd1663dbdf30e149b7e54d2f40b","Crypto_Jackxx","","2026-09-06T18:13:21.984Z"
B7CoH06nycWs0WXbOcU4hKWIGIs1,"0xa388f1691AAe095cC36c6650f6578Fd030361298","DungT456415","","2026-09-08T16:42:31.773Z"
B7u9jduyZNkfybdmCzSWlL7NbcVi,"0x9055ffE37aCF4d1Fc0eef55BCbeB50E65bd93D25","7xxnlo85","","2026-09-01T00:38:40.698Z"
BEbQfGyQN2VYlFcHyf28I06aeY62,"0xF48DDC47dCBa4a89ACb2322270A4EEf3e0f162d8","djembut07","","2026-09-06T22:03:30.856Z"
BFMjzCXsmXZkeDBWQLHkGUrfJsb2,"0xb09fbe74eaeafc1b872dc0c9d3462bdfab31406a","lkdinarc","","2026-08-31T18:49:25.251Z"
BFO18GY5cfOsbz3VcotuXJ7HE4Z2,"0x784E8a2D88a376287427F3d3b74955A71c306f2F","dexFlawless","","2026-09-06T18:06:40.759Z"
BGcGD8DfZ3ZBhVeBQBAJza7DJMj2,"0x3Ed62f75c3Ca4E636843E30B501D1fB92b6ef52d","JCreighton95327","","2026-09-08T15:44:29.500Z"
BH93HLMC7FThTEqOLcPK0oj5Vlp2,"0x892769BB64Dc70e36837a99E0215d04B3204A51A","VTon499345","","2026-09-08T16:45:41.250Z"
BHFozkAZ0PRaIZpyr3laLsWGr8z2,"0x29f61E9c6d8754A37c6D3de2D66C7c0908319308","VuInh95984","","2026-09-08T16:53:39.399Z"
BIJL8TprVceggovtFWmQCEqNhOD2,"0x87d3b2ac90D3320DF971142eB63059206b8EA0Ea","EdwardEnde92793","","2026-09-08T16:27:30.134Z"
BJDHEscoYXOweC2bsEzFfeLCBnP2,"0x3630d461eD0AdEe512865845240135E91130c000","LouiseOlym29823","","2026-09-08T16:37:31.702Z"
BKCXk8dLA6bpqHbZqlwOiIhG3fU2,"0x0E49ECaAa05858909DD58231389d921bA7570b18","oriana_oli54451","","2026-09-08T16:12:39.177Z"
BKhsa8oM4bOgazSbHoMfS3Hgso42,"0xc85b0FffD672bA80967309219b8cB72f53168145","TrChi140850","","2026-09-08T17:02:01.473Z"
BNVJyBSJL4WV7qv6XflD36a1clg1,"0x35Af16bfE2694013355A02f553262Abc2e3891e1","CadenceSyd7320","","2026-09-08T16:44:07.336Z"
BPyhx9ZQZOCMb8ysCB2Ym2pq9L77,"0x4A7D7d0208a22dfe30b16BebE5107361f4E0f365","olivia30ic2","","2026-09-04T08:58:12.498Z"
BSHOsZIGcykQX1TTELIkEzdPDm2b,"0xfB6F170D221f8F0e21719fCB4d1BbFf6483672C9","jennifer61zw7","","2026-09-04T08:58:38.808Z"
BSKApyMab4aTwpvc1iq3gsBAC6m1,"0x1A0A26bd27c9E3cd4Ca9A98ECc30a1624bd96dA9","RRbkUBQonoiAN","","2026-09-08T15:39:16.708Z"
BSbiCBIZ0vRVeflGjm1rZCLq2YK2,"0x0C745F5243C2D05db37C899e6063A05f366BD1eC","sailor_pop46303","","2026-09-08T16:31:40.695Z"
BSgY7PB3ixQTOlG3LGQjdZiu6ts1,"0xeBe2E4c015346baDB273Fe130f278D8614CaCE33","KerianneWh86837","","2026-09-08T16:07:25.249Z"
BTdPQfGOLifELqZQrwLBBY964ag1,"0xC548cc1218E1e800CFE1222e12De4D7e420Aab98","PhilipWill43394","","2026-09-08T15:56:24.424Z"
BW9AZfT58NXtstpxjk6tQ8pVlmd2,"0xfE782c7A020Fe0556d327BA16577a499DEDcDb8B","torrico_marcelo","","2026-09-07T12:35:20.917Z"
BWWEXuqO4yQJW24UF2WB58yGRy32,"0x1fBc96EAA9ff5c937e382028c2C21243a95A325C","AvieEaton47257","","2026-09-08T16:34:28.504Z"
BWWe5sgfQdQTFCd83ekPop8lDJj1,"0x725D58D95973D5062Ca143186942ACE0354F1F3e","SamFlatche47561","","2026-09-08T16:33:53.455Z"
BYVSguJTmHheWXyCu6USOcjgcLg1,"0x1e5783AD14a28C68e4611eF9967f436c226E656B","ScYOZLxcwXbEU","","2026-09-08T15:39:45.331Z"
BZqmBUZGS8NVfqFbZ0IlHGyj2YN2,"0xFa37DA87236e717FD81c5C8c8a623Fc106f7d6Af","Rennyrexi","","2026-09-03T22:19:02.233Z"
BbCzy3ONNtf2krksRM6308Y1EOS2,"0x0B5db5c39C6620E25BD7f8646928C7117CD7693b","garcia_jos47262","","2026-09-08T16:20:30.590Z"
BbIAAt97SJeRTstUmnCqHqeidIo1,"0xaEd3d005d8b18bA1348371e3bC43760a63905854","amig0x","","2026-09-04T09:03:34.439Z"
BcDT7UeSKkONrChTwq2SeOflNot1,"0x23f1522625DB0Dd902Ccf03E7eb5077a8eCFd97F","kdQGoncvoiYfB","","2026-09-08T15:39:42.598Z"
BcZ8V34maQOBI7ykS0sNt7ZDOUR2,"0x489b880c3255a80DfAcE402ddCe729e7aa3E3b52","PhanNgc65673","","2026-09-08T16:38:12.251Z"
Bche0zLKsxNHfeb2kv1gtiQJp272,"0xEbbDe1f812e54020ff2B2784B4867eD7Bd3a7748","AngelicaTi42983","","2026-09-08T16:47:33.093Z"
BcjsQX1VRWX1zdo3IwdMrPzlkny1,"0x7A3909f066df57eE2067C79437A7C2c903930597","TangT52413","","2026-09-08T17:06:04.560Z"
BdHJCMQ4GudSRGpa6JLSEFGc8fk1,"0xD3FB89185A0Ef01307499b6c8b6eC29BDFb79512","DanielleIr76098","","2026-09-08T16:45:29.978Z"
BdsktoOOAifxtyxFFJItKasDer12,"0xa0A145fCec779eE35Facc705028C702E283027f0","devin_fult8456","","2026-09-08T17:07:40.337Z"
BeMU0cPm5gZkK3GjUZO4FgteiYG3,"0xFaD817A5e2CbE21CD6A4fb9348757D618E4413fF","hoang_vo73500","","2026-09-08T16:53:56.684Z"
Bf1g7slMJ9U3sEsFuvENQoRRR872,"0xb46a0ef4c3EB0DbDc3804CA9b667fBBb4F6965eB","HarrisGret10008","","2026-09-08T15:44:07.751Z"
BfqUVeBjLBNS6quaebjf9eDOGee2,"0x356d07808B0Ba8EbE471Fd9cC6C6EecA5fbA728D","XunThin182755","","2026-09-08T16:30:50.702Z"
BhDcNfzCh36gXEsrzDSUe3kAiLGC,"0xA9353A2C8b9A96A87F7Dd5fECD7Ff9D373E47ADF","sarah42hv8","","2026-09-04T08:58:30.285Z"
BmcIVyeNSPVgUPrLw8y4JksERbl1,"0x89504368958a366d246dE099CCAbF39E6fB96d16","ECroftoon22585","","2026-09-08T17:07:44.839Z"
Bnq61TrCYbRJC6yqBTJgFqg0W812,"0x9ebbcA2b5CAb9Ddb10666De60bF07af3a8F10041","FosterEdga68171","","2026-09-08T15:42:58.894Z"
BpI7eLm6JMc59xjCr3ZnnRO8zZs1,"0x06f1051311F8cb932FFfCc010B6F1d08F6225B92","DominiqueB51996","","2026-09-08T16:37:37.437Z"
Bq3e2Al6sqazIZhz5AkL7aBJ60g1,"0x11cba149a6a3eb74073a0931c2869be121729133","YolaneF9075","","2026-09-08T16:52:39.176Z"
Bqips0qcYhPIKbzNDU4Fcyf5cL52,"0x1aC9157467e6BAd3394C2E50B2300c2c22bd76A3","manh_vinh17743","","2026-09-08T16:57:24.905Z"
BrL5XPVspMhAQVkYcHgRSxa3aSt2,"0xE956831d8AdaB7a856c4F7aF4F6d3192DD0f80dC","MnhQuang130727","","2026-09-08T16:41:33.734Z"
BswSmSEpMVRbwXEQ9bRw6QmXbPr1,"0x3A92367173d3E96Cf7209e9Dc1E50175eB9f6678","TrnPhng188847","","2026-09-08T16:36:55.740Z"
BtBrZVWzC2QDKxhgl1sq580hN8P2,"0x532603cb9376b607f1a9c60e085c891c6ac25dbd","ba11ade","","2026-09-04T03:05:22.545Z"
BxUaowS9P7USpU5Qv8C0yqO4awZ2,"0x7b3BdAD4e026f6dBB8bed2149ae5aD5d263BEdc3","LmDuy324851","","2026-09-08T17:00:57.982Z"
ByDHMgpz3Mb5zGgrV4GMY2QaQiq1,"0xaB9A3F07073217beC973632521798C1Da83843C8","HSn508120216612","","2026-09-08T16:39:44.054Z"
Bya8gKDO1jM8gRYOffkRHrV85hF2,"0x69a3A8109976c9bAE20E848F81b2bdfCDcF485c1","cao_rochel16513","","2026-09-08T16:49:09.924Z"
ByjGpvIq1HXPmfFzWAJs0dPJHEg1,"0x0cF52625eCDD8dE077A745E5e876213eF245a98C","OlwenPeral56494","","2026-09-08T16:42:44.834Z"
BzAuynBNwTPX2pPp6FsnPz4vJ4n2,"0xdeaa8ce5bf6680244F552aA26Dd6b51E0373ED1B","GregoryCar67468","","2026-09-08T16:12:40.803Z"
C3NqHTebIVUSNKMgBZYqt82YTaL2,"0x923fa851ad24989ecb647cfd065847ba94a12623","havan1988","","2026-09-04T13:17:58.365Z"
C5EhvyQOMfZIcydoQbgLpR0uXsv2,"0x11ed4f74238C0d6112AAA636418a14B8042f628c","SeanGardne40837","","2026-09-08T17:02:58.735Z"
C5jfvavF54P1HO0toZVtXG7JUt22,"0xD2413D174E8F7728e9A408591fC52Cb6C47feeAF","TrnPhc193657","","2026-09-08T16:28:38.446Z"
C8nr59ANlgMgHVIFzjGcfuYmEhF2,"0x7B0dCff5b4E0664C8b3706578EF5A3db72c7Af74","AlexAldrid9709","","2026-09-08T16:15:59.313Z"
CAPqeI5iFjRA7UKeY2MopWMAFU92,"0x675641b890937f47C323A5F5111C13ba196ba2dC","LmThin45746","","2026-09-08T17:00:37.274Z"
CBTLFX2G19QxWG3m0NQ2esrcqY92,"0xff81985aaba768269ffe591611afe499dab7242c","yaowenjiaozi_","","2026-09-04T12:36:49.697Z"
CHmSJpWgVgMhqdJSktYF7rXlWno1,"0xefBBFEF368DA29C91357308b82351E5579c8eefF","ClaireTyle64648","","2026-09-08T16:15:16.923Z"
CJK8lzuWerPVIc1uMTtF62kRwUY2,"0x3122edec2B2eD4dBe659E45195E0E31d76633F04","Aditya0771623","","2026-09-05T15:33:00.870Z"
CLdvhzk4hwhaL9HjXjPVgJj66Au1,"0xe8F89F907f8B6cDc2850625270F4e1fE92cd370e","YatesEula39905","","2026-09-08T16:03:54.052Z"
CMOhRpu9MBSBBqHVSunbaVXCVM62,"0x16cdb1FD7160d60eE1aB2aDc9C411f3c76D7ab89","DeannePink10000","","2026-09-08T16:50:44.269Z"
CMWspDUfptUap1G90XYqpHt2ruh1,"0x14C328dAf792B2D75d77Ed71f4C2A757C4acBEFB","PhamG94412","","2026-09-08T17:03:07.389Z"
CMaY68dJWEXg7YRouq5bkALSFt23,"0x825D8e0024c8c571969f91907707d4D74233dD48","TangLuong81811","","2026-09-08T16:52:35.436Z"
CO8DF8Qy51fJM2rKPgZz5R7LEih2,"0xda0b602820DDA115799dea5B150B28C5Aa7d2012","GiaThu585162","","2026-09-08T17:00:01.996Z"
CQaBwJl8MoMkIVGgLnq3pzqHuhNY,"0x7Fe6EE01E4D1f9d4009C9Be57f707d91F3249b78","RyanLongtctn","","2026-09-04T08:59:12.093Z"
CSfHWz2LmFYWBspOaKXWaRKeD1C2,"0x11CAd39deD06e7fB470648FcF280b2fB08366b67","TrngLm177703","","2026-09-08T16:45:38.912Z"
CVOjlR1vZySrvTXjJCn8Lc7JG2n1,"0xAD9EDC00162EBA42Ff2963339d88252F7Fe3Fdd5","WeisAbbi77491","","2026-09-08T16:35:13.834Z"
CaB40w6G1jcj4Iea4tPVBadk4rJ3,"0xE236182a9b981920fD5D89f97bdAb4178A6D2395","margot1055","","2026-09-08T16:27:23.730Z"
Caa1EdJWlJWzxy0nxpcc6YjZL0h2,"0xB2C69E1b4Df27a1275774B7594cA99f933c12884","CaitlinGra61136","","2026-09-08T16:07:45.298Z"
CafsQT7WHSO0gQXsEsdIxbi8eTb2,"0xFeA5E7edE2A3f1ae99cAcbad42034496c169A712","VKim1061684","","2026-09-08T17:00:12.545Z"
Cavb6A7QWegRZEZbwNR3S2CU4P42,"0xE911f3bbEe6cF9664c90c35D7586525D459e3677","LindsayRam54493","","2026-09-08T16:45:20.801Z"
CcWLW2qppNMKeojKyq5j8cU7Vlu2,"0xd196b957c7688cdaef9c11960563f08b245fba09","yuhang11501600","","2026-09-04T04:22:59.382Z"
CeaQjLLBY6htxro1JhoeK6cpFuV2,"0xC146d099c6C7239b510fdd81de1a3032f3445968","an_vo9275","","2026-09-08T17:02:46.618Z"
CfbZdWSSGYdhGbi2UPjUSyAxuwx2,"0x95f86d5Ccf0148B6060053527c580fba4CbF5032","PTien35218","","2026-09-08T16:39:26.826Z"
CflZV5dBzsOXxhMQIUDUQAoLiVR2,"0x1cC69296Ba45b8D4190aC68458A7434b929b8F19","HoangVien15791","","2026-09-08T16:43:29.481Z"
CjVr6J2AzlaSpwivAzbhDviXpN13,"0x074aB5e9206a3811B7F51236b404e5E7FDca1Fe1","TriuKhang119886","","2026-09-08T16:42:09.168Z"
CkBooLfT8qeBCQdPk3NUGkVK1Ej2,"0xc0D5CA5C9a43668a0c85ab939b63FD6E0875A997","dreamlunat","","2026-09-07T13:21:39.229Z"
CkMVS7ylnBdQw1BCtrYxSngFPR32,"0x43Da26e0a5b4E17462812752E8Fcd55Cae6349CD","TThi437689","","2026-09-08T16:36:30.568Z"
ClVymnsR4pSmzc78aBcDaMBfkg72,"0x1744e71f4a8530dAf424ff7749a6fc4536B66dc4","LindsayIri86631","","2026-09-08T16:51:12.180Z"
CliuLvzmFIZNQZ6YPoYDFlJokiF3,"0xA04cDbDB05097D48858bbbC5eb9A297C9E4a001F","teresa_ali64275","","2026-09-08T15:45:00.311Z"
CluRHrrc1TTzkdS0CW8VLlVIQmh1,"0x470754E4C048fB46148c2B1c600964F570848CcD","PhanThai47801","","2026-09-08T16:55:48.231Z"
CnXkibeedfWyhIxmMIPRbA4kpmb2,"0x2953Df1E35943d3669baF365FbB619570DD9bd51","PayneJulia24753","","2026-09-08T16:14:37.595Z"
CoAziYv448Mf607pm1K4nOrZ7um1,"0xd6b34081ce0a50b95e5cd62c661742d07d332edc","Ola723212","","2026-09-07T09:49:03.288Z"
CoeCnrmRaYeXTsCu8h7FmTxLM7G2,"0x5dA6ae3D31bD28c95d85fb74CefB87F5A1cA60f0","VickyRober84608","","2026-09-08T16:16:52.634Z"
CqgBNGR5PROGNsFqoLriIyztPwu2,"0xBEab8545aBDCa993AEee5F05f9A31896dF5132E3","AbbyThomas66018","","2026-09-08T15:41:44.770Z"
CrXHlnZYtSU8BEelGyHnuPtqcHL2,"0x65dEf81280A1B8D536C3bA8795Beb0cCB57B1DE0","NguynNg11986136","","2026-09-08T16:53:08.494Z"
CvTStVdlUbdFsCmpttc9OcHx5Nd2,"0x7b9Fd5F53b39123DA9d4c796783Dc94CCdEcB857","deeann13631","","2026-09-08T16:53:27.636Z"
CxaBFS28aSCLfbmt2cBbwv3ur5Kw,"0xDE0900eCE1308FFACfE860551240eB5853b16174","michelle49ag4","","2026-09-04T08:58:02.082Z"
CyEOXRC5ydhAgHyZpGgsVSi1pWf1,"0xE79a4eCbab32212381b4aE6854ddC74B0A141b41","ZeroNFT98","","2026-09-04T13:04:22.371Z"
CzHm0MUpYRQtOmnoaMCVuESElKg1,"0xb168EcC38c224857eE0F8455432a12ADDd522b50","AmeliaVera93706","","2026-09-08T16:50:57.006Z"
CzlqXUOcAlXpGzdrYfl9faxKCz03,"0xfd787fd388903FE0A0256190d38811054061bE2A","yvonne_isl69695","","2026-09-08T16:28:00.835Z"
Czqk3JZt0bgBb7YN4bPBvW9QNmu1,"0x36D95aF2A1BF22E675477Ea0B36C7095873cF662","LmQunh135746","","2026-09-08T16:34:27.139Z"
D11CmWHucQYFBg3QnlXVcw0UIJJ3,"0x7fCe8018318F5F0212bC20741A72568Ea58A4c32","yen_bui79989","","2026-09-08T16:51:47.579Z"
D1QAmFJ1r7YnZllbwf79w0wgRk82,"0x5b1e757f593F615041897BB689121F38f1e5F728","PrinceK55352985","","2026-09-08T13:50:38.816Z"
D25q9i6P6RU2TKBIdCxzWsIFcpC3,"0x6ACAe2567eBb3b09d59a5a51381e8F1C050Fc1Bb","TDunlap68176","","2026-09-08T16:23:45.285Z"
D32vtq5UyKiYYOavlAlneFMrDImV,"0xAC31985e99772e5d5206c074dbF242E27a91833d","JesseEvansq4q6","","2026-09-04T08:59:20.799Z"
D3yrcneic3RfVpGFOcuwkH3hxh72,"0x256369415Fc6ba2F837b1a24c8f6a0FD3dEdd83A","KevinRober37599","","2026-09-08T17:01:35.997Z"
D45zqV4FQAhSHHx0HhvNt8N8kAa2,"0x11536b8DaDA637D8F0f52bcDFe2dec54aC449dbE","KimBnh287707","","2026-09-08T16:36:39.706Z"
D4qmDE4GnMfCL6h0DNAq7tQt8X42,"0xfd480E0D69667fF8C68E9F5196c6Ec030EE61319","RyanFreema1310","","2026-09-08T16:15:36.917Z"
D4slDktLTKPK1TdOPpTxoG2ru6w2,"0xdcc3de87cd4995be261aabf7b52bb2aa4e65ae4a","deru_sn","","2026-09-04T12:11:36.020Z"
D6CJfNlOyaaO4XBuNIF8TOzZ4qC2,"0x3C0614669926A75461166783e067ecB1C5c30995","HarveyMill1042","","2026-09-08T16:58:46.851Z"
D74G5PqffhSqFIftaJg0LRaspCl1,"2oNYhop4772SbxqXuXMFeSoHbBv9A2951m9VDUSGrGz7","RoguesApe","","2026-09-06T19:57:03.943Z"
D9N3QdcYDfhkBtlQpRaHpXjEJYN2,"0x0B971153BF765818c2c42ECe3844a94B998beAd9","exploringNFTS","","2026-09-04T05:45:56.577Z"
D9Qa9Lwyi5ng5fmdNF8ViicAC3fA,"0x527394bd7747d74B67f9415cA1B162230267a471","CatherineMz3kq","","2026-09-04T08:59:31.777Z"
D9Uitl3V43Qb5HjrRhHulApSP8H3,"0x937744aa6d94F3DbCc9Ad90598261167653AbF96","CharlesHar47364","","2026-09-08T15:40:36.775Z"
DABhr9kLdUfOPSYBN40EqLp8Kzp2,"0xB23fe78d62B4FCD3FBDdAdCa80A833760bf51f1A","CorioTakako","","2026-09-08T15:37:20.229Z"
DDkBvYwz1ORBcAD8QxcUUx8TOvk2,"0x9A3F0F0BaA560869604ae851178348EeFc7a5c00","KleinLacie83931","","2026-09-08T16:26:03.488Z"
DDktIoj7YKcAEsI5HIuH5TSUKNr1,"0x6c85abc5623a1c4afd283907244bd613bc74b717","bank65704","","2026-09-04T08:49:33.283Z"
DEWYrPMXA8az45BtMZlLMxeoa9mC,"0xda9BE4e071bd3cc2f2c13a3d8EF89805A181A8C5","CherylBailwviu","","2026-09-04T08:58:49.260Z"
DEy7pIsqidQikOgSp2wtpgSO79y2,"0xC1f9E660c2c1112f51789f754d26506DF61B21a6","LukeBenson76265","","2026-09-08T16:24:17.378Z"
DG4Mel02nZMxcstn7tCKU5HEPqi2,"0x42750fA868e6496EA050129E7e5E31e5579b3ce7","LuHngThnh12902","","2026-09-08T16:56:06.453Z"
DH0OUaBkMuczeCAJmBBMVyASB2s2,"0x6E64c408BA6B82A2D29cd303bdCf98599CC7bD3e","phung_hoan83194","","2026-09-08T16:58:49.023Z"
DKWuTZN0MLcRFSWf83RlOJokQpJ3,"0x4889E8b45c37C089F6E61154495D3faFD02A969F","NathalieKe869","","2026-09-08T16:40:33.778Z"
DKYw7kMkOZUJXfHfbeL55hsPkPn1,"0xF9d8c0453Dc01FfD6c1127D58aE92A826EEf5489","BenoiteH66184","","2026-09-08T16:35:44.243Z"
DP2t4R1WMgTGdrP6ipnxpgp2AJp1,"0xC35b07Cb4754624cc11C22533e719D2140A3F445","TriThang59244","","2026-09-08T16:36:44.638Z"
DQPM88eUilfe7jfDDOezqfMBU7U2,"0xb0DBf33F6c55c8f5EF674CAa64672E843Eead711","SorenAnnik72431","","2026-09-08T16:47:21.673Z"
DQi9ka2eBWN99Ma0bCwbeWoNQ9T2,"0x451385DE07C31Ffe1415b453cccB734245f85869","ABosworth66713","","2026-09-08T16:17:45.778Z"
DUut2UE1MFUNmVSKS9RRDrf4qOV2,"0xB1a5BDD3034e3d6B3a5820C44cfFe5462AedD3f7","JennaSnyde92182","","2026-09-08T16:13:26.677Z"
DXR3tIvJkHf2mnj4f74THPnjmFy2,"0x6803BB752D8A4dFC332B36aD3E71AB012314Ac0A","ChrisColli25354","","2026-09-08T16:59:06.514Z"
DXzplOekTReQczRw3gCJ4PGaexST,"0x396d2e7d98B1d031053BCD6e360a8398612F5725","460micej","","2026-09-01T00:38:40.698Z"
DY6DYkUqyePEl5V72wmYmKzXVhC3,"0x8A75718D324700103729dB89d3Fe30761De6C2Fb","zawminlwinTH","","2026-09-08T16:42:03.649Z"
DYAmgcc04zewieG4DDvmDZ3Cz2x1,"0xFfa859b7eb91d8DF983Fa36c34D12d1Bd0013469","BiHuy287888","","2026-09-08T16:38:34.278Z"
DYTzLDtEuiZVZ0UdH4G9jSB9BGn1,"0xd52f9f3ffe3e19d5a7a9a08234f3a01acfa4dcaa","godkilleraou2","","2026-09-04T04:00:01.265Z"
DaqdceSNp2Pbdl3eQoHEy2n5UuK2,"0x6E930Bd5Ff5e4C1DDDd2145F482b7990f0cd3eF9","MarcOpheli97800","","2026-09-08T16:26:28.692Z"
DavCi9eC1fQgfgpiz0eiVk1Qn3U2,"0x29D23A2A09B87C79fABb15f84Fb13d45Dac2868D","NgCng6463182838","","2026-09-08T16:31:11.700Z"
Db3HyQpMp1NLGVjjqzBK6n2CwsE3,"0x7df01c3f92220c74029c6b23cda625d274588475","BroSh131949","","2026-09-07T05:33:36.194Z"
DcUlNjSHGeXes7knmdXQkjsk6dE3,"0xCC4885Ccc8Ac61c9Fca17AF6b0fA2dab04e77891","HaNgoc18253","","2026-09-08T16:59:09.878Z"
Dewn6PxVaWWErepVDEHlPeP3zpB3,"0x632ffFBF5C2E0D9ac6Df7bAe753BdFE233ab295b","DungTrng198681","","2026-09-08T16:24:21.243Z"
Dic43762MHXx6UwPpp1p5JddWEm2,"0x51122e9f4A771739E7d65BF912212A49A8a944Aa","VHuy580601","","2026-09-08T16:58:52.755Z"
DimZ8n6Ncrd6J1f2iS7zzOv3sKk1,"0xd5E17907Bf8B2435b9cFd76fFFD3a67dde26baDC","KrystalJor20441","","2026-09-08T16:13:35.958Z"
DjDmSXm24eeHfzecUFAwc9VKWOs1,"0x7f50B6e6f4eAA76E8e669a03D61BdaB79C901f6E","ElliottPam45360","","2026-09-08T15:44:55.851Z"
DkFer7K2WGQ013budvSDaAv3eZ13,"0x24ACd4Ae3a8e3f1dD9CC407702EaF1Ba0B73Ba61","LT0254306055889","","2026-09-08T16:46:44.608Z"
Dkyr1KBjrmGYzAzgjSXNUBvtAJQx,"0x6d117E9A0269F807C54A5eA2Bf6b07dD633c6C7A","catherine01yh3","","2026-09-04T08:58:18.094Z"
DlIiCXovkSQrKgeqR3ho9X8SbGs2,"0x2827335c8B7480d993bF3F12d09221CFDAC1dc27","ParsonsLou94731","","2026-09-08T16:03:45.286Z"
Dm46ubwMt5OQzM3wRtJi6X4X1033,"0xbBeFF3bDC34A92e28a13103ec90cD5707B47d075","CarlosFinc98268","","2026-09-08T16:19:30.229Z"
Dnh0VCNIu4MzUXfFCatID8GTcIk1,"0xf9E16876d77A6E72cF8420A328f79d157A4A0534","CharlotteA79876","","2026-09-08T16:48:28.470Z"
Dnl9rjGCyQZONSAmfVRwiFCcggu2,"0xE6938A0ded50c9b6cfD7f3e4c37219c0DCfB7aD7","van_bradfo78353","","2026-09-08T16:37:08.621Z"
DnnLToxhlWgYE9Cu1PErAUuUEoq2,"0x59dCe17a37f824E79736C7F3CFc344eFAE12Cae1","VThu35835","","2026-09-08T16:49:57.390Z"
DoJyAENOuIXNM5QdbsaSVKcpAZj1,"0xAA55C67B7c37ed8Dcabc9c0a88DAecCDd8744acF","lui3697","","2026-09-08T17:10:26.872Z"
DoKsnTkzOxb7iCMjmOQs4WgB49B2,"0x9Dd4F74cc9ed3E8F222C6D1787dBA4da0537547B","Hazokfd","","2026-09-03T22:49:12.176Z"
Dp9DFZDdWEVTyiSwehVKuI7EIoL2,"0x2e451b48dbD5EDdCa1fE0Bd352Cb79e9DE43AC64","PaulBlomfi31548","","2026-09-08T16:11:17.724Z"
DpJ1lQW7GJfb3FXpL21DtvhKhy43,"0x771b517e8A7F8bAB706a1884f3c8d6a7ea1b58Ac","LJoseph48991","","2026-09-08T16:06:03.645Z"
DpJlYfDs0WOq6fus7ssNfHJ6KhV2,"0xAD790E6eAEef8D6b47D04d5FB699764238c30722","HongNhi583489","","2026-09-08T16:37:52.786Z"
DpU8g82RYNcuCeLyg5hbYPsSQqJ3,"0x85Af3535773De5b6617dAB5Dc6C0B88e71f2FC09","VevayM46665","","2026-09-08T16:26:54.229Z"
DqosBacbFmTHouhbP7m6jBrEFFi2,"0xCDEdd0bb301Fe642dE0F0E8Cb659cd067D20Bf38","KinsleyLue85902","","2026-09-08T16:26:59.998Z"
DrsQU6ppSEgKoBcHpgiq5UYuGuD3,"0xd2d68D9DB013900Caf4E9447B300E58dB8B3b6C7","NgTm735563","","2026-09-08T16:44:12.372Z"
DsJE4gBflyYhuBem2o9R2rruUQv2,"0xB6fbF871be0085Ebae3aE09Ab06466AEAC319595","tindong80050749","","2026-09-08T17:00:22.353Z"
DudL0afPAZYA2fKO3yBgz62Q6Fwt,"0x1148D5bF9Ae2C664F5f0122e9d048032506d1f90","sharon31ld7","","2026-09-04T08:57:58.509Z"
Dulsh07ldUaYYWFeQRxUgKVIwoG2,"0xcCa1A4CFACD7Cf70117fdA4fB40cF9F2C42399B0","BergetElli19638","","2026-09-08T16:12:07.136Z"
Dw6DwEpJyM6lEuEDWQZUXrtpuM2D,"0xE678C64edaC0c00a7E7D09C276DfdB6c5aAa0874","g1d5b7ib","","2026-09-01T00:38:40.698Z"
Dwbl8rMsceN8tjFywHYZtfTDqpA3,"0xa8D57945da5335282DF8F9A20557C5052819433f","PenaWendie36580","","2026-09-08T16:21:15.178Z"
DyJzb7xMt3VTvcgDAn34qWl1fmM2,"0xE73f869dB981A87F890af869E4EEafb2082dc913","Contai1Soumya","","2026-09-04T10:59:30.923Z"
DyxdcpE2ygZNWqsFWmwnWYX9yfB2,"0xdBA4f2FE06831eA624AB84316d4e29ca46f1c414","BiHng428040","","2026-09-08T17:03:24.267Z"
DzQV3Bv8T1Nvz5Ks1TRDcpiBCB93,"0x3201b22DF676521D9388c82D721c3AfD3e7322c4","RoxanneCou33413","","2026-09-08T16:32:31.063Z"
DzjVHS2lctZsykQWJylfP9j09G43,"0xcE039600582310E9d50bda468c7bfFe611F7B184","thien_bui23866","","2026-09-08T16:50:34.317Z"
E3glaZSi9YVcQ0cknQA4jehDaqv2,"0x8a4393D158c31Be13390e807e427ccb31eCFE0d8","Cyprenai","","2026-09-06T16:23:59.305Z"
E5rAOuEHyNaCMCdeFnSZ73sljh33,"0x0A949141381F4a2C9b4c9044F12e879b6844b269","CRice31076","","2026-09-08T16:19:36.539Z"
E8LLyl3uJNRyUQ8YHkKV1kQXdEA3,"0x6952Ba8B5f349dfA0826107943B35f09575448E0","NatalaAust57399","","2026-09-08T16:58:00.187Z"
E9EqorC8bogdGxsR39WXqKqAPp72,"0xd097AE7E255642C493989623Bc16E5DC8ca76DB0","QuachBao43909","","2026-09-08T16:28:27.889Z"
E9cAGqGRoneL9zstgDfSV1zhctL2,"0x9309Da6077D7c0833aE20631846e00bBac5D0FA4","Briani1123","","2026-09-03T20:35:10.940Z"
E9rfjb5WgfZGdluCn0gXvzzrOHL2,"0x225e254E71d1d0214308854219f9a27B58Bc970e","ShelbyKaia50899","","2026-09-08T16:11:39.011Z"
EASZG2R30jh9sDF4syxS4nKY1Hr2,"0x0F01EE6A36Bc27A716E5CF5317621473b54c4bC6","ThaiBui85051","","2026-09-08T16:38:30.408Z"
EB0ixIbnJjPrdgUTfwUA8Rpdnes2,"0xfdE1a81d55A40721c0275238cCa0913d60dAC314","DominiqueC75892","","2026-09-08T16:20:11.868Z"
EE6w0lfbL6h9TSoI03nqeqozFOm2,"0x43d90575B796f7Ce77C99b8d980556FAB986B31a","thinh_kim43478","","2026-09-08T16:53:49.061Z"
EGQcZ0YYfP116yfVXp1h3I7IsEQp,"0x5562796B7A35834Dd637E3C8c5969D447a40aa1a","jessica16jk3","","2026-09-04T08:58:04.194Z"
EGuuCL1yT8NIfsgDXRacLpFPdbK2,"0x42ae6fd6a3acd5ccc5b7e651df1fe35818f22fa6","chefkib1","","2026-09-07T05:21:08.499Z"
EIo2TpKJIiMG3NHahL43w0hgugA2,"0x723660076C28650EEf5DafE253bC48cCA7547a75","ChristianT476","","2026-09-08T16:45:33.902Z"
EJ0ofmwCxpaVJ8lIwG32guuWAcp2,"0xF2A43D56238756D24E427EDd2f99AE7c471b7180","RamonaNguy46059","","2026-09-08T16:22:39.847Z"
EJkbIq3bxLV2XBMKeXu7lUfMQGg1,"0x39C53E2eAF246166Dc51c3aad44b9f6A8FE38acC","TngCao172341","","2026-09-08T17:03:30.395Z"
EK6ID1xMNHY6GuwNLyjibScAi1v1,"0x2C96c922BA46f4Ea71AEAC211D1109D0c170d954","SelenaMcke55247","","2026-09-08T16:48:55.419Z"
EKyiA1AUARVD2kHjtzreOiwveap2,"0xb2B0B6C38Ab584856EF5352Cd1667C66D264E654","shinhochulkg","","2026-09-07T03:06:25.011Z"
EMWbBk62qgcYDuERlygk8z9yznx3,"0x4Ae91E22D492B771151eDC6ebb35fC08ecfD43B0","TammyHilljxrc","","2026-09-04T08:59:11.678Z"
EMeyD7rVS8eT446k69pUkyR4iBg2,"0x39ab4a642072b413d2800ecda96bc4f2488667dd","Suma4iL","","2026-09-05T14:50:08.042Z"
ENhyVWeuspabIwABAiLVKLxNx3w1,"0xD81b5e0f3533e1b68C13Cb9C3Fc2b6B422ECEa73","an_nham42847","","2026-09-08T16:53:40.810Z"
EO79bLish9VwToCGU6mJsfNbsc92,"0xcE00d21d4D9eD9b9a8D7BA856DD2A29Cf06F976A","LoanLy23417","","2026-09-08T16:53:02.360Z"
EP3FkxDPvlfb6njaxMZZ81SSrwp2,"0xEbBd23B54197636eBFbD60ea03e7226821579667","JeanniePau82551","","2026-09-08T15:41:03.580Z"
ER5sDEOz1COlhhkNj9pwidgFogt2,"0xE9DbD95d83556F51E7A44587E1E32E949dAEef2A","hamphrey2223","","2026-09-08T16:21:50.369Z"
ERim49AfAnVH2tFXxOvu0GpIzHz2,"0xfcf5F38Ff8B507a6a323e3f7Cf055E2a85691545","SamGalb39085829","","2026-09-08T16:53:13.443Z"
ERmxthlSIKPqqBm3MY8f4eCb8zzh,"0x0F26AF84667730201E00Edd072089bdE65243C91","rachel29ru8","","2026-09-04T08:58:40.654Z"
ERzDEvB9GOTkiF8yaQFUb2rbU6m2,"0x930E1e1A1639A60Eb89fec81a4AE051F5E823305","JacksonGre88238","","2026-09-08T15:56:19.196Z"
ETJypHv4tIhNfhmZjhzs0ncDvDa2,"0x29c55bbfbbab1aff6297a1fcd4ea0739ad489ec4","Jhardoh","","2026-09-05T20:16:23.705Z"
EV8wixf5ujcpN3LeOtnExRwjVCv1,"0x216565937cD3D46B7Ea32d95BfbfcfF7396f2a63","davis_robb54371","","2026-09-08T15:44:27.800Z"
EVaitSyROKRC593BJpOLqb8qpXv1,"0xF1fF2f52f0cE2E069E535A8582DBcD2707B0b39C","HiT2010357","","2026-09-08T17:06:32.132Z"
EWLDrLl9DrQsjzrfeYm2RN3IJNw2,"0x9a8fC4FFC8B6fa23E753E88c79b61b2e754AaC38","GloriaTeag16112","","2026-09-08T16:44:37.213Z"
EWSqT8nP9QgfB3HyZUtZlQNBQbE3,"0x0C19863863251E05046405B1358fE0E94581F92B","ZhanatanFi84684","","2026-09-08T16:33:04.454Z"
EWTjH0J8lhY4oRv4ubZ4d3MCdtf1,"0x9743E0b7f8d8f59735d0a8b800c0662c9f3318fd","CarlsonLee43653","","2026-09-08T16:40:18.982Z"
EYdEexq8wITBhmvfjVPo7cElCV42,"0x5605fd6517a1994Be2Bda2B50F009Ac03D17dB21","PowerRoxi20106","","2026-09-08T16:59:26.700Z"
EZ4amABEgkWTW2hkFszqZgr858m2,"0xcA7Cad63C9E9D3ac1B81dcA7E3e3faF151fC361B","TrnLong138409","","2026-09-08T16:36:57.429Z"
EbiQXgmrc0MQNvvWxM4JF3zjo1i1,"0xbBe05385be0451A8952ade7591340A9b460684Eb","sabrina_hi98667","","2026-09-08T16:13:39.580Z"
EbrQzAMlFWS9SUWgNMqz79wYi3H3,"0xC7779800A016F525f9F490aB3c4dfc18b836b2a5","NgTin5372686424","","2026-09-08T16:43:27.384Z"
EcK2R2fSXuakUiWNWHdn88AM1ks1,"0x7793a73E8FdDD5404ac46C9BFCE1AAd84402fad7","DungNh65533","","2026-09-08T16:53:54.883Z"
EcmLwyUchYcrHvcNZlyROuoocCs1,"0x5783057230ac897b24313205c0eb6312f5e2f68a","zzq30654235866","",""
Edr1JhbSrZfYMtt1hWlYKltiR733,"0x0a7097234C8EB7af51c772Da3FB2b89D948356dd","forster_gr16178","","2026-09-08T16:06:10.096Z"
Eegs9lsDIdakL5SUTPxIaogd8M12,"0x7D8A06d6FFdb39a94C8611134917396c76D5e394","cryptocra6","","2026-09-05T11:13:24.514Z"
EewLR8k9yUhomEYW1FN27QobDXe2,"0x87Dfdd2cAc8901A365DF3C184726179D42Ea39C1","HaNgoc88138","","2026-09-08T16:44:59.763Z"
EhAF2jWRhRVtTasuY9Zzb2xThvo1,"0xa22F05c60101d6B6D9f475B5FaD2A025dBf939d0","MnhDuy276634","","2026-09-08T16:34:48.543Z"
EiL4VCrFelX4iEE6G5tUaF4KiU02,"0xB8e4f9B7Be4A11757B20AFD8424F653758BD3B3a","CochranKai52995","","2026-09-08T16:17:06.343Z"
EjXuG3EnxeXkhi0PwclgMvhwfFw2,"0x221D0C76d58EDB73CE7D0C901BB2BAB8E99dfaAD","BaoTrinh53417","","2026-09-08T17:01:47.677Z"
EjZj8nERKEg36TVW3FwN5S7wSyW2,"0x781dB3D0974EEB1CCdce1c264E39FE2334067ef2","LmTrang215347","","2026-09-08T17:02:24.259Z"
EmZRgismLNSZeHjyDY52jwboXrs1,"0x67f7A0D5a4125648B650B88555a1198407360e96","ElsieAmy144699","","2026-09-08T16:11:04.995Z"
Emh1eIlLrfbN8UFR7plHMqwMw6y1,"0x832336499A8A48423419C27609dF2d45e551F762","KGeorgia24008","","2026-09-08T16:44:23.892Z"
Emjhl2UC7HRyObD5PXcRUswo2nn2,"0x83eff46D63aB5cB53dE9e8723Fe57F11156fC291","BiTin13648","","2026-09-08T16:27:38.657Z"
En3g73spEEZpaLDQAe3jiA1NeSd2,"0x01793284946bA2E1B7b667d5bc63d7aCE8C189fA","luong_phon54769","","2026-09-08T16:31:02.457Z"
En9NvU2N5IR5gHSNaDTctXHcAg42,"0xF219d6d1B6Cb17b6c937619cE36f9B5670Ba5218","BenitezNor47056","","2026-09-08T16:41:24.711Z"
EnIv8Tyt0QNg92pfHLZWXrLtJ362,"0xC9C0dCdC66eAb4151409F6A4F799FEfa38308Ef0","MnhL251742","","2026-09-08T17:11:06.030Z"
EnXJAOxEFnOJYgCdVTlXox8565E3,"0xD2474765AcA6F8995401e157C073dBc5B45BCed6","VTrm373916","","2026-09-08T16:25:21.279Z"
EqCzMAHedZQAc8fDhnanXBqtlyO2,"0xAfb04303fF7159Ac5461e284617501bd5835cf09","ThompsonHo10534","","2026-09-08T16:22:20.112Z"
EqN096y9udSXV2hxU6JRqsM6IaD2,"0xf85fFe7aF8699e2c1E9aB69515E1B16155F0cA85","putnam76359","","2026-09-08T16:44:02.319Z"
EsUrAxBSrMSUyshwopnBbFRUKMl1,"0xc1442B5088ec032aCDe8C3DD74B05587A78662E7","TrThu181347","","2026-09-08T16:46:48.230Z"
Ev9e9QC5JaNjvtRr8SHepgGPliW2,"0xDe817b830642903C7BeBC6E60769E54a22F5eCf5","WaltonCass4154","","2026-09-08T16:22:49.243Z"
Ex7KooRVfnWWK6IpDfxM6dTj6e32,"0x3D405Af1C0e1CB40b9e4bAfBB4Ba1688C892863A","KieleRosal97935","","2026-09-08T16:28:11.123Z"
Ey5TlPFmD1ML6cJCj6vGWE6b4Ut2,"0x6953B399a290891580dd14D2b211aC953F6E489a","TL648304759384","","2026-09-08T17:03:41.843Z"
Ez9DAzhIh3htHiEPVudMoCVfKDQ2,"0xC0e291Fc43E27DeAF43C94774fEE3eC8871AeDca","JVogel36509","","2026-09-08T16:51:41.572Z"
EzMSjFVi4aN9mzxIKt1rhDrpvAx1,"0xEa4c55598880942Ed83f89477ac9D81f554bE5b9","TaiLuu39291","","2026-09-08T16:30:56.819Z"
F0a3MKFR6EY7lBiqT29ogchl1Xo2,"0x9a890A9561E1a4881734078e281089dF7E41a51d","LawandaKetter","","2026-09-08T15:37:10.646Z"
F2EzaUPtSJYuE30HzArzeN0z0to1,"0xC305Bd7169F41c1a4ced37f761F9550AcA368ccD","FayeK98543","","2026-09-08T16:32:43.398Z"
F6emqiBrcsNKMIkqY8TAMnLrVZ53,"0xeee75022f71504a6eb2e1bc59560f0386e149440","AyanaHaq_Reborn","","2026-09-03T17:16:12.192Z"
F6j5cAzcIYS9EigVPXRwAYny5BB2,"0x779B4c4354C50f6619F8C4f10ffE9A7e2E2ab9ab","NhaHung25939","","2026-09-08T16:54:37.544Z"
FCllFMTNTZTAQZitrCK8pO6mg5b2,"0x95B37b85D7a3253491168a43051396146C6E0FAF","lynda67129","","2026-09-08T16:12:24.075Z"
FCpg7qrzhuMhNFnRhX8sTL97cFJ3,"0x9f85D7c494038b38792a250BF1Aa35A87292b484","farme73861","","2026-09-08T16:57:55.267Z"
FGJTTnLea2b103cIqUbSFf7pK6m1,"0x59B802Ae1FF896DbB4AA659fc9b18B55326808Eb","JeromeNels32076","","2026-09-08T16:20:50.344Z"
FGhRw8gTuVcuC2Drvlag6uDakip2,"0x00D4eEe1eb546De0b41f7bDAa64478138969E837","LuisSmith233792","","2026-09-08T16:12:46.250Z"
FHZa9eri4FeRDkh60IOl6sw6q3w1,"0x27CD043c8c04c15c0f5D48f261774A179C977535","NKhosidah","","2026-09-03T19:59:49.553Z"
FJ547eH7Eue4oECer0wYk9oilcv1,"0x82591AE80662e99FC91A1e2C82e6A96388a13b69","NhamH5258","","2026-09-08T16:32:32.892Z"
FJWcUbQSnNNfcvNYJXww6Ks50Vy2,"0x87173ACd4e588C3A624528aA17c04451BE17020d","MandyA35460","","2026-09-08T16:17:43.430Z"
FNpQR55zqhYERvayc2micgPds8A3,"0x257fd9727dA3ad8e38DDcafAC6622345D7fad4A9","BachHuy60548","","2026-09-08T16:32:34.468Z"
FOBrwhJc6UViKSeoXUs7liXYuEz2,"0xd0d304c89c3e7b6740106fb8fb0fb516fb0e75ec","bolajiFi","","2026-09-06T16:53:00.434Z"
FOKb5j3aT0XKUWCo2kJwT2dacFD2,"0xF48bE67fE5EaCa62047294eA0f8E240F34c3b36c","BeulahLewi64401","","2026-09-08T16:08:02.813Z"
FONVUJiY9TOnCfMIGxIK6JArJOw2,"0x4815fBa862E4ec80a57af16641bb6Fc85054e9bA","HunterAdri80537","","2026-09-08T16:16:31.754Z"
FPatYfwwGMNUwaT2wSXeFn2pvRm1,"0x34A2AB2F500a583A4dF7d875Cbc3B762f57CB2F3","AlisonMila61203","","2026-09-08T16:18:22.894Z"
FPy1fozRbKNvmvdycKQvatXuA392,"0x8872977d806298A7b6A7a49656c9c1C4B57B6a7F","BessyWray14658","","2026-09-08T16:46:08.593Z"
FRIbUloLNna59U9rBu9V8kuchlH2,"0xa3Da75A3C161d37aA76cd6bB773C7C7AFC39fca1","MaudeSwift99013","","2026-09-08T16:11:04.187Z"
FRVRtDQo2VQ95PcRuy0t2XkEeyv1,"0x758982541bb7FD0ea713ca9B177ccb026B5eaFfE","coin29999","","2026-09-04T09:52:18.552Z"
FSbp7IglonaWVLAohhVBncEuTOO2,"0x8C687455c647D38807463d1505d6f9707D46C102","GlorianaWa85358","","2026-09-08T17:07:12.902Z"
FSklKjvD95eUKPd9ut6shGAHe2x1,"0xe378c726E0a595db7aa937488748959E1aD06d40","TngHng193218","","2026-09-08T16:56:14.963Z"
FVV4Gvj6O3fClpMIknAujhFE5cL2,"0x9786C73100fBb052eD51d22c10f02AA5484A77E3","APulliam36101","","2026-09-08T16:08:46.913Z"
FWCPtfXk5AbGZcVd6svnigbCqcw1,"0x2ea778CC18f95f07de11dD43bDD6a88cadc4e250","SaraGenevi66017","","2026-09-08T16:18:42.236Z"
FWECMgN73CUS1HjfNGzi3leNSci1,"0x104d92820FF8Cb36b4d8d5D0De6423CAd11F6C0C","MBnh821094","","2026-09-08T16:31:23.084Z"
FXlWj7vfJ5TsdbSC39OaMhZn5Qt2,"0x6e7eCfEAe0CA9efd39ceA0159D6A938FA740fbEB","AvaAnnie65156","","2026-09-08T16:42:32.588Z"
FakeO28TzsbhsCDN10gxOswxGo52,"0x99D9eb0a69BE224A5F071eB52a6e9453fe7a486d","derrick_ha3097","","2026-09-08T16:23:03.869Z"
FaoQ7uygAndbVWRW39cLmvO4zZl1,"0x0B2B9CFCe0959F87D0D5B01bCaCa2a7448120cfC","vernon89840","","2026-09-08T17:00:20.568Z"
FarmrM25J7SFfciQ0d0WFFOcIS63,"0x656006d54c6486abBcee17F5239a6a937c4Fca80","MHo1183464","","2026-09-08T16:32:06.901Z"
FcOQHB59IiSfL75dqCoNt7iQFuO2,"0x5C98205985cDf4fA126e13bA9e6D949aCB0DF595","0x_KINGSDELION","","2026-09-04T12:47:26.246Z"
FdtcMyQWXcapVvUzVZg9gXcoXF23,"0x6d05CbC32D2d7b78c93637d05615E37e11c7b48C","MnhNguy25890078","","2026-09-08T16:57:47.873Z"
Fft6FX53MfZKttCxqfzxreSrlpk1,"0xBF97c14767748F98668E91f130802B84435d24D2","wri38991","","2026-09-08T17:03:58.027Z"
Fg9uQpJxznczBcRrENIACriW0VU2,"0xDB97aE65Ef65372D39BFF9C709eE56125463d43D","BchLong1191854","","2026-09-08T16:49:55.447Z"
FgB7dBS5c8gASQ3KvyCDXhMdMfA3,"0x0299c8fde5392247e060514a3e88d75e49eb6a44","abusuliman96","","2026-09-06T17:26:19.731Z"
FgXhWI8fPeW72Mpci5WiP2hIMZw2,"0xC512E6CbEb1945b08eb17b178E12da2803D65C48","AustinTayl29881","","2026-09-08T16:22:21.480Z"
FjbwKRVGl1U0YZzy6e3C2NdaWhqG,"0x8D8Ce94340A1CBad6A9B12ACf3c7e77460B74b76","VincentGreebbh","","2026-09-04T08:59:09.718Z"
FkFFEVsXDnMESZZ3XsP5PMhOASu2,"0x8602A572A64972392012dDf1B851160402d4E448","BBargeman26475","","2026-09-08T16:10:14.193Z"
FkqI9ZNNTKad0JAIwJ2VmdAYXuY2,"0xB3B2B795ea37c630F24F8789B2Ea31E5f8cEE669","melanie_zo75598","","2026-09-08T16:47:10.825Z"
FmBn9ARrleZWakIaDOeQqeGykRz1,"0x1fA3198a37F37529aee2e94fd649F96ea3162525","HDim415340","","2026-09-08T16:54:28.622Z"
FmoH0ddxm6XIPuJUzw7Zqad2gvV2,"0x48E88d3160B5c7a2B45E8599e44A6C3c7B6e7324","TillerF53647","","2026-09-08T16:40:06.093Z"
FoClDUBvajh316S2tmRrPwlr5o13,"0x9115266b5D432a25f3EA30f0A2C86D8b903c8Ff1","Kuuhaku_IDN","","2026-09-05T11:03:41.095Z"
FpNdtX52AWclXJXyofCDAZbQRwn1,"0x6EaA747D7a74820bdF4cc2F2d1A5E610827A3f69","FideliaHub68833","","2026-09-08T16:38:38.051Z"
FpknvbZYBJBLJjz0l1FdR0zzUi7h,"0x022649Bf0dd9eF9257d3EcE4bDfC526C3D3Dee1F","MelissaRivzeb8","","2026-09-04T08:59:27.037Z"
FqB3NmNyi1fywxL2X0YA0iPKOR13,"0x11f0efD44764dB08BC54D474d5497106BD62AEF1","StaceyM91443","","2026-09-08T16:13:59.415Z"
FrCPuhkBbkc5ihU2BphJLhbahqB2,"0xEEA533cA53669AC2FE43931f6d483cE9e8428B1D","AmeliaGail13114","","2026-09-08T16:50:14.863Z"
FsLFRlXYT3XLOfXuOSwDlN34C243,"0xc4Cc437f1CC9154066f98d97f4451bA09dAD0199","historianliverm","","2026-09-07T09:35:40.308Z"
FxFtpRcxlGPJbAeG9GsuRzeN3i72,"0x0aDB75217CD6Faa257E135C8F254D51D345D450A","GeorgeMarc59258","","2026-09-08T16:11:20.718Z"
FyOrHv8O7NXldd4aE1uX1tSMFpV2,"0xe2397FD56A896E63989BBC7Aadb5Ad3244318BdF","CraigLeila28613","","2026-09-08T16:07:21.971Z"
FzdKwPc9OFUrrQ2B1epcmCkw9zM2,"0xFBd0355BAD8EE76630D5155417F0e0f64a40698f","Barrington63075","","2026-09-08T15:44:23.037Z"
FzrAIXLMu5bHWABwfrrceQY9hoA3,"0xB2c4d41b5616f0B4e750e211801ff45Ced285b57","MyrillaA74419","","2026-09-08T16:43:48.350Z"
G0P5eI09WGQjcwVkFA18zdMLSpC3,"0x2ccae067E6f9094D0B5dD1244B2F55a3C1ECCF98","bruce_lope89808","","2026-09-08T16:34:52.567Z"
G1vLFS0ySMPx9mcDfoCNcXIwx992,"0xE2078656965b17D2C276975E5F5A15B6852d97Eb","ReneeZ60496","","2026-09-08T16:10:49.076Z"
G2H0OYbcuWdTIfIWP6y6LSuz8NE3,"0x5D057D8435C7dE4cF33c38e8b1eD1e96C623D309","ThangLuong96805","","2026-09-08T17:08:09.341Z"
G33C6NkHzTb6YzWw9uIpCiKj84F2,"0x6F5f8220B64348D91fD6c0e5725736Fa3876889f","DungNh64539","","2026-09-08T16:53:11.747Z"
G3RjXNjH1shf5DXBwhZ8NLHWEwa2,"0xB84cE3B6a6163249779F223fa50873391068b591","BackerMar99661","","2026-09-08T16:56:03.877Z"
G3TVpgnO7FWVHmEXrMNlLe2lZr62,"0x18e65EC1bdCF8b297d2b398Ec21C7A7A4228e1Cb","bernice_al21600","","2026-09-08T16:16:12.674Z"
G5ArwDlcTWTvjBcpVeVso5rypAm1,"0x48579d38E94791d6576BADD180eFd5EE9b6d8aC1","CarlosRobe30163","","2026-09-08T17:04:03.865Z"
G5LNNoRvatacTF645g9xQufv6Fs1,"0x19A337715DA203e7F263a501CB75F540Aa8fBa43","JCharlson87013","","2026-09-08T16:43:50.053Z"
G61Rvlcv4sQmayX8bCNNdSSZF7p1,"0xa3ce043a286a9ee674c7ac9292974bdb81d9efe7","LacNam0407","","2026-09-07T05:21:03.947Z"
G6tWWvMtNrdVulpu4tKNiwKcHff1,"0x583a7541F72f4B2Ac7318C5f9534D89855207466","vera_cassa80016","","2026-09-08T16:17:46.863Z"
G9arFH9Ay51kIu3Y4ozfIlBTeACR,"0x4298BCa02A87AB13aC246a8D2798626978b00DE6","kimberly96ru8","","2026-09-04T08:58:21.861Z"
GAbWrqvgV2aLQk10ychoyf6euY62,"0xA265f6A81a6f8bA50314152b711b80907Ee8A0aB","KimThin736882","","2026-09-08T17:08:36.111Z"
GBFx8L0iJuepk4M2dCG2x1vJFL03,"0x6743CB98a5E04E90b86CB39f085529C6074238D7","DemiLila219608","","2026-09-08T16:04:08.674Z"
GFLgiTLJ0WdKmAdBiP0VHDUSAoT2,"0x7a868F3AA83Bdefbc01245FAC06667456a76D35e","TangT10709","","2026-09-08T16:40:26.524Z"
GFM7B7AhWTOilp2b6BRYZat7UV63,"0xCd5db27C2F71dA4de3EE86f49405BA58e9a91F4A","VThi231828","","2026-09-08T16:29:06.999Z"
GGhcViuhI6h4weyuFnSyNdOnNlj1,"0x712AEb85faB4779c2931A4CcA84ae075AFAc2c0b","StruzziToi","","2026-09-08T15:37:46.492Z"
GHCIzIYtM3bWNq0tUP3cz9CgpHA2,"0xaB79EFE2888818A191c78E511d58723ee3916264","CandiceC60894","","2026-09-08T16:04:43.173Z"
GHDnwKDOJ7QsQWhVcEFjBfEx8kw1,"0x21B57F2f0D0cE48EBD13bF10312bc76aDa86a80b","OpheliaLau14942","","2026-09-08T16:09:38.345Z"
GIE23n9WMo5WYC9JXB2U4WRv9kds,"0x2f6D9c8B5832DDFe5276462312882f049748EDd0","linda69ij2","","2026-09-04T08:58:23.227Z"
GIEyazkL9pUjt5FvohRniH47vbE3,"0xD566573DB6713F6e3526341958Fc1eEd6b1CD6dA","BetteValdez8","","2026-09-08T15:38:30.352Z"
GINznWPMGUTBCW6jot49ra8CgqM2,"0x1De6C333bF4e308834011736211E97B0E9925D33","KAudley37058","","2026-09-08T16:49:07.779Z"
GJockYFZkZQC1dheje09AWh9IlD3,"0x3deAbc181f179E76453a6A3145E7470Fb6322698","AdrienneSt52081","","2026-09-08T15:45:48.701Z"
GLHfNZVGDbb8UPEfVsc8AI1rwHy2,"0x0b5a1b1104e3c65e5aCA1b49B6f7FC500995C13B","gilson58553","","2026-09-08T17:06:19.077Z"
GLQZcpB4xmNDNGjqZoTIozIgtfI2,"0x4c40111fACA9991A881dcdf941cdeE5AbE412D8e","LenaHelen582184","","2026-09-08T16:35:46.104Z"
GN4N1G7fx9XZ6WZaQCzfzrA1LZ63,"0xc3e27c66Cd5C1A0DDcd83f7000479b7b4f779002","ZandraC94980","","2026-09-08T17:05:13.598Z"
GNiiHLUy9wVbZJRCIstLrglhPfA3,"0x26Cd1475470d7dd63262D5E62eC132fECE0007df","bui_thy31138","","2026-09-08T16:33:55.293Z"
GNiiT1Y0sKN6xMzDc5fw22FjbkG2,"0x7633503ac821DC13281E540923bDfdD862d6429F","LloydPerez18519","","2026-09-08T16:57:04.147Z"
GNyGeL5LR4SliFT1gJ26ElOikiG2,"0x629c26b50823872e561a721c0c2d5113edda4dd9","hhtnice","","2026-09-04T11:37:44.565Z"
GOmF4bD00FQkxJcW2s3vCQTy8oh2,"0x7Cfe2351AaEd8190ab191598168Ad1b8627D17A0","ElliottImo59550","","2026-09-08T15:55:47.800Z"
GOyL1Po1wUd3Fpe6QshUi120LNf1,"0x62de8dE13a5f55fa8214F085b0B9472Bf21aeA3d","church43280","","2026-09-08T16:13:45.070Z"
GPDHVL8d87eJUVjS3UKOKzeZCCD3,"0xc9FC647df33Ffc61fd44ad43a2575820A2781924","MaiTrm1578057","","2026-09-08T16:33:03.427Z"
GSA2mnPvcFSfzvVzk0E0jrIsuoC2,"0x2eF9023BbE51D88c2697fc7a6a87699263832F31","LeahHorton99411","","2026-09-08T16:17:10.575Z"
GVrod2e2WQOFM7xDvcy21RhSqt43,"0x5fb21B45a242167AB501324eEE32d4E21D13AeCa","BillyRober81430","","2026-09-08T16:36:04.908Z"
GX3ANefalw1T8ZpZVCvHNkF3AHEd,"0x8F62dCD1F5B09B43d4c0A97AF2D8db7a67ea5f33","AnthonyOrtmour","","2026-09-04T08:59:29.131Z"
GX7cLatZchPa8azFoZe5jfiwzdp2,"0xdC19cdEd2b4f3472b37B43c001d048754fE74b03","exalt_the_dx","","2026-09-08T09:22:00.350Z"
GZgL6NvR1gQGdGJwYk1iFdI9XW52,"0xc94abb339c7d2959f09fa9addc331e4e9c57a86b","Web3_newbey","","2026-09-05T11:07:29.337Z"
GaAycQYJW1hfWMYMNYXFMZ0OyDv1,"0x0b33558A621A9Fc10c9fedCbaC1bD4f5eF7CC6CD","ZxSHIVAM01","","2026-09-06T18:16:16.772Z"
GapFnUF2anOSUco2MAyh8K3W8S82,"0xf50Fbf7301757ee9d81399289d68Ebd67bAb91AF","cuong_gia26735","","2026-09-08T16:39:40.114Z"
GdxD46JvPRQtjKr0ucYl4GWatop2,"0x8243df5327578096dbb9C55584f781eCa3B3Fe4F","AngelinaDo99504","","2026-09-08T16:14:33.658Z"
GgtTrSbD5kPBB5T6jiiIJk0kcx53,"0xCD89B7a0E6559B995977d19FBF473855ED0bb065","NatalieKar57287","","2026-09-08T16:36:10.959Z"
GhEA8txAr6Vtn8fLd5nqJWMlXAp2,"0x3e3272202D903Cf010bB7108a6E0cd915ae15312","eddington54078","","2026-09-08T16:08:04.599Z"
GjI2NxkCQ6RDHWRgRSYoVPmpCd52,"0x02509Ef38Ee4628F4Fe18F04f6F3F76308448CEf","GateJeremi51988","","2026-09-08T16:48:47.203Z"
GjQkUYJqDJPuCqoaHTCPrR4lSGI3,"0xF37D353adBc5A46730624Aa97028283C81851BB5","AutumnM82678","","2026-09-08T16:27:47.119Z"
GjwyqEiJfxabVE9b5uS3a8HSs7A2,"0x6a72b9b124164E5249b63bC3f0854c092D544056","VincentLop69516","","2026-09-08T16:20:10.928Z"
GkhnWiv7M8WxZEvLhdnFY7RoWZO2,"0x8eC4c2227c849050dA1E49Fd3E2C916B1B3A185B","LinnellRei35656","","2026-09-08T16:29:47.972Z"
GlenjHibC1QlMsnv2aPVqZir0oH3,"0x3eb97DfdB9930c815B1e82E92cA24a13211d35AF","NghimQuang48968","","2026-09-08T16:55:42.773Z"
GmdidwmIGEWid7l2Wpj6aw4P4rJ3,"0xea0621266362e856c18cF87Af80b705f60E7508b","HngMai437054","","2026-09-08T16:39:36.460Z"
Go0iJDyx76Y5Ven7sd6VYnllfvA2,"0x86cdf8fb6fcc7697162dc9b6fbaa81e8abc766b7","twitdoge_shib","","2026-09-07T16:54:52.155Z"
GouysmTwNeSubprsrOOmQYV2hOn2,"0x7f6e2d785e3cc518a86778330fde9218ef0639a1","Rayblack468","","2026-09-07T10:13:45.029Z"
Gp4hiKXH2JRNO2OUeH204B4HqX83,"0xfe6db059395F4b5C1459a6ed7C2ac2826cc5d398","RodneyWalk63328","","2026-09-08T16:54:34.026Z"
GpBK2DImkaXPGrcdCRBETihiE3v1,"0x9FB88C2b5A17001E86Df4C98671dC9fB2229385C","JordanCamp94350","","2026-09-08T15:45:00.933Z"
GqeNOCUUhKcHjix49OMyAaunGRw2,"0x6317f0abfaD22D15777d9D20538228A2BeC73938","rohituni","","2026-09-07T13:04:46.115Z"
GrlxlS4SriMdPfIt8MDYibx9v2Z2,"0xe90065F083DC126ae3F5Fffa7225A830ba8E322C","LilaMeliss88837","","2026-09-08T16:47:28.029Z"
Gs8KXnFba7YxuINwTEWNfY4Kv9o2,"0xA9AA8e6981433ec9877e16b45f8EFd67E48AD6ff","BeallNoely42583","","2026-09-08T16:37:55.534Z"
GsA1wZ4cKaCzGU2cGkkrEFBdTLQ4,"0x075180cD444B36cfB6355F2c66BFa536Cc02bD5d","MelissaReemvk3","","2026-09-04T08:59:27.487Z"
GxETLFgUAuWyFfjrZyCYGj1gmcp1,"0x84d5e76Fd5dFb08D2Fc8e885126612eEdc817e5e","FIFAWorldCupbox","","2026-09-06T20:17:15.748Z"
GxNBmvEmtCVp8qBZ0Av9gB6nlJM2,"0x0EF31dCd19988833c9189C0331bd06D93fFFe4C2","RodriguezM34666","","2026-09-08T15:45:42.552Z"
GxRo7wkqI2Z79Sg6Kw2ZRtTvvYx1,"0xac321759fC675E83eDaB4D191aaD6445a9Fa1CE6","LeticiaSte57486","","2026-09-08T16:15:32.363Z"
GxRpTrk4tpZmfAEqjyTWZEifcDf2,"0xD06E1Fc9D11FbE9EC9c69060fBb64A555db10dBf","FGimson95172","","2026-09-08T16:13:15.575Z"
H0298mOGMmMpVVPXlpLBcTU97X32,"0x153846BA339BbdAAFC770ab8FEB84fb47f9ff007","ManhHan24090","","2026-09-08T16:42:17.692Z"
H06x6EwhwGY3p6A7FmIemTXxIKL2,"0x3b4d2047733d610aA11Fd6A74580D69D218768EB","foster_dav66549","","2026-09-08T16:52:41.874Z"
H1it9y5zq3xNOTSMkdQ1RyzWF8IE,"0x8A226fcAca2243A78588230cA3F099292c4E9BE5","jamie71da2","","2026-09-04T08:58:21.411Z"
H26CeWFuQjamzfRooUa96xon6po1,"0x7A072d93B5eDC2AFdc1AdDC5192dE222CbDB7e59","KimTuyn17325690","","2026-09-08T16:46:56.240Z"
H26mwEIMeXXZ0LUo6BWAyaIkagt2,"0xdB7134942857dEd70e6cE27c31c71D44F1f8d55f","TngKhang642380","","2026-09-08T16:31:18.118Z"
H2eaL2Q8t7Y4ZWrQfj7MAtEoh2G3,"0x0816344810Be09E503083a654Bd3C814a5e8d74d","WilsonEarl77267","","2026-09-08T16:12:17.820Z"
H3TmqAVuF7dzFEIoKY6QMJPMkpu2,"0xCe8b01bB55351B19dc7503bfb45B8C89362dC823","fulton_kev45517","","2026-09-08T16:18:08.470Z"
H4PzBqykDfcn4MLS3L13XviwYtD2,"0x2FbEebF6ea6E8343F17fF63ce2a7565002DA9995","BiKhi945480","","2026-09-08T17:06:41.992Z"
H4TmyS2cNGdZ9T0918eX3T2ygML2,"0x88f7e4DdfBB4b44aA8DF1D530C10Ee4cA3A69f22","JustinFarm23031","","2026-09-08T15:44:30.382Z"
H5SNy6BcoxbvwJbHkWZpX8bKKvj1,"0x780C8Dfde2E3D5569DD67D577b24242Ed039256c","MBrooks77972","","2026-09-08T16:51:16.449Z"
H5mgPGDD80gXAd0OD2oprA2aMzl1,"0x1A2F9C492AC395130e3059405EAb428A912C9C60","DuncanSet72764","","2026-09-08T16:21:40.931Z"
H7E3iday1GYnZYvzkP4ZOBWIeWo1,"0x95781ddd330702dd02d5672cc2d0549a4ce3ada2","afanofpeace","","2026-09-06T17:55:25.215Z"
H7PqvbBPw9YssxFxzeiGrsS0NOi2,"0x883e1b501f2ba6f158550a94c754618d772c926e","PawanKumar67103","","2026-09-06T17:41:16.568Z"
H7b5bbAVEocgcEDXX2TsNMcbQpf2,"0x2223a2954700AAe5885828d41BD78B884aA81F0F","DaronFergu21415","","2026-09-08T16:26:08.349Z"
H7mgVoYrNtTwQjf8keTPiu4Aql22,"0x76967AE9a2857B717FB07f4D835af13313a394Da","NguynThc395370","","2026-09-08T16:40:32.954Z"
H8g3giWjWlYiz8j03UN0gI6OxLk1,"0xc9f0EED34f76aE722f32d1707a4cD020485488a1","FranciscoH21195","","2026-09-08T16:09:08.963Z"
H96oq3KnFffHsK3cXbUgqBuPXBq2,"0xb5D2eace2199C27728D15C2901cbDc6c57CA1208","KennethPar3245","","2026-09-08T16:09:15.197Z"
H9HyW1oEXHZ7IPEJ6LFhSa3TkF13,"0x252f815cb9FcDAd9D6A710BeC449b92f83613207","harris_zhe76147","","2026-09-08T16:05:13.811Z"
HBagymB5UXRZZAajb7H7c7xJ2B13,"0x585d7af2ae26a24d495990e3ae7bc890de61f1f9","sidebrother1","","2026-09-07T06:20:04.541Z"
HCOXg219Ghh42YD6hG5IuWhUVIj1,"0xAf296D29b5f312606A6568591bd3296Ab50F6C71","PhngThin193429","","2026-09-08T16:49:49.725Z"
HCVlbmcWVEWLduOnpQXZY8qcw9Y2,"0xC9c4Bb91Ce8Eb6A5548579d9F0b818bE53A07245","AndreaVale12611","","2026-09-08T16:28:11.997Z"
HCtAPWjo1Kb9IRRKL8r4NzPRSal2,"0xC98e3Bad7Cea5c4D693a63aC256d87e129929680","jeffrey_do1166","","2026-09-08T16:15:52.567Z"
HEwXrwKcmnbuf0YDWdyGy7fOGNH2,"0xc502Bef6F4d526C4657029e0a590165d82274f21","JaydenG7101","","2026-09-08T16:53:19.518Z"
HGRR6OJ570b7W4PE67YgGUUZvqv2,"0x6692f6792058DBb7A620E578A55da18620D2ff38","tram_to93600","","2026-09-08T16:56:35.536Z"
HHP8z1wrxPNtF293ykuRn8affn92,"0xEe13fB49cf84a122789977d9869BF9C35Ad6Fe2b","RoyPearla74211","","2026-09-08T16:17:41.567Z"
HHSKgiHbIUXKo5PsIZ7RXYRGoF43,"0x86a211d4b29E32A93A00f6fDFB3FB07f4282cDa4","Alley0opin","","2026-09-07T15:06:40.298Z"
HIOIJHhVYnRjbWu1IsCGcKTL98Z2,"0x16e2A55C74C0163329c1a0146686E3feb1CAc5E2","AidanSteve63975","","2026-09-08T16:29:42.621Z"
HIgZ8YyFV2S1yvNS6aueWSoo9tc2,"0xDe5d023D43b9ef4a03a29A4E5b934e74d332E1e6","TngPhong1440846","","2026-09-08T16:42:53.790Z"
HJFofUZ0mCbitkWsYZdsWO8qjT73,"0x4d5fcce125599a0b77e48F0dC119ec861BACcc05","CameronCar48457","","2026-09-08T16:23:43.609Z"
HLqEPN1GnlZfTwSwxyLLptSwpAe1,"0x66885828da819A23eF74C7fD35FA19118C432d56","MichaelPet38kz","","2026-09-04T08:58:51.616Z"
HNoVEKC4Zfc4V8al8SpYsW57YRg2,"0xa5a6E8936ca89df9CACbAbB3f3a365c23d45731c","CharliePhi73674","","2026-09-08T16:22:04.998Z"
HOCmQH9KibTxVmbfCONd5zRKadc2,"0xbE206C2a11beE571e817d4DAF6c6a0a4cB75ec78","LDim830287","","2026-09-08T17:02:37.419Z"
HPtL4tQqgWcnL1lCd81iG5IEgHn2,"0x3c51c36d2788A8454FF6E5B8eF8c95372f5aaf6d","PhanHai97785","","2026-09-08T16:59:38.890Z"
HTwjkhZSBiWHi6zsJsR7wvhTcJC3,"0x3965341998b0A346685053e4ACbA9beD4d378629","PhmThan32792231","","2026-09-08T16:28:35.427Z"
HU2fCGH5uTh3dL6WD5LPDbSJHnG2,"0x3FDE84568C119eD0CBd9be5AcA705B7af5d14D6C","jhonyvage","","2026-09-07T08:54:44.794Z"
HVa6din8T7cMwCotCrBHaZoO1fs2,"0x4bC697e9910Bf6EF2379017744E65CE6847959FD","SilentK0918","","2026-09-07T07:03:14.342Z"
HVlLn9OhDMVev5VzIxNMrW6deMGw,"0x51ba1613C277752C5E7cd4710EAb56d6C6aa0885","DavidBrownx0b9","","2026-09-04T08:59:11.048Z"
HXEodDaV17UTALfiTpQKhNSbCcJ3,"0x2e54F5Ba1C1e64f4E7076eF155AD26973Bc6d748","LoisJ70349","","2026-09-08T16:23:08.596Z"
HXW5b7WaK3Qj3vwEKOMFLlOYlom2,"0x016048A1d85FD933B1cA2FE92ecF0d93f41EC721","CHuong92698","","2026-09-08T16:29:05.341Z"
HYDDzxO5EzeOxC1yASNboSOKhHu1,"0x5F7765aa293a2E0E2a98592938Be1bAea304ee78","MaibleM47091","","2026-09-08T17:05:45.093Z"
HYZvp8LalMXosCRkZSL2yIRk5ky2,"0x0d150c74191cCACd642A9e4f4cD661831014EB00","iii6964","","2026-09-04T11:35:53.097Z"
HYe2Ykq8vlXrv8zwZHfJh6YekRJ2,"0x3afAacc673BF9D37Cd689E996b04024fb7dd1562","IsabellaCh10104","","2026-09-08T15:55:15.709Z"
Ha632VD6ilOUCt2Z1vpUadF4Lz93,"0x4217339FCD291ceF7Dd911a9887521901274AC24","JahnckeMarlin","","2026-09-08T15:37:07.036Z"
HaM2tZr2luhzyigCqmwHifMEbC73,"0x3Cd35A2fc25de35CC81ae95166A3b819E5Cd379C","luu_ngoc28542","","2026-09-08T16:48:17.650Z"
HdRCbWoy7yPBx26D3XcOA8eaT1C2,"0xd52515E4c88f73bd051D6eA2e6ae2D3B0bb06b86","PhanT720538","","2026-09-08T16:34:09.218Z"
HdcqtjIzwOWZhlGsJRmgdRJpzpq1,"0xb4e37C48EE60eb67f74428723010Df63926DF034","samsome4real","","2026-09-04T07:34:26.780Z"
HfLNuIgrEXUJjNKM2u6t9veipbv2,"0xFE9903D2c4e9051Fc183d7f8Bb92c344FCfeeA2E","logan_vick52338","","2026-09-08T16:10:09.173Z"
HgM2mnSBi4dfHpwBIbjwh2at6Uv1,"0x4328B31ECF51A201dcC57CFF12CDd90353aAa767","VGiang485422","","2026-09-08T16:23:57.246Z"
HjUWoZclEpUBKzvbB902ACbOw7q2,"0x5D2F935631C6231eBf94857eeE5b29e17F337261","YamoNft","","2026-09-07T00:43:26.260Z"
HjmbXIBP1vTs7B7ibILMjYUZlP22,"0xc9f14fd14e4a7f91cd89d652b85a97d42f98b569","mbethik_","","2026-09-04T03:20:19.214Z"
HktCyvllfVYbQpkG6jqxUfG4mA72,"0xaD50AB9A93a148CF600618D05885957c25478178","jobier72","","2026-09-06T16:35:15.422Z"
Hlx0nMOdgSfN1qlTvCVdW2aLxcK2,"0xd7C2DEad06efBB30d6232F859f0C44c43AF961Be","ESaylor63039","","2026-09-08T16:15:05.070Z"
HmAqIA9rVLMFH2Sc00j80KaonXu1,"0xbb5E83C8f59C6932Dbd54639a509fd1db8380c8B","TngHin421216","","2026-09-08T16:45:55.169Z"
HpBeCglA59UljuwL6JXGVfPHKsp2,"0x343d524d9cf92b37b3b64c72ae3e234397548958","Nibir70","","2026-09-04T12:58:13.233Z"
HpdmBWywWzZg5hGwsoEuakONgV22,"0xE901cB613fBf47Df1B8cA0d361AB6b21A07dC0bc","QHung89368","","2026-09-08T16:28:39.406Z"
HqFmZralRCYjijMHOokzDNHFbI13,"0x70E9A696a45E34CbB428111b9c26778997b0BCd0","HngYn34063","","2026-09-08T17:02:42.208Z"
HrqQSEAdVhfKvXsOXjystm2Qjev1,"0x68f4f860C05438301B64d2aF7A8E44Da0255b1F1","Smayiverse","","2026-09-06T21:36:11.374Z"
HsZjBD0xXEXj1oEVBhmpOFqNm5r1,"0xaa154a4DeDAd55347D3336a5004e55dE4DC57a32","CarlCreigh2297","","2026-09-08T16:53:16.282Z"
Hswvhb9yUnfzGsdn0E3nE4CUN672,"0x7940e37F7EA457fC2C7f4a1e9f5BB2e554D39248","tweetbysherf004","","2026-09-04T09:42:17.365Z"
HwqiR8BIvzZCT7vd3pDh4BWYMWw2,"0x08fCFf06E4284827Bfe3B8ad9787BE4D50AcEC6E","QuangHong423827","","2026-09-08T17:01:05.669Z"
HwvSVEjyc1Xz9vmQEfJy8TY7Rc13,"0x11D267BC6f73b7d5952510e915CB4aa1660E68C2","LngAn211400","","2026-09-08T16:58:54.401Z"
Hz2Y2m6AJoXVZ7VnxrSnk8sBb133,"0xf9C6b49297aDAb82DE3345B61e7247848B0e6BeC","RoisWithro39249","","2026-09-08T16:43:46.060Z"
HzrVEz96JDfERPVocXAzPGKy5i93,"0x8039d91c6a5b9809590818f94a2e0170d1a61191","legendary_1989","","2026-09-04T03:38:46.306Z"
I22BX0beQyVyKJC8SlAEJOmTLX23,"0x166AFAfFcE4FAF9d1980044325a3488a4cDe3203","KimTrang233822","","2026-09-08T16:41:03.662Z"
I32iyv0VkSQbRNNa3lEv1Mgsntz1,"0x094a456b4f86A8D611f0a24fC502b0858Fd7b7aa","simamora188","","2026-09-04T07:03:45.675Z"
I5u9nGN6x8ORFDC48k6vqRlp9dx2,"0x3258082507600c891AAb853317912fFc6C48fE1F","JamesCampb96071","","2026-09-08T16:13:02.293Z"
I7R2CRiI8VVucLoXZm7kKeDrn4f2,"0x5734522873C7F2bb08C377e7bc6e43dbe1c2D4CA","lorddoel11","","2026-09-07T04:35:40.425Z"
I8kztPein1XMfLs94XCkM7kw5zg2,"0x54d4CbE591c3FA13F023bc48f2d04B3207841F40","FayeLong166436","","2026-09-08T15:43:28.249Z"
I8xPDsZ7mmfzIYTdJU3l5xkRZ5i1,"0xc0d4fe6e0b8c9C1a24bD6f94ee1E8033C4F9eD77","AngKhanh17680","","2026-09-08T16:57:36.789Z"
I9WBmEnDfZUV7cUxfCHlHDOmLfQ2,"0x290c8F0e97deF9eE8E6c9Dc0a7Fc8B3d62495214","ArabelDani33908","","2026-09-08T16:59:02.961Z"
I9eKlZYIyGOdoHG2TGajstBYuUJ2,"0xE0B46e0028F96391E62E38c6a44FaDbD5b3805DE","MarleyZeld26306","","2026-09-08T16:38:58.411Z"
IAFNve7lYchGCOwLuq87uPIa3mJ2,"0xB18DB82242805CE16Dd03dD6fBB529E3b27c5c8A","TngKhang689579","","2026-09-08T16:27:25.738Z"
IAvNKmAO7BLLAXMBYrAYV8f8aNya,"0xD007870E2B96eAc15BEb87ab34B5d75f5df0ec6A","LoriCooperpwlm","","2026-09-04T08:58:48.763Z"
IB8aWL754PNlhfYPGIirFePQVV72,"0x442B4C1b25C7e0d3c3519Acd8bF7831aAb98d649","LePhong771064","","2026-09-08T16:37:17.647Z"
IBBwpairhrQUfrA5FstppVSEGmJ3,"0xBaF9f767Ab32b880dCb5043dC4e29E9862038e59","ZonnyaS48191","","2026-09-08T16:46:06.044Z"
IBjLv1lLN6NFMrJBLOoZnoEsZTE2,"0x18667aF4567B889dAef34B9691E9b7651F595c39","0xhyu","","2026-09-06T18:56:40.251Z"
IDXXR9wMo9bY7cvrpYm5S12i7Hr2,"0xa8dfDa9B4cC559A5DFbda55CdA548c75CF9c02A6","LouisaMack67188","","2026-09-08T16:46:07.960Z"
IDw6csOJjNMCfpsYT29DBWEuyeE2,"0x53E4860deFf45984D643099654B9969189a4b86F","SueHayes1411105","","2026-09-08T15:40:01.587Z"
IEcjmwrkr4T8EuwGW2rvRQfwfIB2,"0x67fD9975B3EE69a754FB13039736E899702C5138","axul125","","2026-09-05T10:16:17.399Z"
IGGzEpZA5fLiQQF3CHwrzsvl9nfE,"0x52f8F22b23D942d6cE6ea266a9A1b397C34868c1","stephanie43iq6","","2026-09-04T07:47:17.872Z"
IGJWVPIZmAV4grBZjDqOPEKTimu1,"0x7a91c78E2f1896dDE296e8ABd8Ef8513C3B3A709","CinnamonWa71529","","2026-09-08T17:05:14.886Z"
IGk22LAwXTQQAd7aQ1nz9TbJCLB2,"0x9f8FFCF4D57DC59056581CD9fB7C1f1592878020","djish1066","","2026-09-03T18:44:35.598Z"
IIWvTUwcU4hJ6CGvT4TXeFwXccw1,"0x485f2f6660E898bBE9B01708212e63A2d6947e4f","brandon_co44182","","2026-09-08T16:19:34.341Z"
IJPIJMbzQWeVr8ZmSc7deYdMJbPU,"0x799F705913e6DA5E1eaC49b05b833b9e09402C23","n09fyymu","","2026-09-01T00:38:40.698Z"
IJussMAFZHPB8qMzNUUj1YZxDm62,"0x75F82a5a00b2760C9ed4bB18d20aBd2fD4deC487","bach_thuy65696","","2026-09-08T16:56:31.807Z"
ILwFvlH281aUnLCGX9zNEdwEXow2,"0x2D8eda6DbE459C8eC5b2EA1676cA6055A01D1B9B","AlanGuerre43868","","2026-09-08T16:15:26.242Z"
ILz0QHdRaFfg1wD8QHV2xUKvKivY,"0x8f44EFdE5E1B5257d5Ce155844C15Bee8A07E066","MatthewGarvpjg","","2026-09-04T08:59:03.989Z"
ILz4lEhzamTuMM9JfYsqnmz2TU02,"0xDedd58E557E5ff2c209Cedd11C042DaB59600f6b","DPalma81936","","2026-09-08T16:48:31.003Z"
IMrYOyZ6MAS4qG9y0VMC2wZm3ts1,"0xba1A169ff7C0Ab1fa85DEC70F4873D3E2c19392d","CYoder21472","","2026-09-08T16:53:30.989Z"
INlOanWYx7RcsIlD5xBiuw9Ypqz2,"0x04e8f4A6237DA52dAc194D6b86208aFe1E34260B","han_sailor81188","","2026-09-08T16:49:38.713Z"
IOSZsRYGw7RV5Lt6cUj3ujjww8h1,"0x5679eaea740338B11aF583c3EbE675c2Fb294f99","TienBach63500","","2026-09-08T16:52:37.891Z"
IOUXj4KEVUgBzFjIz7eyT19Xnno1,"0xd621B410cf772C98403681E3E9FC525C27A4A9C8","Ink_hl","","2026-09-07T06:14:33.283Z"
IOmKbWuEuYhHKsnNCVD7ohaDF4b2,"0x27fc401dacbc42ae18bad282b1d757ef00a330da","haibaraaii9","","2026-09-04T12:44:22.156Z"
IQ02v6jfyHXT7loS8rrSEpoYaLlP,"0x180F627e6C32Bc404BDFB274B0CdE1B3D2D65298","melanie96lf1","","2026-09-04T08:58:33.526Z"
IQD1lPpSyxXn5o2WH5EgSZkXQ6K2,"0x3C2bbeE87E241566e3d35ae7baeE9DC86822101B","HCng295226","","2026-09-08T17:00:29.042Z"
IQtobrzWsnh6mVrVZ1JREuNhvZk2,"0xFDc8De0bCd54D0b4a5E5611F6E372b245b189EC2","JordanMine80366","","2026-09-08T15:44:17.236Z"
IR0oddCMrlVvM5vrmmWgrrV8s7t2,"0x6498B31171E8dEb6aDc8058c66b0CF8eCDcfFBD2","HarveyEnde9544","","2026-09-08T16:51:30.939Z"
IR7mXAeoPxOTCoB0N5xek33vKgH3,"0x953C74D1b4f59f5AC3437C1C477c300E65Ec058C","tu_ta89334","","2026-09-08T16:40:31.578Z"
ISvxyTBmcAMfgMQkPblHO6r6DOjb,"0x2b7e21F165aB8Ad3970fDBfa3778C12936b0B5D0","laura59wv8","","2026-09-04T08:58:38.770Z"
ITHHkksSfrO12I9FB4CfjgAO50A3,"0x8990992fBB406Fcf479585066e6Fce1c0c4BfadB","VeronicaJa85448","","2026-09-08T16:13:02.982Z"
IURrm6pHcQSpeOHruQnI9tn9Kt32,"0x20F7Fc8c68ACaC974D49c343fa3F26676c184353","cao_toan81175","","2026-09-08T16:57:54.266Z"
IV46fqnYQPYe1aFfqQrKEz4Wyhg2,"0x79EE96823DFf72C05cBb985D3B2902ecd01d77BA","NhTrng1072115","","2026-09-08T16:23:51.623Z"
IV4GZCBpt6iJUPiMvAEFWufQLaNR,"0x622904E3AC9030F9f0ca2De84A91b5938fb7731f","DeborahMurzety","","2026-09-04T08:59:22.248Z"
IVkgg05dwDSV133w6MKMD4G56912,"0xEE167ADde1b2B4E8C44E6145eD29C28bc32Ea099","HelainaN91970","","2026-09-08T16:34:12.176Z"
IVzwZRoCc4Sf90W3arJEQKlImNX2,"0xad79F5F88885700b230c4A244678dB0A5108aA5F","JerryThomp76515","","2026-09-08T16:15:24.101Z"
IWNVsKVjTMSmEelGj26G6NgS4K52,"0x29C42544ee50D32DeCf05B22b369c3B5120Bf3Cd","HCao386169","","2026-09-08T16:30:48.161Z"
IXyuZ2YrXta2qV2H2VrabZ5dm0y2,"0xaeab181b90db7fe5539a6d1e64604b53026fc617","matelky","","2026-09-04T09:00:31.798Z"
IZ62kvM9aJTJBvU6fIH5oj9IREw1,"0x4bC8D2DFfB611c20261696E10e87C4C26956934B","CynthiaLen5362","","2026-09-08T16:10:52.992Z"
IZVplQ9w6d3lByUutIdvLmWH6Gxs,"0x3971c01CB91c259C82210b8e32B6BD73ab0bD7b9","carol87go4","","2026-09-04T08:57:05.161Z"
IaKsrCKEjtNcVo5pE7ysmaZsVAV2,"0xD0dF2D9560A1C0E6f0041A1d6b12f1A31007Ac78","kanways8","","2026-09-06T17:58:19.203Z"
IcBdESrdh1WndZQrpkn84tV1wAW2,"0x3E537890Ab0be951D78516d40731e334A31284fd","C15477Croftoon","","2026-09-08T17:00:55.681Z"
IcaLsm0CT3Rs6rPofqPwjmOerBL2,"0x5a52851bCcbC8972eaefbDE6fB7972E72A9d5529","JacquelynG71421","","2026-09-08T16:07:38.908Z"
IcgtnY3IvyLs1961LA39KgVOcOs2,"0xeec26f7ded31065d7798682bde0295298bc8506f","AhmedAm5819628","","2026-09-07T15:02:03.770Z"
Id4HhkUAsBMQyxe8CvMBn8lJyCp2,"0x26Fd93d3BFb33B91d06CD5Ec385f03142e6A7Cf1","DatTran1996","","2026-09-04T00:17:33.310Z"
IdIRY5ZPq0M7HJuO6bqbWI5YUKA3,"0xc28C8BA1c1328d597c5250C18e73BBd121595876","HadleyJoli85966","","2026-09-08T16:17:05.210Z"
IgDhukoMnHhfTKF11LCHfJiYjI93,"0xAb042f25B948c05B7e2c45dfA9285d97058024d1","HYn1496313","","2026-09-08T16:56:32.968Z"
IgJBVOzoM9MXBYLU0pwQlAwLBpg1,"0x6725aeAc858ECd98fe9D19B54C207c419F97d3E4","charlie_ca77691","","2026-09-08T15:41:31.478Z"
IgxRwYBrFiXcCa8EeHvJwDSbsZM2,"0x88E59Ca37201a1bbF6ff69a21ACFEA9BFc67ACd1","TrnhQun940463","","2026-09-08T16:33:51.540Z"
IhD2UMwVJPZYMUvcgJ1AgzFdOz73,"0xa37570E2fBe8c14f32Ffc9646777223A0B34afc6","RBarne44258","","2026-09-08T16:16:48.375Z"
Ihsgd81SzTVWwlRGpJlSCzoCNoD3,"0x6E6b2492527DE711C324f0b309BF096e030fBdA8","thu_trieu95401","","2026-09-08T16:51:07.340Z"
IkmTa96hWdOBeRebgNUblfsJyz42,"0x80dBB1F19f975af5cEF41d18F01C8Ee4620D38c1","PhngChu389188","","2026-09-08T16:48:01.973Z"
IlHmvUPAiUYq9YydnH1mdlCGy7g2,"0x18d727FD5EBf00A75198F13bC3234Bad2dd2aA49","BrierVelas35416","","2026-09-08T16:08:07.634Z"
IpzDU5wyb9gblSe37CE55J1snKS2,"0x634947a6831f1C8fb6e89553603630A44035ef4C","DungTm199958","","2026-09-08T16:56:46.719Z"
IrB4l3Fc6EOteyz7Yw8YvWiFU403,"0x5ac3e233A5ddC7241A9D9557163335E6523e3294","SamuelLee125799","","2026-09-08T16:13:40.863Z"
IrNr0qdMkRTCLFgPKrsVYVU0Y2O2,"0xED284Deb282C069a9acAB1FAaB934d2ABf546Eef","ferguson_s79077","","2026-09-08T16:02:40.683Z"
IsI1vhm8VKcaNI9bJcyYNfS3QPA3,"0x229D32368f1de5fa2C1254f2e9dE7284DD781837","BernotLoni","","2026-09-08T15:32:43.795Z"
Isbsino7zITnCwov3VZTEV7o63k1,"0xBbAD9B6FC14577f23A2eD8Bd3aD780B80c0d4D79","KFinley90150","","2026-09-08T16:41:39.280Z"
IuJ6hGxx2Kaw7Ytjxqfy00bego62,"0x9fCD1d5d6e3a90bAF81fEc169c7d2146a8535951","HngVn268910","","2026-09-08T16:28:32.539Z"
IuS0kJBtgQfTdgbryIm7uEj03Lr2,"0x6e41268BcF7e1AC15CEB9dBe78e7E56e92027277","JennaParks75367","","2026-09-08T16:20:42.862Z"
Iv3e6kDoxARZM6MywB7xgYD4BBp2,"0xBb235f917a83E94702679AA04C71a05E876D7D32","Roseann13417814","","2026-09-08T15:39:04.937Z"
IvLt1Ev8eMeIxV0of9hiXbIzXEo1,"0x1f00fB4A308E781468cA39bf4DbDE73D92f363b8","TrHiu1561957","","2026-09-08T16:42:27.473Z"
IwAKFZ2tEmUAbhPbClsztNlvmDB3,"0xF4ea2E5430D08f278A5Db9a669E06bbF2DA09Ff1","LucasMarti23669","","2026-09-08T16:13:00.771Z"
IwU94cDXmbdNqNVoEa3balg2Oyq2,"0xA17eba441c4Fb00fD6990F213b515E09938505C8","HarveyBish99935","","2026-09-08T17:06:12.264Z"
Iysd9KEjt5Tb187kIuQ8xkZdMHi2,"0x0f7B449C04eA0c5339322a4ede42b2bef5669F80","ba_khoi55167","","2026-09-08T17:03:11.766Z"
IzCrCLXVL6PxtsV89gbU6LIl4rU2,"0xf50abbA31eFc548AE57f921f47E9b6c9e9893eBA","AlexisJoan25230","","2026-09-08T16:19:54.023Z"
J0oMGGReObwo6OPlxmC2Kwn5r23l,"0x04A60c598A5Cb456DaB16d69D1AbC5FFC64A41AF","415cusq2","","2026-09-01T00:38:40.698Z"
J44YdDqeZHPIIR4J8OcNdcV8lSk2,"0x7935c7bF3bcDae59E861866f3b23a923EDB17757","KimmyVue72083","","2026-09-08T16:10:29.788Z"
J5x7Hzgc1rsQ6nN79BJuZUgq8Zir,"0x5F332325f249B09f08badF73B8629f1303b5Dc2E","melinda77cu0","","2026-09-04T08:58:16.372Z"
J6zK0YbtnuMiQjcQfgFUBrQ3HLb2,"0xE84d0ef23E324171798A153229A6b99fAfB47124","JeremiahAn94248","","2026-09-08T16:28:49.007Z"
J7jIs01hLjYrHouVDC5YESLMsTI3,"0xE018abC052779ECB9bD2Ff52Eb741753B5017630","MeaganYode39809","","2026-09-08T16:34:36.564Z"
J7vRWjn4oPff41ASylhtmkhYYbY2,"0xCD07c1F9d065F82AAb0b85429Ed8a1d845eB4E9D","sbbokul38","","2026-09-06T19:15:34.016Z"
J7wYAfsc0sNPjBnlRvwpP5zhv3jh,"0x19eC4209CF1Cf151C20c68b340220A897Bb29C77","selena57zn1","","2026-09-04T08:58:23.480Z"
J9WDl5rawdVhiWQ169jBdtYRN5Z2,"0x74CEb78321b9BcC8732Aab1DaCeCB2387f209c4a","HuyLuong20696","","2026-09-06T16:47:25.581Z"
J9bsyhaR1TWc7x7qPu4gaFIgyGR2,"0xb25ABEF62f8e10734B9c4bC348864811313C1503","DustinDurh85085","","2026-09-08T17:00:33.197Z"
JAwjJ12JaJQhU7nDYjsIsWgGWwv2,"0x708DE3152CD8e7bC438C019daF7A26BAD9F00b72","LongMeredi80181","","2026-09-08T16:15:53.934Z"
JBKw7TrtBHSr4deOnOL6W6Xxbb33,"0x8b21c60f9e62829f5c8a597dbe0c3c3e3a834cc6","KyanSimone","","2026-09-08T13:36:19.970Z"
JDcHNwrQv010R65oEudd37SZWz4m,"0x5f5a9CdDd8C5521195dab14Ef71af72B602e1a81","KarenWoodeqcs","","2026-09-04T08:59:13.400Z"
JDxytt6s0ZYEUjK2R2rvrErR7zE3,"0x92559937ed5bf32d4e9081c6b7a7230d76356ba1","juvistax","","2026-09-05T21:49:55.807Z"
JGJF0oIZHuacSfNcZiHEXuzLpooq,"0x46e0F8B5D805754Cc590f480F0eF45580682C4D7","kayla06cc4","","2026-09-04T08:58:33.771Z"
JGxwsjXgxSOjjvf49V5BwLh8fUc2,"0x14cc48847347fe21ff06b83f2b663ae8409b268c","andin9381","","2026-09-04T05:35:15.120Z"
JIQJCFdwlcQSHFA2mPegcYaGgPr2,"0x083BbC214302def88b1c1150bBc9801e64D683FA","GeraldMoorov5m","","2026-09-04T08:59:23.573Z"
JKsTL87X4UOQl0Us8yUqRftRLq63,"0x4385FC361Bf327A0313814da6310CD302295dB14","KelliWalke13992","","2026-09-08T16:04:45.967Z"
JNlIHuPmIlMvzux3gq8ysEtGGEu1,"0xb2B82140b4c6E0691aF3Ea99acfd3cabC850d190","DungKhang77673","","2026-09-08T16:41:20.339Z"
JOYDd4yaoBGWAwiFGXCE2oRlB5FD,"0x2247f6a75153366cdf904b71669222160Fc16eE5","elizabeth57qm1","","2026-09-04T08:58:25.043Z"
JPs2KJj6ISb0FvdyYE2DYw6P2gY2,"0x94D2a18AbC1428dD2e511dd119851e76692B4585","HongHo1467401","","2026-09-08T16:55:07.154Z"
JQ4bwaJ8F1cfET6gTuHLOO3gZU82,"0xc6f3aeb5ab29ec79b6d40115a8e2e66850487958","ahidfattxx","","2026-09-07T11:46:45.367Z"
JT64fTjOjpNzdV2EfjU9j447ZEO2,"0xB41DE0afC3cD8289713c84ad52dF23fE46d520Cc","vo_nam71213","","2026-09-08T17:02:51.183Z"
JTJhPSLODnTtTvTNasEBiPLWcDv1,"0x443d71e9790faa6ec2a00dc10f5cebd030b755c1","Nbaboy0","","2026-09-06T20:11:17.843Z"
JTKUTEAZFYdmXWxgi4eYarEN5Rw1,"0xBd7c90e83BEe460c8357ae6D6a638607D1aaBbEE","FordCarlos15640","","2026-09-08T16:13:04.983Z"
JTUgfRMWi0RbIVAwFLoOUJw1ivG2,"0x6779eC06e5F5D973e7F64145e016f459736fd026","melamie35002","","2026-09-08T16:56:19.595Z"
JTq0zeXPHuRpFCl2UaRluj5Uwn13,"0x19C2207Cfd2Ca72d14D7C8550b3bC9156D646ad3","MollieF33664704","","2026-09-08T15:38:43.932Z"
JU5YxOGULkdcApP32El51iLiHUg1,"0xa8e809fB841C610cd676641CD5eF7E518A4b6D68","Tnh1117299","","2026-09-08T17:03:51.423Z"
JUmj8d7OFLRkSI1BIIJb0ZYogqF2,"0xc0Ef1d682772eEf9e5C0dBf500367DC513658cAF","JayHarris195937","","2026-09-08T16:05:39.325Z"
JUqNgUk92CTHodE8VShSpzqISnr1,"0x1586660115467A63EEf1921F073Ac75C06Dc00C4","AltaLamb20439","","2026-09-08T16:21:10.107Z"
JWqtgvA4SUQu45dIjaqk0LhkzoS2,"0x28bB62E74265c0d059a98f9E7BD62641052e224a","IngridMira80313","","2026-09-08T16:09:40.747Z"
JWzxjWiWSogt26hT3z2olyzUPIu2,"0xee21AD0E0F9D7ABa96c8A2468ad57C7e3052393C","AngeliaBoy7914","","2026-09-08T16:18:39.779Z"
JXHXA4BlWGQqgP4pg1sQZBo1arf1,"0xc258190673cf1f1256694ED8302dD9B9bbF7f74f","TngHuy580533","","2026-09-08T16:52:22.566Z"
JXOk2PfbTRgrKS6IyxHs8SmYU402,"0x20838770c2963E273eBa824C7b9492D9B9f9cC84","GilmoreHen77295","","2026-09-08T16:22:09.638Z"
JXzwSWuDXccCU7Vdq7lWKrkT3qf2,"0xbb296A468E6AFfeAE02b72a47DE1dE5C3618e80F","tui_koi99484","","2026-09-06T20:09:03.178Z"
JZw4cVCBDZWsNcPDIiOvVl0Txcp2,"0x6e2C091c801b9FBf1062fccB30AF64EB4470D4F8","DanielaIli64003","","2026-09-08T16:45:19.411Z"
JbhhyFVVO3Vdj7ZgIoZ0Bm9MADD2,"0x27eb68fa93e6850bA2359AB5d088038995B3E382","CAdrian82183","","2026-09-08T16:49:39.908Z"
JcY9J0c1gfQtQnxEv8URysbiwWJ3,"0xde63c5bf4E8B22786907cC5369d0D70E978A0877","BambiKelly89891","","2026-09-08T16:34:42.025Z"
JcnTMvNUxeXvkl6m67ndVG1UO5f2,"0xe13fb9D2191c45734F8E9470f1AC5ec5767D9802","WilsonLoga51971","","2026-09-08T16:23:26.688Z"
JcoGhduOSOWxZUkLt9K73OPnKzo2,"0x20887F759EEcB4198fcB53862B523eABdC6B6B0E","ChastityLo89152","","2026-09-08T16:23:19.635Z"
Jd3GpG4bA1fOVrvC3nALN9ZZE0V2,"0x6983775eb67924F52D2FCd8538B4568f7E7816a8","haynes_nic34159","","2026-09-08T16:21:20.139Z"
JdZdUzdm9jdrWVBitXyU8HpHcWi2,"0x35e7D96E166B40E6469A3dE02108F4B6A8C63BA4","QuchHong266992","","2026-09-08T16:43:43.715Z"
JdonFPNZYyfoXbeQWeg0naAtSo03,"0x0Fa73afF7227cf0Debc78d4B25a7D647149640B9","andrews_ai43016","","2026-09-08T16:22:53.759Z"
Jf7GaUb0h7dVFCMqEp1srjcGxa42,"0xbea2c0b726b77626313F3F32Eac9d7Ad028220aB","TillerB36264","","2026-09-08T16:09:59.169Z"
Jl7e32AK9cSAwXEF9JylmLkZeDTh,"0xc2F412FFf9Ef2744c7556dDBa840219F4476B022","jennifer82jr6","","2026-09-04T08:58:35.139Z"
JlbwqDO4TGbrlHvj07iEk5Dkaxm2,"0xdCada9B30ABC54C4Cd9e16a008683E023A0DF824","PhanLm864341","","2026-09-08T16:57:37.606Z"
JmtVzSgtCMQGvCZsOcK8AHcTK6C2,"0xFcb22d0670Cd94b3BFf97C9BB5D24E8E075d577A","DoralynW96701","","2026-09-08T16:48:44.696Z"
JoRa63uVbUMvxfJ880fp5cFQ3Gu2,"0xF8bE6f0CCaE59FD7f75bD4698778705933B6e2cC","DanaBradsh32905","","2026-09-08T15:44:58.542Z"
JpK5vjNG04c5IcTAMym6V5UB84a2,"0x44241d2969a6378cFFafDe08F8D1915A553E0f62","LVn2033635","","2026-09-08T16:51:30.103Z"
Jq2BQZnAouQuYq0p0BAOMNHXBhl1,"0x770bd1acbcca51b9739c3bf4ccbf6ea150e6af74","cc69ci","","2026-09-07T12:50:16.465Z"
JsPS3zHYQVeExyn2cc7kfClnd2b2,"0xe2f77b49Ac1517c507b7653eC66342454Cb41f8F","BSampson62403","","2026-09-08T16:30:55.681Z"
JsWCQibuL2fdRxdAu2DtgLkot513,"0xb0d9237CB89904E249C075636866564Ef4c7E3a3","TrnhKin421988","","2026-09-08T16:31:01.088Z"
Jsulfk7irAYeDlGwMiS7iEaDaDv1,"0xFbC21598B872130fD052A77d4946c5708ce88824","kathy50705","","2026-09-08T15:55:48.726Z"
JvU5YMDXS4bCHc2vyNHBVV8es9I3,"0x751236AA829Bd5f8af6057bB0ad3AcBc76bcAc65","AlexisAlex82961","","2026-09-08T16:18:56.046Z"
Jx6REODvPBYvjgaoL021SOOfreQ2,"0x8D92B43a5E53dA76AbbF1Cc11b6D3990534BbbeE","Beauregard46502","","2026-09-08T16:39:09.920Z"
JxCYdQUvy1dtxSEFQ4ZaAI8YHik1,"0x92eb5788de4449990927cd05bec73740a10b6bee","cryptoethtu","","2026-09-06T20:42:23.361Z"
JxCrQukeE9Zj2F0BedP9gJJcQfv1,"0xd2cE04267d4938E20d243D95c3C208af871791a9","SaraVicky48910","","2026-09-08T16:31:14.854Z"
JxvkRAdlRbhdVt60IsOWRg5PcO53,"0x42f9A376a5ef167F01a14cF8d442c5E9748cC0Ff","CarrollKas29958","","2026-09-08T16:59:47.369Z"
Jy2SmMhvmVYS7qo1Ec4X7xp5q8M2,"0xCE0E5FA7E231518CD61420D377DaeFAAc0d32601","DiannaVela11971","","2026-09-08T16:13:10.413Z"
JyVe7PNMEiVuIEPZ9C20nmyxHwE2,"0xAed9210726428Ee8872cf59c637BB2fF0d9fe990","Yobi_Ninja","","2026-09-04T07:43:14.592Z"
JzJa7FNuD5PeLMDERZl4ae6BHV62,"0xC83712C1EBAE448Ed75b8b6DE1DE1ab648bcAaC2","HLng482734","","2026-09-08T16:34:49.895Z"
K1WKwJ4B15g1yYU4LyD0dj70yfx1,"0x441b14CB2b6C811B8D5af28Ea6152e78C9DfA599","LeahReyes467624","","2026-09-08T16:23:20.982Z"
K2JrYrENYyOzpDNt3cpxx9pr3633,"0xC0E7d1784EbF3bdB24e560bfCD54d98BE4a26a60","FiannP25950","","2026-09-08T16:34:00.598Z"
K3uME8XgZLMbdXP0oE2tCvWfSDo1,"0x815D161A099b715159547773792B2D8A17aFCDE8","noah_geral38830","","2026-09-08T15:46:16.160Z"
K4m1AJYSlqabyZZILNUfhAT1c7t1,"0xd41686Dad8740e1372BAF5224F29aD02a8c6185D","maribeth34561","","2026-09-08T16:34:58.966Z"
K4ukcOaYHxQjDPgYP0DhsnjjlB33,"0x84eF33eC0f0B9a9E513b99d044987feaAb8179De","G1079Chester","","2026-09-08T17:08:30.964Z"
K6YAsuZEJXdDL2NU6W9mN2JjoHH3,"0xCdd7c69e2E1ddc384772eDabd6b7b24d3230f2CB","thinh_ta30478","","2026-09-08T16:56:30.379Z"
K7IjCD1SqeYBRaXKIeGmSHZ9aS22,"0x3c5dc67b40F9C14fd569ceDcbE170A9456f828e2","wright_pat86326","","2026-09-08T16:27:28.561Z"
K7ZmI1q0tBWnk9TrjW6nDxApD9T1,"0x3E623AD6c3A2641a409220CBBf562ff91BFB8582","tara85uz6","","2026-09-04T08:58:00.382Z"
K8KdTA2X25f5SaA9DtDwZcV4wJT2,"0xAbf904CAa8a80E412F510bB2c22442203Ae0ddD7","GiannaKyra9296","","2026-09-08T16:21:47.379Z"
K8dr0I26K8eo9azq0bSUIWm9lP42,"0x55d6622EA63B2F497C3fa15B9Ec50525f81e5F7D","chapman_de14110","","2026-09-08T16:12:51.296Z"
K9MwYIgDnAbWoIR0SKC7ASrDHsq2,"0x33f9791a8F5e59Ec77f8569ff9218e9EF9E526EF","HiHi14341447357","","2026-09-08T17:06:01.543Z"
K9UA7mRQO6hBzqzepDqQzSsfbyE3,"0x48c69DD706a52A549E6b96d0f24108311d6fbE36","thvn165","","2026-09-04T03:48:36.938Z"
KATAgAA3s2bDqYQS5KbbsC1SvSp2,"0x84c682a0f24d424caD764c3782B4B17881A0aA56","DngNga172007","","2026-09-08T17:04:18.651Z"
KAU3wMS6sZRqb6EVI0pUs4SF6rC3,"0xde9893E959d4A3dfd72cf2439aC4c8589ad45A6B","TrTn895122","","2026-09-08T17:07:28.025Z"
KBCxXSB5t7N9IOVb4TDlzyQPzaD2,"0x89c7Ee99871d7F87401E6FAc7911a4D417649c2C","TrnThng779077","","2026-09-08T16:58:21.179Z"
KCLtfUagQpcscSPiHMqAlXrVRNj1,"0xCE6E984261438755F2ebCFDC3f9942cCB48137E8","SamanthaHe12798","","2026-09-08T16:25:37.787Z"
KEyB1jQsjmRZQ8W8xB44SAjKIjG3,"0xBDa431eF9936D5D5EFb6D9724Fa6478bfC4B68E8","VQuc38320","","2026-09-08T16:39:04.432Z"
KF3jlYlR5qO72fWDdkQmeUJCpYO2,"0x7f1f9E12B5f55d6C2bE4ab994802166B4606866d","devin96334","","2026-09-08T17:06:39.799Z"
KGQM9vjRnyeR3pgtYNpXMWnIBUT2,"0xCd425998Fa4ab58A7A1A72184AD6746e2cE5d330","adittya00080","","2026-09-06T20:17:35.993Z"
KHwWfag1BMaPQupfivbelwYgBrJ2,"0x88a18d8d5c64216B9aD246bFF5989B8603948106","MaloneMart67803","","2026-09-08T16:08:21.904Z"
KI687LDV1zQjjQCSptkjpW7wKZ03,"0xe821d83EC2bd9c53121e84747683ad3B0F33FD60","BashamNaom39185","","2026-09-08T16:11:14.573Z"
KJMi3vQwDIUispDDirlTcls1A8v1,"0x32e6f147AA8eA46e3dC381FB102739DF8303a4B7","MorganElli25919","","2026-09-08T16:13:50.252Z"
KLiWWvAAH41sDJ4jFgXYNiJ2W4J2,"0x31043E7735354400CCcCa466A7d6Fa136D56123c","KeithPrices3qb","","2026-09-04T08:59:13.875Z"
KLjvsNL6HUf2EdkS9boRXSrADy32,"0x1CD57A922798D19bF0035926178b2Ed178c72eDe","BiKhoa643435","","2026-09-08T17:05:54.807Z"
KODmtgXtLXeRHzdRsjEKwe1m8AL2,"0x7C60267304979F05045f46Dd9ab1412a9e2B9cC6","justin_for8698","","2026-09-08T16:42:34.051Z"
KPn8OIR4q9cgsMvmFjFxRvCWRJA2,"0x4c55bd2c10382972c66e09bdDb58Ab609240B5AD","FHoward35328","","2026-09-08T16:18:44.942Z"
KPyEExlh9CfNijArNVUTdJVXOgH2,"0xB645036814F4CCE1b695F427A8BAC5AaDA762C60","HaletteM70698","","2026-09-08T16:28:03.256Z"
KSA136lbJcdXP7G37SLM8ZWbrbb2,"0xb0d732b07A78C72e4C70df2031387b5CfDc59B93","hoang_quan29685","","2026-09-08T16:51:37.788Z"
KTaAP30gxha6yhzjE5JYA6eR8Sr1,"0xa3Fd0158D92f1a1DDa96b790Ea368199b6CA6Df1","ma_tien59386","","2026-09-08T16:24:47.483Z"
KUynyMA2MvQpFBg9Iw4FrZrtTX83,"0x9AAd6BC01540BE095663BFb3e3CCb853714920E2","LngBo298793","","2026-09-08T16:49:32.656Z"
KVAuvJaxOJMF730BMowCh5uKJyA3,"0x6e8DD70d1a3164200553FDA2Fb4e430faa1d8CaE","NoahTurner70928","","2026-09-08T16:21:43.077Z"
KVKYuPwpDib8UOpgLQnvaIb8gOS2,"0x1084f20C8bD6DDec21C27DcE878819ccD975895e","BchCng240897","","2026-09-08T16:37:27.039Z"
KVwjXubIN2P2HYsrpFpVXq9ILO53,"0xd3C4D45a1180a171205cC16992b3Da5A5BFb0787","GraceJorda904","","2026-09-08T16:34:51.025Z"
KWURtxzYkzt8OnayTypbx6zRYVGU,"0x5378D4316b898CECF82707399028b4f2b3bC8Ef5","KatherineCuvq8","","2026-09-04T08:59:19.748Z"
KXUAY8pHoZeNcNJs4NwaKpKKfIh2,"0x0EdAe67F3Dc71Eb11cE491B03Eb2D22644E06e93","BobbyObreezy","","2026-09-06T18:24:12.513Z"
KYKo1aGeLebvn7Juvg8f5BzciH42,"0x1FC67c919ebC4D364344FE35d1c9849D3A2ffE86","AndrewScot3636","","2026-09-08T16:21:52.710Z"
KZeYCGm71QVkIMz1GmEUucwGbxh1,"0xdB543015d8aeeCE0B48BbAFDd6f97A803F0dc2EF","LewisCarro48467","","2026-09-08T16:21:46.463Z"
Ka9i9Zic0NuuSzhhbZ0v4sYu0Cl1,"0x3aeCE4AC370B425bd8134361D709E9a9E339A87c","cheryl07qr8","","2026-09-04T08:58:14.519Z"
KaDcCg31GAXy3oN5ff6kpPYVMG72,"0xe5Fe450f81845536C1FFdCBD6588422B53a22bAf","Tc544627855130","","2026-09-08T16:56:56.921Z"
KaS34uAJYYWLMr5hG5xhvuJl9QE3,"0x34e35981fA8Ab04A49FD758Dc41Da4feA46B1D86","VNgc270108","","2026-09-08T16:32:23.718Z"
KcCyUOvNpsebfc27sATkblz58As1,"0x7a991240d2148A3bDA70D44FCb8dec8E12CFd15D","VH0835076773289","","2026-09-08T17:03:23.542Z"
KcDuCCF5dzNWcgPCEEMxETfOHfD2,"0xEc0bFE01E5b806699344AE31E6Aa34Ad8c44dA76","HillAdrian65468","","2026-09-08T16:20:05.868Z"
KcQJAoZixEg7CJU2DxB8QUnQabX2,"0xEBa4Bb5f484A644E97321Ed281Bb2D467D0a9846","BoyerDaron68934","","2026-09-08T16:34:41.015Z"
KcrrodKMEDNRM36FAOmdujf72hs1,"0x0E056f755831dD49399BC1D00C74c8b94484868C","BlareJeffr53546","","2026-09-08T15:43:21.001Z"
KdWyIzMRF8MRq2d83Fnsb5aOY0M2,"0xea1Ca0B53c2d8BB7D995879A2BecC2714fE6217E","SamPark031922","","2026-09-08T16:08:37.669Z"
Kdo6ZGi48dc3bMKP5STmS7nvTzw2,"0x2B77C70A5087eAB6ac37A57A5a98E444f4E03F51","MilenaNora64607","","2026-09-08T16:14:02.745Z"
Kdz5Hc4MzvTDPXlGcN6LtoAHhEj2,"0xabd114B0A9480CC2cf97C5A71B6122A3Af05DD09","VJayla66135","","2026-09-08T16:29:09.307Z"
KfCSv67o52NAn3edloHpFvxk4Oj2,"0x17Ba9352FA4bB8256681443BcF3512647ffF6d4D","JanelleAri46839","","2026-09-08T16:44:21.899Z"
KfxUeUfU60ON8PF8kesmymQtoCI2,"0xf06f23E3413322c8525dCCb18647873e4F4Bd168","AllenKenne59154","","2026-09-08T16:12:27.846Z"
KkyuTCzRqZVDhXNs5UnjD1mIXaL2,"0xACD2FE6A913DC60D1B4398e3019c62450F185BfB","TTn1651919","","2026-09-08T16:33:49.767Z"
Ko1SN1YPA9TrCMXnCLMOQpfy4Er1,"0x038633748DDc28790dD49Bb9B65a9c4118c189B0","EndersonSe92264","","2026-09-08T16:21:36.895Z"
KpH1BloWhUMoWa2nrW46SSP1yFG3,"0xCE616F645231f59FAB63eAdEaA4CbF1d86Fe8a72","CharlieLop94379","","2026-09-08T16:52:50.350Z"
KsN5UNu7u9bLZFRhahDMRQkdoFO2,"0x58e4de6d8B4b473482573CCf0cB2A35812554B0F","BeulahRobb6475","","2026-09-08T15:45:05.368Z"
Kt8etgqfFZNI2xiv3L8BtxKiS8p1,"0xAd6E117D1Ff88D5a20f3B42864D94d9CE6e65021","MnhHi167795","","2026-09-08T16:50:45.664Z"
KteXCthn72W8VeADwWRXswlmyR12,"0x1Feb02DCa14bA4fe6F82339640eF9A7e375cE899","DuLeslie180260","","2026-09-08T16:12:32.762Z"
Ktknaa5YhPVUg8tql04qrfFEa1s1,"0x0Ad4B973D5864f7Ff128b27b5D80E118CEc86dEA","FaberFrank26919","","2026-09-08T16:14:05.473Z"
KuO3UCpQ2cdf7FNrfhTSJj0o1iw1,"0xa6040e08a4d20fcc136a44e78d48323b3e33bd23","CoryGonk47286","","2026-09-09T07:36:00.192Z"
KwNJQZM0HEb2zjzQBXMzKvjo63l2,"0x8fED671339B4f18BacEb74365D13960795feEe08","0xMrdawg_","","2026-09-07T10:53:02.520Z"
KxG8g5qlDwStTwc9TTp86WBKbeC3,"0xD57F5b0087618E7eCAd8800e30E75a2923F2f0fe","AnayaAshle86903","","2026-09-08T16:11:51.960Z"
L094SHT3jkOikVQuJ8x4RStMLNw1,"0x48C9256572f14c49975B1503cFab67a84Ed0902F","ClydeL88308","","2026-09-08T16:21:38.181Z"
L0U8mUj3huM1qliqeJWbkyALYcD3,"0xAcdc01497e318b98Fed707Ae8E8d09566f51E78E","BristolJen51997","","2026-09-08T16:15:18.581Z"
L0msqWWpS6Xueq9GuMDM3r55Gah2,"0x9564B21bC462e36ed5D9F82c9880e7CC57E447bb","forster_er98306","","2026-09-08T15:41:49.980Z"
L0pNz74ohVQP2xDEQLDR3MlQJ3H3,"0xDbE1c65CA41e2fE7ddAd7C97cF1E21c01D70f1c0","VandaH315","","2026-09-08T17:01:26.750Z"
L0zIekgVWDiqgnLn9Tzvq5Ar9jnD,"0xF8e83E3ebfCe25462011Be1BaA951EaC7300343c","ZacharyTurycut","","2026-09-04T08:59:01.430Z"
L1bAbTOCbhUcT3KJJNrVxdJM5mSD,"0x2E42888a9b09346f48EF2654008AF57cf839165b","JoeHernandmssr","","2026-09-04T08:59:21.315Z"
L1pu7XS9uoU1EnOAoj59OrWKRYI2,"0x07CC53C83ce91d1a126E271AE1d63d8fa3e64976","EvelinaLy82367","","2026-09-08T16:50:00.887Z"
L2AgornNPWRURvTRoGV3dPuP5Yd2,"0xb254D95A1cB08DB228C9aeE25e387086EDB950eA","AlexBargem92709","","2026-09-08T16:22:29.867Z"
L2IIFhVjCAUQu8kV5rfvA0ys8ajE,"0xF3ea74C8F5d10Fab042A579b96DcfB89ea649DA3","EricFloresiubv","","2026-09-04T08:59:09.732Z"
L5cJZkbFU0b8o4QTVN69uziKhIv1,"0x4f977b6279f999dcC29836AAA582b77EaA995912","GarrisonGa28932","","2026-09-08T16:37:12.353Z"
L7C40QoYMnMthL5bhlBdGwJcoLf1,"0x16bcbC91D520ec6A8568405167D4770BeD82Cb25","gail_trixi53691","","2026-09-08T16:25:18.598Z"
L9jsjw21UlPH3CwX8Mj6c1Tyk6h2,"0x84F22762938Cba5AF10e90c3034b1c469E2B238C","GregoryGim53423","","2026-09-08T16:17:55.706Z"
LAdjSW3kMrVrgDtMOewp2CS01lk1,"0x31c0f121Efe27be138cDa228f53C53e1b0603111","bitcoinlolxx","","2026-09-06T20:20:49.876Z"
LCfi9YqsKLhODyq8NZxJSR2VkWv2,"0xAfCC5493765799ccEB5908CBF7Db2E1fd82ab49F","JustineAut62010","","2026-09-08T16:17:32.422Z"
LD7SgV75eQRpeG7K3JHLdoK2cRR2,"0xa7df2cd10a3ef93a27cdae1e6a0845378643f7d5","kingvilly14","","2026-09-06T16:41:52.728Z"
LEfVOFdenNbEkNScakoz60HAQyH3,"0x452705A7FEd469BA3c10E002Ffb584f5839E66cf","EssieOwen40128","","2026-09-08T16:10:23.393Z"
LGkww66MgjbJLabZAQ9X2kjnv4f2,"0xc2cC08360C2544490E8034EA490933Cb9C109f8D","HanHoang94102","","2026-09-08T16:45:48.602Z"
LGllDkzoY9WOKj1TnPkPN43opKR2,"0x3a402e8c0c4ebea84a345ebee028cb8e1c30b788","Dammyy_vsz","","2026-09-06T17:24:12.488Z"
LH4QraE6ZsdY6Bux5L2Djr3alx52,"0x23Bdb925614D7CDcff43294A3F8Ea1833EBF8CcB","TristanPer85505","","2026-09-08T16:36:34.682Z"
LIdrzuiAPsEY3Z8Fj6RmG0NK29BT,"0xa877AEE40c722Def838a8726aE559cB4730e1EE1","LauraColliss9v","","2026-09-04T08:59:22.362Z"
LLlgD4EGnlV9fcTfLxyg72kY6A32,"0x14D6B6fbf02f58e370f98c3cE769Ba9C93b9D283","TheKiraFool","","2026-09-06T02:14:00.315Z"
LLrOUvBzdk6Yvzxpe49AbTPQq4b9,"0x03508ECE085b903824Ecc51eBDDf020bC2F11Fac","JonathanJoc2ct","","2026-09-04T08:58:56.248Z"
LM17SDrSU6oNS8XBXbJz3I5vHp4p,"0xb1dA7b4f3b8C8dffdd05c0c5C04180eb16c9E89e","emily49yd5","","2026-09-04T08:58:07.476Z"
LMtj3etTTkXkr1I4WbO7FP6WcUa2,"0xdD1E44EE0fa7f3b7d4de36f6BDd08230Cc323812","duncan_lar24506","","2026-09-08T15:55:42.804Z"
LO19uJzPf8S6l0nZFkEXXLIBTf82,"0xd0754a8559E784289f7AB570dba47caD9c30B69b","danigorlo","","2026-09-06T19:45:08.931Z"
LPYIivpaJFV35TeEQRkmhEuqtMG3,"0x8eD3d86e0C05990EAF910125d9D4F7ff173c9d5c","TranHieu38594","","2026-09-08T17:07:26.570Z"
LQCxrVI3DabPNL5TUpfNceUDEZ92,"0x2e008135f01777615600060aa9d6092609bd9c65","JosephAfuy62725","","2026-09-07T05:42:42.937Z"
LRsQvT0nX8MvxRsRCzBQnrxF4OA2,"0x5D587Ecd01B9Df33bd2CE585244a9dE6DA3Fa9ca","quan_inh7524","","2026-09-08T17:07:48.356Z"
LSL1EEFo6Neqc7qCvV6yNZbtMJh2,"0x51DE1B2419bEFf7214f74e26112659dFa12EBA21","KelliH22582","","2026-09-08T16:11:06.274Z"
LSxG2M3amUMOWTw9wr9Y3R5MHnh2,"0x891c266df6E6f7220d62687Faec0579710dDb07E","HongBch1086512","","2026-09-08T16:35:22.978Z"
LU7xLA63T5h7TSpyslJlQ1nh6gi2,"0x24Ef3A4Fc22753F934DCcB46eaDdaAB3c6819318","TanseyLien","","2026-09-08T15:37:26.219Z"
LUVHZyPguqWzBlivVZPtJvTSDhF3,"0x64dF0c08A753b78Fe2cAca4BdF157D0FfCE8dcfd","Sansskt_xyz","","2026-09-06T16:28:32.326Z"
LWLOQfVC1TRHAAkQxCIXJxXlEpl1,"0x2604E30a213A90E12A1e75a3ED708EF02c1F2602","R7359Roger","","2026-09-08T16:55:38.473Z"
LYklrIAF0hZtm9UaSDZJFZKK6Gt2,"0x5001838369e8Df35160218d87c29597fbe89A7Cf","IvyKatheri57802","","2026-09-08T16:26:58.030Z"
LdCd2vKeryUWZNkC8yMixUNL6Wv2,"0xeec302FFE007ef4a8530C4468A16631bA538c243","HngTuyt1037456","","2026-09-08T16:32:42.751Z"
LdOsXYKhk3cZdrOSUYJjvBsPTGE3,"0x20c17D256887D7200295368Ed10297F92Fd58080","AidenMarti46798","","2026-09-08T16:53:44.453Z"
LfChnS7aUvWSVznphrtut4xQdHA3,"0x34CcBDcF5Cff9989cdF3c266f07693645A070400","LuuXuan44550","","2026-09-08T16:51:51.856Z"
Lg6Ue3StEwetSVWcrA2lD6yxKTJt,"0xc9ba0451d2B6fE5c8c081852744d3682a6BfaF78","MarieHallcupw","","2026-09-04T08:58:50.236Z"
LgkInRDSqaOsaiex2MU5r9qJkaA3,"0x6e5cfb0C0ad6e753Bef8d04d9dFD737cC17BAAEA","DungQuang486266","","2026-09-08T16:46:30.225Z"
Lgtj7JhpDUTpeXb6gpNuHXiyjd53,"0xD55C0Ca7235Fe94a716BD7B715aAC1F4dC8E595A","ChuTin998207","","2026-09-08T16:58:35.334Z"
LhmzWLs9era0yHrhgnPH8iKminT2,"0xF8354370d0a231260e66370c3Fc03e821451B042","LilianaHil11511","","2026-09-08T16:18:26.083Z"
LjvYNzEW7zX8HF8xfCmFxI677b42,"0x936BF20327Ba52592a0b00cdac49cDF2dcC61C41","MollyGisel70893","","2026-09-08T16:15:09.990Z"
LkcwLnVDCuRU0moSjShndRr5VvF2,"0xbC023126FF521c4d6cf50493f7D8D710ab9ac6fE","Nicat053nn","","2026-09-05T20:10:18.609Z"
Ll5GIhnuBHUylyWyopQAdBC9B692,"0x1070C1E424DC4beE936672298eeB228917B29Af1","TriuYn271045","","2026-09-08T16:36:49.646Z"
LlSOxuBbbhMWKK9CcL2c3fFkxHt2,"0x4ffc50D5a60FA4F5Acc68BD6Bc4b189e534795d6","PhillipDav10822","","2026-09-08T16:20:28.405Z"
LmIZVSj3mCZTtFHeMUDg6yFUe3s2,"0xe18455085B011C95152f36c169696bC94349B057","ClemmyGrif42659","","2026-09-08T16:43:04.410Z"
LmNyiLeSIhXUD82Sw0BC3fE3xZN2,"0xf7899c3691Bdc3533217Fed07Dd5763025Ef4b05","ChuThc133715","","2026-09-08T16:46:02.805Z"
LmtavCmM4JbHVKLobbJc9qrovJp2,"0x5d995306a2B8967C3d9aAaEd35385F0b3d6eAe5f","GKristen94016","","2026-09-08T16:09:43.519Z"
LoZZIt8IiwTbxQ9oggycYrpD2dK2,"0x4e89833B93fAcA40F0CF59597452E5EAfbC0502E","LewisPhill5998","","2026-09-08T16:28:04.259Z"
Lp19WORDUwdtOePrmRDgEO1ZnBC3,"0xc850244b7FF168b60B4166161eF495e961Acd534","KinsleyNao4456","","2026-09-08T16:11:22.789Z"
Lr1Y7UHji1baRRZtbdJMvbU66fy1,"0x1414A485d4Fe77b903827A203584bc93A4562272","AdelineHay54324","","2026-09-08T15:44:48.635Z"
Lr3rWRYiLZVbrOAbOK7c1NwhYPA3,"0xc395D1bBA9833F696Ee3059685b944cB6b3f2561","FrancisFar26740","","2026-09-08T16:22:44.272Z"
LtbsMmLkXhVuHIN2EwiWrIP40Md2,"0xB7Fd6FDc644535FB9Fd7119C94346810E52EAfbC","PaulBar89664954","","2026-09-08T16:37:43.290Z"
LumwDuOGEDMbpCF8MEFWOHe6DV03,"0x43c0fCbCAE4621a0F094b409a42042E7DEc56DcD","BelindaAma30698","","2026-09-08T16:12:48.866Z"
LuvRX1cj3qZazYjCBJXCOn9dFN7X,"0x98229452F7007DE29f70EbcfB3186D160F1C1234","crystal62jo2","","2026-09-04T08:57:58.655Z"
LvgsI25HcPWH2Xkrv39w9LbfCh32,"0x91B9F5da75393402293082799146a342c90A703e","HngHng365774","","2026-09-08T16:43:30.752Z"
LxE4iwEIbUfDXxiV2356GiE4HEB2,"0xF8763B6E335B79a7139a729C0f562EaEB0125E09","welsh_jill5340","","2026-09-08T16:34:44.411Z"
LySqX5JLjXPNKBasB2JQh7dEEnl1,"0x249b1B86527b1308b5c8C81acdF17Ff7fdF9e9F5","ly_nam40579","","2026-09-08T16:44:35.861Z"
LyWcKImtGCR93zXpwTcVlgkm2sl2,"0xAbDfa159D4B68Ad8A72B4AAF97750A0F7eF7d5c1","TangPhuc92664","","2026-09-08T16:32:29.136Z"
LzexF1IhSsPLQhNHhufud81tJUm1,"0x34dCbD2C108D600FaC5e9535cA5Bad8A67f86D5D","GarethCros86946","","2026-09-08T16:17:34.700Z"
M0fLgYgZdpNcuTwnzl5vx2ZbLOQ2,"0xDC056D7d197B80E8709A324DC0d8C81112f168c7","PennTasia5656","","2026-09-08T16:41:27.590Z"
M0qZMwByFWYCFnyodNcovbVCTEA2,"0x0F3592fB996c27edC64CB1CbaDC8bEbb084057a3","thuc_truon30649","","2026-09-08T17:02:59.924Z"
M1I2rvGQ0QNafbnontkoPtMLPJf1,"0x31B87254807fbdDDdA672A72DA09A1e5b54f7427","ZimmermanA1039","","2026-09-08T16:56:54.601Z"
M1OHxOV0r1heGFyOhIw737XnPkc2,"0x47ED592Ad939C0C1D9701FdA97dA61129213031e","PhmLinhNga94672","","2026-09-08T17:05:19.176Z"
M2hEcmaU2fbSCF6XlU5h4umRHlF3,"0x0CD8f57fc134AA18b2eEA027CA0e3e86B439a6aA","BertyWhitw62878","","2026-09-08T17:05:08.884Z"
M4TZVvrdT8REr9iRnAknKmtVP8l2,"0xB10D26068C376a5E0b4D413D27E85f731943Fac5","SeanBirch777131","","2026-09-08T17:07:05.991Z"
M4a5B07fXuSlg7geUMEi6CH8B2H2,"0xf17597Ec19E59a176b415Ca2DE1Ff5Db93dee0A9","JGardner69254","","2026-09-08T16:36:18.017Z"
M6DogZRdcdMFfcKu9gZpp9hMbDK2,"0xd97b01b0b1186814909a2dd8f067af6d2b341378","AHengker56","","2026-09-07T21:05:27.384Z"
M8ICfyE1m3hpVNxP0Sa0HoA380v1,"0x635d6BB0393B5F734a2F524197DDAaC0C64c4116","ElodieTrac85517","","2026-09-08T16:14:54.860Z"
M8NfpLBQnuaQS5CajH6e4oFUgPY2,"0xDdEcfE34e66590aF01fd88c43756979F6ba0A3D6","AmabellePe91908","","2026-09-08T16:52:04.725Z"
M8mg7HC9tpb42BRzc42hsPydYxS2,"0x992D004C7df4ac5FE34eEa40Da26524c42E4AE56","Ytasdf63Siam","","2026-09-04T11:27:51.841Z"
MATqrcvmq2gFN728kp0GDvKsCxS2,"0x1D5678623848DaEe2B200A1a1a06F0ba8A64D6ED","TienTrinh31849","","2026-09-08T16:36:48.579Z"
MDNRIgav8zXgpSYtl0VYU3L4cHx2,"0xe171fAEf878D8eA90BfC743f207Bd397f9f4ef54","HinesCamil7816","","2026-09-08T16:03:59.353Z"
MHLZuF1UpdUGlQ9hTXVf5GVVoUX2,"0x37AF0D2630fA8c6B67a760EFd3d859d21E481F4A","LesterBarr16474","","2026-09-08T16:10:20.854Z"
MHNpjkkhALfQi8bizZFA2hk79DW2,"0x811e79A2D37572BCBb995A6f2CdD006EDe5D7572","LeightonLu55999","","2026-09-08T16:33:46.206Z"
MIaR6Z7yuKZPCwnuq9xUWc4R35H3,"0x5286D8D4E2b327A14c2Fc409C8a331AFC8A4EaE4","HLc1313333","","2026-09-08T16:40:50.095Z"
MIy2SF2cu7WlajAEquQ3wi0masr2,"0x051aCC5c8ABC57D5CfA73Dd0248c6834377EfDD5","FlannaganS93661","","2026-09-08T16:52:51.898Z"
MJfVXXR4PmXVzZffOTiA9kHoNCb2,"0x4C52B27bE9383e4Bb1B6A4de87BEf34e23EC68F9","rhianon42805","","2026-09-08T16:28:01.571Z"
MJlLfv9mTQQPhBiwApyOfqaO4io1,"0xC4f727E752f03404844aBc7D5951181AE428230c","LouiseK34228","","2026-09-08T16:17:27.646Z"
MMU6d2Kp2jSrbbOjnAVbBiJIGzI2,"0x070F1d27acD3f79B7486d4fcfe095f15FA7d0E21","dollie91300","","2026-09-08T16:03:39.442Z"
MN5mhLPgsWNHoTvPeFCzZhK6TtOf,"0x35744F81A0bE923cDb2347525F945e393a8C862a","WilliamTho9rjn","","2026-09-04T08:59:02.434Z"
MObxjXy8kDRyv7vnrT0sQ3VwEX72,"0xb3485cEEf49bC8AF752A12f8f758928Be3bCafce","CharlesBra89272","","2026-09-08T16:15:01.888Z"
MP36ur77H8bfKZCWjTxRAVJe87Y2,"0x8236cA1f230ab55Ade07788cFd7fCEAAD07ddb46","ShawnWhite91783","","2026-09-08T16:08:27.135Z"
MQR2dijiRTar6aOoUVOWjHMXujn2,"0x2a703032302203aa1134507F8Fbb211573459D66","hai_chau91922","","2026-09-08T17:05:30.200Z"
MRDyqwO31pOt2r3tlpH4V0t52C53,"0x8eA1c3B8D755f0047994FC7cEe530c7Cb816A72B","TangT76429","","2026-09-08T16:26:42.414Z"
MTAiC7WbmGULvQ8tPvxtdu3pWnLu,"0x4728A4F64A2D952B33924C3dBf8AB8030346174D","jessica66jf1","","2026-09-04T08:58:36.871Z"
MTXeNj6sejVmQ1ukRRrWyxzsGnX2,"0xbA7aeEdA32e7fc4C35D2ACb8275D7D9EbC1AB69B","Chie898","","2026-09-04T04:15:40.651Z"
MTi5OniuRFcV8TKIUgcUfDwpzrj1,"0x541c655fe515E4f23cEBA008aefE77f76C14704b","phanthanguss","","2026-09-07T10:49:53.126Z"
MVcEW0VwaJeAAi5vfASlFSHmEKg2,"0x5895e2439Dc26AE4Ee955AD049d10131462Ea67d","CaoBnh235241","","2026-09-08T16:45:07.687Z"
MVveI8AHBta04IKbcj4xYaCEzaB3,"0x73Da5a1d36C4B8B77053416169aFfaaF4EC708B2","eddington33462","","2026-09-08T16:23:15.834Z"
MWLNdTyEtee1gdJF6Oj3yvCZ8NK2,"0x037fCbeBa8f7672f062D65D61476D40224A42d02","ElseySala88594","","2026-09-08T16:17:48.382Z"
MaOc4NNsKFUOHBvG8aTQPRt57l23,"0x1C68c86A676E4778A9C4F219C7DdC84137CC9608","BiHnh581381","","2026-09-08T16:43:41.185Z"
MaoXNH9UuBgRpm5cWcCzzBVyfPp1,"0x5730a6800082BaF772Ee403588B1FB7aE96ED0e2","BiLng774802","","2026-09-08T17:11:12.365Z"
MbY8vPFQd0XB96LYlmAJg0QhT9f1,"0xA5847482e2A73C079402c913A0fa23AE90D5C43F","PhmNhi1035170","","2026-09-08T17:06:10.735Z"
Md3PYJPFObQnZFHGT4XrFfqnuCH2,"0xd43ac27AABfd8843d4BA65F28CE68a3020c31164","NguynLinh289417","","2026-09-08T16:45:44.529Z"
MdxsnJxfvEcthulFuDwAk2cLFsR2,"0x8C6fCD376c8192E72403075B2BBaF68914e47a03","MaiKhi191971","","2026-09-08T16:40:52.699Z"
MeUHQypU30aCFmscb1pUNUzOzeXm,"0xb4FA90B570b17d5325b3313339075d23347722f8","erika72za3","","2026-09-04T08:58:42.517Z"
MiT0CRabrWPnEwziBNtaqOkweM83,"0x7b501e40b58b58b55343862476ACd823bC27367B","LorettaMor49917","","2026-09-08T15:56:20.240Z"
MjS8yG07zvgfu4hHGIYRaVXtKnW2,"0x9d3d57275dd72d59c6bcabbd69e9de5db1c66ad0","Fosl_x","","2026-09-07T10:12:05.426Z"
MnndPcyeyhc7aps0FJcxWn2KIPJ2,"0xBf370cbF518de63c5c8419936186d152B49B98C8","HngLan423252","","2026-09-08T16:31:51.940Z"
ModEKLiulgUzOJUUsYh9iqTvUQC2,"0xaD022453639ac281dD3f990cf302a12D9Bb91694","ho_cuong50412","","2026-09-08T16:32:03.954Z"
MqTuxc8SsSegk31lYYip9st2p0q2,"0x7863701625BD6E6cE5b915776E91f5Dc735B5e18","IdaCrawfor37550","","2026-09-08T16:02:57.209Z"
MrBDi4uIc1ZH8hfusCyoFLTrd0Z2,"0xA261Ab148f18ae29e690D57ABf693BaE92c765b9","KenzieMack66773","","2026-09-08T16:04:36.068Z"
Mrjr2xx8WNV8w5Oy4PI19PgDaLX2,"0xB56954742e2778e184802BE13c2426b02cfC5D43","hanson_che79111","","2026-09-08T16:27:13.986Z"
MtMFlPTwDAhc2X04GjVS5P8qefN2,"0x90E844294DBba7ca04849a5824b3122aD9BA1995","CecillaP16009","","2026-09-08T16:09:35.990Z"
Mur7QOMOmTgCoosZd85iRZmEuTr2,"0x6B4b9551aC525022a861376bd456089Caff84af6","MaThuy867","","2026-09-08T17:06:18.326Z"
MvRuOeOiL6ZlBW13w8ddXqRJvHy1,"0xb2dDB89F31613989965E0Ee8ca2Dd3aA86967962","AlishiaOdenhei1","","2026-09-08T15:37:12.038Z"
Mw47g3FDAlaKtOG5c7b1qg4NoZ92,"0x23225efa9ef390851AA357305fA5f7dCBD885B0A","chase_gate12333","","2026-09-08T16:03:02.424Z"
MwHxoBiq1gcAUHHp7wYHdZ2M5Wo1,"0x747D79A337354a41E5586016CD265C7c1f8fe24E","AngelMitch7506","","2026-09-08T16:20:42.229Z"
MyMzxJpnjlMAWlQuhPtFUipyj952,"0x242D352683F35676D6c4E916A873A6252861A7c8","BadshahKing353","","2026-09-04T11:12:22.905Z"
MyNOwuUh5aYhRR1JI5QXUcBVzZ93,"0xEe33E74ee524Ba65AAB21A5517ccdD20e68D46Fe","BootmanCal72626","","2026-09-08T16:55:02.289Z"
Mzpmg8DnOXMvwJAjnst3SEPNg752,"0xc37e6bea80156E3263E556804788aa5c335298D3","CalvinWalk2500","","2026-09-08T16:23:05.217Z"
N0CrmawO70XMlx2VlKacFeapZ4Z2,"0xd213C3717dB9Ac3B7B1577E00CF2fa24D4Af4E22","Gertrud44103174","","2026-09-08T15:38:26.480Z"
N0im4MP3N2haZsP86N5GZ6tMz1w2,"0x5ddb56011F39f92dc0AC73BbDD2A58BBffe60491","TngCao119201","","2026-09-08T17:03:31.036Z"
N0sBis3D8D8AHZ2mHzjEd2DmYvaB,"0x0de15AAcaE5f682E7533C7782E3fC41155ba2F6E","jenna61mm3","","2026-09-04T08:57:43.583Z"
N15rOolySwSmRKdjaycqrXpMSBb2,"0xAF5b8886DB285481F829e1b0bE2467dbC9577320","BarberGate57661","","2026-09-08T16:23:23.204Z"
N5ywnEw0l7T1Dx1BUowLZNNE1em1,"0xe4a680604DaAd47F8d94B80A338f5712B3526fa0","GustieG1869","","2026-09-08T16:48:00.123Z"
N7SlGFXidCeGXZRIDy6tdgAgfrp1,"0xb121218e886D8ac491b95A2d4755411ef3e253c4","BiTng386401","","2026-09-08T16:39:42.121Z"
N7dyBj3aJJe1Gs5IjkdpgTHHfdl1,"0x8EffDEB7fd75F27F8854C34F6081fC1e7De490dD","Berrington66830","","2026-09-08T15:45:32.978Z"
NBp7Xy88y3XYPLkJhVy8YpCz6ZY2,"0x6eD5e9b92793d1dC068B78a7C8eAda4bDeA67F75","easter24843","","2026-09-08T16:41:55.208Z"
NC3UTqQSWMY6FHJpAFkm41G5OT12,"0xEfe1100003E6A0c527551b4E1Aa36ae455f6928F","ThiGiang51188","","2026-09-08T17:08:21.256Z"
NDNySIWLBNh90Ygipdc9HxLIWspA,"0xC1e83682DA191c0E9e53AB2B849976aE04FdB6cD","tammy89gd2","","2026-09-04T08:58:20.958Z"
NEKYfGIjVeWbIKbiiPusyFnoYoz1,"0xa60199a3CA319b627d6Bf65e620250cBDa8890EA","AtheneBeat78","","2026-09-08T16:51:35.930Z"
NHH56EaL6oapmG67ssV94aTUPHv1,"0xC20feab8FaB4EedC29C04e35190D56AEffdAE7D8","PhngThin133105","","2026-09-08T16:43:33.981Z"
NHPgMcGvr6SntWvwAsFlsC6gSUl2,"0xAe862cED790C5E0c561B29dc06Ed093d31399B66","HSn976118938631","","2026-09-08T16:52:59.649Z"
NHgFTohOdfOx9dy292AHYACEK2l2,"0x9E517C75D982457848bC44a1363dE4fb829E6758","LThnh231175","","2026-09-08T16:48:51.279Z"
NICOBmvmYZUsD5nIWk3uY9bdb7R2,"0x1b4f5EB6012768ac4e8c40570D674F416521A322","LandryThea90348","","2026-09-08T16:16:25.610Z"
NL1f0Yqv1eW1NdVaIU9GLSdQuDB2,"0xe3e272F8D770C623d66De907a5F2Cf0b66964596","freedomofviews","","2026-09-06T17:59:51.770Z"
NLKvAwGvZpeYUseasmbHmseR9Yi2,"0xf7861C0efEBE8a0f8bA2F465f392168D4A3b0a56","rizax_fauzi","","2026-09-06T18:15:26.760Z"
NMvwaLxIt7T1ROm8y88w4OZy7z83,"0x3219D2E88F1D9C6CD2D144Aa0a1c058999CfC48b","APipkin91013","","2026-09-08T16:27:22.095Z"
NN8lC7h9xHYxP3bljHFVOa2VECR2,"0xeb626941D82C2AEa41b4563cF4Fe35ea59691D42","RosettaJen91329","","2026-09-08T16:10:46.362Z"
NNkQ7V03RTRsHhzwCyJt4BvH10p2,"0x07C5689B8680ffB6dddeA68fA216a794EBa38dd9","ElectraWil80019","","2026-09-08T16:40:43.281Z"
NOuadeUYaPNbakqSdcL7s1jSuwt1,"0x2310dA1824d4b0C3F7827D7c73f36dA2c914D028","sirahpani","","2026-09-05T11:21:47.698Z"
NPi6msxlTGZGWYrIhasXM9wd5tY2,"0xE780F75e59Bfb0CABEbb6D365E2843DDbfA03F1d","still_belmont","","2026-09-07T10:27:19.452Z"
NQ1biJ5um7dz8K52QzwwaSOKQm62,"0xe6882A07f8C20BAEF0bbdd85561575fD982Ed384","puktiman","","2026-09-04T13:04:24.212Z"
NRsvHn5W9RYpTXu70JEOTuIjS5s2,"0x7aC24b313B149eE1b2DeD361f224Ac49F170d133","QuangHo294995","","2026-09-08T16:40:53.387Z"
NTAHE4jQ1KZ3zCpv3X96Z5W4yhn7,"0x5BbF58aCdaB07a235A4aaA44B73c96C5728b4752","AdamAllenn325","","2026-09-04T08:59:01.041Z"
NTmRtS8952a3gGj5HkSXSlXjauk2,"0x3cC612d4584bc357bbeA4d223c4ec14e8E4B3dd1","MaymeShelt31526","","2026-09-08T16:05:30.859Z"
NUGMcAVhJmcWLgzZpW3mudNTbo33,"0xc0cA7d71d7D8577c6BD54cF6924dD853c70c0784","LngGiang869327","","2026-09-08T16:34:38.363Z"
NVIMkCfAiDRtxI0UJnMgjtanVJJ2,"0xB7A40D13e058Bcef2518680335Fcc363897fAebb","french_ash72782","","2026-09-08T16:12:58.306Z"
NYKtErjuKDOv1SRm8q1Dlyv7ziV2,"0xbde562aE73909fa589dF2656D073503b69364e18","TQuang355635","","2026-09-08T16:51:26.101Z"
NYzhNBAazDUJMyDt3lI6mYlNofS2,"0x06a73a8c4534ec030047cefca90c81de8ab10acf","0xHex_4pF","","2026-09-07T19:43:16.134Z"
NbzI1oyt1FdKWLghzU1Vypy2fiZ2,"0xA69B43c37e076783811EB7255F2fbDDa54fEd40B","FYount90626","","2026-09-08T16:41:26.425Z"
Nc3jnfyznTWH9HzbF33sYbScGC42,"0x4573bd04Ab66ACD9ABF2De5DD3f5B578B0A344f4","HngVy692484","","2026-09-08T16:30:57.601Z"
NcTpGIeHqYRLdX6TunTiBmlOGpl1,"0x212631b9b93BE872537d6E17d480002d2C0cD017","QuangTrng246906","","2026-09-08T17:27:01.551Z"
Nd6BMR9t8gV3Z5gb8UHlfZrzyA23,"0xA4a88E1790304B1B4686349Ab4B09CfD20192305","BaroneWinn96678","","2026-09-08T16:47:41.871Z"
NeWcAE8me5XY3Pg9OYki45bWFq13,"0x236E1dB037e8CE9AF14BC110f62cd4F168Bb45cF","JasmineH24722","","2026-09-08T16:22:00.716Z"
Nf7DDJRvW2Q1uGu33n6UTRgVod03,"0xC83Bf1214E21aCf550FDD117707Ad6714dB14Eb1","TheresaMad74836","","2026-09-08T16:10:16.065Z"
NhePLc7P9KOujz43lr56WEMH7Kz1,"0xFAa4F59727DbDF7D1A073e6B80Af92196217F1C9","PaulineWag72155","","2026-09-08T16:11:23.884Z"
Nii5OKHtR2RELx3dSbwayKGkwvk1,"0x335B5fB2B5e3E7664F9350cB18923b8071e20A9d","MichealArn76578","","2026-09-08T16:19:21.679Z"
Nk5Ff0bs4BQBctlufAN0Z8TDoqC2,"0x99e2CDF91B82d58ECB9FF4E62c1629e23aF32888","HaileyKenn41233","","2026-09-08T16:35:10.911Z"
NkvY7ziCd5Xxq4ze48n6g795LVs2,"0x5F6a044cB21c20988C8F0a75734AB99f0Bb95669","TrnhVin720956","","2026-09-08T16:28:24.166Z"
Nl39AafV30NWJsBqUDvqP7Lr5w92,"0x6d3c428C8A9b6deDc5221b7A591b23ff9F283DA2","AlexanderL57969","","2026-09-08T16:19:09.296Z"
NoWpifQipaWlYqvoBbMIDsiZREb2,"0xF382CAA86403f758adc27D8A7672F1F7375ec68d","TuyetTo12348","","2026-09-08T16:44:55.067Z"
Np114gTIIvfC9p2qzOM9IKvp0uE3,"0x136305BB35977aec2Ec4322C78d317a790f66563","MirabelleL61427","","2026-09-08T16:27:01.333Z"
NpV2YsGzQZZSPBAvDYq8a9m80J32,"0x5114F0aD654456827bc892Ee145024c0a6c36334","GladysS81540","","2026-09-08T16:11:55.698Z"
NpdjOJFWFeZa8g8XX15NbEaymA73,"0x9e9067bc77a7Df9302a3335282D3035AA1055C6e","lillie_vic89323","","2026-09-08T16:15:45.035Z"
NrhHGVa5OyVczeUmy68DNj6qiWN2,"0x80c31fa2fd8aa96b3144a026e554f70757074a53","0xvivlos","","2026-09-04T11:25:36.895Z"
Nuu7OfYbW5XhdVusgigiOooxd022,"0x2c24870e83a2e4c435Ea161a7e5332d408aaB861","CarolanV13922","","2026-09-08T16:03:37.528Z"
NwqfpZfzKVNLoUIIQqW0rwMfHNA3,"0x22b8E54CA3B273ebBD8Fca3BA65221644F30E4F3","NamSinh86416","","2026-09-08T16:51:54.643Z"
Nx8fZ2bkUEhbByOo2T7fCprjgHP2,"0x83f1c2e40e4373b0Bc4a3C459A75f327F429C07f","AngelinaBossley","","2026-09-08T15:37:14.198Z"
Nxz5G4wTsxRe9PwnsZ55f7smJHu1,"0x45896E8e75Ed62ae446cD34c452c0E231029b6c0","PaulWri11137705","","2026-09-08T17:11:44.274Z"
Ny5cfbNCnlff0OLW4TYF9APxCGo1,"0xAF2CF7bf089a450B75C6445F97Db7b3609b3fb7c","HoQuang23595","","2026-09-08T16:41:02.330Z"
Nzasrw2Q4LVOBdefPA0SLNJUNyG2,"0xDdA215148241C16806a07B6F352D9043D5421721","LillieWood14606","","2026-09-08T17:00:27.781Z"
O2FeTR3rsnffrYEjfIF8hshhAh82,"57YXW23YazGBjBpVgt1rVAtpXWNkBVo3eaYX3Mek3apb","MeXXsudos","","2026-09-07T05:06:20.146Z"
O4ew8HFs5ISCruPM4weIZwlUFT22,"0x2B2c32e377E88173838D138647b502bC96b3DFF9","nellie_dai47085","","2026-09-08T16:50:57.758Z"
O6dwodwqElS0eGebsFtg5gpZ4Zy2,"0x17b8A3A07BbDAc6969A6815364d512D12Af37bD0","LeightonRo67814","","2026-09-08T16:50:54.347Z"
O7lvbYfMSpV81nLPRkPf813k3Mm1,"0xd3E1965863bd47085E6b7edF91314BDAf3f6b980","LongTo56721","","2026-09-08T16:58:43.525Z"
O7rpHW0ZrzSVjEvHNzufIoWSHy7V,"0xB1d287C50c78d693893ED6De99616268536cCF95","LarryPowel1y1e","","2026-09-04T08:58:56.985Z"
O90c6jbCVSQNjVktL72WUmjQRtO2,"0x87b94E836F8d1DB8Ac8B0eaa62E15d8CeaB97b48","fra73877","","2026-09-08T17:02:57.900Z"
O9vWmaHKjvXwqrwKLJwXT712eG43,"0x1c57A48438eE5C64F458BEC51541375314e28D0d","HinesKathr50200","","2026-09-08T16:15:42.665Z"
OA5h13SnCaSP5HGn1gbStB3NR5J3,"0x29daF603f8e9906Cd7851A355ABB27e2B1145b72","dodson_log7744","","2026-09-08T15:44:10.302Z"
OAYi2RE2MGsCwijckmfjVVtZKb6Q,"0x7E08D493BE7479238306438F9A926A02CFe2Ff0c","crystal03uh5","","2026-09-04T08:58:45.282Z"
OAa0ujKTqENb0DS2MwcUugThJhs2,"0xc938fFD78Faf699471dB95110972cFDe30C1B0A3","AudleyAndr42386","","2026-09-08T16:03:47.311Z"
OCZus3QjkqZJleRltD3kXfKGatz2,"0xAb695C5939B324C53B5fe68e4919Cf75fE8AFd04","MalissiaPa88317","","2026-09-08T16:56:47.846Z"
OGdQo44be4gipcAA7LMChFdMJUE3,"0x0618609D3f11B2D6f2EcC6cCc71A3C13cE7bd321","AnnikaIvy53972","","2026-09-08T16:36:21.242Z"
OIBUAyrjAyT5GXThA83fERJUtRux,"0x5E799BAfA255BE4CE2c0D185e5AB4dff8474593f","MarthaPhilfjni","","2026-09-04T08:58:58.535Z"
OIzQC18mTPeI6DDk40NX5Eo1p3q1,"0xF89684B8E751D37e38c9392E481efB162E680Ce5","TrieuQuang92256","","2026-09-08T16:25:52.812Z"
OKNcVkrxqmV7rWSuynGHfeob5wt1,"0x21e85f604fd3E0bCe9B0984AEC1D47371Ee38D5d","PhanHo422164","","2026-09-08T16:50:23.721Z"
OKUqlqGCMwbce5Nic7Lxx3ij5Cn1,"0x52c5d97d31c65756Ad780C322B06f8f661B64AAd","TTrang338391","","2026-09-08T16:41:06.341Z"
OL1DqyT2OSg0wzDVn7CQTLD3FXm2,"0x29163aBb372A0fd888d8E77dC3B784c517cA7066","ArthursJer74727","","2026-09-08T16:12:55.447Z"
OLCw5CteQRgITK0oGAU3WBvTHXY2,"0xed868d372ae0a97b5cef6197eb98f1671f1a5d47","chase0_nft","","2026-09-04T13:06:11.749Z"
OM4n7PYVVSYvC7HcRNVG5XzrV4C3,"0xfe9B0c6E4456FF828dB1f88c77d670C52CC20E17","UlyssesGal30186","","2026-09-08T16:14:42.929Z"
ON7SHEAjf6Qx6Q1YCrP2DfIxJhf1,"0x1ebf470A4218F40Df5EfE37b558b103221744285","ITabitha72129","","2026-09-08T16:45:59.679Z"
OOQUnzEMORZZPaMSweebBVY40ps2,"0x62090b6CD6a745d7FAb1209Bc2e6a6dE050c4423","CamilleLor51828","","2026-09-08T16:16:45.226Z"
OP72CCrjYEOsIf5d90nK7bxLF0l1,"0xa5cd868422b57fF90cA3861BB7aE66012D462918","HHo2053076","","2026-09-08T16:30:16.354Z"
OPYPOEHGNBQ2AQMydfyFa8hM7i32,"0x8deEE1DB27Ee4565dE826D8Ea63f3C10f9b6f2bf","HongLong636888","","2026-09-08T16:33:52.685Z"
OPtSDAeCrQclFtnuaHozZamNV213,"0xCda2E42756b205A6D8A10cCC028264f0295Cf6F2","HunterFish83311","","2026-09-08T16:07:31.485Z"
ORz710G4CagI38I59iGNAn5PhHg2,"0xA0a913629484dC477275A2F38f39C6FbA0b1766F","TEnderson31005","","2026-09-08T16:20:14.166Z"
OSbZZwAKTLO7Q0morOaxTRmi54U2,"0xA3C914d0A9F42CbEb6E8045A74f8c867AFc5eda5","ma_tuyen47778","","2026-09-08T17:06:13.204Z"
OSjkkD6j2nZtU23HrzloEnOyQcC2,"0xF5F3936d002725c0F5A0A679bb464efa15f9d012","Abdulsa26020461","","2026-09-07T21:04:08.502Z"
OT0bdake9sMllgpLkJmSDVMSYmg1,"0x2431Cd6823391Dfca8B4474f57b505684Cf0efB6","DerrickDav86791","","2026-09-08T16:21:59.524Z"
OTNBnR0ULHWQTN8x0Ma773xDC2K3,"0x369AC924574f185e0Dd275E7a02338B9907aeFBC","kien_quang84328","","2026-09-08T16:30:09.710Z"
OU0hkjWOy0g2hajT716LulTYLfp1,"0x0045C24Ac31D5A920EC7ef239181fC03D096F39f","LKim353027","","2026-09-08T16:39:51.932Z"
OWh7LwOADbgVS0E7eepA8BwIl533,"0xEe0c53743dAbaD74F8d783585e447bB1E27c9DC4","knownwiser","","2026-09-06T14:31:43.242Z"
OXSTRKC6pXabkOUZr0NQTGqmjri1,"0x565dE0896E1752BE6f05E83b0bf3f37DBD7F76a1","JoneSusana52923","","2026-09-08T16:37:47.796Z"
OY5Hyb3iATW1GvIlhYCcpGAdjZZ2,"0xbc73B7581C46A54d74053CDC0F29e909Cfe49834","BarkerRosh95398","","2026-09-08T16:13:51.478Z"
OYCFYjcdZnhYqLQJ2MFnP1MpUyM2,"0xF5744f064DeD1aD8e79509889aB76dd9570E5BfA","aubree19082","","2026-09-08T16:29:10.555Z"
OZ011W7CwafHHKaJuuyLzDsXuU73,"0x99e3CC0CB93E92D1E233512cc5405F13B5bd7511","TngQun918579","","2026-09-08T16:39:17.343Z"
OZLOdUcJCfN1pHdkmTAybWfZpyn2,"0x2594Eca3efB7042F8B457f9fc55a3846c0fed7F7","WinterLorr11665","","2026-09-08T16:24:20.067Z"
OZeTJ1Omviemiws35lVFXnaBiwG2,"0x42eBAaE31a29922d68E7E3c2C9388637a602DbDc","ChuTm1137958","","2026-09-08T16:27:06.574Z"
OZnhnbkMJHfcbAVZMgNqmY5K1gR2,"0xf9ffa431eff3a424ee227dcf258731d48994b63f","fluxbaseeth","","2026-09-04T03:48:27.933Z"
OaeE8vxKF7aNb0Uq1kGVnR2JRFM2,"0xeeb63E27323c3a1446d8a34c69b89Cb5a37b5F4e","WhitePamel8897","","2026-09-08T15:55:06.760Z"
OcRWQGp8micSwNOS7pA7yefI1y72,"0xa33d1C46156cd3EBDe1A599B8f4440Cb228d28f7","khoi_nham11677","","2026-09-08T16:36:03.102Z"
OeZBYUzP1ON06zPeFQhSHsMZRm82,"0xD71F80d814aab1458094e88B1b8b1E25B0C722e1","QuchYn392245","","2026-09-08T17:02:04.478Z"
Ofeelq3oPSPrPaelTrMlK7k5Wk33,"0xaD11d1E651e9BB5A4FfF8f83bcB5711C6c8134ab","VBecker42917","","2026-09-08T16:19:52.443Z"
Og7pxtsKeJXTCqNZcR5dus3BqF53,"0x57e2f6FD39D726B6b40Ac14C74023b9b8a2ffddb","CherilynKi60127","","2026-09-08T16:12:33.610Z"
OgL6ivucRuVsvHRtfQuhMCdqSs63,"0xF54123163b5D014a9DA40b80f0801228b92198A5","Hasaan49245476","","2026-09-06T20:02:45.527Z"
Ogf1Zq9GAsUdra8F3C6bABiTtxj1,"0xDD0eBDA7a0cbc63157Df1449CBB6aAd515bcA0FA","Pancebekov01","","2026-09-05T11:04:10.653Z"
OgsNlOLlH9fCvCR5eapVoPYgvkl1,"0xB78D864737B54904F46E9e891b0cD81AfFE8ef54","gregory_ev69007","","2026-09-08T16:18:02.448Z"
OgzuvcUh38wR31wx8okMY7wZXZ5B,"0xf5A76aa65a3E2314f66a492Fdaac29390F28d89A","EmmaOrtiz3gez","","2026-09-04T08:59:09.302Z"
Oh0poass4mSoOnbA5gkyqKZwlsEq,"0xd16aCFCcbf4C406Ea185D6e31B7804A97fb4E04A","dana03km9","","2026-09-04T08:58:40.100Z"
OhAUNQth0fgUmZwABIt5AoS0xXa2,"0xC3fE823E564D570fF67807a9A1A0cc1A34d418a1","holland_ky89786","","2026-09-08T16:16:35.588Z"
Oi28c3QeErxYzNAZCYvlSDwe3yE0,"0xA32966c46A64c73C5218Ca97ef3B21b64a873A86","EugeneKelldvpa","","2026-09-04T08:59:19.430Z"
OjghQtWGPQZg4bqV4uHq4vC2LJH2,"0x2e91a265B6c55936eDA93B72263060DcFB10D74f","PBootman93652","","2026-09-08T17:05:59.105Z"
OlU82QO7Hwe5lbFuwproCoi9MuD3,"0x36622889F7935D8855C1Aef8C252D0d9487D30F5","katharine48617","","2026-09-08T16:14:59.599Z"
Olltu4a3KnY8NiO7w8MzTuhqH8C3,"0x28585C92D4a2d34884F2d6858C2Bd51B716F7C3e","Goeslaw1","","2026-09-05T10:17:48.438Z"
OnEb6Z6GFKPfdMJlHrvxftvPMVS2,"0x50b2794C4621A1B3c4e41D63A6983518E819AC8C","BeatriceMa38717","","2026-09-08T16:44:39.752Z"
OnK95gA4sCf45PF3X8HIG2zaXPu2,"0x12164d9c949274F07604e11e8BE99EcA03426a6A","FiliaPerei97306","","2026-09-08T16:53:31.681Z"
OohhzlMtSERy2VVJiEbrg2Osuem2,"0xC7069a9f77D6D276353DD53B38389CFFeC2AE9D7","JerriManheim","","2026-09-08T15:37:15.357Z"
Os2vrwQspFNyYJbyxnu61SK7dUH2,"0x8e4acAF16134D9EA78Ea4d2A98b2f89c3C706dfF","nelson_bob20728","","2026-09-08T16:19:15.515Z"
OsjQHxhMRNPbJ3rNWlu81p1pN4b2,"0xF1D1d6792a0908f41E640AeAdFa1Aa39F8b77A35","laney_vict67279","","2026-09-08T16:37:06.460Z"
Ouy5siqyzv7vdhzkc4SjJeknWPBV,"0x808Ee2dcd383fFb7aeeb69d56FdAF4582BC658E6","amanda67px3","","2026-09-04T08:58:35.426Z"
Ov7Viv7r3te3EhmpAarMOCgZYzb2,"0xdf47Fc692056768eF8eb47C4FC8CA836513e6dBa","NguyenQuyn21606","","2026-09-08T16:23:37.340Z"
OvOI16oFowe0SjKW2aOkLMYHSyv1,"0x652F7886B5e7Ae6B313B93fDdEd81324aEEf2D41","TrnThin238356","","2026-09-08T16:54:02.693Z"
OwOtD96UZNmPQ5Td5t0eS6KNPqNL,"0xf6E4Aca178da58c2a772991425F9e3051CBcD234","olivia12cc8","","2026-09-04T08:58:07.462Z"
OxEvj3DaW8Yq8P7dTYQxzYGUIFS2,"0xc4B45AC1738A3874E3710f5990a185D32e7954e0","TiffanieT41655","","2026-09-08T16:50:59.129Z"
OzjVlyFYltSpAKutixxYvxKmWLg2,"0x56eF466a4b9673287A290D773e68a86caB7Cf59f","HongThy195712","","2026-09-08T16:42:18.736Z"
P1dCjtb7H9WoS9HrNAES6zqzb4f2,"0xa23949350704E20536Dd66f962909D197513F49F","FreemanPhi21608","","2026-09-08T15:44:26.228Z"
P2QPcWeOR3Ya3lRzbXLggtk78WX2,"0x290fee982e8bb26fc2679b169976fec085877664","0xpiersonn","","2026-09-07T09:13:44.582Z"
P2Qu99ritwcwTmwTTWzPAP1RA8G2,"0xfef9259b12b98793452df86dac1bd9590584816a","midnightrun_","","2026-09-07T19:03:42.118Z"
P3giFqu2BEO5BlP8e1NGcV3bdRB3,"0x8FE7bE9DbF73d8820935152EFb5fE1CaA724bA05","CaoHn496644","","2026-09-08T16:41:12.594Z"
P4bJgqciPfSHvpkW9sXGSA8huWt2,"0xD2C7f7CC2EF597dEa59f36c9857039c149eCc579","olson_clau26750","","2026-09-08T16:08:33.076Z"
P4xQDS47lJRpHPP7574VunEmI7M2,"0x7921F7D699E647C4c38E408b4e811bEfFB15a36d","Abhimanyu662","","2026-09-07T10:38:38.506Z"
P86Tybmk9TYZiaTKq5bDj8nMXGH3,"0x0E5E8bBDBa6d343c9Eb3893CF831e2c8218B66B6","FlemingNor2025","","2026-09-08T16:19:40.754Z"
P8LMPNFGXXRwLu0dpyZZErqboRl2,"0xc3525e03D0ADF180060C6E3bed35687AeF34774a","GiaTon746577","","2026-09-08T16:58:07.351Z"
PAtZtoOADuT4AVaCsoDwHFMSTdcX,"0x9e37f4DE0Ef9652d2Fc29A8a2e3D90686F6466F7","ChristianHxbc4","","2026-09-04T08:59:16.169Z"
PBJ7cvwbe9SkE6v7IcXNrVeECgV2,"0x6F3DDFeb843B2024BFC8b29465502ccc069b4564","MariahSand78592","","2026-09-08T16:33:50.830Z"
PC7aa3xBIGUmTBaD53IVhmpy3g32,"0xAea9272e87E76964E413f8bEad8F570e87535C57","KimNh193521","","2026-09-08T16:35:41.853Z"
PCd3GQgNIeNfqpeibxWX16M9VKq2,"0x2dD8888961c26E801D9D49EAD5A451e410f45B04","AllieSulli62048","","2026-09-08T16:17:18.856Z"
PDNw4b84PFZMzzoRkwXobveY5Bz1,"0xc4Fb04D1fa8D67ab2beFc1310FDcF32516c68098","LouiseEmil25069","","2026-09-08T15:55:11.274Z"
PDPz0djRTAOWO290Y9iTgVbvIZB2,"0x2cde940CaA0E7aaD9Dc442Ea461B7b349bBa62aC","alan_durha54448","","2026-09-08T16:13:34.479Z"
PEejp0vBtUYVz9AspnymYTf7HVJ3,"0xa19C553795FbAB4a374CD346D350f1e265b66448","LindaPaint89603","","2026-09-08T16:36:29.378Z"
PHJ5BUixzPRRCNyTFht6ZXsEcv33,"0x030bE5f2E4c5f9181FB954871c75aA2768278557","PhanNgha855952","","2026-09-08T17:10:20.661Z"
PKkZyGKaEZXt9XK8L6QTqnvcFV43,"0x6DF15FAd604C0B6736EA108AF75d632044e815eE","barnes_cla36910","","2026-09-08T16:15:12.994Z"
PLcdR8SSb0PG01oildJhRO5cR4p1,"0xe61Fb407e757971bB5995429991Eadc6E094A7ea","PiperGeorg31527","","2026-09-08T16:18:10.159Z"
POASUywKHfhUnx6DuqwbGWaoQ3O2,"0x8A5748559D9007f7d074DDFb49ca3224A3747a62","dodikpngst","","2026-09-04T03:57:57.650Z"
POVky6WJMrboTpKtMRVcloDTT4H3,"0xFE96FFab666574077903E1dF93bC176b4689bC8d","GilbertB6199","","2026-09-08T16:10:53.697Z"
PP0xAP8OxGUc9UMq0YDlo5C81ek1,"0x6238371eb8B665c6cd2549FAC71b243dFa621a48","ayrton_tom42162","","2026-09-08T15:45:34.564Z"
PS6YS46oG0e90C4PIrIOkVVhzUV2,"0x84e97ca9dD65C7d18d7928d9EA762A0085261B0b","0x270198as","","2026-09-04T03:56:48.339Z"
PSlcU9ixMMei2c5Ghk2QE21A4GV2,"0xCff1c5F875ef20874644a9ea2461c82dB51a4535","oaklee28047","","2026-09-08T16:44:13.863Z"
PTpFRD0OJEfOiRzxcjJiuwrR3rhO,"0xCF3C5b6003D8f108eDEAd4558ED3F649A8981d0C","6mmph16a","","2026-09-01T00:38:40.698Z"
PU0ZcreRsIf2O0HfZ9Y2bMKxmdY2,"0xb8886f8a5ab22f87acfdfe76589f36592069b9eb","irshadshakeel08","","2026-09-06T08:45:28.775Z"
PW8jcMhiEDcRxvayJXNelgqtDl33,"0xC3e8c53bd44Fe12e9EAbA8E375b2c0D77F3E2D38","NajmulRaj211175","","2026-09-06T20:04:26.166Z"
PYdfzDIqU1brp5RdKKiUyZX9zRq2,"0x7d668bb6e3db1b3331fef8921e01a038f115e27f","Aiken_web","","2026-09-04T12:23:57.035Z"
PZIDb1G283RIJ86U72umyJ458732,"0x90fB8F4F68E31afB2700FDf26E9c79d021242f69","LngThanh1025534","","2026-09-08T16:23:49.199Z"
PZPTDiCmu1YETPMQiynAXc9msJD3,"0xAa537a4bF2224bdEe6BB6e5Ee0c215529daF250A","GiaHong674953","","2026-09-08T16:34:53.932Z"
PZb9t11zhoUo4CD4RqyBb8zesTu1,"0x87316eDb9fd8e28cC6729EC056DE2411ec63ea6a","alison_jac44398","","2026-09-08T16:21:16.090Z"
Paum1KZ5hkcpHFNyt54lY7vlbji2,"0x243c802c65e4D02BB5B9D0b64b4FDfF3C0bE42e9","GenevaKell74517","","2026-09-08T17:02:31.074Z"
Pb0qOywzhzebsyQOtN899OZDNRx2,"0xc4ED6976705A48C9830fF6BfE7b9FE675ED5EBE8","BrydenWalk83149","","2026-09-08T16:10:03.718Z"
PcKMldcbFMWNZg2HuyqQtqkfzrl2,"0xcF081e1dFe643C8e6F4bB30cd9B7cEECa4336bB4","JacksonG33660","","2026-09-08T16:20:17.613Z"
PeeLGZZhegQVzFv3z9eL5i6mUgi2,"0xac326874132933d2ea3c8a02d0cdcd7d4358d625","TasyaOktavk4i","","2026-09-04T04:38:16.928Z"
Pf5Xeb0llegzMtnWtZrey6C6l9Xl,"0xedF1782798F46eaC32A4AE9608aFE80143BA05cF","shawna90ec2","","2026-09-04T08:57:41.246Z"
PfEwLmaQkwMc3ZbN0g66vfVT4AF2,"0xe4dFb5a6115BB223Bc0f767594eCBC45B6D99587","ToanBa7350","","2026-09-08T16:43:51.511Z"
PfkUeh2Xrgf4lS3crT5stHIdGYt1,"0xfDCE55403fD277b417d4a0159445199c2511A6D3","SarahJa18691569","","2026-09-08T16:11:41.209Z"
Pg2MBl8GCFUIW0j6NGXik0rAMR1l,"0xaDA9f45F2E68c89cdF90402a61A60Dc058a1c60F","lindsay46pq7","","2026-09-04T08:57:41.955Z"
PkW0vTnr42T6eNaB94vmrJLP0Kl2,"0x1DF57F3a3d83f4b7c03BB21B5b03fD3b0f528E5F","sala_miran3084","","2026-09-08T16:15:33.968Z"
PlGoulUvawMMxxoGsM56miF21nz1,"0x18FC7461B512d737084d3a9f9ddAA89BB635d457","vu_nhi1573","","2026-09-08T16:28:43.207Z"
PlXsPgw0JIR0aag0uhTNXwBEHWd2,"0x80242289A4444Bf9F1d091A8F6170Fefa304f757","AntonieWoo28680","","2026-09-08T17:00:47.937Z"
PmOuLGUqDpGKg7mh7NnBsA7qiYDA,"0x7465AA139b6Cd2c57D90ae9E2B4F4D1b3BBdce55","StephenPriyobr","","2026-09-04T08:59:35.419Z"
Pnsu1XYmfCh0lviG03HzHgmNTPC3,"0xA116f20db79e792a9D63c5383427732125F969e4","mdroky696","","2026-09-06T20:13:19.060Z"
Po8cjrL4E5gLOsI0x9ap8Wl5RqD3,"0xd83400f257d2D1EA31c2a95CFd88F9e106856442","ChristianG47684","","2026-09-08T16:45:10.763Z"
PpXgs8nVWXUuXLaasxyYAL4zvDF2,"0x28fedec56354a380b3d1180c73ba8830d870d742","Finijrr","","2026-09-06T16:57:11.398Z"
PpahrjcPEzM1ERm6IwshEmbyD343,"0xEacCE72add26ff5175D580A62a7810E227977773","CarlFraser58190","","2026-09-08T16:02:39.388Z"
PrZpvAPZs5YqmOi6IvMRRBkmE0U2,"0x798658B9787D84C3b78B87b7e95fF6869c07CE91","YnTun739195","","2026-09-08T17:07:44.063Z"
Prc6j9XhCdaaTNPDMcEEomq2lqM2,"0xa77f838E21c1205F80831F7009bc715AfE7F135F","TngNam18591","","2026-09-08T16:43:03.691Z"
PsY4qF0cieaoCU0POkriplO3ER62,"0xF4FF8B0b2fe05D7aCE51d4Fa8c4C1A6d5dc2b80F","Lucien00318","","2026-09-07T14:06:55.947Z"
PukR9NjItIGFMSSCrenY0VQzG09u,"0xD793ed0f9B297EAdeA240cb967a1925b5C2b28F3","CharlesFosrzse","","2026-09-04T08:59:12.361Z"
PwWIcMluXpbo2qgrpDf40AMlh2G2,"0x72036F619D1ECbE037d6728295d44FF3ed74c66f","HuynhJane43211","","2026-09-08T17:00:50.094Z"
PwnqbhD1dPfZbqBmNLqJWWS1F7n2,"0x214dF326B0Ff2CF08D454Cb41F40eb433f4585e3","VNh1434388","","2026-09-08T16:39:52.870Z"
Pxy9fDU7SBVWqil42wIKvEMmqFbu,"0x50b9482A4f836CC8FA62A5C81D9F2014e9B34e64","elizabeth07jn1","","2026-09-04T08:57:58.695Z"
PyzKsxBbV4RXJYV2GvFtRuYf14a2,"0x27fDC749E625731679682692be4B678d4fcdc8e3","tarek_zk","","2026-09-07T01:33:18.615Z"
PzUkDC6Tq0gXdCByzkheY6sQl553,"0x33478a27059aADbe150D3c731ce8305EEcDfEC56","hai_thao11853","","2026-09-08T16:51:28.106Z"
Q0h08BL7qLQuamO7Xe5OCWKJwfs1,"0x5D2A48EE4a0eaDEF2e646C503A6a0Db4672DBA23","LXSAGORHOSEN","","2026-09-04T04:47:08.176Z"
Q2aq6kIrZpaWs8gyk6Ugzpf3G022,"0x79d3Ad40283d67C2836B4e531B742130e52C2f9c","NalaE99430","","2026-09-08T16:29:22.199Z"
Q5AI6wGttDSRMtgmmKlqmIpRoJY2,"0x8723481E850c6c86eBE2283b5656918eBbb9A314","tien_duong13390","","2026-09-08T16:36:47.779Z"
Q7GzJnRkxyfgtGpG8BLPqxRFAgY2,"0x9dDeE3E33ef8a6fEB2f4CB93418062727c692F50","KatieJane860720","","2026-09-08T15:44:44.752Z"
Q8ZfOE8o0DRMqzhbbmj3MdeW7lJ2,"0x1b46eC52068a2FFd76d1de500F3D8160e82f9937","TrnhVn28175","","2026-09-08T16:26:17.047Z"
QBroCxVLlJUIdQ9juYsSB09U7Lp2,"0x592889A81fBa3A26B9d678b9AD13E8581E38F2Ce","MartinKing58670","","2026-09-08T16:42:30.782Z"
QECetUW7NMO6JzRyjE5aUpAny3B3,"0xB2537a0089219eACc70620FE0Ffe57E190285D91","DaphnePhon97864","","2026-09-08T16:08:40.303Z"
QFgXDoGF5QYVSzEEOf3lZKHcaLG3,"0xe8cFcDc2f948a430A705bf3de4FA03a79296eA30","Christense54873","","2026-09-08T16:25:16.746Z"
QGtYef4jLLblLn9lg0QPyLWbw532,"0xa20AB28971BEf76edc6dd01E29E7Af52cFB09d99","BerylFiona68720","","2026-09-08T15:55:21.038Z"
QHCl31zYxwhhPcxPH4qXbx6ccCg2,"0xb81B1b5Ce93cda6aDB91A40783aA51Fa43c4522a","LuT1419487","","2026-09-08T16:52:03.357Z"
QHS5lWsEbCYRw6Dj5fkvqg0sVNM2,"0xE539c6854da72166A4a171F47DE95B01C4f38118","ClarkStanl5476","","2026-09-08T16:16:24.713Z"
QJyYJibc46O1XtY0OYJQQdxoRcg2,"0xB548044Dec9af8f469584862C6D882846cbc12E7","HongLinh1752811","","2026-09-08T17:02:12.140Z"
QKdh6e22N4f6hCueayRn7WGTS262,"0x362b096602b20ea741FF6f71F3AE4D8021B80646","SNora22022","","2026-09-08T16:25:19.260Z"
QKqtLwKbzNdeAnlqnM19LZlgy2N2,"0x508c0D5086D3BcEd8f76E081128CC4B1aA7e7887","BchTrm957854720","","2026-09-08T16:37:57.147Z"
QOJhlpDL4IOxGpWctjetBWk2dsF2,"0xA44f210D8722c9e602B7509A55Dc43066088Ef49","LuisPer75964303","","2026-09-08T16:42:02.400Z"
QQ80bl9WROXjNCMGv3vjuRqOP4y2,"0x189C6BBEdf58dbBC2F51BE3e4CD1B369E2B1A30E","CharlesBoo74649","","2026-09-08T15:39:51.943Z"
QRY62A1Zbaba5M3L5pTRin7QAMH3,"0xA15d884aA01BD85235B65b6FFdB5a4a0c6e9f0Dc","KristinaEv95996","","2026-09-08T16:49:36.722Z"
QS9gcrcjzzVHzAwgnbXomh1uyYKd,"0x16d47dcC90C43F2B1BeEDf9AE214c2962735B4B4","KyleRussel88oy","","2026-09-04T08:58:50.638Z"
QSJQg7YVGWNbZ9iK9lMSoN62cKh2,"0x473ba750eF68884d4dD9e2516fCeB31aB2703B3D","blake_roch86492","","2026-09-08T16:16:55.706Z"
QShZFog9BFcSHUhwKKTGlDkgg543,"0x13a6dD08B1941C8B0f8715c7AF0CFaac4cA38499","CheridaWan40561","","2026-09-08T16:54:45.008Z"
QTd5ATbqOZPhcTTLlXDyvimrAqp2,"0xd348FfD47A51c225f8595FCF121398f9E1849967","HT6531525643928","","2026-09-08T16:52:24.092Z"
QUp9VzlIK163BLLajIJbvAEV7AXm,"0x0c4e048F50DAd4F617d99f72988550d34D7dAfD7","SaraHernanycfy","","2026-09-04T08:59:14.874Z"
QV6TxJKbFcJPcFlNpeO5koDHGGx9,"0xC3cEC75082c2B991420DB561d1386F260E98fb7f","uumud4io","","2026-09-01T00:38:40.698Z"
QVfLz0KevYWhr7isJEoq2kpIVYg2,"0xC80339EeB4a117f8deF790325Aa516bff6FFB410","BrewerClar55138","","2026-09-08T16:17:33.287Z"
QVi8sqRwoYaSbirGi6TdY1dki0v1,"0xA88Fb2F3C4A6833E7b864CFF1d3900a14c70b651","TangS39164","","2026-09-08T17:04:23.702Z"
QX5pEM6YllftyU7zrs1QuHsQswx2,"0x52Fa95ec7d75FDAb28C1a4B515615d0ddEf047D6","aubree71744","","2026-09-08T16:38:56.827Z"
QY0gfKDSaqhALSCGSP8xwwy8Uma2,"0xe7c9531e23bd7ae2eae918feae6a8397e87b0b8a","vickydiamond21","","2026-09-07T15:23:23.602Z"
QYB6ztj6BhXDPsDkGiig9Em5ZLt1,"0x6B558e48b9bB482f3Dc5c4B61552b3D1fdd933a6","diem_bui8638","","2026-09-08T16:40:25.643Z"
QYtmKlSU3ohahKLb2gz6bXZWMJ23,"0xDDb3C9b4Ff2e29fD817DCFDcC2Bc818140af08Fa","eddington11814","","2026-09-08T16:19:07.117Z"
QZjTVLcSF9Vb4Iss5Dw7uaCIrir1,"0xD8E5764aB45B9Fa21A1490923a667C69752D5648","KatieBaile52378","","2026-09-08T16:46:52.114Z"
Qh3T9pxyoWSxHSxyzftqjMkJHey2,"0x9492A8ed229d1912A0fb1AdB789617cF39C77f58","arlene_tur4371","","2026-09-08T15:44:35.261Z"
Qj6fRjd49McJEXsUE4ve9QYbDeW2,"0x90cb59f41e7b79b6b42f9dd1ea8aab9af686653a","zozomana01","","2026-09-07T15:31:40.917Z"
QnMk2ezuW9bqpokmiw4r7VCPORz2,"0xe2715C44a079C129bB9EFc966209D772bfA639C8","Duy44345541","","2026-09-04T08:56:50.048Z"
QnlNRi1oP9d05Dj3qe2rkQxYfx23,"0x8C57a505eE47fbd897A9E57F15f186bC8B311AF7","bandy_cand69920","","2026-09-08T17:11:29.458Z"
QnzjJCzub1O7GbByk9vbclgLAyn2,"0x01cfc1d84C55cbab7378E58B125a1e8330Dd95AB","partridge32684","","2026-09-08T16:25:44.956Z"
Qpw2EmSMpydhmINNwdUkNXKRgwP2,"0x120a01e6d68e54f359f08b6cd948620f4C3b492e","GravesLura95307","","2026-09-08T15:40:57.684Z"
Qq5ttvHb8YRTK4wzlQ1T9FwJOZ63,"0x3247fb54e454d6CEb8AB99158B6ECa4856a1dB01","ThomasB74258161","","2026-09-08T16:02:55.734Z"
Qq7J6kzHv0XGzhMVmiT2UURgwPv1,"0xc10837ff0F3666b897f19EA141861Fa94b97b397","SabrinaAra47359","","2026-09-08T16:11:47.037Z"
QqMC28GxZfhBbkDIL40YkZ0HIcH2,"0x8Aa695b7ABAB4E1EdCd98Ab5f8F0d44D8c0B1751","IanGilbert11325","","2026-09-08T16:48:35.568Z"
QuWWP7DBDkXT0DUMHh6CvRaKfVD2,"0xb7517653094E78d74D6D8187af01b2544CA124fA","RyanHall461974","","2026-09-08T16:13:08.922Z"
QuiiweIgCNNAukzQaeHTlhe64My2,"0x9a295AA702F058Df867B43df76D62B5C343ae3B0","MaiNam612250","","2026-09-08T16:30:27.674Z"
QvSkCzo6HccWTfp3C7bD5n2oWH73,"0x55fDf18C33398a5122D10BE9D2a21c4b1e8b39C9","phan_binh49484","","2026-09-08T16:29:13.504Z"
Qvgz5hmSSKSw4iYZxQDj14I8eY12,"0x913122282197C8aCbd74fD4932D20813de68b31e","PhungTu24180","","2026-09-08T17:07:36.300Z"
QvtKke9Wd4VHa4smJpUTFNUrFj92,"0x8C30c5Caf4954b3CBc58b3B52337E7F3Bb5112C4","EugeneMill93185","","2026-09-08T17:08:26.535Z"
Qvy4DT29WBZgcOjdUGc4D47Vy8v1,"0x8386aDe3EFE9541DC13096520a7b5A5Ad507931b","BThinh41304","","2026-09-08T16:32:20.691Z"
Qwe19iGGlRfjbZdH2GPMieznP1T2,"0x2dfa3c509C30B72A0c7Bc77e9f7a1fd0EBDa8343","NhSan220379","","2026-09-08T16:33:28.309Z"
QyuoRw55ATMGDTVpbf2n7IEGg2I3,"0x600c20049f7e42DEBc0a28C5d324410CE9A706fd","truong_luo29128","","2026-09-08T16:43:31.969Z"
R0q9YJHoTzVCxO0CZlCuHzAAKkq1,"0x5C08e7011F4D12ba46d6DFA17b703F5b3204aF62","KevinBush427627","","2026-09-08T16:38:09.746Z"
R17IJm7xywYDjo1Nghp4reLUCKk2,"0x57939591f23131Cc4467d196f776Cc161AD78C28","PKatrina44858","","2026-09-08T16:22:27.018Z"
R231JEhHW9cRVKyBJVy5uaBhEz73,"0x344d46dbb295cecd6002c989b58ba6a5f52bdf28","AioSala","","2026-09-04T04:25:53.720Z"
R3XGGPhZ16PJVPTTAJWOZKNw5HO2,"0x1d74934e983de0C0B73c2e5B3FD9278139b57B81","ChuThc112653","","2026-09-08T16:31:27.904Z"
R4pDeE4EeEV0EznPDYY4qxQYf4n1,"0x02449D5c17195ddD970FaF5eF427831c18a51Ef4","AilinaVela7483","","2026-09-08T16:48:05.759Z"
R67hchCUjLQjz4OuATSOypFAJFA3,"0x44612eda16C89E002dA694940251A8f0aFb4A91F","GileMarti73432","","2026-09-08T16:55:33.961Z"
R6CYqdu6GyXKFyPNJoG5O28H93u1,"0x295807E8Eb89EeDc9BdBE821C897288A4C366238","truong_luo3361","","2026-09-08T16:47:08.807Z"
R6rKM4VeHfQCgH8Xtz2OS9nQFjM2,"0xdcFEA8a464b9515b7C6218Ab91279571b4b56e55","TClementin74142","","2026-09-08T16:50:24.918Z"
R8U1x1NdDoS3dydrAr2JdOTZNZu2,"0x0DF04395F6fc5844cc7aea68F79463639D2256A4","SophieWood18551","","2026-09-08T16:11:26.902Z"
R8UYdnYyvOhTdREEA9XwpCtWQaB2,"0xd874ECDA3e1fF9f0d2B4C80Cb8C1Caa095CD0725","cellarb12685","","2026-09-06T18:24:20.005Z"
R8i8Doi6MabX9j9JahrQDYsEk543,"0xA83D3149B00FFfEF8AAa96e7aa6818998062A2d4","InaOlson98205","","2026-09-08T16:03:12.086Z"
R9s2L7CkYgSOe3g7Tpp2mqRYUyx1,"0x0eb12D89EDc1723cA475FbdC2049ea8e655b2eBc","PeraltaShe74249","","2026-09-08T16:40:46.030Z"
RAXSCIHIlUc386vmw6dbJuQkUxh2,"0x3c1039F91726C25cB859782b1Caa9eAfD6BF0E63","kurin_dh","","2026-09-04T04:20:02.290Z"
RAhiN3vCfbeXVG29XasrQtb98663,"0x75c95f6ee6362B2365B815eb8A8cE8221F82C699","CarlyViole49576","","2026-09-08T16:37:38.383Z"
RBUNTLc3sgVBb0jLPG7KbmymEUv2,"0xEd9208aFA277d140FaC9d477C764C1Ea8b4683eA","SIrene82684","","2026-09-08T16:51:04.771Z"
RC5pOoHcEXXTZkg28LOiyF3YKrP2,"0x3e04f4605171473483ed15a77ea4f6d36903e13d","Grandkhady2021","","2026-09-07T13:14:31.771Z"
RGVzJvIUQhO4NzSORURSJO33LFJ2,"0x5e7DE2E756EcEEBdC2b79A07B7353E0BA8f5159F","LuHng169472","","2026-09-08T17:06:00.751Z"
RGZKD0bS2VepD6y3pJ88z5l4ABj2,"0x54917557B6a5c9Af68260bA251b8aA1481299bE3","LindsayIng61959","","2026-09-08T15:41:36.052Z"
RHwyCBJX1UhFvUAuAUi8eJ636hl2,"0x9eFfce0FC0a016019F70D74a9DCEcdA8B4b7f905","PamelaCamp61306","","2026-09-08T15:45:24.733Z"
RIlWdQFUyRpqV9Gl5HkwxVWW2wtA,"0x93B331d9FCfC5B34E97a81E2Ce393EcbdfE95133","cry4w5cf","","2026-09-01T00:38:40.698Z"
RKoFeLjlZnToUHm5GIitWzK17OB3,"0x4b46bb9044A8af8EE1e78052BEf78539d8D5b31a","galbraith_49971","","2026-09-08T15:46:09.309Z"
RKoWGGJQcVMjGNdvDA0pyxVLrNF3,"0xCdeE75FcA02983F4cfa89fe79A18d001F0C38a01","HongHng38456","","2026-09-08T16:40:32.232Z"
RNdhlL9lMXOrV7LGircAjKBVyXY2,"0x12eEc4ddf6e1aabB6a2BB67B4B3e62b0945628e0","jenning74606","","2026-09-08T16:05:33.472Z"
RO1aRYA50naVmh7f49v5coMzK5L2,"0x366776B4dB6cA2261321EaeC7D7505b9a9ee2397","KimDuy373196","","2026-09-08T16:53:47.981Z"
ROYPO5CaBTUP1EOEGMoiUC7qABq2,"0x5225863f8CaB76Cc8e64A44DED8d276eFAC486Ae","andrews96034","","2026-09-08T15:43:44.584Z"
RRyMLZjW6adgDR5g21u3OAamCBi2,"0xd48271473370DfFF8fbc789b3bbd88C39cf7A245","0905ymm","","2026-09-04T09:20:39.864Z"
RX2fO7HvdjPFYugI4GHVUyPvsIz1,"0xEd4ca8e8407F62E6ac7f9ee78e029D962E058dE6","muksinn253486","","2026-09-08T03:37:50.523Z"
RYeskQTrZlhI6nYoduRApZ4bjjC2,"0x0a0bce56E38Ef84b07083321b6918992c07AB11b","NoahHill28375","","2026-09-08T16:14:20.568Z"
Rb5aOTutT5eghqdsjmEot4s3EAu2,"0x0fA1D324a4dA9FC5fADE03B6b8c2C2279378C09E","WagnerMali4649","","2026-09-08T16:30:36.476Z"
RbtEEbJbR3Ydsr9TEIKmDjLbIpD3,"0xF19a4Bd22b72B623a3B2950865CC29303F5D2A6F","Mashiao_","","2026-09-05T11:09:58.737Z"
RcWOvxGAtSOmRW4iR4YAjX34D4B3,"0x057d9F97B4D70E1A15a0b811C9118B80219E97d6","trubi_owicz","","2026-09-06T19:04:42.558Z"
RdPDpR9sLubK5lZo7IfLapK34Hm1,"0xc8d2F92E46421626BAB27F780D636B14Efe9ba8A","onThAnh237279","","2026-09-08T16:51:50.444Z"
RdRjRH1EdeNAU9X2L13ntl9dIsK2,"0xA0b960260b741e622D91a33176c19E61458f51A3","BChesterto73312","","2026-09-08T16:47:58.329Z"
ReXqAav1bie51KpPnllKSUSLDaq2,"0x5B839A66a80285b1045A675AA7D98B9E889ccf03","GiaKhloe71320","","2026-09-08T16:10:44.827Z"
RgVd0V0H9JSW4TEXKY3cr5fQZuQ2,"0x3a684C8CB00b33A8335316dc213D0e0049A04701","GIndia61745","","2026-09-08T16:51:18.561Z"
Rh0eHER0STP63iksLFKWfcAuuMe2,"0x3538b9C26fbFdCD7Da6703fa177C5b401536173D","NhamC74508","","2026-09-08T16:28:25.952Z"
Rh69qJv6aeZo6PalqWsLrMVJscb2,"0x17FB6841deE5c882786225DE94E6C86F7a33242d","blomfield_81902","","2026-09-08T16:18:33.714Z"
RhPBu6vrnEbdSIb4MbAhNzLKIZ93,"0x8b1A08f9aBd9f8824aA97A93Bd128cd0d757Dedb","BarbaraAth4680","","2026-09-08T16:21:13.725Z"
RhiFObQ8mTc0SG9ltBMOf550ffg2,"0x7c83D55Bc79402C0c8cDEa9001b13d36CD177608","DeannaMore12849","","2026-09-08T16:17:30.260Z"
RhxVNjbaIdg8SzXLpm0bQviQ7Ly2,"0x7408Fda2388b478B351E36E5c57B037714865f92","evari4u","","2026-09-06T05:57:46.697Z"
Ri6ZU6Cv3pOQjZw4Ocoy1wy8RCm1,"0xf06D5825E25AB5E09C367736E33e76C25cb7FBa6","PNelson13081","","2026-09-08T16:22:03.988Z"
Ri71DUiLMXTGNbNWeM4D2eUWHNv2,"0x09Ae92da43095CD567441CA20EF54B97f080de2b","ShelbyAndr41166","","2026-09-08T16:20:25.950Z"
RiYL3mfw4dhyoQKnclEHfA2hNBS2,"0x3af5B4B44F5D5170c5fDb7Cb82b71acF908bb6Dd","TatumWilmo40748","","2026-09-08T17:02:56.870Z"
Riiibrv6j3ZdgbX0STrxsNBK9x63,"0xE7374796751a665b3fF22831238a6dA1CD509313","BiNh82192993789","","2026-09-08T16:27:12.256Z"
RkRoPjZeq4ZSQk2378RvJCjzj2p1,"0x1Fe673a1538EB175E24fb73FeaEE1E93a5A93Ef4","Khristofor_96","","2026-09-07T12:54:22.973Z"
RlH1bSrDMJNUkFogQDljNORe9Pg1,"0xE59e34b37dE346e506b627d65d31F6f1AcD3016E","CaoChi498477","","2026-09-08T16:39:38.552Z"
RntogoDyEFblcQ8Lo2JvrW4SZCO2,"0x4c11fb76Abb6Db5B6378dA02Bd341A7479cDDA75","nghia_manh68176","","2026-09-08T16:42:21.184Z"
Rnvc35bixXgMWIObVYJGdI7Ex363,"0xD067B9663c419499037Bd4C818C2ea3D7AE163cE","VTon414104","","2026-09-08T16:33:24.817Z"
Rq8vKVenYVVTroWfkUExjCzvAgq2,"0x9995B654B47Dc017EabBCE9F22072E05e3447127","TrHng71234","","2026-09-08T17:01:50.988Z"
RqVtgtBNByMA2QKib02w2U0VPu13,"0x99E255E995c25fC8fd1dd27ff2DBCBAd40339FB6","PaulaWebb544132","","2026-09-08T16:04:30.084Z"
RsivF0qn7KTKX78RzrPJXJmrQwz1,"0x3EB9C7Ba8276723f79f096BeCe46792494924E5F","AlisonMara47100","","2026-09-08T16:23:33.433Z"
Rt1ji8Nxr5ZWVYOmLB04aEpLpnU2,"0x2b55c84b5228eD9Dad1071fB9094911d9C874389","VallyWiggi65874","","2026-09-08T16:09:00.994Z"
RtLW3TKcl9bkF2YkK30iWjMoQGx1,"0x1c46182d4e94572849c7da787b32c1ba186e34b5","tieungao7979","","2026-09-04T12:44:50.425Z"
RujD18t2ypQq6YWALfaZQ5ko1uC3,"0x0a4721a476e2aBaA24eFea1EA1A3BF55Df5435B2","collins_eu21792","","2026-09-08T16:10:47.573Z"
RupvG3NkJahUQOo8tSbJS8MvE622,"0xDFf6851F701d14529EE6A7f1f55681440760b1C3","NicholasTh92249","","2026-09-08T16:10:43.355Z"
RvNHNv2nr4RdbSBgkQqyIU6Q8jz1,"0xD37014a6E3B26E374779d6929c7Cbf7DfdDAD623","HTm1390691","","2026-09-08T16:26:50.947Z"
Rvh2Q58QM4ChRECeN6CiO4JxlZKu,"0xB832E3d07fecFc3Cf27882086B45E37E5E9bCcbE","ChristineB6u2l","","2026-09-04T08:59:31.285Z"
RxL1OT7mkRdo95vsp9eEPbbNaBK2,"0xd949b88E651484E340Cda2348eD3C14359a73cE7","LuTng395110","","2026-09-08T16:54:04.447Z"
RxU3XCB7YKcNpPdNCdBYFuMbVHm1,"0x17821cbdF9076d05742Fb0fd16F0D67f1B506f25","erickson_l34547","","2026-09-08T16:19:38.464Z"
RymoR4uU47MbhS1ZHa0hk6KGUVp2,"0x0cAC92bD26D26EA3a557521904dd188F744c8f54","KaraBurn43457","","2026-09-08T16:24:13.407Z"
RzXjyttga0O6F7q6lvV8h1xZHJ63,"0xc215cBbBC4279186c43Fb4d37978954966C8406A","PBoolman45052","","2026-09-08T15:41:21.364Z"
S0mpD668N1gJisp43mB9spW64h73,"0xC60F12e9421CB901Fe58eB91d3496E9C730fae49","HarleneHub27564","","2026-09-08T16:29:59.143Z"
S1E1yN22wxaM1344wvVyHlwgJhr2,"0x18416c2F206949bC76015Fe8Fe0a6E7B061cD344","LongNguyen82388","","2026-09-08T16:52:58.082Z"
S3jrUkHw06Raj43XhyVXBcg7JZz1,"0x96db9426D1aE682BF030df6a292ff51b3922Df49","VHo1068218","","2026-09-08T16:26:21.655Z"
S4eK0cVgB2OoHorNHQkYGzW5pMq2,"0x9634846961e678269B489B4C5DC741C12a2984ea","FisherAnto82168","","2026-09-08T16:08:17.156Z"
S50uMsE5k3fGLyruYy3iTvqo75l2,"0xcCFA88189979d0a3A18e3D09e7668682e8E2D6ab","LeachNessi72613","","2026-09-08T16:21:04.194Z"
S7rnHuevCWQ3y6ZKtWWkoDp9beQ2,"0x18dD38670D56f3b24195e04b0592BdFF514B52fF","Krypto_Lord004","","2026-08-31T19:42:33.778Z"
S8pqj6UqFskQbMgG2F3VMFMJpBq5,"0xB9094c4bd0Eb04A8131429c9C5D13996c06E2aE1","mary08ee3","","2026-09-04T08:58:23.752Z"
SA65MIVI29ef2g3JhfX4aSOTfMx1,"0xCb8B1b8866859792dF7271d8DAE8941F47e3E09e","BlakeA62897","","2026-09-08T16:10:35.581Z"
SAXVoN7Hjehcgx0H1mH4oV7KdpG2,"0xad8F038EeE1cF0480D06eF8E1D007c0F9e79725b","TThy826458","","2026-09-08T16:56:11.838Z"
SB2yC8FBX36dJhEMi4SF3Za16hai,"0x7AD6e4F382596A66cbB6B0F4672a8A0229868721","dj8u739f","","2026-09-01T00:38:40.698Z"
SBNhhWKAn1guu78NaLnnCbcR3gB2,"0x6d3f4Ff0786f66Fc8161eAca2F16a284e4c5260F","norah_sall22508","","2026-09-08T16:07:56.877Z"
SDo9ZQv8EYSqU2gsR9fWn2FZZy73,"0x9E0203DCa81AadAD3678F57607CAD61B4E66BB6B","THuLm472038","","2026-09-08T17:08:03.904Z"
SHDAUm5MdNZlp0d7SpsgGybVQIk2,"0x3F4B74EB0AFa7332858b00Fd08E95e952A91D887","MHng227352","","2026-09-08T16:26:15.494Z"
SHpQ8ci5gSTgTUSnKpKsZz7Eqkk2,"0x8FaB0f2c9C83aFED9445d70F870c67ecB8c655B3","echolee22573061","","2026-09-07T12:58:27.416Z"
SKAcWBFWVYOuHgdCzVhvsZlsfmm2,"0x5aea70E3eb85C1BC11a24BCd2F83AF8d6b7C27c4","AnnaViera438266","","2026-09-08T16:48:12.507Z"
SKVQrR5oGgMNSMYpCXUUyYZwK4x1,"0xeFf75148D644De988632813b16845A2D22e86CfA","ShirleenPo18623","","2026-09-08T16:24:42.208Z"
SLgfUpQKPGQ1Mw8Aub4T3GFg9kD3,"0xeF211A5B0E5C8E02E674231F3F8585CA473a360F","Killny3","","2026-08-31T23:48:45.119Z"
SO6RrF2EsMgZzpiB3v51hfwcjrd2,"0x27dc050eaf6861d74d5dbfd723b170730b9df71b","dragmyn","","2026-09-05T11:03:35.563Z"
SPM8qpZrv1cf2ESD4ikoGw7LrQn2,"0xDF5C5a5dC7c5e65728130d9689b5Cd74332dcBF7","TrngTun1444481","","2026-09-08T16:42:43.826Z"
SPwYwcEdBsUQAmXJzXgMxmdprwm2,"0xFc0442A0E8A3eC5BF8F1354724443eb2D3861211","QuchNga369448","","2026-09-08T16:41:56.520Z"
SQUshjiHpENUFq0eYXafZqXxQCp1,"0x397e7BF424d2aE539f2d9b02A5811092621555Df","PhanQ34849","","2026-09-08T17:07:09.037Z"
SQj0Mf2474XaGJUJCRAURGnINFU2,"0xCCAfAdfa5026E35190108985E3077f6083552a75","KimThng252871","","2026-09-08T16:53:46.791Z"
SS00egjJaVNylqNL2hvJG5VDBVA3,"0x7DcAEEB12C5eA3Cddcf42ECc861e2d83A69732EA","oEuduxcDKSrBJ","","2026-09-08T15:39:55.374Z"
SS1t19pyEhTlo75fIPjvyAmF9ZA3,"0xCf35bd8d01e4338119514430E7f4f0ffc1165e9B","attwood61598","","2026-09-08T17:10:55.439Z"
SSMFb34qB2fX6U47hxAJLGijWxL2,"0xa3F5F14d065531e56B86823c15a414F1707478a8","BNam491182","","2026-09-08T16:45:05.152Z"
SSWWeEau4RXhNyOmHpbIqAZodGJ2,"0xe24e77B5fb729de78617f2B2049B2B5127A1a35A","NhYn387014","","2026-09-08T16:51:36.979Z"
STDUMmoCIOSFleW8kclAvUc15qz1,"0xadD017eCe77F7E8495405dfDEdA294FE0FE824bA","GlenWalker83915","","2026-09-08T16:13:13.124Z"
STE7JPHO11SJmDGckovPVETeiee2,"0xA90F26a0cBFaeBe3418d1F386aab94881a81117B","HngVin652713","","2026-09-08T16:26:14.022Z"
STSRBDGiOEQeNCylyeS1kFTaYBL2,"0x2F45A5412D98d296766EE959FB6f8d7cF39fF7db","TuyenTo22097","","2026-09-08T16:59:05.772Z"
SVBzfaLYqjenzoHjkUQdnwJsd7ks,"0xdb261894e0da857B3cdEA1e0Dc3790CdD43B4703","NicoleDiazcspf","","2026-09-04T08:59:24.888Z"
SW5HyIbMrzOXhcqPR5mQG24kj0G3,"0xffd40EC0b14d1087d70472E02952aBfB76B934fe","AlexDonova15233","","2026-09-08T15:44:43.972Z"
SWvK1K3Do1OvQiOcYtPSN7buZaN2,"0x54135c32DBbE7E3def0bEc32D816F8eE9F8E1A11","natalina28993","","2026-09-08T16:51:24.063Z"
SXGlEzme3018C1CqHY4hKWZaZPOe,"0x1101650372B61Bfb66f27BEE9d75667216b1cB63","ashley22hn0","","2026-09-04T08:58:42.659Z"
SXsOyS9SSUWtOlmOZpUGj41dj0x2,"0xD6F4DbB599d0616cF61B4C25408235Caf74Cad46","FernCalderon13","","2026-09-08T15:38:34.808Z"
SY1YlrxY0aY3p8B7utNK87qpcwl2,"0x3f965559Fb1e3170228B1dB97068EAC40Cd9D3Ff","HngThu37776","","2026-09-08T17:04:58.672Z"
SYAzjUk22lAzKtX1jq4Z4uEpezvH,"0x55c8f085053bfE37B3deCC72b2c01B9642358e2a","JuanPerrysowa","","2026-09-04T08:58:52.009Z"
SYFbbpTOoDOmwebrQymd7xEte0L2,"0x9C2f37E7c507f9CE752032b282Da7bd9241304aE","Rodri62443Eddie","","2026-09-08T16:54:36.789Z"
SYwbr2FSumZu6RpPEELQ69IRqG73,"0x8efA1852D467A8d1386462690C9865A464Fbae88","PamelaN1833335","","2026-09-08T16:22:55.253Z"
SZTwB6PcyoTMhU17co6kLHfZlev2,"0xc352b42779a8C501f6944dd6e982256cd4C4D0e7","kovffox","","2026-09-05T14:28:59.597Z"
Sbc4OMM5CjeXihYqjCjxEEoX7DN2,"0xFb99150Bcc548dCF23A1C8EDD9E76a998c9C76B7","kira_trixi14453","","2026-09-08T16:19:45.620Z"
Sdv0HDAxtcZkpxUssC7ts6OlGQx2,"0x140bbb8194d3b0e74507E68bb9b9890B228207Fd","YnTrung285799","","2026-09-08T17:01:19.805Z"
SeZy5b8jpChCsWWbezC8uD8AUpp1,"0x71886653eAEd4Bd14c2f99FCcCff05354238e517","MelissaB31965","","2026-09-08T16:19:01.337Z"
Sg9WY7fCTKZutlMojXWpDBleelC3,"0xc3356ca108c008b7558b314C21f4EafaD5D78770","MGarrett12276","","2026-09-08T15:44:18.762Z"
SgEflBvLMgfDPlzgiOSN7wsXfF02,"0xecec8ae648a57102e1770abd9705638a5b1ac876","ibrahimyinka111","","2026-09-06T17:59:10.915Z"
SgoY1QYFaXTIDBH4nvaPGn6VlvR2,"0xaDDC05acB4a4c1aa124F1b95BC798E840b6Ff988","AddingtonJ96427","","2026-09-08T16:14:06.286Z"
ShesXyCVLwfXY78zpeLtHVB9wCh2,"0xe30D4B6ea3DD50633a0eD0e89C8d1cb98DA0FFE6","HH2395533337877","","2026-09-08T16:32:09.858Z"
ShiuxdHvAYYQT5JnIHvVUnbIfen1,"0x295722F0F62dcE614e2a979442e19068F107ffFE","thy_chau49198","","2026-09-08T16:44:27.105Z"
SkK6DSCgnNRdkwvc9dspmwtCVdv2,"0xe1265B45eDf628Bd49961C93f05092555ab82743","trinh_lan20997","","2026-09-08T16:29:07.684Z"
Skn5WtrlpEgzTiug8czePPuPauB3,"0xA9bb2b77432C949A66Fcb41FC34626887b705aD6","LngLng1175258","","2026-09-08T16:58:48.050Z"
SocIVuXQXCW07zg4inZgYaBsqf82,"0x81b62a7af2B75DBb3b6ECF4459C430b29cc626a6","TrngLan264057","","2026-09-08T17:06:34.320Z"
Soh8AAsLp7PxetNgqiqs1fB3O8D2,"0xe625bee88324742c26c8CE5105332F7089183c8c","JessieLaws87231","","2026-09-08T16:19:05.138Z"
Sr4Q1ew08VbfSITGjZUfyYO8eJv1,"0x3702B182d57863791F3A9b6C4570f59ADD20AF7e","MarenTrixi61838","","2026-09-08T16:20:52.180Z"
SrZoyg92zRNQwTf07whtYippHQF3,"0x5437DA01D609823397C7f16F08c84b63CA440f4e","DarlaMaril884","","2026-09-08T16:17:54.512Z"
SslpcNGhEsclexeWJef5v7jpYoJ2,"0x7318AbC031D4473793175D90217bb00aeBCd2fD2","LHo1138688","","2026-09-08T17:06:37.117Z"
SupG0IjtSuf7VaHM0evcWZIjws23,"0xd3C6960a85140B5117236e1474DBE950c9771901","Mobadel_1232","","2026-09-06T16:24:15.592Z"
SygSkQFfhjSFLfNPOixGmc9P1Pk2,"0x0b25111d76d1529aa715134bccf28330b8069ef2","gujiaren1","","2026-09-05T09:44:53.687Z"
T03FrdKzmBWP252ZtPPiifmmU3G3,"0x79001B90C0dc235e1B5186926b89659c0E20aa47","OaklynA94469","","2026-09-08T16:25:01.278Z"
T2F2y9Em7zWdH2D8G5KHbihp38O2,"0xbdf6c53a8ccC78a8A9800D3a9d6DdFB33E75497C","PrinceSahi9","","2026-09-07T13:35:53.684Z"
T3GviwoMvzS0WuYHbVeayYK5GWv1,"0xCD692E894D3FEFe34b0d7EC9f53057b9bd0ECebe","TVinh229441","","2026-09-08T16:29:00.022Z"
T3VlM43xt6ZF36d45WdYAFHQo392,"0x5FcaB4Ae5BeE85204BB33923B6C026A4af73f64A","HaigThomas47160","","2026-09-08T16:14:46.562Z"
T4SHUzqhNLRSHTlzbppEBxef0TP2,"0x298830a705feFa30089aFd098F4fDccB2C07ef82","KadenChest28555","","2026-09-08T16:32:24.828Z"
T5Z4ZangEoRbRxjirII25zS0DMJ2,"0x58622d254DcC3275fD9031c82Fb2f236ec9dE756","KennedyC52760","","2026-09-08T16:51:21.029Z"
T5dUWy0eG6V6G4TbSqHfayncrSj1,"0x055aAf642Af9330740D852Bba57a4Ca79D543Faa","PhanHuynHn92266","","2026-09-08T17:04:08.906Z"
T5n6iKC5UtYfojIexfuQmEFrRoh2,"0x32dc04ba61be78d0e63429f60c996c6ec47166e0","galerry_i","","2026-09-05T10:50:33.477Z"
T753kP9ZhvgH6ec2xipMH1tVyAM2,"0xF5F2a4d38112E33A2AeFae6233D91E745e09BD01","WesleyAthe73109","","2026-09-08T16:22:12.890Z"
T9Uyd4yWjZQtjAkupAUtI40f8RP2,"0x6D54aA3E621ce583f102472a7f27C8bDF08981de","rochelle_z42700","","2026-09-08T16:23:28.438Z"
TDnZ0wpUwEfGIXeYDR5bwGaqdB63,"0x94a115f5245688F7Fb0CA81C574DE73E743B465D","potter_joa78011","","2026-09-08T16:11:43.154Z"
TEW5Ph33X5ZXANprgcVQv2pm4rM2,"0x6e1De76B19C9C0064D03A763679D013E2D65091D","BaldwinFra63796","","2026-09-08T16:15:48.723Z"
TF7vVxSqrJVPYHkqJiW68M771zu2,"0x5e4b3395A7A184e7f9796c9581C0CaC3574B10C2","BChu341207","","2026-09-08T16:44:01.001Z"
TFhVbB0zfPZsunSOAxb6LB7uuqO2,"0x5543A8fE628535D5504685b8B678Cf6D6403AF60","CameronA77094","","2026-09-08T16:51:20.212Z"
THfaDzohEWQTezfR9Y78VyfCbqB2,"0x4cC617c04eeb21Ae6D26b4664450c44EeF62f7FC","HongYn1986241","","2026-09-08T16:30:39.555Z"
THmkR4pXgzge1SSRVDjLhk26js22,"0x2480B77AF59Aac059c9C6E0f84ee08763590F159","BarfieldDi51694","","2026-09-08T17:01:59.417Z"
TKK5tNcE51NrDLuMmzMOPkvWZG03,"0xE4BEA00Cc9aF14753d8F95C10394b75aeE56786D","aimee_katr3548","","2026-09-08T16:49:52.553Z"
TLGkp01waiUmqDeGDqOlUDhNPHi1,"0x7386BD1C7cceD21BE35492A18603b7A898EEe316","AbinashDora7","","2026-09-07T14:22:12.302Z"
TLWe8qUkBsQK406g5b2Qhv2lfiV2,"0x1345e237717A4FdbC681431A235cA3AF734e38ef","XunHuy1348079","","2026-09-08T16:47:59.235Z"
TM0IqvocPWhbNZQBLKLubbfN57o1,"0x57aAaD2d481d403DDB17755a5BCc72196750E58e","EricaCathe47036","","2026-09-08T16:51:03.040Z"
TMqExq004NNOmuSpH5nAzpuI6242,"0x6ecA0E2f6A237C5B7B257fC79d8f8c8C32d8f6C5","AmyTracy284291","","2026-09-08T16:38:11.317Z"
TNFgJO9JNAhjMHnWs8WZOJKuCD52,"0xc660A46640270b564EABDd6747D16e940eeBc1a0","TrTun120401","","2026-09-08T16:32:49.906Z"
TQsYvdqQK8RiKK8h85LXAXTwl822,"0xbC0d6dcc00F5973469964b952c1b1a923c3ec6b4","LuCiDeviLzZ","","2026-09-07T18:53:01.827Z"
TRtzkxzF6KcD90BF5aJuI5kd14T2,"0x89104E21da8379806fA5A64d6EEa10E56d1a7DCD","TngLinh123337","","2026-09-08T17:07:16.880Z"
TScUdAzDyyTQvaTdOeK0DCBv6lV2,"0x75dAdb5DC95066d61051F3F0317649762475B2B3","TTm059560283328","","2026-09-08T17:03:18.559Z"
TUh4oqXFtofYCvt9rqypdxWZRM02,"0xAe7Be35BD67215223AfC93C8D84b2959C0328470","DonnaJones2233","","2026-09-08T16:22:42.492Z"
TUz0ttNJdYgMgFXhAV3FzKOUfYE3,"0x86f3B27eEf961Cfc2DEd0CAAB8433b01EA80d333","VTrinh63382","","2026-09-08T16:46:19.323Z"
TWbFriFEHhZr2uw0UdNdPmRokuv1,"0xc4a5b05a4b0eacd61c4b3c9b9f00d3724eee8821","web3xBhumi","","2026-09-04T09:56:54.253Z"
TX3GEH27C6N5D327nwu6eiILaDj1,"0x6E2B547478d58A6e6e41C45ede06621f6aC3678A","amira_ingr60057","","2026-09-08T16:24:37.891Z"
TXYdvm7hU9VSqbqWCQ6GTnBqNWp1,"0x51dF6F1eDf7cd18CB73Cb03c72346e4e15c6FF57","tam_quach24765","","2026-09-08T16:33:12.465Z"
Ta9CJepkV5axpe34t3QbD8LFQMi2,"0x4Fb04Bd1c6fFfe34142aF6E23f33975e6D55cc70","LuQuc473344","","2026-09-08T16:57:42.257Z"
TbUoyACZ1bheCjYmBH7BTIPr5vnP,"0x0A9a188650bD3C374141a3125359bfd1af98EC00","9ok664b3","","2026-09-01T00:38:40.698Z"
TcfL8ZTOWDfYyRUztnkjZuQLyoH2,"0x8B5Cdf165f36316e60908b801D499b36bfc86aC4","QuangMai1334107","","2026-09-08T16:33:39.722Z"
TePnIzAdzIPApsAP5ekQXOjLDKHc,"0xF5b728dB36C45fea2C9220a663f17C368a87c5Aa","maria44th7","","2026-09-04T08:58:10.968Z"
TiWBsWO7VrWezJVdST0WHlEhy352,"0xD9a551F297C5F8ca3D720453D428bf0618FDEAe8","VTuyt341066","","2026-09-08T16:44:31.646Z"
TjPbnPCEpBXjgqZxHqtupfERyim1,"0xe35F11F9f7e1eA8ad0C3fF5d1Af0Cc3Dd5F71661","sapphira72331","","2026-09-08T16:50:35.288Z"
TjX5XxWsk0Tnnen7b23yH3iIWb42,"0x11b62F4fc858aaf91ccb302A3aD51c2c7bB4340D","VThnh965776","","2026-09-08T16:34:04.771Z"
TkHDQ9rw6XZ7N4MMKgNdwgSbiJm2,"0xc86C70ee89b1593f95a9a454b21a9621D21E38d4","Babyboss455","","2026-09-07T10:02:48.905Z"
TmaES1sp2TRI752cGMuHwP8nGZY2,"0xB2FD3937a3661f9593A60043300ceb744A977611","trinh_nham73502","","2026-09-08T16:29:36.785Z"
ToQSFkcuZ3buvB0bSZWxzGLHJdl1,"0x08A310A9bD2949628E434664B529ab5117cc316f","LSan1591316","","2026-09-08T17:03:46.192Z"
TpNWZ7pFlfb60wdI4GuZFxtS4mv2,"0xB1291be00903F403a7A02b3e5eC2B618896E2a14","SalinaWemmer","","2026-09-08T15:33:16.813Z"
Tpeeh4mWqaVnpShM3MTr1nzGKwh2,"0xFCfcf7FCFFEd576d45E4a3AF45b6ce2d91ECc767","AgneseG92046","","2026-09-08T17:04:31.440Z"
TqqZWJv7SfcReXvEL0jFUBMukSR2,"0xcAA65f0261136A334dFDEAe2D71C8768e12c953E","FuscaRutha","","2026-09-08T15:32:54.374Z"
TrJQL3pGfbd6kLRBfbyOAx1KtD72,"0x90704b3bfb83f47ffab23affcb13c0ca9e89f33a","Jhaicel_DS","","2026-09-07T09:38:46.891Z"
TrJwzvhLYUNg16qTaz43F2qYuTH3,"0x3E8c4FD3e18D6A4dB97B639D205A9faF9f181dFB","smilecoke_","","2026-09-06T16:59:48.332Z"
TsSjgnk3GQUQ8xmhZfRJDFihsYl1,"0x87B1CfB244D5cd0a975fbBa4cfa510083351ECb3","GilbertGre70784","","2026-09-08T15:43:39.069Z"
TuKvqEuAuCShE2J7U3xbaXIoZbi2,"0x948d40CE7cc1a0274417385C9aCE4d8528cAe3FB","BuiPhan117890","","2026-09-08T16:30:02.211Z"
TuNGhaGKeMZAWyuTI4kMN8KKali1,"0x1DF60316CBd61Bd221e2cb06832a8025FB1645C0","DoanC37280","","2026-09-08T16:45:53.618Z"
TvE2WKXg5JM86hLLZFwPPnrINTu1,"0xf700f76EDC490629d8009e63872e94e04820375A","DebbieMitc64019","","2026-09-08T16:21:30.873Z"
TwJgUSQqXjYjT2Rqp8lOeLNGkDt2,"0xD79072C069956d9DDafe1bc7403c1A8c12D13689","CoronaRani43216","","2026-09-08T16:38:47.622Z"
TxEopjyvNMYqia5HURpHY6qzG6k1,"0x293aa3C42a7DDE19480bA914126E435eE25dfE70","alexandra_64822","","2026-09-08T16:10:21.863Z"
TzWr6pkG8DhGeAOli8yXA79oCBy2,"0xCa69F84fF89Ff1d573a781C798CF57cDbCf2598D","BAn1990206","","2026-09-08T16:30:00.341Z"
U0GldLXXh1NJriEP8tHj0GNSpyz1,"0x9A332d0D82A8555319708ca7055D818295bC2D94","TangT51527","","2026-09-08T16:30:17.612Z"
U0KNtxabwFReIfvN6LVe5jNmqdf2,"0x3aac160079fb4D3B5afA99D71356499E432A9E8b","HongMinh722662","","2026-09-08T16:56:38.440Z"
U0TJfrCb19Q2rtVjotKqIVTLDYe2,"0x70db624690a61A18492b589f14ABB4AF194f243b","birch10464","","2026-09-08T16:51:45.658Z"
U0dx6HuxIwZgC4z3iReeFEbZBUB2,"0x3d35AD13Ce52888e3FE84a0A0741F595b5d9e305","BanksColle97649","","2026-09-08T15:55:59.770Z"
U1HE8cdq2ZYxjpocknLo9ISDjRq2,"0xF50dE4F2E9620AAc8f40a0fD6483080146EDD9f4","nha_chau15693","","2026-09-08T16:53:38.089Z"
U1m1pbSDbQbraGUleeqrSrStczy1,"0x5187f5200A79BeC89775ff303b02B9DD5E94842A","NghimHng535124","","2026-09-08T16:43:24.240Z"
U2n6KT2PZlaaFLliLn2KyNbfukd2,"0xae09234Adf0975c39c74fE1A47a9c3343D731321","LynnParson68002","","2026-09-08T16:24:12.481Z"
U2yLHCgIqmhQXXil0ewH6B4PsYI2,"0x40d75880F4238f997114Bd214016169d08e1127C","flatcher59468","","2026-09-08T17:08:12.268Z"
U34SiYBh9AfG1FpDplA3NjqDqx33,"0xD9EdE05f959f1B436E7331A84C54339daB24c0DC","diem_phung55644","","2026-09-08T16:33:37.331Z"
U4rtsajke9XbOHRMwlq1MLNaDBd2,"0x23e18686Ad163Bba6e9cd31657556A4fE118dDc1","LavernaP7127","","2026-09-08T16:27:07.900Z"
U6ILSFVXnggbn0Oilszi4IHPKrH3,"0x7c979C0F854dDb717a4a8CEd2c867587ee5D34F3","GloriaRegi44566","","2026-09-08T16:24:50.430Z"
U6VzpOwQAMOaESnsH9JSZnZ3qD92,"0xdAc02e8a137A96CF9e59Ced726fe231650BDB13d","GibbsMilli8654","","2026-09-08T16:15:28.863Z"
U9MMRmolf1h9sxFucqipfukmU8U2,"0xC38B7b043CFe747ae58114CEF67E8Eb60Ca0EbA1","viet_quach24866","","2026-09-08T16:46:37.113Z"
UDamW4pzDoe4gdnsE2SwRv1vVhR2,"0x026Cb669E8c731C914E5a51F6f92a653099B52e5","PowellSyde40463","","2026-09-08T16:47:07.745Z"
UFn7h3wXBgPjWiEyxK2QhLDQsPJ2,"0x6103CDB91175e474a208620AfDD67a76419955bB","MarvinCart85538","","2026-09-08T16:37:09.516Z"
UImeNSZBVYMAq5XJCfwEuMpwblH3,"0xd62d578baa8F4E64F77100014Ea3Bb6a5984AACC","willie_bra61189","","2026-09-08T16:46:47.377Z"
UL8wpX3qE7gvDQPMvX10ieVsOqb2,"0x8A04a8AA962184143ceBC4EA9295CB959a8cD259","HuyenkulCrypto","","2026-09-09T09:13:00.046Z"
ULjRnX1P5nOXDqE1KbKKZvAoHfq2,"0x96972270bC2Fe9F4893C8e1286D13bFf5C39DD3e","VHng1086858","","2026-09-08T16:31:30.228Z"
UOoZT7lwRGfeVCR0K7jpDIS6LBy1,"0x7c738bf5bCfd77390FD5329aD81efafB8b0Ab09E","ClaireRobe20904","","2026-09-08T15:43:22.944Z"
UQ4SVDmUWwgSKEvpPcUDXOis54n2,"0xca4515156411376dd00319a8a93875a9b02f6e71","callmerndii","","2026-09-04T06:16:01.621Z"
UQlRtwE1awcGBaLmszHh2ZgR1bp1,"0x579fA99a41Dbbea363c2C03286a957D7BF4EE3d0","BTin622976","","2026-09-08T16:35:36.409Z"
UXHCL0txOqQT0RlCErY3FXjv3Jo1,"0x02E369fF6F2ec890208049F523eEc34555fC6C67","HSan737537","","2026-09-08T16:36:06.679Z"
UXwtR4qCwGbrSbY2dHJWYFAhKRU2,"0xB77435C6Bc8fC3C3de6FeBfF766392546591cD16","FrankieCat18086","","2026-09-08T16:50:53.287Z"
UcejzC8j31WzYbxNtf4U8hQJqcM2,"0x0c1749Ea3fD2f1Ff5CA1a83eE504A67a39dB3139","TracyHamil39846","","2026-09-08T16:16:39.976Z"
Ucffyt0rGvY5GApaOlQ9EkWybZ32,"0x59abd5935079490f06496070464501d6483de250","walaw33136419","","2026-09-04T03:34:06.674Z"
Ud97pdzCS3RrRph9mlMQzxPQ30S2,"0x0C2226D0e6C558D2FF28e0a6A2edeb7f69c84507","EllingtonJ22236","","2026-09-08T16:59:15.530Z"
UdUD2XmhUVNg5SNWT7Zr3LnoxH83,"0xf70fF3096efBeAf06F89aA0eD79f045073B24e85","loan_bach26060","","2026-09-08T16:31:10.301Z"
UdwupMVqrWPrUXknxaHKgbgxLrB2,"0xe57394aa7832A81a835accf9657C47bFFd7742C5","DngThnhSin67351","","2026-09-08T16:58:58.160Z"
UfMmkbPm2xWQUSi06hrnvZyjulf2,"0x1D831aDcD67b434F59F723C4FcAeC68Fc2b30dd6","DeannaMull17892","","2026-09-08T15:42:55.784Z"
Ug5ChHNTBnMZwPfsx2O4UZ1K0ON2,"0x89a76C02A1B62fcA7510f05af221363ae23fbFDc","quach_my58135","","2026-09-08T16:58:15.554Z"
UgQ3EbSOlBXSM3YWWAA3uaIiVM53,"0x159C9533D51D91727a30b8b11e9672E7939d2E51","MTuyet65591","","2026-09-08T16:32:56.980Z"
Ugtc3QBXsxeCakgzyVSvPXSDzDo1,"0x3e41c2c4eb073e6b0e2a8b052a33e23452670bb8","blue_mandingo","","2026-09-07T00:17:05.171Z"
UgzzzvMEt1OoTMi347p6jXi2mTfw,"0x9E019625a9935428479E0FF0fDC17D63a2B73915","PeterScottp62i","","2026-09-04T08:59:05.257Z"
Un7l5S9vq2RA8J5YtTqRI8Zva5A3,"0xAa89c84ad9673B2fe581A8Dd3E549d72a287dA18","everyonebpup","","2026-09-09T08:58:29.949Z"
UogF6pWWNJUwSBj8aaRIcTppXLJ2,"0x57893F97B4c7911C1D26f31d47276200cF03F906","HoangKhang70339","","2026-09-08T16:55:00.538Z"
UpCqesAcjRWcjNcxZhdI03L4BHd2,"0x5496D35DcfB6fC7c8147cF5aa021a9207009dd78","MonroeBrax98576","","2026-09-08T16:05:58.116Z"
UrhoDf4nL2WuOLp4D6qjfLQa5m73,"0x010Dd13B588A806C1f0289317e18368516c8df35","CiaNanamikp","","2026-09-04T04:06:49.216Z"
Utnmq9VjDaX4h8uewl1X2SaJNZi2,"0x2b41700751b9cF9D992A1A85D4db49b7bB484BEb","HongLong613707","","2026-09-08T16:27:49.754Z"
UxPkZueIy3huC12fgdX6tpo0CvC3,"0xb2552eFd20596753925bA48F495BcB08c6DB0c5e","PPhuong94081","","2026-09-08T16:56:28.496Z"
UxcS9GR6VKNflId4IdPEzE4q5Cm1,"0x4C429594CC077e527BC164fbE2B23f9CDbd5fc31","harris_zhe37679","","2026-09-08T17:05:20.919Z"
V2nR5dejILcRf6mr7JPQesIRT1w2,"0xd98312E07567CD1Db614B32a91F2662D3fEBE435","tristan_da63347","","2026-09-08T16:07:51.809Z"
V3eloStJmNY7UU372JNtG1BD6342,"0xebD0E9F6f0A073e4cf86c63440e9Bf1F738F19ac","VXun226137","","2026-09-08T17:07:24.395Z"
V4wPcUlrEJStoRXHf7lYtZouwtG3,"0x49FBDe5212cB945550A9a20FD9815d332898e2E6","dunce38008","","2026-09-08T17:07:07.988Z"
V6vJiBLtN9RW8xz4i8qQmNvYord2,"0x9258029d2BB66414f8179013E08cDfBC37Bb5161","LuTin533559","","2026-09-08T16:50:36.019Z"
V7WVt1tt4zTThQwkM4BfNXOwG1x1,"0xB264440c0e94eDD7673ed72Ce07e5939a257F119","VTho311659","","2026-09-08T16:51:57.647Z"
VAT2R5P7jiUi6ZSux8lD4D6W8C22,"0x0Fe0c64d2247Dae29DFd4Ee53d6c781c9dB0e770","ALeonard37796","","2026-09-08T16:37:51.329Z"
VBAaZfdd2DRH5IxA083lPlPyr3w2,"0xC1B41496329048Ed4387C2397e694dd987AbC78C","KaliWilkin77674","","2026-09-08T16:12:29.596Z"
VDCLbjk0JofVJh1P5nCstNUCYeC2,"0xf9831c29d6f4196d335e5cc52fa120ac78e5a6af","Linhka_si","","2026-09-04T09:02:15.336Z"
VE0oQvwGsYahdKvgmed7gQzFV1C3,"0xa6fE36fD323108e098F596390e1F902f1ebe95c4","FinchRanda29273","","2026-09-08T16:54:58.772Z"
VEyvMJH5jlMjker7xt3F3g8Lhkr1,"0x84571e837a17dD59293b74147655BEEf61C576Ef","YnMy338875","","2026-09-08T17:06:59.822Z"
VH5SwwqgHkOboWtcL3ESLRgMwqN2,"0x5cdD5959B3642bda2C377d30279b596A9504f24D","BartlettSt90906","","2026-09-08T17:02:17.887Z"
VItXHn4X3tM7cSBD6tqoD10v48u1,"0xFC1df309d0FF6a2cBB6c036d7eB12d84C23b25E5","TngHuy567459","","2026-09-08T16:24:56.419Z"
VKuXIDj1hlekYWXgA7J31tL4uOy1,"0xe9ea05c5e520538edcf0b36b82b11203f65525a9","sadardiribosku","","2026-09-04T12:09:28.880Z"
VL19sw52OSb3HbWYLHWFzclg4Zh2,"0x525daA2F3fEbeFf0F54aCf4D64B1728eaE66c27d","audley48035","","2026-09-08T17:06:09.337Z"
VMgOkDjbOoh4PlvqpClrYM3dUEK2,"0x22ffa02e7d9D2D44Ce7A4D61F8dB2e1A4bC2a0E6","AlannaOnea73112","","2026-09-08T16:43:15.109Z"
VMnx48CXuxcY3b2WfTfcRlOo18F2,"0xa110bFB5646fE57432F89FFE89C423f227281b09","JodyHogan58962","","2026-09-08T15:42:54.277Z"
VN5ja1P6OSgEgmUkkDvU7PeKwDS2,"0x5014c7c59ae000ccf53813796bb96c3960c6c1a6","knightmare1104","","2026-09-04T09:27:15.132Z"
VPXIqsCbv9W12ebj8lP5ksymR5v2,"0xc3aA642eb65A27de9ddC0e420A782DF2d0308BD8","NghimThy340905","","2026-09-08T16:42:36.132Z"
VRNJOVbuWFP5EQCXfXXULm0L9dB2,"0x98611443cE8b1df6C10b356D28B91cA71956751D","ricky_jenk27725","","2026-09-08T16:47:53.344Z"
VRhAndbf0KaUn9OR7zc6A9cGrPr1,"0x4f392d5B8fe49B233aB84cc715d1Eed49817CFed","PhmHong1195520","","2026-09-08T16:56:58.874Z"
VTSUGitwW8atMr26vhvlJd7XxnN2,"0xD2Ff26a7Bb310dF9D2b417dcD8Ec520F119D5260","ha_kobi","","2026-09-06T20:01:28.098Z"
VUt5XuxGBIffb6Rt1Kg9jKM5uCg1,"0x488C910EF7089b546832Da5DF5Bd3B57482f9bd1","MaiGia69810","","2026-09-08T17:00:42.213Z"
VV3TqejqZ6U30Mr0wTJrOremOb32,"0xee7170E64BDdbB4C7297DCb475e2D27A82BBAF08","rober51704","","2026-09-08T17:02:33.843Z"
VVXC17bDxHcu0yjPo84exid9pQ13,"0x4BCa2D87BEE6dD4Cd9BCE9A78FBCA6e0b34585e1","IngridTess2634","","2026-09-08T16:41:14.022Z"
VWJaPMu19LRT9YoKD5RKz5lkt0q1,"0x04074D0a94B7ddd9b0915AeDA55189807aA613a3","FaneHarvey62445","","2026-09-08T15:41:08.391Z"
VWzfytdERsh1PKQfZu5HUHZPdI43,"0x22A8E31bCd86F01e8B3817DE6CBC87ec776Fdf73","AndrewGilb98139","","2026-09-08T15:43:48.985Z"
VXMnYLthi1e7ZO5xMC1aCE1Gahi2,"0x94Ba13B4a537b720cf847d5d43FEF5b30CF9378e","LuraHannah63444","","2026-09-08T15:43:37.117Z"
VbymMNi2g5b3069kLb3cG8e6JCI3,"0x6c98dFa20BbCf0af2a1780fd06F71cD27845f2f4","manh_yen38469","","2026-09-08T16:50:17.777Z"
VcwGxlvU5nOH3h71OGFSqKjRcbC3,"0xaab4066edb8c070c67fb14f707d3755cbbd7bc30","Andrew_Mike2011","","2026-09-04T04:09:56.204Z"
Vdia3estfie0j3jHlASYYkLUDJm1,"0x152519C5e2Bf52cf3e03B62EBaD50F99B293956e","harvey_san12626","","2026-09-08T15:42:05.551Z"
VfbT9HvgSSQyRyQWXuaRs19dSEz1,"0x83bcc7c9356733e17caf687832c17032643f27fa","captainzzgg","","2026-09-07T13:29:42.424Z"
ViUSQKYSnnOWkWpnNO1xuk8ylAO2,"0xa8726261278Cdefc2DB25989Cb01c295Dbd2A114","ginny_nich91565","","2026-09-08T16:41:44.624Z"
VjKV6Br1tZdoNhjNw8v6THNRFA52,"0x4204cD48399072Ede27e4b7854F00996628b0cD3","bao_nguyen89998","","2026-09-08T16:37:28.672Z"
VjQxPAXXDSQhcJXJUlpLBRjiamp1,"0x72a674e7bB643147bB5F77b7D98BFD264aa698A4","KatieBlair78221","","2026-09-08T16:14:22.289Z"
Vjb586PvZqhoFzrf3PNYJhPBoRe2,"0xDE5B4Ca44A6004f045b0974be8383a4B1b4F346D","RaelynScar35586","","2026-09-08T16:05:59.046Z"
Vk6WvOg4RGOGuGfvNqrzIgMJS4P2,"0x666660f598e56a376425c5f228f8952cc2905a72","easyhoou","","2026-09-04T12:38:56.640Z"
VkrxLjaIsMT1UX7Fd6dvoGIt4jn1,"0xe9B47fe43589753c33dac008398119E349619562","bao_duong59251","","2026-09-08T16:50:29.661Z"
VlVXNlg7JIQrW7GwZoVgC200cPN2,"0x89B742D0292B74f5B01b89d01751150425986c32","chitnyinyi14141","","2026-09-08T16:42:07.565Z"
Vm7AFEvuV8RL5DCFrpzKeFYlmVk2,"0x45996EDd392F11D8c781ce3356f244F0bdD3921d","BonniWalla46270","","2026-09-08T16:20:47.726Z"
VmJgLl4lOkaC42IWi3Vd8E5TyDw2,"0x286f2b14Dc9e7e5eED8123E4a3EC21b5CBdA0bd5","CaoGiang654471","","2026-09-08T16:52:02.268Z"
VmMRo9aK73Rf3PugI6aixnDKiA73,"0xa43E2C5170479643A569E46dc3C3d75d927770A0","MarquitaFi98334","","2026-09-08T17:00:18.711Z"
VqpFzTZ79dW6RMc3VTnZbxlAv8C3,"0xC5F548A961F2188B20C530190591466bB7829295","EndersonEd57477","","2026-09-08T16:16:34.254Z"
Vr7k1c4yZ8ewvmesE2eTxMgdAJE3,"0x42e571D31Ebeb7EbF49344ee6Fd60e222b44b460","KlaraYance38714","","2026-09-08T16:57:06.816Z"
VsEEek7IxxUBv3J8IiqNx3cQWpD2,"0x53a343e6Ec190CdDc3a22bdFFf1Ec169B2E0c0C3","MPdNsRJEtUqwo","","2026-09-08T15:39:39.878Z"
VtXdv9wD31QzwoiQ5dBwrjDe6Uv2,"0xe438b7B3EC0c7870625C8C79F16d10Ab65984eaA","BabbieFlyn8507","","2026-09-08T16:29:39.503Z"
Vujs8VUUk3cJXKORskVMzWmLkTc2,"0x788A131F03540cC57e34D1A05d0B7A5F372cd587","DevonneCas19358","","2026-09-08T16:25:42.384Z"
VvRqf4afVWeRlnfaW9CgQCWniXv1,"0x9DdA237C85b182Ce96F375DAC7B417dF964F7AAE","NhKhoa33110","","2026-09-08T16:31:37.918Z"
VvYwdGjcH5U7DzqW8y2lU1WChNg2,"0x0c51E159a39C53feEe392a8985CC78CA3C872546","FrancisW20307","","2026-09-08T15:55:45.413Z"
Vw63HGvypROnFXehQV6WmKl3SBn2,"0xAe2112fB8b4AD603C729eF29dda278e6675ae340","san_quach1710","","2026-09-08T16:51:56.307Z"
VysAhQTnVFN58ePZOdNcdEqgUyw2,"0x80E3D4607bF71a8aeA7b3Cd2c90AF1B860aDfA3c","EdwardRena58946","","2026-09-08T16:20:31.877Z"
W3xW8cj5Hjd3jUXhAXomWJYBLzh2,"0x9d672FD38cA6a597689f8f02cca98a54A4e5cfEE","coltaction45","","2026-09-08T03:42:17.012Z"
W578LJap6rgWZsDcV2m9khJxqP03,"0x9abcCb35112285188017E9FB9e7d29Dad04e0447","VGia118851","","2026-09-08T17:03:39.727Z"
W5cGNRBN0xW6EODG6Sat42FkgBx1,"0x2452069c3735e5C51122097a4a328d0ec3ca50d3","ha_thang23883","","2026-09-08T16:54:26.805Z"
W6BmG9d2ORfP6ryOuJhskDlzOl82,"0x1DE2713b4EA2BBB2a09074f7aF5251342Ae41cC7","LuongHien60318","","2026-09-08T16:48:59.937Z"
W6TqN4oRZwV6um3hsuOyfWnM2i62,"0x6Ed81E13A601dc332873910af79fb55f37482164","RozalinW27390","","2026-09-08T16:42:12.173Z"
W7MPER4uEPSKnQHgdxWhIU4Hlgg2,"0xC506560E430ffb7358bB368529D9603B20c70CBf","BraxtonMir99973","","2026-09-08T16:38:40.815Z"
W7ibOW3TO5b7sBEb2haSUqrRhPG2,"0x5C5e45506ebB9d743c6F5e12B798C0F73C9B11BA","LilaRegina40619","","2026-09-08T16:07:15.954Z"
W7tNccNW8kUTeD9uxwsYyi51jTv2,"0x40434A9534eCFa48e7d2DF0D48351D2Af85D6275","AptoperWeb3","","2026-09-06T21:11:49.536Z"
W7vKRDZrcAYhjWjlpG675LHmR6J3,"0x9Dff9C1Bf38947725FEdAF575CB0711548871920","KrisKeller67870","","2026-09-08T16:53:23.066Z"
W80z8OYpZwcWydmgFkLwfS592TR2,"0x08f461e1f315200ff17f378685ea0237e634d2d5","gechoowi","","2026-09-04T06:22:23.052Z"
W8vu5qNvRTXAGXZr7bDFQ5oPOem2,"0x5AF632F74bA559a138c36cA562Ab82bb864F796D","CodyJ16978","","2026-09-08T16:19:39.876Z"
WAGqCOJrOhWH5d4mWKMpTpQeAT03,"0x5496632594CFe0aeD067585258c152189F4db6b8","HongMinh778093","","2026-09-08T16:46:40.022Z"
WB8IsgbiSNMd8SGCraaCfC1bSKh1,"0xB0D91AE47a397a4C7f48b4167D2174BDd4b41C34","thao_ta92776","","2026-09-08T16:57:46.534Z"
WCGRXtVSonQFM58NPS1PTNg6EhG3,"0xd8ee3660d37a679ceAea55BD4413Cd07FF833f31","_riskhi16","","2026-09-07T20:44:43.279Z"
WDN2zBvCxqYyqKRisgtn0I604vZ2,"0xfb1887d9388bd68cBa16598294C0712518F86c31","LuTrm189704","","2026-09-08T17:04:48.760Z"
WFaOes7iXmS4P9rIY0K586GXYcf1,"0xF9B8E4A4388D7C30E3D128716C80d61a909149c7","TPhong369763","","2026-09-08T16:26:04.967Z"
WG0gRFqGVahSkb87U4wQeJuuotw1,"0x5B5c51664f62865e7CB957fe819DFb081E24798D","JeromeLewi97818","","2026-09-08T17:03:47.189Z"
WISKHZrQWKQUQr4zCp66kYGnSMf2,"0xB2fe6C03efd96be1BeFD669734020f2A82D22484","SamuelFlem53035","","2026-09-08T17:03:06.223Z"
WJ8yTe5Z1acIgdwSB5unQAGzzQn2,"0xf2dF9f75cFF1A35D1aB259532550D065DBe4d72c","LmLinh011088172","","2026-09-08T16:28:40.648Z"
WL8oqPLvK1hLOnpLqCXmD24Y3N83,"0x7195e51F56385a27a48069B485609eFfBbdd2940","TessaArmCVN23D","","2026-09-06T22:06:53.432Z"
WLn8mN2oA9YP0iKN9Ax5KXMdS1p1,"0xdfDFF837Cd5BD96723e252943E4C37F19c8f56f0","NgKhang472723","","2026-09-08T16:50:39.897Z"
WM2LmcxlqkSB5QN1Y523qqrKSbF3,"0x26f1cf55e33f215000476a30ba36bdaedbb40baf","trickysholex1","","2026-09-04T09:31:06.181Z"
WMjO1y6wtvMcgMTWwC5YpNDzUU62,"0x428C63FEf2046822B5A832EBbfeeb5392d6c81Bc","HThi321109","","2026-09-08T16:38:27.875Z"
WRwV8likjDWUDYu5TvsWgzdmmqv1,"0x818387F9F7b9D03B20E61c78FCf86a18bE30AbDE","LydiaE89306","","2026-09-08T16:12:01.059Z"
WS8zLDMG93zbzj8VfqIHMFibAzcx,"0x339A38264A6aAdeeB6430A70baB2a9b987309058","mary23bh0","","2026-09-04T08:57:39.906Z"
WSpInXBSjZfcdSzBSnIHAmrtcG23,"0x223C72D33215dC7F69B5D4aF27F343dF77Cf4A59","PeterAllen67409","","2026-09-08T16:54:56.764Z"
WSy5cGrsbjh8A1oI1Nt2Gt9d9vZ2,"0xA04A048bc8cf23531fB0594a4E7bDde0179a7beA","DacieReed3413","","2026-09-08T16:36:31.323Z"
WTdpbuxp3TgrB0gRgCSUSlJazjq1,"0x9b2Ea3D663c95c7137D0887b9ac4971Dc589Ba6C","FreyaCara27820","","2026-09-08T16:20:36.811Z"
WUzNgpjRcrT49MY0UFbyY9Y1St32,"0xb8aA70A6C5f6d8536C4F6dee5D82521c9ccc2bcf","QuchMai171743","","2026-09-08T17:04:22.563Z"
WY9AhHwO3ES0Ckw2pyQfMlvvCx52,"0x6580Cc6cc8342b4be8cFb946BF7cbBB74e03c088","HVit222696","","2026-09-08T17:04:33.548Z"
WYoQA5V2ZXWGVu0AJOOLmt8AZ7k1,"0x4D3260E67300D6E28BB8294bdc4cf0673c6a6753","KariTerry95483","","2026-09-08T16:18:47.756Z"
WbDuf9cOB1TVqJsFcd7Nd96SYlt2,"0x315Ae55072aa2215ff3e171aAb42d502e4B58959","GiaThanh211420","","2026-09-08T16:49:56.487Z"
Wc4rWvYI6EVLaNUYGTb0JsyLmow1,"0x7f346e2880e21B454aa51E96BC9DC4AA0896e669","LanReese64115","","2026-09-08T16:39:06.161Z"
Wc6AvdKRmXSHm2naCk4Wqjntqxn1,"0xF4140217E4FE9fdEc454Ea3e5aC61EBf148dEc29","BradleyCoo24166","","2026-09-08T16:59:48.149Z"
Wcf3uAJrZrhqDB8xWgY53OGzPcX2,"0x70C51A4C99f5996F7924ef877dA3904A36d3e11D","zadboykt","","2026-09-04T13:09:26.449Z"
WgZQuLVb7wOTbzhCYQksSWrUZUxX,"0x5D0A79649790F0f55f650DE7AfB42bAd96b869d8","laura79ty4","","2026-09-04T08:57:29.166Z"
Whn288BM8YUQ7nwH42vOirDE5iD2,"0x1E9d21D42C97F18142AA2f0d036373Cbd21396a6","ThaoQuach18397","","2026-09-08T16:35:31.364Z"
WjiIq89GBZQTvyqGlhlQtX20mtz2,"0x5355Da2f7508401e17dC456Eb9B0e5B47Ed53D4d","MaureenZur3096","","2026-09-08T16:51:40.458Z"
WkHjEPWVGFMgG6M1gf1EqHzeT4j2,"0x37a05508120B71BfAC30492A4FB091d6B9b3b4eF","NhVn993504","","2026-09-08T16:36:21.996Z"
WkVx7E8WKMO1TtXIWQLvKzqbxDj1,"0x64a44481061a2948ba500Bb89A63b5B9BA659a83","AjayKum18091907","","2026-09-07T14:22:14.899Z"
WmLhiSLdWPavsvjSpIiPdKPZtFH2,"0x4b3C247024Cf38330Ad0a777476095137C07e463","lee32538","","2026-09-08T17:02:25.868Z"
WmzVZo4aJwqlum4uI4YscKB1N0mL,"0x1421C8c40c21367C2F74a4D6B66710AE70D8bf93","BrandonGompyae","","2026-09-04T08:59:29.843Z"
Wn2JN6QeJhfdjcqf8rmWqhFPo5j2,"0x95CA2DD2dB5F7540E8B36A41Aa3FE2d8735BFd49","JoeScott1955744","","2026-09-08T17:03:48.549Z"
WndEtvnEjGcAzxEL5lUsUmc3MlE2,"0x826b0Bd6CcA45BBaE99a469761db7cd295420c55","LoanBa5673","","2026-09-08T16:49:30.760Z"
Wp46200ZxYX1up486ACBPbxgf8L2,"0x4b47Cb692176bf545c01de3EE347459394cceD37","GiaKim385461","","2026-09-08T16:31:58.104Z"
WpaiVhRzFcShrHK7MFXAmfAeWk2V,"0xf17a2d783C189E77F94D9b75AF30BDFeDFE971AF","DanielHillfcer","","2026-09-04T08:58:51.392Z"
WqNbp9yhgdSSEB9ntJmRfJ3jjwi1,"0xE0083F9D3c9A8Fbd6830E41f00A089Badac79c89","CordeliaEd18613","","2026-09-08T16:36:47.168Z"
WsDQJpyLgWYuVS0C0hPl9RXq9r92,"0x8AA508878eae4D48773F3f3e9FE6E1AF107f4CEE","heather51kr4","","2026-09-04T08:58:12.530Z"
WuuJyFMjvJghz7BVqSU9R15ys2n1,"0x645F8960fba3EF1B17806dEd409C18a8588c4760","bagol132628","","2026-09-04T06:14:50.693Z"
WvTjExhxpwUg9PkcedLpDJZQ78h1,"0xDBE21ae0A5947187F92908b4554829713d747A1C","TKhang274230","","2026-09-08T16:36:32.988Z"
WvbUPwzsBYf4yXZlLKPz3DmJTXB2,"0x1Fe11758D11e0b1e53937E63c5E4c5D057e92cB0","LTuyn182040","","2026-09-08T16:59:35.604Z"
WvwZdR29ZfPXPIODzKhenGBbMRQ2,"0x60616f95789227e589ef3a397a5C37b08CCA6cf1","khantlay12341","","2026-09-04T04:18:49.350Z"
WwRSi0XEDyaY2yI6t2bm54BNiG22,"0x77fF90189d4BEf232458BB711e4B92f81A433868","TTrang337941","","2026-09-08T16:32:01.711Z"
Wwa6ETYtGzaHrCFH1ZZCNOhuGo53,"0x211dC2EBedF47dd36aD6AeF3C2b22bf2247dA22e","MariaWren50017","","2026-09-08T16:27:39.763Z"
WxlXADV8usTC1irAsqYYFcPg8FH3,"0xFa44c51a3F2D7Ee29E15155A09fd58B3Fba89790","QuchHnh133001","","2026-09-08T16:30:47.115Z"
WyHw1y0MPqRGdDHwfiSiPEZd7503,"0x776332EeE2177fF40c39Ed4A4b65341235B57002","PhngH234412","","2026-09-08T16:24:43.463Z"
WyeTzB1nKhMkm7ZlqfP89GM4Dcs1,"0xC68CbF87f5C7ad38c415990Ed8110a5470818249","RobertaHam807","","2026-09-08T15:40:54.634Z"
WyfeojJUHQhaN9FIOGMe5UsGyxs2,"0xF8678C11d357Cf9921ABCB971Abe8990F18f97F7","BPhong140230","","2026-09-08T16:26:39.335Z"
Wz1AWc9IRuUWWDDUqc8lQpL0pni2,"0x58d01ee097F983b761251203977A9874606B16BE","TangT93835","","2026-09-08T16:24:44.689Z"
WzP3MD4LXhaSPp9EcGbdKYaX4UE3,"0xd0e088e86E11DF0b118B8ea8C88cEa542069aE4d","LKien7970","","2026-09-08T16:29:02.058Z"
WznnrELCcCNxNeI18UsGgQSJ6k32,"0x927937696519230C3863703931B12Be079285dcf","NRory73200","","2026-09-08T16:11:26.109Z"
X02XQi1Je0XtGle35Cng20A295U2,"0xd841d6c872AFDc380682525c0E46CfA87AFC6151","SamanthaGa34699","","2026-09-08T15:45:08.080Z"
X1I0rPK5gzOE1n3n2TaVG1AAJYe2,"0xC98DE9De3A101CFdEE4A7A8019A56B21e87890fD","GeorgeGils59387","","2026-09-08T15:43:33.216Z"
X2uUeI2Vn5fCZX1mJlAMNLHXBCX2,"0xDF79A74E04D6aC2Ed5ed926f731C5b715f8A199A","ChuNam441053","","2026-09-08T16:26:32.470Z"
X3jLPg04O9W43M8kYIK4xem5aIy2,"0x9C5B6F6C158f741Bc2704bA08Bae745b3F1B296b","NgLan392897","","2026-09-08T16:42:22.361Z"
X46xd4As9xW1ODGX9g46QjMeAeJA,"0x934b564d72450F7499978A223dA351c1844c9Ae0","nicole68dn6","","2026-09-04T08:58:45.792Z"
X5rJ42CT4bO6QS2LhkUZV0jivK53,"0xcaa18ecd49D69C2006E513401B20b6621fdf7860","TaylorBlak48171","","2026-09-08T16:37:35.345Z"
X6jJyugKWfQszZRR05LbtCSPZyy1,"0x8139009e931eB877A3c67150E1711b9472B363c2","DinhKyra72107","","2026-09-08T16:33:01.359Z"
X6yoXqy1bghaYEex8RzbSJo7oxq2,"0x0e7E549673e3266113eCe5d6599abFc6dB16E615","GavinCarte84785","","2026-09-08T16:31:46.635Z"
X8fzINcbzHVrEc2gR5HZxUdzWXF3,"0x9D1eaC85d1643ebc43205d6B008EB4D7F4507D31","DungHuy396377","","2026-09-08T16:36:52.711Z"
X9oSwibTaBXz9JTgTJG9xAk9Rhr2,"0x928BCCEF3b441Ab3596E59Ca51EEFB93C574cB81","SHUVOISLAM40","","2026-09-04T06:04:13.304Z"
XA5X5tamyMfQjRBsWhSyh7NRO7Am,"0x7328165886eA913692aA8B8Bd4EB9647e2Ad1826","DanielGraysla3","","2026-09-04T08:59:26.187Z"
XBaltdsyMkaIAlEnN3Bgkrs53cU2,"0x28465B3387D6a7A4a023f85156a4247d2575bcEd","thy_chau31452","","2026-09-08T16:46:38.415Z"
XC3we9sIFyO7IQESjoCRihhsmj13,"0xE34ED7a20Dd2472e6Cc0bA954b8c332D132011AF","TriuHu576504","","2026-09-08T16:23:31.688Z"
XCJrcFZPWmU81ttQsJvEEonSjD03,"0xf3aC610A734F4c996eEc90383cD1eA92114d7178","RobertaGra15349","","2026-09-08T16:04:55.554Z"
XCpy5s71gtT3J6SCp6MHRCzHgXv1,"0xCCDf2567C49AF3161146361496305fDFD762879B","MableReeves16","","2026-09-08T15:39:11.571Z"
XE7MiEu88AOaotHDOxubvkfPsX53,"0x345e1a371a0a5a021ac29075ff5f624560bf3821","uikey070","","2026-09-07T12:26:51.444Z"
XEDotKYdBhfh5OlrZStJnjnnM7j1,"0x143Ac57F89C12E6a7E9ec8cA293D87fDF573f7Bc","KatherineL74769","","2026-09-08T16:04:47.340Z"
XEgv7MQktLNhktlAaylqIqo6HOO2,"0xd32f7BB9894CaFa7C8f7041915780b516187CBD8","PoppyColli33683","","2026-09-08T16:12:08.040Z"
XJTbEL8pY1gYkxixUGUrrcdUxrr2,"0x7bf7417422A6dAEcf8aEF2A33520D925E753584A","hong_minh87494","","2026-09-08T16:52:43.574Z"
XLUqzNxaHhb2kRUbdVd1fccMpUB2,"0x2DD506Eb818Ec07b71ee8C9e75b0a64A0F90AAa5","BellCapric29972","","2026-09-08T16:38:15.643Z"
XMljT9dWXqVQhs3tvub7qIsaO6A3,"0xAe01f5dC494c59d16f56A105c256cC0B70828abf","mitchell_a8338","","2026-09-08T16:17:20.332Z"
XNGLZPx0XjhdkDd5f2wDBin7PrL2,"0x7883d4F8B831104A1816B75ac7BE576Fe9EEd292","fulton_kev69140","","2026-09-08T16:18:03.707Z"
XPYSTSh3EggzXKZkK0kLAMSd6wz2,"0xfa0C727C7671e4acE2bB732f8665B15822A13C2b","KimTi325227","","2026-09-08T16:56:34.385Z"
XPsHDYIVYJSLhB8k1851xwLpbKz1,"0xE6458123ee791c07d6e9F5e2090be5566476ae03","Evangeline41088","","2026-09-08T16:24:34.932Z"
XPz4rN3K7TW9VADi7lAFeExnrQ73,"0x34D750BFaF2d348003689e2563B673C57C7B0e04","hua_trang2920","","2026-09-08T17:01:57.642Z"
XQ3PSLMJu4avU6hXsByS2zV0E3t1,"0x245A64ba9896DA8029A9e65B736Fa14618fC9DE3","TXuan86290","","2026-09-08T16:53:01.678Z"
XQgYvyeh7JYAsKPBrZOp3YQdplg2,"0xa2CB6b1785A4d39c89379A656f50F35724388D6F","HollyJourn22449","","2026-09-08T16:34:19.001Z"
XR3zF4OS1YciWolYntvwMlgzOtdt,"0x80D3FdC3931bA28a1E3e95F98aFA03fa649643E0","taylor34qs8","","2026-09-04T08:57:49.785Z"
XRRlbIEIJDQLfifMF94hvUUQskB2,"0x85ffbc274f37df6443A95B55Eab8297f85E631Ee","HBoolman43811","","2026-09-08T16:55:37.022Z"
XT55ZcNkyhg1q6Q2O686nDJO3fH2,"0x4c73BDD4e9C90C5bd1467F6D9b56859E3E742A48","AvaClariss1584","","2026-09-08T16:28:07.515Z"
XTRgamUaCpYPYpKhoZvL3HJgBV02,"0x7701f04dD3fF3C6e3661e4d4C204AFBFE4F285A4","DarlaKanuu30632","","2026-09-08T16:13:52.677Z"
XUGIzROieoj2aNfhnU1PYNSSevyS,"0xf7C5b89B4B933074bc45720F2B0E61BF1a6e63e4","jennifer35qo5","","2026-09-04T08:58:37.007Z"
XUTXMGr11OUvIXOppFyHyOVlEUt0,"0xdA6A75eAF72Cff441bA6668C8212BA0305A5fE46","kristen21dx8","","2026-09-04T08:58:28.315Z"
XVI5HYySTLOZb257X6eocabkayM2,"0x5C5919FE68eB7A71CA73e65A42541b90131B244E","KNrafsan","","2026-09-07T04:25:37.045Z"
XWbTcy5qE8QJx1qTCavW7TOSql32,"0xbC0AB4DeB544d70d10731346C895d31b23e99Eb9","LesliePame1244","","2026-09-08T16:29:24.084Z"
XXprbZYNlRTvAniMcNClY9Y5OAG2,"0xF1087BA4F53781Ad2739C9F1B34C8a111b0fC3f0","hieucocghe","","2026-09-04T10:37:37.945Z"
XYKQpoLhR5Yue1SeMbeBdfSBx602,"0x0c8F5Fa39556d2F0E269044BCe19D1fB60D03d10","AubreyRoby98603","","2026-09-08T16:36:53.711Z"
XZ9t1eN3S9U3Jtxn6Aa10F186DP2,"0xC92b3a22559d355b0272eb7163f5471ea87D718E","Liquid__8","","2026-09-07T19:41:24.372Z"
XZGqVXr0fBY9P7sA7ozizSrTzZH2,"0x6B2B759AB4a96929c43E67B8b8bB845152Da5b06","LilaF87187","","2026-09-08T16:05:40.635Z"
XZKumTwV7FQDW0Xu7gPjam8nRgR2,"0xD88ab1BB916F1f38E6Dd40A0273c376febA5eA3A","BHo979438370865","","2026-09-08T16:23:41.872Z"
XZfl77U8EffBkzo9yN7Lh60nGOY2,"0x93997e79d4acB8cF2861D2184c473E920390722F","NhamH59666","","2026-09-08T16:47:48.118Z"
XbXGCIptricHljIRQyaWHiXYad33,"0xcB2EF071585F3486e34c8d5A94E2187B259282D9","mai_hoang39086","","2026-09-08T16:31:44.206Z"
XdCo7NdNwoQNFtcplRBuUporU9w1,"0x58D3B74080212ac86D0BC5882352B32d8607544C","AnGia5948","","2026-09-08T16:28:29.601Z"
XfJn4gvV3XQ5OPkavJv4GArGW442,"0x1322a01Fa993b14D9c6Aa6759A630f4062C43BBE","FranciscoH32487","","2026-09-08T16:55:10.489Z"
XhLUZZs6dhNEqJ9th0lA82bYrAX2,"0x7A7860c549B096F48C18Db55e964Ca74047D53dE","NhHn545677","","2026-09-08T16:23:39.788Z"
XhtrEgVQdVTXaJDlNa1DPwTPlzT2,"0x31266818E657f1840E376DB1daE791716e39B498","AnalleseY31058","","2026-09-08T16:50:26.633Z"
XjLHwgsxoKPkGGpGg87Hl12eIho1,"0x797501b51692C9D468DB4f7644b8c27F699c2093","PhongNham33670","","2026-09-08T16:26:46.322Z"
XkABqY7cx0XqKvEl21dYfaAv4Srp,"0x9E73A424d20A910Db9282251f8dFc191a690ff36","vmac5xwu","","2026-09-01T00:38:40.698Z"
Xl79O7Ix7kPPRBQA06j93u31kR33,"0x9a96f975BA73Af4A21F0600E5cfa3A12850b69C2","Adventures2Xp","","2026-09-07T09:36:23.132Z"
XlEAmxM7bxaru2qaThoBUzbLv9q2,"0x50E55D9f7aDB00972AD4CBFdbD6f12fA12fa4cab","LmThy1028669","","2026-09-08T16:48:38.435Z"
XoBtaKcDVFpCDRrokiIMAnlvctsL,"0xfC119588563f5279D595a654B321ff992A982015","SharonJamegvja","","2026-09-04T08:59:23.825Z"
Xp1oXmubw9TuM3ZfoLkRoRiJ6SB2,"0x24e57Ea41DB388130de9D3f57Dff8CA20f9dd2bb","KieuB90725","","2026-09-08T17:00:35.136Z"
Xp6VSp1LqMOjFboIaWbf3G7N3ns1,"0xefc749Ed839b22bC531ef67D7e2F44543B4ebe8f","BerylJohns30632","","2026-09-08T16:16:16.319Z"
XqnFxepwjra80GJ2AGXnp5PQkpt1,"0x5F552B2AE1e7f9b40aFe7Fba5887c54dE8D90Bfc","HngMHuyn663572","","2026-09-08T16:56:29.629Z"
XrWopeaUhwaUpdCkOUHZNbNmaa03,"0x695f1150E07C8dF4F50b1B2e6d9Bd577E1fB0230","JoyceGallant3","","2026-09-08T15:54:11.832Z"
XsIyruZkZbRo2DvxvlIJSqmNyBi2,"0xB76a9144F426be433332d068BFA466fAf57844fc","dung_thu86554","","2026-09-08T16:25:56.756Z"
Xseei1zLfwciLmvTXIfqeJi2nsi1,"0xe666F0F7FefaBc83aEbad332b6e4a50D9Ee8490D","QuchHi1020401","","2026-09-08T16:28:20.642Z"
Xtcv9qLKbNPvC9E12hDANZelprb2,"0xa13c6dde7ec0d50828e6d785bdd0c367cda5985e","nafic13","","2026-09-08T06:37:32.992Z"
XuEOBOvrlwhIBf56EYVBXtHN0KR2,"0x9ce0dd698E418ccE86a34cf4FcD583f37153D6Aa","RonaldBric68135","","2026-09-08T16:11:30.034Z"
Xut9d7MbVhfB6ST4wiesdS6pbrj2,"0xd73d98106252D6330F3aBA390d01CD258A255703","AriyahK20402","","2026-09-08T16:41:53.121Z"
Xv9RCmiRwteeGUkP6oKKmKRKkle2,"0x23501088AA34c47FA2b6e546cE0b8A7191b6Dd55","AloiseMcge98045","","2026-09-08T16:24:39.834Z"
XvRnLYwGU8dR4BPbKNj28fn3mD63,"0x10861919c2EA2c2889cA440D1B82Db96Aa1AA206","FrancisLun56901","","2026-09-08T16:12:36.071Z"
XwLgdQxzUITTWXq2wibdW114djA3,"0xd20963c2ae052136ca428360c93c6EB7B8592cD4","MnhTr350349","","2026-09-08T17:01:42.255Z"
XwYVm5qaSjZaxWbPhy0FoZxfqxd2,"0xCB1c7Fc638C3B5F7b7e8f366FC494Fe780e2B54c","TThc348986","","2026-09-08T16:28:37.087Z"
XxHuTYyXXCRlYMrS7MKS3qxXwYe2,"0x1A035d8D0F34FC0bbB513bC7EFF58780A353CF42","PatrickTur3388","","2026-09-08T16:30:31.958Z"
XyzLpDaZzPdsQDCq5sJQVfN03JB3,"0x9B32193642F578A31f8CaA9efb8172d1f5902610","LenaB8674","","2026-09-08T16:15:06.761Z"
Xz1f4CvQF7TfLcFAKEgSKxzZ7tc2,"0xb197663A3b20ac53285451e0D6892073cA69EFb7","is24291","","2026-09-08T17:08:41.912Z"
Xz8BvH4CL4UJke4rVtmrupqzMGe2,"0x34900241d321f7E92Cf212dd8033A2D3cB55dd47","CarolFord553632","","2026-09-08T15:42:27.257Z"
Y1iVhKVgpdd8ZYdc6XduDSHIKTf2,"0x2656e4D36b80a0f9cB784B575c3EA1188202f6B1","TQunh452542","","2026-09-08T16:35:38.594Z"
Y2hbyX4ELGMPG79EfnZ36euLJY43,"0x7931F97e35404Ec757569735305C498e447a77dd","VTuyt312102","","2026-09-08T16:32:35.911Z"
Y5iVyxeZLbJXzkze725SpzW9Z4vy,"0x15A7D485e772fA37967F117C98E99843E5734824","megan51lg2","","2026-09-04T08:58:27.297Z"
Y76wTYHosLbHml55HfxKAXzSpXN2,"0xB33d5272aAD14608DbEc4eA749f6ceCE57F4de26","MitchellAl71162","","2026-09-08T16:04:53.790Z"
Y7GQIATMluSP9STjPD7lOBDfPZk2,"0xb978dD1e329b446d9E833c6824b3036Bd25f87Eb","PatriciaEs88507","","2026-09-08T16:22:24.406Z"
Y7K0Q4Z5zBSqGkO4onwXdZy20vG3,"0x9847D710e5a441421C13B5D0B042b31933d21b1a","le92756","","2026-09-08T17:02:20.815Z"
Y7fvmzBp1mMebgQgwjzcEXWh9Ir1,"0xd75B48BC69838e72bEAc96EBc847d8Feb13B4208","AmyNorman192432","","2026-09-08T16:11:30.706Z"
Y8Duhp2i70ZjsgLLkBqsTnpNdE53,"0xB84292f1a1f9b8641253B1184ed9c5BC3542bB90","atche68509","","2026-09-08T16:59:45.398Z"
Y9pPgRmwwjMCNVBT99oJlBtj17P2,"0xb444291c406881225676bc4e34645D61a8fc91FC","CaoBa91277","","2026-09-08T17:05:07.735Z"
YAcXfcWWDZXtUIxUFY92QA8Cr183,"0x94e592575F378ba9Eb2179202fa81389574211aB","JerryRober25705","","2026-09-08T16:17:56.605Z"
YD07NjsvoChl4DBbBOX69QRITbB3,"0xAd4EdFBC90DF1D7f50e8d18E770285e33aB7a81F","MichelinaWend15","","2026-09-08T15:32:20.738Z"
YEa62N4cV5MgZ98RLanCK3IhWyG3,"0x724e1De08aEF461f2f7451c634AB6F7846356287","DarlleenH12691","","2026-09-08T16:11:02.274Z"
YFMuaA9iVWby3uEdd6amip4FQqx1,"0x5c3405AbD346d932994983498dE80D38018bEF42","motherlife11","","2026-09-05T16:51:32.122Z"
YFsNXqAm7LfaLFTbHtIx3hwZnXq2,"0x2F65c3b3919d45137Cb961029363e9D3d5B0C1c7","BlanchardD26288","","2026-09-08T16:21:05.614Z"
YGDiY8lMj2ZuS13aPA2ZYzydGFv1,"0x352f8088E9AdC2eFefeF0Dea58db75f71b95871f","RezaulKarimss","","2026-09-06T20:20:03.958Z"
YIthLyI2axeXuyDIEAcrwJ2ilA72,"0x446ee84274F3E273c87A7523Abf8e0C232D0eD86","RRowe67736","","2026-09-08T16:02:54.153Z"
YJcwJ00OKletb9tAqDYYqz1ck5G2,"0x197B048d91354886709C052B423EAc6f8eaB7b0e","HanHoang49750","","2026-09-08T16:31:49.870Z"
YKC39qjHHsUPHKxYw5bmfm0q1Nw2,"0x520EF68D8aCD9A6dC5eFd144BcF031045aC6178D","HTr1662253","","2026-09-08T17:10:34.899Z"
YLI75KNUK1UTqpSRFWvmArnBR8g2,"0xe5b1d06e406A9D4fe90eeCE7ff23841d217d4E09","TrnTuyn173914","","2026-09-08T16:38:50.748Z"
YMVBQYYIRvN4KKm7fOrzP6O9K0uU,"0xC175B6956fb7A90f61DC1534BE5147A4a88F5dB4","alyssa89ku0","","2026-09-04T08:58:09.122Z"
YOT5s0PuYJacZTg9cfgJamCOMvK2,"0xc03b1100e3Ab29C68d6dbC05B64c20837ECa0c96","andrews19286","","2026-09-08T16:04:37.813Z"
YOqRVR73z8TtRRy7jFqUzRhiRZX2,"0x2254AabeD5B71e1110Eca11E0C03B387e42bb51D","DelaneyAli98917","","2026-09-08T16:24:15.494Z"
YPJpN1Csa0QNk496DqLZIVpP6RQ2,"0x3cd17486F3F42e8298E7D9a66B65b11eF170DC8D","CucNha77752","","2026-09-08T16:45:04.210Z"
YPo06asEfKdYKbWP0UjB4JEgSob2,"0xbE7ef399014493f65624CD0833CfF79017ef63CC","addison_ca31833","","2026-09-08T16:17:36.740Z"
YQGznWWvl1YV4d4dLCklur6DW393,"0xCA65B70e3799A19327Df9c73fc79FBb697c033AD","ArwenTatum9200","","2026-09-08T16:23:18.098Z"
YR30IiSwXRf3xIOcoZH5XfulzvP2,"0x465A78d0Ed008ce2139355068BeD042c0Ac06ffB","BlakeH39640","","2026-09-08T16:22:02.127Z"
YRqWyVP4t8Q5WCghmP0MMIODGI43,"0xB62Ec9b1f0CDc65f17AF279d389104A4eE662314","PeytonJust78731","","2026-09-08T16:29:55.941Z"
YS1XX379MRTpmUzogAuz1RxcjmB2,"0x876f5a7fe4aa9CffD5Ff51684e1905B61fCCffa0","TangT98338","","2026-09-08T16:33:25.476Z"
YUH6XNVkTBNMb838lsS1n5FSCE0T,"0x66ac764E3F05fD92b2029251fF25b6b431256a56","tina67dr3","","2026-09-04T08:57:57.000Z"
YUXQuJ4q1nRBXZKqSCS9xgTELrW2,"0x8156438a9237aEB8dB5Fb8361D49cf440222a269","weelend12","","2026-09-08T03:35:59.441Z"
YXHLJXF6CxXQcR4UIJIxMP47ZpG3,"0x4BE4A7E4b6533fe9740Bc2b81b511F050E7a1C21","ThuyNham692","","2026-09-08T16:37:19.824Z"
YXoqHRfSW5cnrIamdfxSgWEqrYU2,"0x5be99536E911f6a1376988bAa2fAF3b494c247d2","FelicityFe18902","","2026-09-08T16:49:03.872Z"
YYH1TRBXBWXKvlFMGLVJQ1r4w1i1,"0x48df46D339Cf0Fb74C80b17D9f340ecf2611bD08","HBurgess567","","2026-09-08T16:16:23.445Z"
YayTTKE1b4V5sVSq5Sm2khNjB8Q2,"0x01f81334f196a2dd20ee67a334a65a3c81943492","Shushank495660","","2026-09-05T14:50:03.714Z"
YboT3UCAvAfq3y4ANh7zE3Bvu9J3,"0x9f0aFA08a1705390d2661c87b6588DC298F2270d","paulsen_wh29131","","2026-09-08T16:47:34.165Z"
YeCxqV6uzXdTMlSEBxramf4aS5q2,"0xF4C2d700d72FFB009130972FEe394252FD769d2B","CarrTatian18188","","2026-09-08T16:32:19.704Z"
YePsmLWYNRUMoKcvZIqLvhGwg2J2,"0xf9C7889f9bDb115e7e46Dd5b36eC4cb7030B684d","GretaSailo32507","","2026-09-08T16:12:09.688Z"
YetwvG4HgTXCu2dgdGaPiVgUL4l1,"0x515cA8cA7c86D95AD9bB23b12e8f4CA5FA169597","haas7141","","2026-08-31T16:41:56.309Z"
Yeu39h1apqVroUb82W8sLndNzxD2,"0x0cdddf0d030557bb382703312c1dd4c9dd4c4d6a","CryptoJames07","","2026-09-08T14:05:19.507Z"
YfDadtnz6yNwuGo1VuHUFDQRFFv2,"0xf384e4e9d2553242707b9c8Daf27dA0FF5de0762","NhamH82614","","2026-09-08T17:03:20.137Z"
YhrJYxEz71UHijDCoQhUqK8AI383,"0x7A527fE08f716a69DDF128A9938C1A59692f49b7","LuongLong65771","","2026-09-08T16:44:44.596Z"
YjBd02afbBOqfcWP3fNtN6LG3DW2,"0xC58673fEC9f793a0479bFE99886E98707D7dbc9a","EConors93969","","2026-09-08T16:20:52.957Z"
YjyNDB4DzaPvezczSdEtghxCExy2,"0xcb60eE167e931d9Ea99FE2194A2a5C679093DDC9","ClaytonVal37028","","2026-09-08T16:55:58.583Z"
YkUqR62clGRhDUfxcCrj71qzq4m1,"0xFa38E71EAbFf3eb66E531F13C12A817AD7eCde77","ashu1299600","","2026-09-06T20:23:11.438Z"
Ylmh9oPqtgWMkRZAywQdVBJUC3k2,"0x0b3a9f0d8a6E90df84DBBa28A6376c196BBf2173","LuNam1845250","","2026-09-08T16:54:05.557Z"
Ym2SaadrhdfU04tsCXTjOXUEDhJ2,"0xf5B4A069f97B46a55E297662C065EbF843395BF7","KerriBayne49067","","2026-09-08T16:50:33.421Z"
YmE5ENnc5uV3Gbr5ofoZnpHFIy42,"0x3669d154C7b5BE8963730B1827B226e5e051B2ad","AbirErMim","","2026-09-07T10:34:39.575Z"
YnL6aCjkdyMCAlJenxZI3sRpTQ93,"0x520bD94525B43917374bE8e61F8b0Cef721eee85","NamKim22013","","2026-09-08T16:26:47.401Z"
YndYd9nNZYT6imAnnZbwJpEqKbx2,"0x89741d53F470B329f95C0330e024FC199cB39CfC","TriHai6193","","2026-09-08T16:38:07.831Z"
YpDHvhdVzuaWHsTjJltJ3IYBVcux,"0xc0932EC3803CC19cf67Fc66E3c5D45C90392e692","LouiseHilldkko","","2026-09-04T08:59:37.304Z"
YpPtCvYhyiNIxOaeWQ9zA6OomqB3,"0x92CC5890eda74fFaD3F345b5626178fc2b8E7F3F","PaulaLilli87810","","2026-09-08T16:40:41.952Z"
YqWS2mNUklcJihpc8z8EFCFduml1,"0x0895a0e4EA427dA51dF5e41C129A0115B87941c6","VLm1454051","","2026-09-08T16:35:01.084Z"
YqiLG0xsfjVaNc1MSXbbRH2ESMl2,"0x9637eb0aF7A72f66311b42Ba1b72620b4E67759d","CarlosJone38995","","2026-09-08T16:31:16.657Z"
YqjgJNICmmf9VvhOjegOtm07cG43,"0xdeee56ba4b7bb69be45741bb1ed3d791f26a691d","0xFolaaaaa","","2026-09-04T12:38:53.341Z"
Yrbkyv8CEKf3GCZluBVxP47kqMd2,"0x99d48349D9e165840DCf06499afDB0eb90B43f8C","HiChi68665","","2026-09-08T16:35:33.297Z"
Yrceb6Pe5PdTm6ZXMaSfTzVknww1,"0xD2B6eB54e34f609439b54C7F147C0A3a5be9E161","jerrilee86105","","2026-09-08T16:49:28.592Z"
YtlLT2Op2Wa56Nz2Uz7Hb5v7ueD3,"0xade2355C71240eA44B4de1c1f123e6a11cD3487A","Achonmy3","","2026-09-03T16:00:54.545Z"
YwTTvKqiFnMkLRTMtAg5a48awjzA,"0xa9434125dC4e863831533bEFEfF5D7Ef58f41e07","JoanReedtlkg","","2026-09-04T08:58:54.436Z"
YyEYEXRrlUOjzh2HPJmMdz6eeoH3,"0xf21E228E921dAb12B1E9AaeA465c5A33316e0c95","KevinLee679218","","2026-09-08T16:04:54.594Z"
Yz61yWAmCiaLSUfA274uHKWZN902,"0xd76909cb594aEc0b8cd6F8BAd3F7aE1E7Ddf2265","NortonRhet12878","","2026-09-08T16:43:25.629Z"
Z2hVKoq1pAOzaMRHOABfPxUZyi03,"0x8964E4Ddc7831C22D5cFe30684497B8db3397113","KLloyd7881","","2026-09-08T16:16:07.677Z"
Z4Y2YojUELYdFNOhsF15fOhQoRw2,"0x2260c36B05B474B306D7036207081EA23226b519","nha_huy65519","","2026-09-08T16:51:22.333Z"
Z6DS7j3Xn2Td08BNbn4IvI0zhNs1,"0x6951AC434041B63aeCF7aEb40c1738F265e936b7","ColleenBra80062","","2026-09-08T16:11:12.380Z"
Z6HTf7dITuX7QSiyZchmBmKJmIk1,"0xA843E48588Bd85573Adc5c9547A469f9e380eBd7","BurtonMade50265","","2026-09-08T16:16:03.293Z"
Z7GpuH9SBfcGwiME26V0JtHmGDg1,"0x2691a324abcfc7864df4b24dcca9c5ad943a8124","0xpools","","2026-09-06T16:24:54.957Z"
Z7PAThXiXbdQPcdg0hWuZoDO96B3,"0xa5eB5Bab8d5eAb95b24b7d8E7e868ff6E78e320f","TXuan24531","","2026-09-08T16:56:22.195Z"
Z7pHYYSXEFeLm4CGOO5w575YYYB3,"0xFf002020c42dE518Ec7B7e07D34BaefF908874b4","0xsoloz","","2026-09-07T08:41:44.162Z"
Z89uilPmQoe64OBFI3c5ZBpLwTY2,"0xB7B8160BB19FE8985fBFBEc88BCF233Cc1E9e6e0","LVanessa71249","","2026-09-08T16:20:56.009Z"
Z9r5GcTlGlTKuVEVhqSV8iuutLj1,"0x6D5a90670e052b0ee93a21641fE7923df88eF993","WorthZarla14665","","2026-09-08T16:22:28.509Z"
ZAwNXQcZVfWtXkU1sxI4DLFxacI3,"0xd1295d9E122bDE03dAB5e3A59195976cb2e87c5e","NgTun861472","","2026-09-08T17:00:54.912Z"
ZBSfH5MyODcdxbvxurLsIPlSeMW2,"0x96C9E3CEc290C547950AD016b1291C3A4ED6FBe1","katey49796","","2026-09-08T16:09:54.363Z"
ZCXiH5VKizcfZyeUN0TqJjZw1ez2,"0x181b02A19927200F9BD751c9BcBA9Ea7d9CeABE3","MAhmad04760283","","2026-09-08T14:20:29.649Z"
ZG9jp2S4nTaEp7SOSvRpQXoTW1j1,"0x8Fb000c447Aef91E5dcDD120505E2e6F1e0cc226","DungLong196684","","2026-09-08T16:58:32.768Z"
ZJ05gBmv4jN7IMJk25BXLFDxq8P2,"0x80c491d125A55eCF18D0dd2cef0A75bC9F44cFe2","BHi1385828","","2026-09-08T16:35:49.203Z"
ZLINpXHkXzDiAT6SZBxs0rH7XCuq,"0x125925fc5554b5990e59997EFF09e13049859Cf9","jennifer05rk8","","2026-09-04T08:58:14.526Z"
ZLxx79MYeCU1TZuQLGyffamFzAk1,"0x767E3D381Cb44a2E562b778853a74Dec984A0D12","CyndyK86625","","2026-09-08T16:25:31.977Z"
ZLySd90YVlM6fBdrWvKjGBYjeJs2,"0x78aBfF25814e04cC6ee4F9E3bfdA5A263C2D8D24","KimberlyKi15469","","2026-09-08T16:09:49.540Z"
ZMEEd512HpaHFqTQ8v00ojQQElv1,"0x02E36e6158f682090f8Eac010bE867723549aeDa","JenifferW82167","","2026-09-08T16:55:40.568Z"
ZN1aKcFZa7eE78eBOjwriHBrjTj1,"0x8572705Aaf30D5dc270e2D36Fd60E881902106cc","DenaHammon77588","","2026-09-08T16:05:35.869Z"
ZNrFFKfk2eUATCXwfu7nDbjSe7r1,"0x66Ec51A172330aF4bc2C8772556677D7BbC22B16","OpheliaVir81449","","2026-09-08T16:34:02.816Z"
ZOWuCMXQOVQ60q5lmaJC6O3Ot2A3,"0x7177AAcB381485f38D61449E70F9Bcca53f902Ef","creighton82619","","2026-09-08T16:59:17.873Z"
ZPvYWg0qhfMv3Za5ESmN2uFgFMs1,"0x1acb5096EcE0108923BcEA14fc0b37E4A3FA8df1","freenft001","","2026-09-06T19:48:58.538Z"
ZQzWC5vk6bbpdAcBVOcHs0F0UzA3,"0x0B103Dc8e597AC2e97f2D5159f49Eda89f301Eb8","BirchNoah66395","","2026-09-08T16:15:03.501Z"
ZSqmrA5u5CO0mxrYLot1TZ3zCAz2,"0x2Be49705CbD64a1e32CD87dEcB2DC325157cdc06","Machine_Ghost1","","2026-09-07T03:58:24.595Z"
ZUfaCNYgL1YBPVv1mF7KFxvCUO53,"0x3Ca526B064785cA9738123E0a932Bece9a696529","LinaAlvara42857","","2026-09-08T16:15:41.832Z"
ZUt7F8rDjQWpTzRrudicJeNIsjm1,"0xF7C81fAb4518474C7b82B964a5B9A4B1a08fd41D","FraserErne13806","","2026-09-08T17:01:00.927Z"
ZX3ICDCCZie3643HQ2xO52axFwR2,"0x262c4b3F791c7223ED5117caE2028D36f5014Deb","agretha24409","","2026-09-08T16:14:03.839Z"
ZXWFZJGL2TYV74XrgTrDOnJCoGOp,"0x2CA5C879bB63F214ADbF9a49AfB289Eb40238cF4","amanda72re4","","2026-09-04T08:58:02.107Z"
ZZ5Ra504ShT7MBKqKXXIxoRXQAj2,"0x3AE7f1A39C17218000356E1EB77115242eF2793f","TrNgha286392","","2026-09-08T16:36:13.768Z"
ZaaGDSsh4TStmJv46WhObETRgv92,"0xE3BbceF98354150f00E7503904c4Bd772996eB68","GermanaSch93184","","2026-09-08T16:43:07.363Z"
Zcf9ZaVqJDb94O6aN6XgRihAgC23,"0x3F967d289104F4Efc593aB830d0232CB1bad869a","MichaelGil74393","","2026-09-08T16:22:46.311Z"
ZcgmFIpO0gaBgBLsvVB4CRTbea13,"0x02Af2371D5c5a01C0D57E08BCc4B8F5c63C1E08F","DungTm151429","","2026-09-08T16:35:32.049Z"
ZdmRnCeyySedxEewinngbBFKv842,"0x1C102D526264b2883F565A0bAa27C3080a6d4944","GuadalupeJ90721","","2026-09-08T16:06:06.074Z"
ZdsWlA0QOTWwFsODFaNac2geHdL2,"0xeFb079d01683919011a41E947388176cA65cbB78","BabluKu13666986","","2026-09-07T09:22:30.828Z"
Zekzx3Pl0XgvJxA8fEaAfkkAiuMB,"0x5a788FE4783365DD070a8c24433f7C63Ff53Bd75","RichardDavv7hc","","2026-09-04T08:59:42.643Z"
ZfD5v3mdX7fIVFY5GN7Hi5tlH6I2,"0xD613A2331825b7BCDD26cC694923835E9562AB46","CathyGreen10278","","2026-09-08T16:30:37.965Z"
ZgAve96euuYE5U7u0YZIvKq0xfz2,"0x9e543FC35D92257Cf1543404418e0482656221fD","SGilbert48357","","2026-09-08T17:02:23.513Z"
ZgZ8v3VGG3N5NEIAoRNHZ2caKIe2,"0x3c82cD056c133F928F3aFBfF125ED7bef34ef248","HHiu691080","","2026-09-08T16:33:11.164Z"
ZgahvGzZO0S1QdTZ2DFPWT7iIAJ2,"0x6631e8e1F9088AfDd58a01ccd0ac90C9708c6186","hai_tuyen28772","","2026-09-08T16:43:44.402Z"
ZhTQDUh9tyUuFGSe9XtxVWIwuwE3,"0x05e415a65181476022A0100e65C308eA8058FE27","dung_my31538","","2026-09-08T16:44:56.546Z"
ZhYJb5Q7Kndyvijhd4Z8JyEEbY52,"0x1ef27c0Eb50815dC747Bb38b29d907f1d0cFB407","LoganCassa61307","","2026-09-08T16:49:37.633Z"
Zj3Br26Wz09Wf78pCnzH9PfAFfGo,"0x7C475D1A84d5Bc0F4BaA61063CF5313B52778541","alexandra68hj0","","2026-09-04T08:58:44.207Z"
ZjOPPZQuuGhSuLhqIENs4ujiLlm2,"0x3EbFF590b24b65F6FB4E5E503b7deF2C7a838172","MirabelleS53205","","2026-09-08T16:08:54.170Z"
ZnE67SCHvchWYZoyYhALjuzHRpr2,"0x3436bFcbB0E9cE1172ab3554dC80698CF6435D80","HongBo570510","","2026-09-08T16:36:09.123Z"
Zq7XqmbtqTdCt3cexxRVkrvm0ta2,"0xF06a09AD9a707C822809a28f3074AD37811F4e44","PhmQuang453353","","2026-09-08T16:30:23.242Z"
ZrBobJIK2RYRNEhJDlthBNiPjcc2,"0x7B95C2Ff009Be27fFC7a208FA586d16B3794ff6a","Ammon1_eth","","2026-09-04T09:36:08.440Z"
ZsqPKIxzFxWzJfPotxcBRGKFxs02,"0x8290C8f10E094211Bf01BBe870D1F6E703982e25","LouisaMarc29180","","2026-09-08T16:51:14.732Z"
ZtY5jsGIapSYJGmZ6Z0i7sAxN8s2,"0x2563a740eF3F09323552f898EAdFB665B13D37f6","AmoraKinsl68288","","2026-09-08T16:45:02.409Z"
ZwP5UkNAPWhv6vZqD4yexNhJo6k2,"0x1db2b0e8698E4c127364c6177C81943839939750","GalbraithI9792","","2026-09-08T16:08:20.379Z"
ZwvJQgBoTufzGewjVE4mjXTw1VZ2,"0x49BF8CE20D8DD9cA192772858F99ecF6A3B16571","AddingtonM62887","","2026-09-08T15:41:12.861Z"
ZxPRvmFFW8cIsVzGUK3E6AnJHZC3,"0x637800df87C82aDFB0777b1247BAAA19Baa855a6","LuVin224356","","2026-09-08T16:38:02.216Z"
ZzHYLsg2rwQNj9TE7XK8KQbSYmv2,"0x446Cda47a21152F2A7A199A05fcFD04Da55bF5c8","PaisleyOli42293","","2026-09-08T16:18:49.278Z"
ZziF6ZmmMffPApZAKcGDBAyFI5U2,"0x7ea4276539760743a9431173c4246b497D8d3aEF","BrandyWise58970","","2026-09-08T16:09:03.787Z"
_blackpeter,"0x04862E203884C45Ec85d47E8233615115305E990","_blackpeter","","2026-09-04T21:19:42.000Z"
_largoroyal,"0x9c6f0f829adfc5a264efafa59172a2dc0c74ccc5","_largoroyal","","2026-09-04T15:19:20.886Z"
_rocketrider,"0xE7650b4b08968Ceab3f1d607a582391ef5Bc1d65","_rocketrider","","2026-09-04T21:21:21.000Z"
_sander_,"0x56B8eE8f51A12830B9B9404B257489F90aC23994","_sander_","","2026-09-04T21:16:05.000Z"
_solitia,"0x0e056619c73f767a982e0b2cb9ff92734a534266","_solitia","","2026-09-04T20:18:06.895Z"
_typeshi,"0x81EFE7934d3f21429Fd6313964BB0dEeaE447060","_typeshi","","2026-09-04T21:15:25.000Z"
a01bcdb9df41949c9a250328e11a,"0x927D39c3dC9C7AF126665cB92787655a8306ac38","mvale","","2026-09-05T09:08:26.971Z"
a05f2145383c54c864b272a72f07,"0x6a0821f80c7b0Fd4bAd2D72B27d7f65e3C47AD17","kairo194","","2026-09-05T07:53:18.578Z"
a08d7cf6a0bdce521c4c1b99be06,"0xA488d1D55e1c871639B8B6AA9b26Af9E7B785939","drift102","","2026-09-05T08:29:13.405Z"
a0e368df927247b6ba0b027f2885,"0x9933755f82922b42cdf184ad4641d30bcece26e5","misterrcrypto","","2026-09-04T10:35:03.974Z"
a1144,"0x6d0F4E21733Fe9371e88a19a19c68187CB602149","a1144","","2026-09-04T21:18:12.000Z"
a11c,"0xC7E83aA7B93F91346A1dba1C43bC8b09E529ef88","a11c","","2026-09-04T21:14:50.000Z"
a139196b29167a6102d8e8aff711,"0xb070a9fD00455598660c8B4Cf10A327279c42d51","Vividgraffiti","","2026-09-05T07:34:07.743Z"
a16zcrypto,"0x739cC325370080836454cD5Bfc5F489E61AF6616","a16zcrypto","","2026-09-04T21:18:42.000Z"
a1888,"0xdB6465619E888119f52165A7c411FbB0939141AC","a1888","","2026-09-04T21:17:38.000Z"
a1a450e8927c4cb4bfdcc61c68bb,"0x9d17b93273f0251a00ff85b67d73cf1a433b8517","PopescuCo","","2026-09-04T10:35:26.197Z"
a1e8669f4c75306f045ed53ae7f4,"0x58f1D543B60689993d5653f0A86192954bA1E536","rune283","","2026-09-05T08:54:39.724Z"
a249fffc3547884b845df1468a88,"0xB2C769f0B18218c6651F911a4c532D3A0cbfB9aC","MistGems","","2026-09-05T08:37:35.643Z"
a2M2Y2OU8bVnblbEfVvVQXVsnvi1,"0x8e7bae41ABe3270F4CB19c91084D99588ba24c98","MelissaSam78435","","2026-09-08T16:32:26.356Z"
a2NqOO9T1HStAxmS9MiO24uOZym2,"0x5F51a37118F061DFbd81291eB22F014DCCe78485","TrnhNhi561588","","2026-09-08T16:54:55.947Z"
a2cd8e32e5f09f5830efc2450aa5,"0x11f7fD5F2bea366bb42B6b1a5f6a8cdadD321a2B","toby271","","2026-09-05T09:02:37.980Z"
a2f0c55d138d6beacc1cb4cd6b34,"0xdd4a3b62f5bF311A68DA0CC0EE2EBD75f1d96D05","EmberDrops","","2026-09-05T07:37:56.220Z"
a2f30427d17b4fce9a1b7b9de25c,"0xec8d055fcb538005fafc99901277b550ae8742e2","laevitas1","","2026-09-04T10:34:51.448Z"
a30ae0dd081ea9a0087ec852d818,"0x609119139a7d2B0Ec4Be8aA9fA3557bb0d17f178","drift25","","2026-09-05T08:02:31.657Z"
a3a51xq5TXOeAmhbM2mCGtYQBBO2,"0xFA4d9508f05aA81801207172FCC3d5E8D9789F00","VuThuy60152","","2026-09-08T17:00:11.365Z"
a3d8e77f38aed694c98b495e52f3,"0xb2F5b45dA658BD4abe1E8fFE8175afc9c6c4fe2C","swiftjay456","","2026-09-05T08:36:51.222Z"
a3f4f035eca5eb0d8865f6d03f38,"0x13D049E644F04C748B26f9950583a95a9741F7D0","theGrumpyHeron","","2026-09-05T09:03:34.707Z"
a400a481412cf927f58a59054a78,"0x39F1E36363676bba656095F89D98f185D5AafC14","itsember","","2026-09-05T07:40:47.592Z"
a4209aeb7c7a88a410db8cf67581,"0x4D36EE7f684745354076c4751EfA309F71a72B6a","cecho","","2026-09-05T08:15:23.650Z"
a442dfec5f12b3921f044089828c,"0x79fFE9D0b3180e00F1B33b611760AbCD303400dD","jonix","","2026-09-05T08:22:51.388Z"
a449ee9a5eeb428bb7e5460e541e,"0x3204f734ff1a223d9be850a916e8596f28df3b26","CryptoInsightsX","","2026-09-04T10:35:09.729Z"
a4881edcc6be1cd968eaad4b04be,"0x445b55221f6AeCb17275d3b556a93D0a313bF7e7","psoren","","2026-09-05T08:52:25.165Z"
a4vqN07gD1NeZhEHf25OXdFIH0H3,"0x7E61C6D1998D12e0Bc122062c369ac6Bf34eb545","defi_aized","","2026-09-06T16:50:41.479Z"
a560c92d57dd507421c310d4a441,"0xAbd3Cd0B0F055f65cC3579DBdDD96347D9230405","realash547","","2026-09-05T08:37:41.616Z"
a5jaFFXyY6fnKiPLmt3pJEYLJRu2,"0x337dCb0a07961E39195c532F13937AF7df9b6eEF","consensys876","","2026-09-06T20:28:25.030Z"
a5qbXFd74jVYqpnDs0pDwoT6Lin1,"0x7F21321d3e7164C2F28bcD8C5dccB95Ee213c316","HoangKhang16075","","2026-09-08T16:40:22.842Z"
a63c8bc2466b0545fc33b432c57e,"0xd7571809e86579eA0C1551bBA23dAf4705b8a364","loot_haze96","","2026-09-05T07:56:26.726Z"
a6523,"0x1A2EafDdE8e0460035daBFAdbc1197540f47106A","a6523","","2026-09-04T21:18:19.000Z"
a667601f262c8bb6cf21634bdfe7,"0xDea747c698d23a943F0077C31d9180c748b72aed","anime_drift","","2026-09-05T07:36:52.524Z"
a676d205dd906276696f558bc912,"0x3c0e684CE01bd0F02419eCfC3A4215CD4A2Ce2c7","pixels_vale","","2026-09-05T07:59:57.708Z"
a679d143396281ff051315d9dfb4,"0xC242d31cb473c1C43aFF9CFc931cb22bd2ccD4B6","KairoDoodles","","2026-09-05T08:15:19.432Z"
a695129ceb65f1b30c66085ca56a,"0xAEe48aee55a74E4cDC1D8CEA5FBe304A92e3c7ef","Bravelofi","","2026-09-05T08:43:45.976Z"
a834cb09a5fd4924b054963afdc4,"0xc744968060F1D8AE46E6ca3bA7E12f7496a6ADDE","realfern462","","2026-09-05T08:22:16.924Z"
a8761ebd1f22b9b9122938d41bb7,"0x9ada63Ecc259771da04aB6f65CDc58B212c3a623","realnova","","2026-09-05T07:43:15.539Z"
a8be313739b35676db6321eda3ba,"0xACC7faF5082f8C8032fED992DA819B487B2CE224","Slyanime","","2026-09-05T08:52:04.937Z"
a8cVzCPupjOpam9MkpqjYNLT8fZ2,"0x282110594951fa99Ef1110505Daab945C9Aff5C3","CarlFane44999","","2026-09-08T15:43:31.653Z"
a928c8404899f4bf03c164496caa,"0xEe730E21194abbC77b3dFeF6E131277B220dd55A","theSwiftOwl","","2026-09-05T08:28:05.346Z"
a944ab8949620d4ca5bd720ed635,"0xBd0C75469f45cC7d9ADfDa405904a654Bb13CB9c","cove367","","2026-09-05T07:29:33.949Z"
a981463be2fce9b425f3b9a9b360,"0xeBaCc313ae7E460DC9AedBDd163fFB4cCF712774","jtoby","","2026-09-05T07:34:46.568Z"
a9b65cc6047059a716f58e059324,"0xD4DEDb5379F6C7e51e9C46A9FDE49DB1209B4149","crimsonpanda810","","2026-09-05T07:48:10.523Z"
aATs6I7prUbYIqqwuV8WioqKXtS2,"0x22Bb9c07e0ef54d8B95ab758429F9E696bC64E96","jordan_mel88353","","2026-09-08T16:57:40.127Z"
aAion8MFcahYZUdOsACLsNkdxZH2,"0xfE89357da75f4312fd555D0Ab3fffD96eBa96B1B","HThng465763","","2026-09-08T16:53:00.420Z"
aBEoiNjtPlXlUZYCRFkawP2KEJ53,"0xaa34f373d66aB06eec01372bEAFebf6994f3b52A","june_peter52504","","2026-09-08T15:46:19.689Z"
aEnz2ClniHeSiPiq3A7wSVsDYS12,"0xddBdf7AF57f50f7125bE458A441749d0a4Fa18db","JSmithGuru","","2026-09-07T08:33:11.857Z"
aH7T4fe7nwN7dD9eYSzpi9qlzyy2,"0x5A0b9A7484ac83CCfF0775d3683f3a6C9895737a","bawerman47306","","2026-09-08T16:07:09.245Z"
aHOY3HvmXrUQCwZx76KR302UNIa2,"0x432683784F4E46CD1684B53ca9bc029FbdAD6ebc","donovan_er16028","","2026-09-08T16:19:47.725Z"
aIr2r6xww9gHBuAy2G2SlN88MOV2,"0x6E3d1F85610DBFa1e992A48beb6a6492978dBC4a","dollie95644","","2026-09-08T15:42:42.639Z"
aJJE2Rn22YcmDtNIqpxHRDv080m1,"0x86aed935a3587fEeee4942e23f5ce214d9Ca7ec3","BrandonEri45139","","2026-09-08T16:38:13.518Z"
aJL8HA7K39ZuJiEwoEFrUH4ZsJ72,"0xc1d70e687a51894a3f2b10000fcefa4adef52a91","HayamHago","","2026-09-07T11:43:55.891Z"
aJqCIVHZTZgzefHnagRjDx6cnaw1,"0x34009c757da0Adba0680377e9f978e4B10ec6dA4","PhanLng590218","","2026-09-08T16:38:45.891Z"
aKEWsE2cAz8RG8i0uK8vpAx1HLwh,"0x9382DEb8CCC6A561d10958ECE6FDc35CD9ed689D","SaraCoopervtew","","2026-09-04T08:59:18.344Z"
aKdEdSLdEXVjPBqcvObVatZpez02,"0xec76532159BBAcF021dA9103032A303ec0D3D905","EIndia80473","","2026-09-08T16:20:49.582Z"
aMEK9ooUimXhDKwHpvH6stqW3XC3,"0x3f720822936AEA66eddFFD957a88B230290364a6","MileAimee17927","","2026-09-08T16:09:25.032Z"
aMdPwZZICEdmLLuJUoidRBi6WXi1,"0x0600fc5635D3b53262F3b98170B574006F154D57","ArroyoCaci79558","","2026-09-08T17:01:37.079Z"
aNNICXoSwjMHmnwA86evUiMP1VT2,"0x9AaC3fB182f827d50A1Bf3f05451D7d61f0C6E8a","NathanielA57399","","2026-09-08T16:58:11.572Z"
aQs4l43sfaOAQdFFGu3p9Fk6o4D3,"0x039fae15b13f676D2F9E5731f159b58AB65224C0","ha_kim86265","","2026-09-08T16:34:39.578Z"
aRAMKRgBrBOfCOr0GfGaBY4kgzF3,"0xE0E6207EAc0F09918D3A6804a603BA3681425a8C","HKin394260","","2026-09-08T16:35:15.796Z"
aRIrsGtvPyUL9cBwsq3zV47sEF12,"0xe9b26f4422CcBfB9A4CeA0edeb735C92dC8e0Fd1","HCng297639","","2026-09-08T16:39:29.776Z"
aRk6AKsfQ8ZG6XBKtqV0avX4Ixu2,"0x24551A66396075a78c89B5E5D0691EF539055ee8","QuocHang76177","","2026-09-08T16:36:19.757Z"
aRsqJbhZelTao3Bg2nI9hVibKFT2,"0x77E3c086d109878F01337dcF649bf31999d27af5","RAdrian62838","","2026-09-08T16:17:35.735Z"
aSZNKwc3F4dl47TTu6fazSHfZqY2,"0x9631BFeeD4F15669b0E25c7c203c0b5F0f37D8eE","kellie_har86293","","2026-09-08T15:45:22.033Z"
aT1uakUEKpXfWS253D5sMkAqZC63,"0xA42BF41753349dc193b0383062360Cd9132a2b68","PhmChu294827","","2026-09-08T17:03:01.592Z"
aTUA5cs1qBS5vm0v3aaMEu7eA1u1,"0xb066Ebe895F7E2b4a63FDFE5A486cda6dfF745C4","ChuThng487228","","2026-09-08T16:27:51.326Z"
aWofpR4xkXWwiQTWQnSielSHEk02,"0x150ED1889ca94c64342f6A6B2eec611EBDebE5bd","LmAnh349954","","2026-09-08T16:58:26.533Z"
aXdwzQmCJ137J5pSBA9k3jNTlrvQ,"0xaE68B8B34799dDC6fF9BCC5e26F21cbfcFd22307","JessicaWale4tn","","2026-09-04T08:59:25.448Z"
aZpNMOe1kJaqyZTUyiRz1wKyNRu2,"0x25716Cda11121cfA33adB2969C2192348D0d7973","EricksonVi51656","","2026-09-08T16:14:08.713Z"
a_ur47,"0xD6495442F78Ca06a8286b33E6061B12cE9af6b7B","a_ur47","","2026-09-04T14:26:48.484Z"
aa191,"0xdC3D8df72f1816eB9937688F71D7a9aFdF31b62c","aa191","","2026-09-04T21:14:52.000Z"
aa7cd9cabfa86327cf37ea681a92,"0x1455f69329eE220151034D291D24C353539E90b2","realsage343","","2026-09-05T09:03:52.466Z"
aaa11223,"0xE928f3aD3b5B7b3dd90fAb3cB01A4692490F2A53","aaa11223","","2026-09-04T21:15:54.000Z"
aaaaaaaaaaa111,"0xE9489545a3619a5a130c7e3E1F2F1eaC8b1FFa13","aaaaaaaaaaa111","","2026-09-04T21:19:36.000Z"
aabbccddee,"0x029e1a8aDdD56168AA76e179E6eE25E7dd9e9DB9","aabbccddee","","2026-09-04T21:17:05.000Z"
aabbee,"0xe97Df42D731d322dd336993A7795C296ddb8eB57","aabbee","","2026-09-04T21:20:12.000Z"
aadq,"0x547c50A3Ff1483447233883d1a91d50b4C47039e","aadq","","2026-09-04T21:19:44.000Z"
aahjjX8ck8OYf1CuMVtWDRVqhhT2,"0xEAE42Dff980765E7E875f5175D013F296d0052C2","AlysePaige40074","","2026-09-08T16:50:13.356Z"
aansore,"0x717B73717FeDFA0014A57355d048A7b6051ADE29","aansore","","2026-09-04T21:20:46.000Z"
aany,"0xFd11AE4381eDA82c45cC2C89ba6Fe70a0CB7613c","aany","","2026-09-04T21:15:36.000Z"
aanyy,"0x60Cb15A6d2be56a0132b70B3e6bb7fB23BeF1335","aanyy","","2026-09-04T21:18:30.000Z"
aassee,"0xb828fC06FF58b7b1d78DD8d0cE22574A271343D0","aassee","","2026-09-04T21:20:33.000Z"
aasunbul,"0x1A9f7Cf772AaEeD965400E978058934CcD39d380","aasunbul","","2026-09-04T21:14:14.000Z"
ab42,"0x04C851112Ebb85b48f0be65714DA8A3ff48875e6","ab42","","2026-09-04T21:18:46.000Z"
abbypro,"0xc8bFD31C7702e378e69f92527c21ede13d23E5E7","abbypro","","2026-09-04T21:15:57.000Z"
abdoch,"0x2ccc4dE95c1b6f7d29C43058923542EcC1C6f268","abdoch","","2026-09-04T21:14:13.000Z"
abdul,"0x1ce8F14DD782B5AaA73defe1aFF8f21F65D67053","abdul","","2026-09-04T21:17:25.000Z"
abdul100,"0xF112300B3Cef946c85F06Aa282a1D8A9f5406279","abdul100","","2026-09-04T21:20:50.000Z"
abdulfreeworld,"0x66A0B4b667eC4f685F14C1f9a9A07fD3d303bC11","abdulfreeworld","","2026-09-04T21:17:28.000Z"
abdulkarem,"0x4B50F354D41C0587328654a830e407C8fc4447dD","abdulkarem","","2026-09-04T21:17:54.000Z"
abdulkasim,"0xdcCFFD4dBbcf462E3Bc80b3739827aC38C1E3797","abdulkasim","","2026-09-04T21:19:32.000Z"
abdulrosid25771,"0x4488e365021f68887e2f00931631f8267b6247cf","abdulrosid25771","","2026-09-05T01:23:54.394Z"
abe104d3a7d83e7018913047b435,"0xE8c2487cCd9dA17EA6f0949683ef4c19d3De6a0E","kvale","","2026-09-05T09:14:37.649Z"
abewee,"0x2313777eF693F43560b9E95fC23e93B8A2Ec70e1","abewee","","2026-09-04T21:18:57.000Z"
abhijeetcg,"0x9381EB2006a289eDF07DF9B070a63b338c470Ec7","abhijeetcg","","2026-09-04T21:19:06.000Z"
abilat13,"0x6517C4994b5c28Bc151904E976C7694A3033dF71","abilat13","","2026-09-04T21:21:30.000Z"
abilsaeri,"0x8b6cd19ad6facbf7530157210bb68954244b6d48","abilsaeri","","2026-09-05T05:58:56.683Z"
abinaya,"0xE6Cd752de13BA2C7BdC6547c2d0bb2D4c647f2af","abinaya","","2026-09-04T21:16:12.000Z"
abireh,"0xcAd0138823da929076712459eae81118155484F6","abireh","","2026-09-04T21:17:00.000Z"
abjantut,"0xf1717af4388d08955497696b42b14920c4b4145e","abjantut","","2026-09-04T21:17:36.000Z"
abrakadabra,"0x2Cb6DDBFC415cB7dB579a0e08F34a22821611481","abrakadabra","","2026-09-04T21:21:16.000Z"
abubakar01290,"0xE8ed6bb48342bE4c14E1b7A11c52B9aD278961BF","abubakar01290","","2026-09-04T20:25:18.281Z"
abubakarm1106,"0x75fa0844d77867b2a3872d83dcc634e8ce7fcea3","abubakarm1106","","2026-09-04T15:57:21.396Z"
abudum,"0xE0B0B248dF503d980B1150a014bdd3046D2144d1","abudum","","2026-09-04T21:15:22.000Z"
abumueen,"0x9a017Bdab8326A37fC1489138Cb1F0E57e580Fec","abumueen","","2026-09-04T21:17:21.000Z"
abunabil,"0xE96E5b61Ac96d24Ea865F220378B943E0237ab8A","abunabil","","2026-09-04T21:15:44.000Z"
abundantia,"0x5C6d9A2e0723c433eFaf23DcDa0ED06A1757a063","abundantia","","2026-09-04T21:18:37.000Z"
abytex,"0xDC16b1De5364343fEB3F0c65108fB43DE2840fBf","abytex","","2026-09-04T21:15:34.000Z"
ac1e880973c9e5fae17dde1a84d0,"0x66c1033af94De8a5448c43551a025923F232Bc1D","loot_ember478","","2026-09-05T08:07:51.898Z"
ac833d0ba295d8e072e659f9e250,"0x081e91BC5ce6a8fa9FE6003694B9Cb94AA403103","RuneLoot","","2026-09-05T09:13:45.461Z"
acawa,"0x66cbE09699De3f92FDBbC5492509AbaBB991eacb","acawa","","2026-09-04T21:15:22.000Z"
acb29b9174e6960b595528a9e270,"0xE0eAdC8Bb8Ea8b941eCF7D4Aeb641a9ff59F8d97","haze670","","2026-09-05T08:01:13.353Z"
acb2fee62460d201b0b7653d7fef,"0x68C2f8818C30F9e98019987F42331778f0F8068A","realnova838","","2026-09-05T08:58:39.982Z"
acb65349d69eca4b07a5788c6292,"0x89726Dd1cD088fF4409c16b196b9a39DcE5D98c9","doodles_ash","","2026-09-05T08:50:03.234Z"
acc51,"0xE2215A4E8607587487B0Df5f3E86537401AB05Fd","acc51","","2026-09-04T21:14:40.000Z"
ace8c60023fee1978edab764702d,"0x3E9C1Aab445bCee18fE1Bb7A7d6771e076df8b86","realsage870","","2026-09-05T09:12:29.113Z"
achanpi,"0xb2fA78240a3a18B4df2B19d64fab4f5Cf753F611","achanpi","","2026-09-04T21:17:03.000Z"
achebee,"0x9c57c440b6988382e554b7076EA73a13efae71Fd","achebee","","2026-09-04T21:15:27.000Z"
acrollam,"0xF74AF713dAB90Ab539371e7208C89f05d184FF9d","acrollam","","2026-09-04T21:16:26.000Z"
acsccc,"0xF652C6d795A4d90D586a37987A45b41E0BAD4ecF","acsccc","","2026-09-04T21:14:03.000Z"
active24,"0x7234395439f16a8b3065B6a649fCA72F1AF8D24b","active24","","2026-09-04T21:17:48.000Z"
ad25517fecad4f0db1bc0ba03779,"0xd1360b87a56aa4b757c9609d7e78db28bfe49d15","saylor","","2026-09-04T10:34:55.602Z"
ad3a9f891b56cfbc41f66940fc3e,"0xC40a449384bb27535264B47DB717af5D411e3207","csage","","2026-09-05T09:15:40.379Z"
ad4a2fa7bbf60652acbf4e37685f,"0x32e2724cD2Ec853F4D2F478CeC25C011c66664dB","TobyArt","","2026-09-05T08:13:49.270Z"
ad774d26cb71300cdc8ae426008d,"0xE1fC51BaDc922738dB16a80B24aeD6d74B7387c6","onix125","","2026-09-05T07:44:10.719Z"
ad94Qg968dOUQCEaRQcXtJCFyAz2,"0x30f3961825Ec269AFcF301380d40A3b666fd9f4C","GaineMaisi56716","","2026-09-08T17:02:48.435Z"
ada_captain,"0xA1eD7A9313d8fFF6fd7F761D347Cbe3095B1C118","ada_captain","","2026-09-04T21:15:58.000Z"
adaab56f981d476e1370e0ba2e01,"0x2778EC6F3c68f145ce9B18e16df5DEFcbCAbc384","Stoicnft","","2026-09-05T08:34:43.598Z"
adabarbara,"0xe53f1fbBd346f9eBB5E999f3FCc85fa9cDBC4C70","adabarbara","","2026-09-04T21:16:31.000Z"
adadragon,"0x9cB3e5Fb7e6BA29AfE637cd54FE42cD900f3A092","adadragon","","2026-09-04T21:17:39.000Z"
adam7,"0xB8DeF74610EeB057910b9906d0D31d1178B42CF0","adam7","","2026-09-04T21:18:35.000Z"
adam8468,"0xB09daeF5DF3dD9519018d43a4Dd7F1B13B9c0688","adam8468","","2026-09-04T21:18:23.000Z"
adamsmiithr,"0xba375d60a0ffeb4cf2f3321d4c9a10e9c3ff6b03","adamsmiithr","","2026-09-04T15:08:28.016Z"
adamualiyu9877,"0xa24546ebB26a0DB6Ae65b1cF506563960691e61E","adamualiyu9877","","2026-09-05T01:56:47.914Z"
adaphoenix,"0x7bdFe347ceB336B0648984380c8c1E0D3f635443","adaphoenix","","2026-09-04T21:15:35.000Z"
adastar,"0x851d5a0D8f7C61dB3b10CA7030bf4ffEfA7fce84","adastar","","2026-09-04T21:16:01.000Z"
adc99,"0xCC29E4619Ee460A7110A5a5e99CAe70F6ED90C2d","adc99","","2026-09-04T21:14:47.000Z"
addison721279,"0x584952797F65f233ec46B7ef0aF0BBBeaE78bF96","addison721279","","2026-09-04T21:18:20.000Z"
adec30d33d48e6039cff916c2c49,"0x0a034BF9008B4a6076a8AaF2eB749D43A5866C47","realrune","","2026-09-05T07:59:31.761Z"
adest,"0x4F548DeDDe674A125eb92BBe30a51D08D5f8991a","adest","","2026-09-04T21:19:11.000Z"
adewahyudin912,"0x8e50acddb305b623ffea515cb4dd4909f21cff1d","adewahyudin912","","2026-09-04T16:47:39.021Z"
adi85,"0x8CEaf93360F2c4623a9B6f5d47c0Cc5ab257F861","adi85","","2026-09-04T21:18:56.000Z"
adiii1,"0x554F8C5a2bc5c26f27733d6Dc9fDec805138556B","adiii1","","2026-09-04T21:17:46.000Z"
adikur22,"0x273e34B3B5c73999a2785F9CBaB5E99D657985Ad","adikur22","","2026-09-04T21:17:46.000Z"
adirai,"0x3A47ab3835A418Cc74Ae522CD427d2dcF0e89d5F","adirai","","2026-09-04T21:16:14.000Z"
aditya1729,"0x452f38F9D01018E1e6ef8A34f77323C5e5c8c23F","aditya1729","","2026-09-04T21:17:50.000Z"
adiweb3,"0xFE935DD594b440Df46720b45FFEe7fba3a671eaC","adiweb3","","2026-09-04T21:20:21.000Z"
adnansouthern,"0x472F3898af47f0724eae64f7b16F11D3A319478B","adnansouthern","","2026-09-04T21:21:01.000Z"
adwdx,"0x49D22d498c6F92539F18153C0f51Ed1Fcf4826BB","adwdx","","2026-09-04T21:21:04.000Z"
aeJ9idRvW9a45teCtNFFBYb9CFH3,"0xde6C7e6e005e2812b5F14C960Fe211389Ca72fEF","to_truong95440","","2026-09-08T16:50:05.208Z"
aef45be55ad912db3d22bbaf5ada,"0xAD27D6395180e8F5a86C0d9a62034Bba33D0Be5D","drift84","","2026-09-05T09:02:23.640Z"
aenaenge,"0x7d86CF5B50BBae5AaFD524D0379E7d8A60E07d3e","aenaenge","","2026-09-04T21:18:57.000Z"
aerenerg,"0xE2bc4d000c03f84F6e2A4bbd1C4Fe5dfde9564De","aerenerg","","2026-09-04T21:14:34.000Z"
aertuoliy,"0x2970e9c964c80ba17dF4Afb004C2665d923d272b","aertuoliy","","2026-09-04T21:16:14.000Z"
aeryn,"0xfafA12a72e00868193F11e54d6Caac13d48Ac170","aeryn","","2026-09-04T21:16:27.000Z"
aezea,"0x55510a3fa7a1f7618BA12A7CE4fb867580d110ee","aezea","","2026-09-04T21:14:22.000Z"
af0e00b5a280e7e65cdf2304560e,"0x7bAbC796A0Ed4409dbb4128c65315026bF354bAC","vmist","","2026-09-05T08:21:29.606Z"
af87ae9c125f2baeaf3976d51e04,"0xfb03c88827A336350358bc455608538EB7d82436","DriftEth","","2026-09-05T07:34:30.627Z"
afa3000,"0x8C96865a82A4c7116703a6D838c93466C54c339C","afa3000","","2026-09-04T21:14:20.000Z"
afath_,"0x516C3D1527214af68ea59D80DfD948BD6F2636C2","afath_","","2026-09-04T21:19:26.000Z"
afb9ddb4509415f2074a65046458,"0xa1A1D30B32BBdEE60A8cddC6327b826a5453934C","realsage558","","2026-09-05T07:56:31.455Z"
afiex,"0xa20E6927aCE4740cDBDc5c4b415EdD7B7a314e3b","afiex","","2026-09-04T21:18:24.000Z"
afixyz,"0x350D0758E0cBCC7817B755aF6d481804677fB276","afixyz","","2026-09-04T21:16:26.000Z"
afshin,"0xC9641dF9d2051F1E1d6b4980e54FE0B02Dd342FF","afshin","","2026-09-04T21:19:08.000Z"
afvkd66353,"0xC35899CFC7d8e71822B65B49Cd47AcE87003c227","afvkd66353","","2026-09-04T21:20:38.000Z"
agbjsghv94008,"0x89b294108314BA42800bB60D381baeaE6768DCF3","agbjsghv94008","","2026-09-04T21:20:39.000Z"
aggelos1,"0xd366E774Cb33Dbd76A0b4d7976fAAB84A478eF07","aggelos1","","2026-09-04T21:16:43.000Z"
agilan,"0xB19AE8956C530f18aCDA718003E4f486C2868376","agilan","","2026-09-04T21:15:03.000Z"
agourai,"0x2379FE51fA8de0AE365C202e888a27e11b298E1C","agourai","","2026-09-04T21:15:03.000Z"
aguscute27,"0x5543521F40d529AAC29F1743EEda4f620F80d213","aguscute27","","2026-09-04T21:15:56.000Z"
aguspujianto,"0x0fF32Fa2423C1377505Dc4B97Dac2E8Ec723c0A8","aguspujianto","","2026-09-04T21:16:33.000Z"
aguswibowo12,"0xc33b69d402ed157e12edC39B2f62796b04F26FF4","aguswibowo12","","1788588342070"
agvkdjvk73908,"0x879712C2f1B7722069A7Cae27dCde3Fc30bb8232","agvkdjvk73908","","2026-09-04T21:19:17.000Z"
ahamadhazzan,"0x2977664b68840f31C640B9E9DB2F044E5426f5F0","ahamadhazzan","","2026-09-05T04:29:48.509Z"
ahmadfauzi77,"0x27F6EC5Af28eCa714A31dF4C526B8c287d4a5927","ahmadfauzi77","","1788588331652"
ahmadzhd,"0x5C5d86AEf73F568daC21Df4119D859Ba7097654F","ahmadzhd","","2026-09-04T21:14:51.000Z"
ahmedhassan,"0x7C48d3780164420383Cd3633385B29F8b26C04Fd","ahmedhassan","","2026-09-04T21:21:33.000Z"
ahmet4866,"0xaC9eBF8BE3324F1Cb6f0BF5F519a35E864098DFe","ahmet4866","","2026-09-04T21:14:57.000Z"
ahmetaverse,"0x84f0773Ca070c21d44f44D62A9F7676C500a4BB7","ahmetaverse","","2026-09-04T21:15:07.000Z"
ahonx037,"0x642cCC89e1770B889132C42aAbefC7B2BA54Bf37","ahonx037","","2026-09-04T21:18:58.000Z"
ahppha,"0x271B95719291443e504b14dC07761847a2eC5Fa3","ahppha","","2026-09-04T21:17:37.000Z"
ahsan1240,"0x6c5eB50382a69D68459c9d1Da35894320cF391a2","ahsan1240","","2026-09-04T21:18:04.000Z"
ahsanmalik,"0x9e28B5479b3Cb205A3d3541afD08221c6A0cE4bc","ahsanmalik","","2026-09-04T21:16:35.000Z"
ahvmgckb72479,"0xf351f0EFd5f13F49632779804650476541737900","ahvmgckb72479","","2026-09-04T21:16:38.000Z"
aiGZkmJLK8euDXVkNndG9OU3puk1,"0x5Fa9A36aF02FDa5Eb6e7aF2DcA56265E799E8199","AndrewJohn2952","","2026-09-08T16:46:58.922Z"
ai_meme36922,"0xc8BA831879b97FE511c2eaE1a51eE4eFDC6E7A8B","ai_meme36922","","2026-09-05T01:13:53.545Z"
aidaa,"0x18DB90779de9405F3080404A921C7f9b661C77CD","aidaa","","2026-09-04T21:19:58.000Z"
aiko9,"0x670aFa2F50B3FB314670001e2BB5c01f4F79F098","aiko9","","2026-09-04T21:20:42.000Z"
ailn,"0x3d3e58Be178977869cc113cd75D4De086E928e0f","ailn","","2026-09-04T21:14:10.000Z"
aiolos,"0x585d2fb5864D21A1a5699c73fc938e417C59E1e6","aiolos","","2026-09-04T21:18:54.000Z"
airdrop256,"0x49404885F3dcE983F68E28d06C54cFeD14709e83","airdrop256","","2026-09-04T21:21:08.000Z"
airdrop3ltd,"0xb19a1946669b94c0255AE3D79c6f9300908F4C84","airdrop3ltd","","2026-09-04T21:16:16.000Z"
airdrop_analyst,"0x7c85C9b1E49D0c7834e997416a553F8e311D8266","airdrop_analyst","","2026-09-04T21:17:44.000Z"
airdropadbae,"0x3ce9C27A037867a72E70B7222fA5E617366Da64d","airdropadbae","","2026-09-04T21:15:33.000Z"
airdropdesa,"0x901dF3C532fbf3358225BB02F914943856f5196E","airdropdesa","","2026-09-04T21:14:50.000Z"
airdropml,"0x60F16A9f53E8EA049B7818c59a8934c64bEecEe9","airdropml","","2026-09-04T21:17:39.000Z"
airdropvanced,"0xcA498B8fc11EeE386FeD915A85800502d4CABB42","airdropvanced","","2026-09-04T21:17:44.000Z"
aizenfald,"0xBDC25f316F4B504d1240cbFCa5f9762309488Bd7","aizenfald","","2026-09-04T21:20:29.000Z"
ajayma,"0x8406eB10E5b0c300E3AfEab29B40cF5A15532a44","ajayma","","2026-09-04T21:17:56.000Z"
ajdu401,"0xC27138a382aC70b79Ef7f203Cf459d68C3f0F75B","ajdu401","","2026-09-04T21:15:29.000Z"
ajdu512,"0x05329710b98081e99a95692A6c9666944716D167","ajdu512","","2026-09-04T21:15:01.000Z"
ajikristia,"0x10B93b05cCb0f465D8Ea8Da3073f7DD5792b016d","ajikristia","","2026-09-04T21:18:20.000Z"
ajisaputra16299,"0x9af40489c5f4c66d0760a781c8b2b3ec009cfe9e","ajisaputra16299","","2026-09-04T16:39:17.210Z"
akMOg2zM2DU6Z2GoqJGKq64gVMR2,"0x15e2D5A4c1884b0BD8280745F52D875c071c9ff2","DungMinh663451","","2026-09-08T16:39:31.786Z"
aka252,"0x7327205690E0a4403427C87A72369a91390eE015","aka252","","2026-09-04T21:15:30.000Z"
akansha123,"0xB2B3eafc810126dEe2C88FE1159E8502AEf78493","akansha123","","2026-09-04T21:18:28.000Z"
akashi430,"0x35ebf7d95dd2a03c078c8eeb0aae3311e0dfac3e","akashi430","","2026-09-04T14:57:09.281Z"
akehntucky,"0x703adb7019ea5be7ca369e5b2020cde50b821891","akehntucky","","2026-09-05T00:48:57.768Z"
akh6,"0xaff293d9943eda3568acd11d7244d5a202d54f4f","akh6","","2026-09-04T21:16:38.000Z"
akiracd,"0x059B7d4EE24C5609B6ac9Fc5DfF9A3d9ed5E5c43","akiracd","","2026-09-04T21:18:32.000Z"
aknetwork,"0x63d9e43d776c4b3579999Ec30C27A199154974D1","aknetwork","","2026-09-04T21:17:57.000Z"
akshay991,"0xf45EBCdCAD7802B3bEBC872f45eeeFf0D9276d3A","akshay991","","2026-09-04T21:20:39.000Z"
aku3,"0x28822b37663699Af82B811De5E4DB79357718E7d","aku3","","2026-09-04T21:16:48.000Z"
alabde,"0x21b25413B3Ee6Cf14fBe866a192A6cC34Cb00afe","alabde","","2026-09-04T21:15:36.000Z"
alamin339,"0x27C7cf4059015031f463f5dB32098fA64baC5084","alamin339","","2026-09-04T21:14:12.000Z"
alan18373440184,"0x8Ad7d8e3588DC0e86558A3403f32d747b340843a","alan18373440184","","2026-09-04T21:15:12.000Z"
alaric142002,"0xF134ebF1C66576AADa5cBef481B487Bf95ff70Bf","alaric142002","","2026-09-04T21:17:29.000Z"
albay27,"0xCbfF6678d48Fab9b71B745219Ec0C430E0b6842C","albay27","","2026-09-04T21:18:43.000Z"
alcan,"0x8deAFB6bdA8e2d2238d6DB272f82bB62251380dF","alcan","","2026-09-04T21:20:41.000Z"
aldisaputra99,"0x9e56535d69a1CEC06A3DcC5758C962008f7a304F","aldisaputra99","","1788588320327"
aldishelby,"0x203a004692a8e1fe9C1D1Bb7dD0B3aE87AC171fa","aldishelby","","2026-09-04T21:19:57.000Z"
aleix,"0xb8Ee2Ded427eF6Ba21a2b060c6B015E9992A4bD2","aleix","","2026-09-04T21:14:51.000Z"
alejandrodark,"0x19C697Ff4a4A7504201686082e03e34595135AF0","alejandrodark","","2026-09-04T21:14:22.000Z"
alemhz,"0x24b44be589602fCc1Bda01a0488430D20AC2b3C2","alemhz","","2026-09-04T21:16:51.000Z"
alesio,"0x6406B61548614FAe5cc3566EabE958c2Aabeda17","alesio","","2026-09-04T21:15:42.000Z"
alex,"0x1171E39D0579ab608A1dB77B03ceE66d61713241","alex","","2026-09-04T21:21:09.000Z"
alex1234,"0x593c42b608EF42E76c79A5Cb448399F0F41B316c","alex1234","","2026-09-04T21:16:22.000Z"
alex97,"0x974E408DD13ce473cf4Da611ee520C75D37Ea325","alex97","","2026-09-04T21:16:26.000Z"
alex_raven,"0x2F9A99c2550Ecf4AFe9495d484889f88113Bee70","alex_raven","","2026-09-04T21:18:02.000Z"
alex_sage,"0x3Abf8ceFB4701fdE3491C221Ea0CD92Ee6E6AA5F","alex_sage","","2026-09-04T21:18:44.000Z"
alex_tiger,"0xD513ee81a72e3cb390ed183Bdc0cB93797fE7893","alex_tiger","","2026-09-04T21:20:44.000Z"
alexanchor,"0x80196064ef99e5F486C2131ced373Ea9a6140CdC","alexanchor","","2026-09-04T21:21:25.000Z"
alexand53055837,"0x3d6E2c254E70cDefa570bd0247e8eD67d6c4F6E0","alexand53055837","","2026-09-04T21:20:47.000Z"
alexand87673087,"0xbeBaFF5F5607db52EdF692918B4AB4d7a7892c61","alexand87673087","","2026-09-04T21:19:14.000Z"
alexandres,"0x7bc612fDB9417755dF4e297A1812BA6C4a3949F1","alexandres","","2026-09-04T21:19:13.000Z"
alexandria,"0x6f51A9d7193bCe00b711F6c1Fe90dDB7340DB0f4","alexandria","","2026-09-04T21:15:49.000Z"
alexbokov,"0x8Cb42352dA219ea219D52Add3B1A9aB8dEF9638D","alexbokov","","2026-09-04T21:18:14.000Z"
alexcash,"0xBd69813983Ac095A5E965FD3Db2b3FcAaE29f136","alexcash","","2026-09-04T21:19:39.000Z"
alexch,"0x5d6F14dD41F6f93ea34847Fc810f6667c67b2ec1","alexch","","2026-09-04T21:21:02.000Z"
alexcomet,"0x5391F835d02Afd0c67246388061e3035A105038a","alexcomet","","2026-09-04T21:19:46.000Z"
alexenkit,"0x1258D76a09D361210F42fB27ccCb6EcE79f6134f","alexenkit","","2026-09-04T21:18:10.000Z"
alexeysv,"0x5e16bB8E1B1f109BfE3da080999E66621c0b8737","alexeysv","","2026-09-04T21:20:26.000Z"
alexmajul,"0x3A1FCc5f38e53026990d62BA40833EB1C9CE3Edc","alexmajul","","2026-09-04T21:16:53.000Z"
alexmorgan,"0x8F7D820e02765cA4BF3b8Cd51D0D12B07512D613","alexmorgan","","2026-09-04T21:21:06.000Z"
alexphoenix,"0x78E705F2D6B145a5F420312F20D207Ce40B321FA","alexphoenix","","2026-09-04T21:16:00.000Z"
alexsasha,"0xe3e927Ed791Bb2D8FFDf712c637dAffA7a34e3fd","alexsasha","","2026-09-04T21:14:44.000Z"
alexsh,"0x2c32CdF9714D853695eE7E777fcb6602Aba475C3","alexsh","","2026-09-04T21:17:40.000Z"
alextt,"0xbCe4AB39617Fd0BE50A7a3B2270319444771f141","alextt","","2026-09-04T21:20:37.000Z"
alexwoody,"0xf878C8924f714f2DcB2ED7Ec87Aa8Af864bA86Fd","alexwoody","","2026-09-04T21:18:42.000Z"
alexyvins,"0x6677930e11DaAd9501b3F89aDEd51103dfD2BA07","alexyvins","","2026-09-04T21:20:09.000Z"
alfianr,"0xF00A5Da3a3ABe9F1217E5f8fa7ef731e77793017","alfianr","","2026-09-04T21:18:05.000Z"
alfonsok,"0x5A1af2187a43dD1F14B8ab19f15E9D8f19F9A816","alfonsok","","2026-09-04T21:17:17.000Z"
alfred_and_me,"0x37247B0b8E6F60a7d23a4085260bbdCdEAd53cBf","alfred_and_me","","2026-09-04T21:15:45.000Z"
alfredseng,"0x266486417aE96f2f0266C7285CD0B0554b31806a","alfredseng","","2026-09-04T21:16:31.000Z"
ali10,"0x52EE594d7e940865D676E2D8F2F5225232eF3Cae","ali10","","2026-09-04T21:20:20.000Z"
ali_bi,"0x0e961b6fD3ffE23594572EF5c89A6631f87e37Cc","ali_bi","","2026-09-04T21:20:49.000Z"
alicevip,"0xe03912466D456763057c5c65b60fFeD81FEA1536","alicevip","","2026-09-04T21:16:53.000Z"
aliciah,"0x66F4f7cD4ee6EBBeb6C9Fa4A05a8b3A4DEfE537E","aliciah","","2026-09-04T21:19:40.000Z"
aliden,"0x1B75B7b74478D0e274CFeD8ac124Da3e27d5c5Cd","aliden","","2026-09-04T21:17:04.000Z"
alifathi1981,"0x0E2A3dBA0190B9a33752eD6bc08A8beCd46579E9","alifathi1981","","2026-09-04T21:16:17.000Z"
aligoli,"0x9B0467CA1E4A2a829861A7c5dE75C90dCD0A0d1e","aligoli","","2026-09-04T21:15:18.000Z"
aliissimo,"0xD2a965d9B1e378bc2DEBeBaFb04cE01903F5075E","aliissimo","","2026-09-04T21:14:06.000Z"
alilia,"0x7553BE30dfa107a2037b926714acDdb1034761b8","alilia","","2026-09-04T21:18:31.000Z"
alima_manisa,"0x5d5421745d7d695fa1e5a44c10a61e33baf9ea5e","alima_manisa","","2026-09-05T05:43:38.204Z"
alinall,"0xd4C512A41D3eBe600A56344A3CAe6fEBe4F3aCAB","alinall","","2026-09-04T21:18:22.000Z"
alinaphine,"0xfc9005c7add434e3ce7406dc17344b7ebea02757","alinaphine","","2026-09-05T05:58:59.278Z"
alipolat,"0x33964D7b83d91dC0Ad1E2e2E7Ccf15D2979Db26b","alipolat","","2026-09-04T21:19:51.000Z"
alitariq,"0x037F2fF96d1b446978163dCA1a7414B71B8cbC34","alitariq","","2026-09-04T21:18:50.000Z"
aliyasin786,"0x3b9AD9677955ACDAe95C51fE2b0364c1DeC8AfE0","aliyasin786","","2026-09-04T21:20:01.000Z"
alleksey,"0x3Be69C54C2EF519Eb3AB35B65e92e9522c31ac75","alleksey","","2026-09-04T21:19:06.000Z"
allen,"0x414f0689529F12A783E8C08813fA84b540BFE780","allen","","2026-09-04T21:21:33.000Z"
allenjenifer,"0xAC6f4B8151D213AbE9cFe8Ae58f3685338f77758","allenjenifer","","2026-09-04T21:21:02.000Z"
allgood77,"0xA8b62EFE380Ea7d94F4cf726883Fa6B7592de4aA","allgood77","","2026-09-04T21:20:32.000Z"
almamun13106936,"0x9fbfe4314C5924B7Ce2bE259e0bA63CB5ca29DEe","almamun13106936","","2026-09-04T16:11:07.185Z"
almostrealdude,"0xF39810B9027906828C07f733dC9F9CAE15D053a7","almostrealdude","","2026-09-04T21:19:33.000Z"
aloofspace8900,"0x4fd6015d936A777725bfeA4AF3a54aB6b6bC83D1","aloofspace8900","","2026-09-04T21:15:30.000Z"
alpha0857,"0xF5a1Df69f69C4382AF0e9E89E5CB1E360519Bd17","alpha0857","","2026-09-04T21:20:15.000Z"
alphaaa,"0x4824258e0f2226886176a0928123DBF904a2D7D1","alphaaa","","2026-09-04T21:17:42.000Z"
alpharin,"0x4fDCA527DC5F9F6c650bFc65c9E06419a8Ed1680","alpharin","","2026-09-04T21:19:03.000Z"
alwaysbullish1,"0x7aA529A6D346D4ef8DA7035B14C45a277e70A1B0","alwaysbullish1","","2026-09-04T21:14:17.000Z"
amachbeats,"0xdC2a03d9A97B2Ae0679802c57bf6C678A111A250","amachbeats","","2026-09-04T21:14:36.000Z"
amadison,"0xc8BC5CED0f2fBd0aee3Ca0Ce03f409C47B277f5f","amadison","","2026-09-04T21:20:34.000Z"
amalihossainsk,"0x29b756515277D184EdD0402887C15c8b8C2Bc946","amalihossainsk","","2026-09-04T21:17:33.000Z"
aman123,"0x121A0DdD04474c8072E48AB8D8484341924B9A32","aman123","","2026-09-04T21:20:20.000Z"
amangamr,"0x86C6ce1cC061678029d70BF253dE60cb9c7C267c","amangamr","","2026-09-04T21:18:45.000Z"
amar89,"0x96dec814a90DfCfD08CFEd613715E70bB66d8e5e","amar89","","2026-09-04T21:14:43.000Z"
amarjee,"0xaC60fc3F4Afb43BA376DBCcD6146A11ef9f47047","amarjee","","2026-09-04T21:17:19.000Z"
amazink,"0x047442DA45A185c547154ADcF56A9C26641C4cB6","amazink","","2026-09-04T21:16:48.000Z"
amba1982,"0x3CdD0b1Cf6d506f7FAAC12F1Cef907A2Be99E0F7","amba1982","","2026-09-04T21:17:29.000Z"
amber_dragon,"0x3aA7B6F5322e6d0EaE77fd1558b9D641F2752883","amber_dragon","","2026-09-04T21:18:04.000Z"
ambercat,"0xE4F71643385B385919f7D56d108Bd909367c67c7","ambercat","","2026-09-04T21:19:40.000Z"
ambercrow,"0xab552773204fa1A0867981816B07C9A54Ba8200e","ambercrow","","2026-09-04T21:18:50.000Z"
amberfox,"0x3EfE0634a732EdffB4e4866F240A7836e031bac9","amberfox","","2026-09-04T21:17:34.000Z"
amberhare,"0x9b1437E6136300bE7B1D82d29dCA14B9f4B2BC03","amberhare","","2026-09-04T21:21:34.000Z"
amberhawk,"0xEB0fA6cDe2e01d69cdb1c6Fa7Ff90b7D1dDcB8De","amberhawk","","2026-09-04T21:19:50.000Z"
amberkoi,"0xb3d7571982a08D82eB95231DdD9e77a33840425d","amberkoi","","2026-09-04T21:16:23.000Z"
ambermole,"0x1c55c2Ff7ACAa53AaF10e6606b9D04C93B4Bde1C","ambermole","","2026-09-04T21:18:03.000Z"
amberotter,"0x6D6444bD8BD12a72c2e667C45A1fbCA5979BdECE","amberotter","","2026-09-04T21:20:37.000Z"
amberstag,"0x2022cF02f8049f9eC34AF56bA019b64C68c8de37","amberstag","","2026-09-04T21:17:36.000Z"
amberswan,"0x334483F17B5acaDB80B1Fd2693B9cE334fa42210","amberswan","","2026-09-04T21:15:29.000Z"
ambroy,"0x876702cB96F754D5873b201569C50854d348e86b","ambroy","","2026-09-04T21:18:51.000Z"
amelewa,"0xd396D72A4989a9dD7512821512c782f93D22863d","amelewa","","2026-09-04T21:16:17.000Z"
amelia_m,"0x6Cd02ac7abd557617eB770B0E6D154EA7Bc6A899","amelia_m","","2026-09-04T21:14:34.000Z"
amgad,"0x6B3A54cE9123319a51d2303C6a14d1e5F1703671","amgad","","2026-09-04T21:21:28.000Z"
ami1,"0x5e7963AcC2F5Aa3591B8fF43AEBE4f485Dd145B1","ami1","","2026-09-04T21:15:20.000Z"
aminovich,"0xa822A96822cD2D62C460184FaE3Df1cAa4CabE4d","aminovich","","2026-09-04T21:16:41.000Z"
amir007_eth,"0x8c6761becF56735E0e7B0ae66c9E0Be85870b447","amir007_eth","","2026-09-04T14:30:21.754Z"
amirbide,"0x73395a036B733C355F3e322BeD24b6ac3ae5C930","amirbide","","2026-09-04T21:19:19.000Z"
amirrezaeian,"0x6d9069491450d429934D971eE1d3DC835Cf7E840","amirrezaeian","","2026-09-04T21:14:37.000Z"
amirsa,"0x27d5a2B0D523478d5cf57cBeba9A99095D2F8282","amirsa","","2026-09-04T21:18:39.000Z"
amish7,"0x751E3E2a7132794EE97648Bfc5CC95905e366826","amish7","","2026-09-04T21:20:35.000Z"
amit6721,"0x76Cd46C286591b65A4b936E3267Cd7Ac8c405A15","amit6721","","2026-09-04T21:20:59.000Z"
amita1992,"0x732875154b4A79bd549b70b6D5b58612Ef72e894","amita1992","","2026-09-04T21:14:16.000Z"
ammokelly,"0x1D792965b4c5E87dF141500F4f265Dc14DdD465A","ammokelly","","2026-09-04T21:14:23.000Z"
amoohossein,"0x69070392a46e7aF611c70d43CC797b11dA45AD97","amoohossein","","2026-09-04T21:19:28.000Z"
amri28,"0x05dBa938522118EE0e261ee0d10EEB9edA1ffe4c","amri28","","2026-09-04T21:16:34.000Z"
amu9SM3L2lhg7SKbSWohm3rcc0x2,"0x67335023b038F6433C0fc2A633131610Db905a2e","LngH192625","","2026-09-08T16:25:36.725Z"
amuro_ray,"0x6F733f16cB19e4b74dBA4Fe0714F3C69C6bef5EE","amuro_ray","","2026-09-04T21:14:45.000Z"
ana30cC4XeTFUMpqIlCZ9vyoaEy2,"0x9281b78ed66329d21B11Ef87f839026d8e99A2DE","HongLan240632","","2026-09-08T16:28:52.945Z"
anass,"0x993f51293Da9ac762b46F0F68c6a9B9Aca80C46A","anass","","2026-09-04T21:19:58.000Z"
anastalita,"0xEFC4F81A9Fd7F359287AcDE9e3b5dfeEC21BcB32","anastalita","","2026-09-04T21:16:12.000Z"
anbuan,"0x3c653fAa18E918D566C545BfA10Da2B3b28b27a5","anbuan","","2026-09-04T21:18:07.000Z"
ancient_frost,"0x848EA051E5df0226050B8fbAAA897636Bd030edF","ancient_frost","","2026-09-04T21:14:50.000Z"
ancient_knight,"0xd11936cE6f070684335CC5D784e5Ab867eaE4A36","ancient_knight","","2026-09-04T21:19:07.000Z"
ancient_ranger,"0xc5624A71Dc07F87067bCF4dD1454b9B047ffe2D2","ancient_ranger","","2026-09-04T21:15:07.000Z"
ancient_rogue,"0xDC09344aeBfD75Bf8045245e06DCC5c889e8Fc3E","ancient_rogue","","2026-09-04T21:20:15.000Z"
ancientecho,"0x5c9D354f99b3BB61b4837E5bf8bea3f894d17B40","ancientecho","","2026-09-04T21:16:39.000Z"
ancientjester,"0x8094344d8Dd1Ed4b4EEe2e5141c6bf20294fF8B2","ancientjester","","2026-09-04T21:19:12.000Z"
ancientledger,"0x219a060AbE7d15B5c86805195eef33B231a35B95","ancientledger","","2026-09-04T21:17:26.000Z"
ancientmage,"0x2eBa3d668ded9EC82De75dd52E8ee65f8f00bf04","ancientmage","","2026-09-04T21:20:29.000Z"
ancientwarden,"0x706a801f19aD8a339Be83D39eF2aB6ddC7b8Aaa7","ancientwarden","","2026-09-04T21:17:07.000Z"
andiiyan1,"0x588913D902BdD806473C15DfeA37E555010E9831","andiiyan1","","2026-09-04T21:15:13.000Z"
andiprasetyox,"0x212F8B178cCf2fc55A2406b45C12faa276B5f971","andiprasetyox","","1788588380375"
andoni2,"0x142848fCa414D14a8C32d6D59968097FCd1B3695","andoni2","","2026-09-04T21:17:45.000Z"
andreadong,"0xef537033816f143748C9a72dF69ebf1170017e87","andreadong","","2026-09-04T21:15:01.000Z"
andreasson95397,"0x02ced5A35e59401bee0f65a2646A4C666fD4e01B","andreasson95397","","2026-09-04T21:15:25.000Z"
andrewa,"0xdE4CD4B161362c058310A2187242C00C5CDC157d","andrewa","","2026-09-04T21:16:23.000Z"
andrewhalldil,"0x28C839C7a082d8FC854c0e281AD53DF02657dBeC","andrewhalldil","","2026-09-04T21:17:00.000Z"
andrewpham,"0xB536B8C9e98A7776762C93CFB0153Ebf5B4cF1BA","andrewpham","","2026-09-04T21:19:05.000Z"
andrey111,"0x2326e8724d683a25cE8629Fc284A174bF2A497D6","andrey111","","2026-09-04T21:14:38.000Z"
andreyfilatov,"0x29BB4a428A720BB114EfdE69c180986E2946988A","andreyfilatov","","2026-09-04T21:16:48.000Z"
andreykv,"0x60327B3a46ab28f58443E54bE00ed1d2f3843672","andreykv","","2026-09-04T21:19:23.000Z"
andri14,"0xB0cD0B2326933e70BE0C50B517f5DE0EA57f9417","andri14","","2026-09-04T21:18:06.000Z"
andriysl,"0xFF3A6E7cdD8992584eD4Aa745ea6D4835796498b","andriysl","","2026-09-04T21:16:52.000Z"
andy01045,"0x7090872203e8fC73CC36e5b4315385729E7d09F7","andy01045","","2026-09-04T21:15:24.000Z"
andydracula,"0xc96515d0470325c92F95b64faa1e137ae1DA0B21","andydracula","","2026-09-04T21:18:01.000Z"
andyfi,"0xDD8085a20fbbCfFF729e2C78f31BBbBE820FC580","andyfi","","2026-09-04T21:20:17.000Z"
andylynch,"0x7d0ce1d564E8B82E0f5FC62d7dF8Be33C36c3d1B","andylynch","","2026-09-04T21:15:45.000Z"
andyp,"0x983BEaAD6E1237ade8649db70235487c4c6df0C9","andyp","","2026-09-04T21:21:03.000Z"
andysnowy,"0x155DfD95007fa2efDBa455195e83f91Aa005659f","andysnowy","","2026-09-04T21:17:48.000Z"
angeline_pooya,"0xed1cccb918f662990f321d06adf92c98751d8116","angeline_pooya","","2026-09-05T05:43:23.781Z"
anggasaputra9,"0xBE34437d492E175bB4b498107F19453DE3d2C100","anggasaputra9","","1788588450328"
anggitalyda,"0xca1896a3aab5dfb4753fe6088825e568bb1f568d","anggitalyda","","2026-09-05T05:30:18.446Z"
angm,"0x95cCdefB6Ecd22fe02f5a0FA1b44b3e7B262FB63","angm","","2026-09-04T21:20:20.000Z"
angrybird2k7,"0x81Bda5f8c3F135dDAf2e542B8B354491176db959","angrybird2k7","","2026-09-04T21:17:58.000Z"
anh06a,"0x67A792D5e576E9849Bfc8b9Ff8F7a5Beb2De5847","anh06a","","2026-09-04T21:15:49.000Z"
anhhoc,"0x934c063ac2C2a3A5BAFa404735736E2402F4e3E1","anhhoc","","2026-09-04T21:14:56.000Z"
anhmun,"0x947e0B9F614EE62d1D9EAE67a039C3f0d8c7ab03","anhmun","","2026-09-04T21:17:43.000Z"
anhpnh,"0xE9a354f66D388bEB2276d67EEA66C0C508000e7F","anhpnh","","2026-09-04T21:21:33.000Z"
anian,"0x205EA947474Dc18685C88A6B5F4a2828931C2eF6","anian","","2026-09-04T21:20:09.000Z"
anima1,"0x0Ce59bd8C5F562dd2f984A6DFfB4B9a1bCA4c436","anima1","","2026-09-04T21:18:39.000Z"
anisaputri_01,"0xB6DEFe5f313e2c1D0Ff8860105d60Eb21903D266","anisaputri_01","","1788588357494"
anissa47640902,"0x4c0bbB6e5F31585a0A7D47B8Db88D60F85a479C3","anissa47640902","","2026-09-04T21:21:35.000Z"
anix,"0xd915f7A8e8270C3792da7Ce3D995aB2CA143F583","anix","","2026-09-04T21:19:32.000Z"
ankcrypto,"0x6B2e6FDe48c043c2BE17cCBe5A4AF2C4Ed33aD2F","ankcrypto","","2026-09-04T21:21:21.000Z"
ankit,"0xa4D6182D6a420A2140aCb2fEB4d9417060Ca3B57","ankit","","2026-09-04T21:18:47.000Z"
ankuj777,"0x31A3b4Bc63D005079222d8bCcB0F65b1bB5FB729","ankuj777","","2026-09-04T21:20:28.000Z"
anky07,"0x1FEd4673c1D2D5cB20BeE6662B7Ba7ea80c56Fc6","anky07","","2026-09-04T21:21:32.000Z"
anle,"0x5347C33bD5bBb17690579cd3f42fE4EC35a87530","anle","","2026-09-04T21:18:30.000Z"
anm6nAI21fbDByjOTJMy70uxS533,"0x15BcCefB6e188Ee0d28CdD54CBcfDff622e5F0F1","PansyPulid37689","","2026-09-08T16:24:00.540Z"
annettecruze,"0x485a29E640Fcf4296E3e17926b5666838ee28A97","annettecruze","","2026-09-04T21:16:32.000Z"
annzz,"0xB8692313630bF442324C711B69eB9aBD73aBCd95","annzz","","2026-09-04T21:17:52.000Z"
anomalous,"0xE42932EDC92781B34df2eAC86b6637680954bEaA","anomalous","","2026-09-04T21:14:51.000Z"
anon31,"0x9a39ff9d0bf2cd8f8b61621e484a2ac4e6db3412","anon31","","2026-09-04T21:20:03.000Z"
anonixweb3,"0xfF7e46F3EF5Fe8C7F7bBB7844e88489fd82918eD","anonixweb3","","2026-09-04T14:39:46.807Z"
anontype,"0x6001254ce5441785544F477D030004c9e74a01a1","anontype","","2026-09-04T21:17:41.000Z"
anorak,"0x90E4038B4A380F80Df1E63029Bb01dEE52e77aC7","anorak","","2026-09-04T21:17:44.000Z"
anpai,"0x11Cd2D976F85986485EE64195A24d1eDfD5e18a3","anpai","","2026-09-04T21:20:04.000Z"
anran1,"0xF09Cf283c0C5a07421d89CD33f345A13b4D61781","anran1","","2026-09-04T21:15:53.000Z"
ansen21,"0xB6ea939E36088AAD87220d140fb537186cf2DA48","ansen21","","2026-09-04T21:15:27.000Z"
ansheng88,"0xBD4D07789673F09CF29F00b622D30fE73C2cb703","ansheng88","","2026-09-04T21:19:22.000Z"
antarrow,"0x4ee9F2e097BEABBf7bf64A7Cc7D73A2963313B3B","antarrow","","2026-09-04T21:17:52.000Z"
antdFqaHG5dIVEb2rAos1H6KeqA3,"0x9E1cC320d7813364F57BA34eC9c0707E52C2D79e","TkvitenT","","2026-09-07T13:49:12.374Z"
antheat,"0x48995610D43ce8c0BaF964b229bc192f00612FFB","antheat","","2026-09-04T21:17:55.000Z"
anthonykingkoy,"0x2526aA4Ae4ceB58dD80258D8DbdbD90B8862C910","anthonykingkoy","","2026-09-04T21:21:21.000Z"
antlandia,"0xF7eF3111178E084CDcF60C0e8f512A2d83F80a1F","antlandia","","2026-09-04T21:21:06.000Z"
antonistsa,"0x8ac11c4923678fda4FaD6932efC85c12967F4a74","antonistsa","","2026-09-04T21:20:20.000Z"
antonprofit,"0x34219bBEc598f6fD52bf9BC1E64dDE565839757E","antonprofit","","2026-09-04T21:19:19.000Z"
antonybones,"0xd3E9C05673186B501e638C6e260F894e7D64Ad5d","antonybones","","2026-09-04T21:16:04.000Z"
anubis512,"0x3EEfE4086119d64C1DF40353c7e996d8Ff520a92","anubis512","","2026-09-04T21:14:19.000Z"
anunemuas,"0x166FA1d6C02482f6BC9c9c5ad3f6641623309eCc","anunemuas","","2026-09-04T21:14:33.000Z"
anvy,"0xBdeD273B5a66748536F3C9b73211A8AaEDd2207B","anvy","","2026-09-04T21:16:12.000Z"
anxi,"0xe3e1bfB65AeA07dD475856A21fbebf2ac5f080ad","anxi","","2026-09-04T21:20:26.000Z"
anyway808,"0x0EA2fE02A24839fD1eEeF371597dEc308a799e5F","anyway808","","2026-09-04T21:17:15.000Z"
aojin,"0xba97a567F2A0565c7DCF789bFF52fD27B8B419d5","aojin","","2026-09-04T21:15:49.000Z"
apeman,"0xa9e2e9069928a6F130923d6B08167ffA36765B39","apeman","","2026-09-04T21:19:55.000Z"
apgreensky,"0xe5AE7AA1807af13deeD6e48d86dDB09651862496","apgreensky","","2026-09-04T21:15:03.000Z"
api3,"0x5230354F503070eD76992C45e73bCff86e2EA27C","api3","","2026-09-04T21:19:31.000Z"
apico,"0xb1Ea8A567d9AabD9470238E3A353df39f2f4BB0E","apico","","2026-09-04T21:18:34.000Z"
apollyon,"0x3D007b09B53D15eD78641DBC37366E2A486fA696","apollyon","","2026-09-04T21:21:36.000Z"
apon6t9,"0xf4867464706433cFc9D1BFF3683Fcf4E174639bC","apon6t9","","2026-09-04T21:16:14.000Z"
apple,"0x53F49DDEA46d1EA87e06c0417e937A356B4572b6","apple","","2026-09-04T21:15:05.000Z"
appletv,"0x808e16ad62E1431FDed1a060DD8DDBe3e82613BC","appletv","","2026-09-04T21:19:50.000Z"
apps018,"0x8F62884741770D5e2a09b640d7A0BC60d4a008CF","apps018","","2026-09-04T21:20:07.000Z"
aptomizeprime,"0xDb4E41d7b3302f15E7071D362FDb13eE9E858c42","aptomizeprime","","2026-09-04T21:18:59.000Z"
aq0rGCt9gxYn3R9afefeBPRFlyY2,"0xB87A36c9d85B27Bc3E5da123f0Cf7739de5D97cE","gerald62962","","2026-09-08T17:07:33.304Z"
aq1QEDCTuYd9YQVIBOzcfl4Uq342,"0x61098fA80bB11e0B2d24266E70540Ec760a11708","DuyHoang45396","","2026-09-08T16:41:51.088Z"
aqua444,"0x1B27186aB404D55881353ec8933A6625B76c2Be1","aqua444","","2026-09-04T21:15:28.000Z"
aqua7,"0xC94620557f38d158aE2b549a0Fcd3a33A29B25a6","aqua7","","2026-09-04T21:17:50.000Z"
aquasparkle,"0xdBea5F28DD9C18b0C79200CC19bE5C04b256D49b","aquasparkle","","2026-09-04T21:16:55.000Z"
aquilatomoon,"0x6493fC9bdbF472862a329453a271Eb4Faeb226c1","aquilatomoon","","2026-09-04T21:18:32.000Z"
ara_ara,"0xCDee705Df37a78192340118C357B59364F323F39","ara_ara","","2026-09-04T21:19:02.000Z"
aramz,"0xEf528570E8d899A6A9016d75Bec4D85C8ee4AF98","aramz","","2026-09-04T21:20:06.000Z"
arasafilia,"0x7a79d744799f7b4bd3ae944aa88b354529f58dc1","arasafilia","","2026-09-05T05:29:49.504Z"
arash1366,"0x355B78eC41C2c9cF14168E1BaC75B0A4A7E069bc","arash1366","","2026-09-04T21:17:42.000Z"
arashmohammady,"0x9EbdC3c033d63b5F1eDDF44d82C2456894120bd9","arashmohammady","","2026-09-04T21:14:08.000Z"
araz,"0xA18eff0Ee68c90aFF31F520CD19429aC355B8f75","araz","","2026-09-04T21:17:37.000Z"
arby2,"0x10CF3B1847f3A1a4604122475341529548E9A318","arby2","","2026-09-04T21:16:19.000Z"
arch1,"0x2c86399d5bDC697A4bBa0b9Fe195A75C30ED6903","arch1","","2026-09-04T21:21:19.000Z"
arcideaco,"0x1d3f7865fd013dFEE0D9490D2BD93ebaDc1DE788","arcideaco","","2026-09-04T21:17:55.000Z"
arcling,"0x54E791773c345bB6fd54baE0fa14D8d2232Cd009","arcling","","2026-09-04T21:18:14.000Z"
arcsky,"0x2DfdEB54c452aA620541d4340BeDC55E04b5F07e","arcsky","","2026-09-04T21:17:07.000Z"
arctek,"0x1945862E98EC5d82a518fa476e32a14c7dc2B36C","arctek","","2026-09-04T21:18:15.000Z"
ardenrippin,"0x13c6C5c7438e38455109C690Fccf6eA697f2958e","ardenrippin","","2026-09-04T21:20:46.000Z"
arean,"0xD87c21D002E3ddD060Ebe71202D4DE479E030ED5","arean","","2026-09-04T21:18:02.000Z"
arefun89,"0xc9d238141bFd1a6974EfedF82e6451e12e9f0F93","arefun89","","2026-09-04T21:14:34.000Z"
arezozarei,"0x39e194290c1843767bD2210D3c6Ad7c17Bd12f99","arezozarei","","2026-09-04T21:17:08.000Z"
argos_defi,"0xA5bcDEea60dB497e97Db5c8e3Eb3705cf8158408","argos_defi","","2026-09-04T21:14:23.000Z"
arhostic,"0xbDA4feB57629794e7082Ca52E4c2be84b819B555","arhostic","","2026-09-04T18:02:06.994Z"
ari_eclipse,"0xb83C434a189810F05Ae1FfF1023925e4258567bd","ari_eclipse","","2026-09-04T21:20:03.000Z"
arib,"0xCECe22FAF0341b0635c2055E2D0dEa311B8f2053","arib","","2026-09-04T21:15:34.000Z"
arifnugroho8,"0xbA0AfE7989EdDD83041d640Cedb8a45ADe67E83E","arifnugroho8","","1788588414107"
arifureta,"0x1E96b887c0e6D6bc2d4Fb3057E5FA0a1B7B86f45","arifureta","","2026-09-04T21:18:20.000Z"
arigo12,"0x5EfF82e053E422Df8610D7e0288C5B0d13AC8647","arigo12","","2026-09-04T21:20:29.000Z"
aris,"0xd38AFF5612264453A172e497556F3365b1B818B5","aris","","2026-09-04T21:19:39.000Z"
arisasmara,"0x54b194566369F3c997bDa8aEF4fEba7e833822cc","arisasmara","","2026-09-04T21:16:57.000Z"
ariwolf,"0x37309d94f03c9b8B3523d38E3B184114b7098162","ariwolf","","2026-09-04T21:21:36.000Z"
arjunniloy,"0x125A34dA75FE9cd86E8De673e038472875Bb23Ef","arjunniloy","","2026-09-04T21:20:55.000Z"
armadaxc,"0x2EF35832B6e76303f0fbFc08ee7327d8BD303C09","armadaxc","","2026-09-04T21:18:11.000Z"
arnstew,"0x22DCf7092B2739F10c120390a19D7D8347e4b3d5","arnstew","","2026-09-04T21:16:46.000Z"
arsadar6,"0x4028733c3DB6353c22Bc4ca938e29c46074a620a","arsadar6","","2026-09-04T21:18:31.000Z"
arslan027,"0x11a4fbB8E40b0924ab546c197e04F71f5bB42b22","arslan027","","2026-09-04T21:14:40.000Z"
art_painter,"0x0135650F4D9E1Bc1C0E90C81D89cf2930880A8aa","art_painter","","2026-09-04T21:17:10.000Z"
artasorias,"0x70C7A7620DAD9d058705663069aE25a6941FF536","artasorias","","2026-09-04T21:21:00.000Z"
arthathu,"0x0e8d03959767796f7f092198adfa1e43eda8cb43","arthathu","","2026-09-04T14:28:54.076Z"
artistmeta,"0xdba7Dcb1C5bb8745d48Ed0EF2238329D4F6A688B","artistmeta","","2026-09-04T21:17:40.000Z"
artmonkey,"0x6B2C6c7C6608182763258B405B188CA0a67cd8A7","artmonkey","","2026-09-04T21:16:49.000Z"
aryan62444raj,"0xECaf65D7089f64E0FfC7264A494562506b8b92f6","aryan62444raj","","2026-09-04T15:16:41.757Z"
arysigma,"0x6B51424D9144Bfa41d94349322cA7a27Da08617E","arysigma","","2026-09-04T19:30:45.559Z"
asKee7xlvBVS6uhZTmF8l8WxShC2,"0x060032B930fAc38D885FD0C03609Cb8414f9a6e3","HLm822528163060","","2026-09-08T16:56:10.405Z"
asasin,"0xaDfFb635A0D3626D8C17a62D86ce087671E0deB7","asasin","","2026-09-04T21:14:59.000Z"
asasins,"0x52EFE86922E8eF01738d6BD2B6DD3eeC4bA66F8a","asasins","","2026-09-04T21:21:12.000Z"
asd48,"0x96ee0a11e52A1Ccbe7Ea310156a3Da918Eb6c088","asd48","","2026-09-04T21:14:52.000Z"
asdjames1,"0xD53d4a9D1FBE32B1100e892F4bb3634d14934f0E","asdjames1","","2026-09-04T21:20:57.000Z"
asdzxcz,"0x1c91683559ff75E2147b795921e376C776804245","asdzxcz","","2026-09-04T21:18:21.000Z"
asen123,"0xa4678441326ff4661af3190CB669Fae253d3C36b","asen123","","2026-09-04T21:17:33.000Z"
asfag,"0x6B1E861117ae51F3ee0e207bCc15822462218a1D","asfag","","2026-09-04T21:17:16.000Z"
ash_ren,"0xE59031c269498EE8Bf3e55DaeeE0431034fe853C","ash_ren","","2026-09-04T21:16:37.000Z"
ashiqcvkd,"0x6a47d6601958DA3Bd2ffA00e093dD7f4aeD69A38","ashiqcvkd","","2026-09-05T01:20:39.556Z"
ashish_0x,"0xFE4788a64d28fE4d6e70D1B9F3d766108aE8D4Ff","ashish_0x","","2026-09-04T15:13:49.864Z"
ashmosa,"0x8F3F515B4109f5cDC862e6c8121F1290ecF3C086","ashmosa","","2026-09-04T21:14:16.000Z"
asif3636,"0xF58ECd9A0710f150CC73A84135B3dBED2BA01C52","asif3636","","2026-09-04T21:18:26.000Z"
asiujina,"0x21c2b0f5f4d0833dcedfbaf66c87a9b827ed2749","asiujina","","2026-09-05T05:59:19.839Z"
aska1121,"0x027c7446dE836bC764376ed7Ede4714Dd057d2DB","aska1121","","2026-09-04T15:06:24.250Z"
aslan75,"0xb9b65872DB7F6b8488BF84A1D9a3e6ef10fB1AEE","aslan75","","2026-09-04T21:15:37.000Z"
aslan_kaz,"0xB602fd9596973B0b37dB7eA5569aF91Aa27f9834","aslan_kaz","","2026-09-04T21:14:55.000Z"
asomlil,"0xc530AE8B0E62c564bbCe2329846E869027c7d872","asomlil","","2026-09-04T21:16:27.000Z"
aspo111,"0xdce3dEAd78E5d332e01274cd4049FE0a3583cECc","aspo111","","2026-09-04T21:17:51.000Z"
asq4,"0xD99Fe0f09B27fAaa464eCAE4901c408107A5731C","asq4","","2026-09-04T21:15:22.000Z"
asq41,"0x562afD11593BE9B0BE50D1597EA102d8ECaE52Bb","asq41","","2026-09-04T21:15:37.000Z"
asrfasfrasfas,"0xd32c427a35274fe7a683994628c6cbda65002676","asrfasfrasfas","","2026-09-04T19:12:13.774Z"
assassins,"0x9E121dB615d70e3E66639e06FE9D7Ec042a59233","assassins","","2026-09-04T21:15:55.000Z"
asset001,"0x7D1d7aCdD9C6737A384e5615053Ac5d3B95690e5","asset001","","2026-09-04T21:20:15.000Z"
asterlok,"0x857057462cf3e07F1Ce7085cd8b79a8DD6d5f476","asterlok","","2026-09-04T21:17:48.000Z"
astralsky,"0x281b87782908C4c8418B469915aEDF4A2C4CBa82","astralsky","","2026-09-04T21:19:56.000Z"
astuvKnbbRXrZ9nEHa9MOybBjYD3,"0x0fe4c4f644b54CC1A9b1c354556d42EBBBed4B09","kim_khoa51014","","2026-09-08T16:41:10.903Z"
at2707,"0x92fefeAD3242fbB7A00918d21b09BaFb8bBbE7BC","at2707","","2026-09-04T21:14:20.000Z"
at5IulIdNIXqQfPETOnXxK6X8Ci2,"0x23ACD78dD70ecbb6b129e17774cbc11E009365dA","HNhi533719","","2026-09-08T16:28:54.382Z"
atajudien,"0x8350f23f8e3c5CA35fE75a739a9aB31303dA9402","atajudien","","2026-09-04T21:18:58.000Z"
atakanonr,"0x7926a579DeabA25fc4e479bb1715D758A9431Ed3","atakanonr","","2026-09-04T21:18:33.000Z"
atlas_dawn,"0x954c19298014be3755d9939b268faFeE052802aa","atlas_dawn","","2026-09-04T21:15:33.000Z"
atlas_prophet,"0x9C534dF539de1Af1ccaE0c1B830787cB84653Bdd","atlas_prophet","","2026-09-04T21:19:55.000Z"
atlaswarden,"0x2f03a504935991E427b1a721Cf4d9936E18DBAC8","atlaswarden","","2026-09-04T21:20:51.000Z"
atlaswolf,"0x00601ee4748616Cd079D05C80027F1915a638eDD","atlaswolf","","2026-09-04T21:16:39.000Z"
atorYyAAI4PCkgHbVdTTs0NeoS33,"0x464cEd9E05d205c2B9784189B126cC80828Dab4F","AMINULUKKA","","2026-09-07T10:10:24.386Z"
atx_1976,"0x374f0de950F22A3dE2FE58ED41F5418d2D1474B3","atx_1976","","2026-09-04T21:17:26.000Z"
auOngWoOfGTutsdX2YYWobvnVAM2,"0x71C6184397d4dD6720E613f1d4ca72538a598ba2","CLloyd94023","","2026-09-08T16:40:37.793Z"
audreyowens,"0xCed5f609A71Fe4AC336CEc9c318D32f8AAc3F02e","audreyowens","","2026-09-04T21:15:43.000Z"
aura_gt,"0xC7Fe6fAb3499Ad6A03B96A1a9f0112227d0087DC","aura_gt","","2026-09-04T21:20:35.000Z"
aurel23,"0x80d1490A8068D80DA284ff6E3A4D9B8560947334","aurel23","","2026-09-04T21:17:57.000Z"
auroravoyage,"0xEd3F6d7FfE5638D4D2582f42E35b8fa10B7b29AC","auroravoyage","","2026-09-04T21:16:46.000Z"
aurorawisp,"0xde1eF3016DAEcD2B9754494C8224D4A742b4B977","aurorawisp","","2026-09-04T21:19:08.000Z"
avangard,"0xDc5E7d5d5Bc231B75762808Fd821e0d330d9b763","avangard","","2026-09-04T21:15:36.000Z"
avatarjay,"0xD76DdfAFC7FEa94665A31266f2b41465F968eD31","avatarjay","","2026-09-04T21:18:34.000Z"
avelinn,"0x1f7C9266bCfc7D0cD60471c54b042Fb416C7145A","avelinn","","2026-09-04T21:17:21.000Z"
avikd310,"0xA2Fe8454a3921C9082B4D9084520A75FF023d81B","avikd310","","2026-09-04T21:14:34.000Z"
avink,"0xCEC84A0611fCc057bB11b5f0BF7ed01DEaFDe056","avink","","2026-09-04T21:21:29.000Z"
awdasdsada,"0xCbA90157ee828b90B0b5C6b70849CD8E5eC860D8","awdasdsada","","2026-09-04T21:19:37.000Z"
awesomedevelop,"0xBdE1775284E8D7ff879D24b3b56fa59f9F3e71B4","awesomedevelop","","2026-09-04T21:19:29.000Z"
awewz,"0x4C93AbE27e821eD26EE6C5FE02cEb05806511949","awewz","","2026-09-04T21:19:33.000Z"
axax1,"0xBEbE531305d869C11dea2D83b25A1c3fF79A0947","axax1","","2026-09-04T21:19:51.000Z"
axj6I64Qj8PdBglb2O42WVm8qU92,"0x5865B6bAF552b82A37FFB2b4fAf0c8C524E76666","BaTrang8372","","2026-09-08T16:30:19.841Z"
axmel,"0xC588a1CB7ea423df6B3887Da1f65BcDAf8849bCf","axmel","","2026-09-04T21:20:49.000Z"
axue,"0xab755D30BEf6947E92A0A3E1e69326d13ef6b2af","axue","","2026-09-04T21:18:19.000Z"
ayhan444,"0xF560F6003271d247cFcFAb986a941D3E92B76Ff1","ayhan444","","2026-09-04T21:18:08.000Z"
ayhandedek,"0xdF2FDA8cb70EC847f4E59488AD4aDc3047Af4024","ayhandedek","","2026-09-04T21:18:39.000Z"
aymanfaust,"0x77e0BB27FC6238AE1fb8ab688E1ee0924b8a924F","aymanfaust","","2026-09-04T21:15:18.000Z"
ayobangkit,"0xD32c427a35274fE7A683994628c6cbdA65002676","ayobangkit","","2026-09-04T21:17:38.000Z"
ayoub225,"0x2A7c45aBB20e090738365C2DDbC8725aEC571eA5","ayoub225","","2026-09-04T21:18:55.000Z"
aysilapolar,"0x915bf2158fd2cf069001f3faecaf1073c823e8be","aysilapolar","","2026-09-05T05:59:13.861Z"
ayush2808,"0xec839ea5F240E0956eBd3B0698d119a57125D38C","ayush2808","","2026-09-04T21:20:47.000Z"
az0555,"0x9cdf7e9D80A55B578b8EA765876f79B32577e130","az0555","","2026-09-04T21:15:25.000Z"
az1z1m,"0x0cBb01181761FF23Ee72AdbA3F52f79533cBE5ac","az1z1m","","2026-09-04T21:14:17.000Z"
azUP3XekkdhL8K5QaEvwVXaChDW2,"0xbf4964651e0841a6efE2b897B9F3e779277F1dfD","AyrtonBlak83476","","2026-09-08T16:19:22.487Z"
azWSfLGa7GaKYep8c9cXO2lwaU32,"0x6ad13ef2c097116160104A45617717eC8e2B1098","LinhTrinh19348","","2026-09-08T16:50:30.758Z"
aze4eCZSU7YW5zMflT6O48GnQIO2,"0xF7671C89D4679B7De8C501C01220DEfFADEf2d50","CAnne13571","","2026-09-08T16:09:31.049Z"
azeta,"0x1B64870F93298eDbC06e3Ae9F13cb4E5e693297e","azeta","","2026-09-04T21:17:53.000Z"
azikai,"0x58FCcE9CCb2FBB98709dfbd8ae7c5C191708f9E6","azikai","","2026-09-04T21:18:13.000Z"
azimuthph,"0x2E9FE4D5ae8AD2Cf8089C121fDea7ABe36B72301","azimuthph","","2026-09-04T21:19:51.000Z"
azithkumar33,"0xF70C5efCeAdDed3dABF1935e31EC70e64B342a0b","azithkumar33","","2026-09-04T19:13:04.548Z"
azka,"0xe7E238D714d9de4D6e84aF4ca268C04d4a79F34B","azka","","2026-09-04T21:14:56.000Z"
azumaxbt,"0x68c5e1553C053313E7FFc45F7887f896727cBD84","azumaxbt","","2026-09-04T21:16:23.000Z"
azure_ghost,"0x83Ce5B522A59452a04aa62F58d3E787b3AEBf0bF","azure_ghost","","2026-09-04T21:14:40.000Z"
azure_spear,"0x31960439297f9B4d298BD7e83861a5A6c119778d","azure_spear","","2026-09-04T21:17:57.000Z"
azurebear,"0x4413d7E58542096FAEE054c998dF89B4B4dE182c","azurebear","","2026-09-04T21:15:00.000Z"
azurefrost,"0xBCFa7CB710b100746f49ba87408dD0Bbf1DD535B","azurefrost","","2026-09-04T21:21:29.000Z"
azurelion,"0x2A7e2e944Cb68d9c95f8689862B7836f5a5f3640","azurelion","","2026-09-04T21:19:38.000Z"
azurephoenix,"0x1C4C9a56e3C3e94361acF38266902Dd88604142A","azurephoenix","","2026-09-04T21:21:36.000Z"
azwear,"0x992e76dAc857D00603B98FF12F4B7b702Dd95936","azwear","","2026-09-04T21:16:03.000Z"
b016c1f10a0ebaa5e2e41848ddeb,"0x385a87894D104FDD7A62a4d39C07a43872C9721a","Vividretro","","2026-09-05T08:10:08.135Z"
b0b7b5e1b13c43c5b68b377630ec,"0xe10d8dc03d8fdf6022b4f2b6572e1106c700888d","CryptoSylar","","2026-09-04T10:35:09.349Z"
b0bb630241bfb372621908df7269,"0x4B14D02e670595927fB4D110f482b3d755c5A1EA","EmberDoodles","","2026-09-05T08:19:44.613Z"
b0c4810810a25d2f3cd092517253,"0x6Eb231e8A621B3B6730E6Ed69EcD4c8200d63141","itssage","","2026-09-05T08:41:54.326Z"
b1bafb4cb3a69073f9e90deea414,"0x873fd586d4a9E688830E3B0BFeb3D3301e54B1CA","ufern","","2026-09-05T07:59:05.822Z"
b1eUHgyZ5eXBszx3nIbAt0ON8mF2,"0xdd3eBBd5cC2199EC56923c3D7b7bf0CB42092313","HAn488746452638","","2026-09-08T16:53:59.459Z"
b1ea1a995719dea451df5d6f4685,"0x253bCB991d4cAbb9D1F38364B830D2620717AD73","lcove","","2026-09-05T08:50:29.232Z"
b208b21504682c918e8ba758c91b,"0x448Fe63f8258fF8CBDa25e192A38628102a09aFd","sage456","","2026-09-05T09:09:27.905Z"
b21117acac79e8ffefe891c5541d,"0xc2F997c623069070E49c23e04162BbdcF96aa6De","ink_ash","","2026-09-05T08:07:57.559Z"
b2287e0329b2210a532aac092607,"0x7267841821a34a83b680A727Fc9406B022Aa71a6","theBraveCobra","","2026-09-05T07:32:44.317Z"
b2472bd25d007c911e492031dacb,"0x2bBed0d1B360942A192c76a089756B9369483FD2","realwillow429","","2026-09-05T07:30:29.269Z"
b254777caec3359aca0cc221c6f8,"0xe36EDFF6cd45546f1BAa23B8997801Dfd72893b7","Swiftnft","","2026-09-05T08:48:01.710Z"
b30b6c1e0421c916b36d02ab2c69,"0x5166fB634803676e5EaaE461265D21899800223F","xwillow","","2026-09-05T09:09:22.042Z"
b38f50504771acf06f99f29cfe5e,"0xF6A91072A80F84a0e4Af4429dB86E4C28a09c1C1","Bravesketch","","2026-09-05T07:27:58.161Z"
b39d02f6e72c442cbd19b40bd4c8,"0x66fc101effd5e05f1b9b7fd88c692302f49d0b0b","CryptoJoeReal","","2026-09-04T10:35:21.751Z"
b3d23a0b6285de9cb04b2d7c6f03,"0x52942E88037E381360c50b09E47015a9F49658d4","itswillow","","2026-09-05T07:35:04.687Z"
b3nXDgKyQgQNORV3R56eYMJCfMp2,"0x1505dC91a1b271EF557A7DA1B18E90821F38115d","philip_cam42498","","2026-09-08T16:18:52.770Z"
b4bfF9IJAOMUSIpRHgbdUghNPJ23,"0xA870C9B91E978E986C73776E78CBa2cE21AD3214","CybillPipe76190","","2026-09-08T16:14:32.059Z"
b52baa52c3c967f30fdd7371be63,"0xBe7A46FED4dcc931F9F5251a8dC1EbB896C56E73","qhaze","","2026-09-05T08:20:31.982Z"
b537e6602d209959d9c70e3dd8db,"0x76d1A7eec3BdAcc5829feaBa5082442266566613","SorenRetro","","2026-09-05T07:46:33.613Z"
b5cabdb0fd1a1329acc4ce2aa524,"0x238dDADC79a4E3c64234bbE90834e62b1C68B893","nova_edits","","2026-09-05T07:34:20.025Z"
b5f77e065b6b60c264e7f21bfa93,"0x8e28E6Ecc148F88105262F1335Abe4D65749945A","nft_cove","","2026-09-05T08:36:22.111Z"
b5omudAgPHPgpyZyLPQCfGJsTHF2,"0xe85970f9f2a6425b27b746eb48f3d904b4c80c0f","Anak_herman01","","2026-09-04T03:39:17.255Z"
b649806760f648ce1cf6e7a68b7f,"0xd91c53584ab9067238bD879A597343C88413B8c6","realremy","","2026-09-05T09:13:52.469Z"
b67bfa2ddbae9ce6a293b55cbf55,"0x03Dc4095290eC889b93982aAe798EB7F73f111cD","drops_remy533","","2026-09-05T08:26:19.329Z"
b6a18eee61601b2eb5815356c494,"0x4A909FDA0fCa80714DBBf1C03f421e16f9b34Be7","stoicbison343","","2026-09-05T07:50:06.990Z"
b6f11df8ff64ef2087bcffa3b891,"0x0b73e3851F00885c441D8A49B0EA1E9156492c8D","RemyEth","","2026-09-05T08:19:32.246Z"
b716,"0xadcE1361D9AA66c3287D5D8474B56E5A6346F2ae","b716","","2026-09-04T21:14:06.000Z"
b73HrAXxSsOyGKxv4erwkhRNatg2,"0x4e730A480a9DFe4fC37e6CD89fe11a79ec663d1e","PhillipPar91246","","2026-09-08T16:43:42.020Z"
b74e9ac226080b4fe14bb6264073,"0x57B02E3B2f6911571189FaD02Bd221BF4cD48Ed5","Coolnft","","2026-09-05T08:04:33.143Z"
b7acd46caf19cd8d613523a0f4a5,"0x9F07396E3468978be98f22216E35432513cAe90b","stoicbison448","","2026-09-05T07:53:24.378Z"
b7dee23c77c9aa06e02323bf6c40,"0xa7F0F6c5Af554F72e8Fe103C8322172e0E7C6579","itsash","","2026-09-05T07:28:56.653Z"
b7gLrPMKxILDHIeXFl7dxrjIHU8X,"0x9c2338ba29461834e21857a20C47c29912290552","ej3v4gfx","","2026-09-01T00:38:40.698Z"
b834bf1a702a1f1eacacace89c94,"0x3dF1585b8dac83E7fDbB3F2F57e720abFE28AE0a","vividseal","","2026-09-05T08:58:27.905Z"
b8936e1c1992da825c2913dd23cd,"0xD3446D99E34a2B91365F803A739Ab88251F3F7D0","Wildmints","","2026-09-05T07:40:28.440Z"
b8CMcHT38cdpMCWiMxZlXle6Dm13,"0x58ad895fBBB6B551e9c8c6816bbEbd52416aeea5","MaiTai88732","","2026-09-08T17:06:02.326Z"
b8R28Uh5IxR4q1yBy9bzNVUA9FP2,"0x04f6b19A9e4aeF58b9Cc51228513a453233015F7","GuyetVickey","","2026-09-08T15:38:25.859Z"
b8c67c167c9af3797874c093f079,"0x000000000000000000000000000000000000dEaD","grimveil_483","","2026-09-05T07:26:41.636Z"
b956d224ef919e34d3b486afada4,"0xA150e01d63BC2623ecd7D9130ED307E3c6e99f57","Lunardrops","","2026-09-05T07:48:44.986Z"
b960179c59124f6cb4ad75be2a25,"0xf68f238d4879b7315c4bbb016a210450c9f46aa9","lepsoe","","2026-09-04T10:34:57.509Z"
b98cf2dca2efeb5d5b2301699a7f,"0x9e3eeb25D8567C8F8c34FFa9752d401D0De4c2db","realash113","","2026-09-05T08:55:34.741Z"
b9b372523e75255ce36979bd7d57,"0x57284c74ACB326394Ce3eeBac719a0009113060b","cove713","","2026-09-05T08:02:54.668Z"
b9cKhkabvfWXis7CdQDEmFgZFw12,"0x0E1423F8cE9dbeFfD0537F4Fe96dB4135Ec2Ff52","mason_robi64611","","2026-09-08T16:13:47.644Z"
b9ee9,"0xaf9fa43b7B9f38768771605FdAeFa2FEdb708258","b9ee9","","2026-09-04T21:15:05.000Z"
bBTc8g6SRMVeQwz2HGuWSRsDfn53,"0xc272EF58aa283c6F2Bf52De42014fC00Dc86871F","DanielCora6221","","2026-09-08T16:39:20.986Z"
bBYdGmuh0yNqAA2tcVcQ8tzAjg12,"0xcbfb111cfdf3f25c44c3de247f42ebd4dcd24e7b","letslive444","","2026-09-04T13:02:48.519Z"
bCCQXWouflWDmLDRhfs2uozOHEq1,"0xAAa71786BCd4A4FDfD03809EB78E3786e2F89ae3","GiaTrng523142","","2026-09-08T16:25:26.811Z"
bE2b9GLMXwVFGjJz4CxAYIKt2N93,"0xE9f6D61a01E49cb97Ce7084b4Fb4a2Ad062c1aEF","BaldwinAlf11612","","2026-09-08T15:44:52.040Z"
bE3hjJQH9iflkvEGnWlPWYmsf5Q2,"0x21d62b66d542ec2e633811597354d573862653f7","DSmokyyh","","2026-09-05T10:19:30.550Z"
bIdBnt4ZEHcISWkfkJAMwI7WPyi1,"0x4A3755C2Ef16D7b0489746c4A00f89Be78ae6144","BlakJackso79532","","2026-09-08T15:45:46.009Z"
bLFzBZZMySaKspLyJi6wenILdAtU,"0x727C45f2f106D6A579Ea0Bde31675cD5a668AD1e","AmandaKingrusr","","2026-09-04T08:59:30.781Z"
bLYkWdXejFcAmm86ceTFD3w1Te02,"0x6783eb4F27D5686dbBd30be44eBC161d130b1427","archibald_1081","","2026-09-08T16:47:05.321Z"
bNODTsm1TmST3mwzNp0tgapWv2g1,"0x0D6665c9F72d8262740Fbd9E814B0Fc10936ED18","EAmeenMuhd1","","2026-09-07T10:15:44.227Z"
bO0PSLuahjMnD7khScI9TNfctuw2,"0x3B05C2ca7aBF62004E35d422DC8A0e2Ea9dcaC64","MaiLan1773491","","2026-09-08T16:41:21.024Z"
bO4uNBIRkHgAs4nJ0tL8D9UXC7V2,"0x164D15c66c48475E2c36eee0F6c154E326EEec0b","ADAjoshADA","","2026-09-07T18:20:05.673Z"
bP2LQjTidRXAm7UXMos7XzkVmPH3,"0x5e3cc7dE25e0b3A48dc908e7Fb6A3587Cff1031D","GiangHai60587","","2026-09-08T16:43:20.739Z"
bP8WZI6cLDNIMAYZ4FiRslpjF723,"0xb70464996199e19F0574C9731104a913207FDB81","DalilaWate59501","","2026-09-08T16:50:03.275Z"
bQIAlA3SD673wdTzec8y3QZgXnSR,"0xde05041fD2536BCF8F1AbFac8658A22D0f629C08","AnneKinglzzo","","2026-09-04T08:59:30.426Z"
bQhgw2YCduZofl1Hu2vPuowQI963,"0xF93F635ab54Ba8e7471A69FB0412987c4Ab3b476","EHall34632","","2026-09-08T16:16:36.856Z"
bSZtaGjYBBVxD6dxZqeBdNPbcm32,"0xcc0813c159d3F64c8d6A74aC1c5768CEe7A24ED6","BushBush2693","","2026-09-08T17:03:02.552Z"
bVnXUjOE8Hftz5p69aWHxrNBd5A3,"0x7E947ae072750e6Ff235733683fEB6188A0bAB4b","ITheresa59999","","2026-09-08T16:29:44.926Z"
bVudhxAKj1cNUMCZcqdJ0rlEVof2,"0x9Cef2a79aF11B1EB09fe99e67038BaD88201BB4f","arabella_e65435","","2026-09-08T16:49:50.760Z"
bWwkM34HV5Nc6GnuvIqkabe9ZfB2,"0xa68eABbE5A4e6407FE685778e9a37C85FDeC62Ee","HngLng129732","","2026-09-08T16:55:25.587Z"
bZ4563UQ88ZdAENcj3pU8JVoSPG2,"0xd66C3f07Ff0569e0BB621eEa64f81f523dDD1051","bradshaw10948","","2026-09-08T17:01:49.724Z"
bZZuEbbauSZ7UFR3Hfby3297ypu1,"0xba18Cd97f77EE6f6849df44d105D2D8a1a284856","xuan_thach90879","","2026-09-08T16:57:07.490Z"
b_zee6,"0x3732eb8db8f64bbe8040fa7c457ea813747a59e6","b_zee6","","2026-09-04T23:44:11.334Z"
ba6021ede8fa4a6d945b0250b5b8,"0x8828ec0e8a356a4cea67d3c20f3bf42990391d20","CryptoKaleo","","2026-09-04T10:34:47.669Z"
ba61b4f08e2e766f5a289622e159,"0xFe6D1b4c51876C9f25561c5D72A98087D9820F6c","humblebison","","2026-09-05T08:45:56.262Z"
ba830547a5111063f01de53f497b,"0x0b70bf03f401e609C1c1E1eb355a1C502Af86Bed","itstoby","","2026-09-05T07:29:38.592Z"
babacryptonath,"0x863b8a8557290C6D1BCDf7fEbc16e9E3E29cB6f2","babacryptonath","","2026-09-04T21:20:36.000Z"
babakahmadpoor,"0xD97dF09021A73Cdc242b85Ff8204D15D8b12633C","babakahmadpoor","","2026-09-04T21:18:03.000Z"
babybus,"0x88C83A5745b67B5ebcCAB608BcffC0ef0f288d31","babybus","","2026-09-04T21:15:20.000Z"
babyjoey,"0x43691730BDF33fC8d04a5755243331Fba3FDaF64","babyjoey","","2026-09-04T21:17:08.000Z"
babylones,"0x1Cd74E56a7054ded1446B39f0688659237d2425d","babylones","","2026-09-04T21:14:13.000Z"
babypay,"0x41065D9CE62DA1CDD6d928BBb07428106d5AE99c","babypay","","2026-09-04T21:17:58.000Z"
babyshine,"0xDE7Ef11Bcc878272AD6149F6667e5d7D1DE9aB72","babyshine","","2026-09-04T21:19:16.000Z"
babytee,"0xFE32EDb72c839dBFC5DFeEa2D4c2a5b7D7616116","babytee","","2026-09-04T21:17:46.000Z"
babyz,"0x7f1Aad7763eAeB1BAc3253925C5c2B9A68c433b9","babyz","","2026-09-04T21:18:32.000Z"
bachho1595,"0x2Ab0D6874302799180EB436c4D6710C047F1d553","bachho1595","","2026-09-04T21:17:48.000Z"
backtomiami,"0x8325947F9Bfb816367295e994DB984fCeC3a166B","backtomiami","","2026-09-04T21:15:20.000Z"
backyardjack,"0x6efa2bf8997AA300a5966418DeB98082f5cCdB68","backyardjack","","2026-09-04T21:16:56.000Z"
badaki,"0x3d3B2eaebcBb78C5bFd60BB2dcA5A10BEaeA80F4","badaki","","2026-09-04T21:16:54.000Z"
baddestiny,"0x1CF131dDa8e0be6135F082B38eB70fF9c3D3e0e3","baddestiny","","2026-09-04T21:16:13.000Z"
badhorse,"0xecb1117d54A2eE85055bbD8d3b597cd7a0876feD","badhorse","","2026-09-04T21:14:28.000Z"
badiacuni,"0x2b6edfa35ba766885f6de53a572fb59bb64bce53","badiacuni","","2026-09-05T05:43:40.730Z"
baf5487de5470f7a6ca95041cae6,"0xCE59426b0AfB9eE0C2A7252193b629eD8396CB78","nft_toby523","","2026-09-05T08:44:08.745Z"
bahadiryaz,"0x89D71978a9847d9F820BCDbE0a92665F6dC4c205","bahadiryaz","","2026-09-04T21:14:56.000Z"
baks,"0x7989Ac464720Fa2646909b1943f64C6Ec95e545A","baks","","2026-09-04T21:16:52.000Z"
bambangsetiawan,"0x591E348A35187450b84A1d6B9c6F43cEfE4FF3Ca","bambangsetiawan","","1788588420347"
bambunio30,"0x68751e5C0f213FFdA76CFe4236FF67ED3Cc15586","bambunio30","","2026-09-04T21:17:08.000Z"
banditbann1985,"0xc8CB75314a2F1665E114595B0471B423c13019ce","banditbann1985","","2026-09-04T21:16:56.000Z"
bang,"0xB76B8a8194374B7C9c59E731740857B5280f288F","bang","","2026-09-04T21:14:34.000Z"
bang1000,"0x4F8eAA1d15A54ab7247756b8A5787FAE8b45cb7D","bang1000","","2026-09-04T21:20:40.000Z"
banh,"0x0e862De64b22B4F6b7103C58f71bdD280Aa565a1","banh","","2026-09-04T21:18:20.000Z"
bank,"0x17b97EaFA169a08f13b58e193aA4c86BBf2c9A7C","bank","","2026-09-04T21:16:53.000Z"
banktech,"0x432B97f77F96f9422e697B311781F6633832a544","banktech","","2026-09-04T21:20:36.000Z"
bansilal,"0xaf59e89AA4758d7C1E252152c16c2fA0c7608DFf","bansilal","","2026-09-04T21:17:42.000Z"
bantol,"0xcB17dF1216AA21cb24cfB465C25cC706619959aB","bantol","","2026-09-04T21:15:00.000Z"
baobao09738874,"0x62615e48F915DF317030B7cddB6ee695cf930056","baobao09738874","","2026-09-04T16:15:51.956Z"
baobao51770004,"0x479E81D68160Ae0A73124Ae046FeF1Ba41795077","baobao51770004","","2026-09-04T16:18:32.788Z"
baoduy94,"0x1A2463d6132d8B24010410D3195827c1C9c53fB1","baoduy94","","2026-09-04T21:20:56.000Z"
baongoc,"0x7c15618A9439a7C2D495ac0e4A9b0CbA057Ae8A5","baongoc","","2026-09-04T21:20:00.000Z"
baothu2502,"0xAa499e53435D00104a4a8071CA759Dddb17F489f","baothu2502","","2026-09-04T21:20:27.000Z"
bargog,"0x02F6ffD563A22EaEcE73ea9568254F305Ab637FF","bargog","","2026-09-04T21:20:05.000Z"
barl8848,"0x7173B8d23974484d011Ec256beCfce4C0EDb153E","barl8848","","2026-09-04T21:14:58.000Z"
baron_neo,"0x27c59cc48068C8A096959f0DD0635b1858B04441","baron_neo","","2026-09-04T21:20:43.000Z"
baronghost,"0xF7c374036b5F94719E2C95711b4Bba07178e9B69","baronghost","","2026-09-04T21:20:57.000Z"
baronsamurai,"0xf77f053f949F60275A4c04237fe903922a9D547F","baronsamurai","","2026-09-04T21:15:40.000Z"
baroon,"0x0848b4a7615d8Ac02C85953191ac2eA89C9F2160","baroon","","2026-09-04T21:19:11.000Z"
basat,"0x1489D36d2Cc3f47084D562E17082Ce921398764e","basat","","2026-09-04T21:16:14.000Z"
basbugahmet,"0xF104281dC8acD21aF1689996d3a31eFf91334894","basbugahmet","","2026-09-04T21:15:23.000Z"
basilla,"0x430c752156f5748C208c31Bb36Ae0ac6ab51445e","basilla","","2026-09-04T21:19:23.000Z"
baskan,"0x2D7279Bf38b6188C923990a6B3253B268190b13d","baskan","","2026-09-04T21:14:47.000Z"
bauhinia,"0xf4e91248D2850b3EdC011b9f913E8a799b6F5060","bauhinia","","2026-09-04T21:20:54.000Z"
baw1,"0xcC097cCb5eB461C1E5138143789441980C9A07C4","baw1","","2026-09-04T21:17:36.000Z"
baytarism,"0x9d47639C97ae05C5295996208dA7ba837a8bbBCb","baytarism","","2026-09-04T21:14:39.000Z"
bazi,"0x4a5c5138b6b618AB8F558D16a714953Ff2FB1094","bazi","","2026-09-04T21:17:59.000Z"
bb2ebb,"0xEAfbEd8A661CA776A2fc3CD1ca3EEbaE5f87ff18","bb2ebb","","2026-09-04T21:16:21.000Z"
bb2f9abada3645cdb32263870261,"0x06d1e42977fcb77fc76e9e32b9761889b4bc9ac9","scottmelker","","2026-09-04T10:35:47.561Z"
bb786,"0x5Eed11EFe22d0f1993dBa129626b5F44225BE1ea","bb786","","2026-09-04T21:14:34.000Z"
bbefe93586720d719be861a08483,"0xf53E77613DfEc32dDe091846238E302Af89a2Bc5","theVividFinch","","2026-09-05T07:53:57.825Z"
bc32e0b8256c4ef3a9933680edda,"0x2a3c00a7e16baffb20d63078758f517817ff9cd8","EidJohann","","2026-09-04T10:34:53.527Z"
bcfc1568cad8a2505cc2e6f9af92,"0x9B2942AdF5E6659Fd6bD398cA1A80dAbcFA07054","fern799","","2026-09-05T08:47:31.461Z"
bcrypt3,"0xbc75DbeF7219378481Ea582A650e315654CB29Aa","bcrypt3","","2026-09-04T21:14:57.000Z"
bdtIaLY8pTgdEW43kYaAm8AwTSG2,"0xE08CA6D6b48837CCa3E9AC878925b0689CEf51d9","JosephineD10869","","2026-09-08T16:33:08.266Z"
be07ba1bff2e8dfd6730cb6ddad0,"0x593D6145A13bF181Ca76f13c31290ad990B41bBc","Wittyrare","","2026-09-05T09:06:43.443Z"
be11f29c57b89424918a95b79f49,"0xB1c14c7552AD7d6609B11c85da737C1E4c57e8fA","willow325","","2026-09-05T09:08:19.701Z"
be248dd2dd14562d408d1cc35ddb,"0x2d5A27A5c83D6fdfB63baaB139B7d08897b4d113","onix704","","2026-09-05T08:41:25.064Z"
be2a5666861e31eafc010690cd76,"0x36C8Af18271f801bfC69f51f68A4Dab642eBF0BD","realfern685","","2026-09-05T07:31:58.952Z"
be4933f38e9c33297f66d2149a00,"0xCe5717f6bd4982a741c299aB2ce267327a256b27","gems_rune","","2026-09-05T08:04:39.160Z"
bea66f7d8eeab28eda83420c0732,"0x7399913e216366876558322ab9b3ccfEc24e9049","theSlyCobra","","2026-09-05T08:33:49.507Z"
beankitchen,"0xd003f1499eb45b8Fdc09d1D074587288F52A1ca0","beankitchen","","2026-09-04T21:21:08.000Z"
bearbaba168,"0x59418A928E50D82989A3B62505F43265Bd7E2fCF","bearbaba168","","2026-09-04T21:15:57.000Z"
bearhunter,"0xF06B72c79A33Bce409CA9DE40821Da97982b8BE8","bearhunter","","2026-09-04T21:19:29.000Z"
bearnomad,"0xB3861FE035aBFde9806CBB5a725a4eE52B14Ac54","bearnomad","","2026-09-04T21:16:05.000Z"
bearscribe,"0xC450888a10b11746ab6F84eF21ADBEE791330450","bearscribe","","2026-09-04T21:20:27.000Z"
beauty_city,"0x3118D744E19364C5266836C9BCbFeCe590c97B5b","beauty_city","","2026-09-04T21:14:59.000Z"
bebls,"0x63E421CB8aa10Df72d28D7a3BE280ab2fB3D3fef","bebls","","2026-09-04T21:16:49.000Z"
bedo05,"0xffF2bE5c82595EDB44c17b7F765882524D911a0B","bedo05","","2026-09-04T21:16:51.000Z"
beercoin,"0xB620D8f28C7018c7c898C07Fb5D6690E465826b3","beercoin","","2026-09-04T21:14:15.000Z"
beersect,"0x03bBedE1b7ebf997c3Bb8a15C1895d238888eb40","beersect","","2026-09-04T18:28:03.029Z"
behlulbuyuk,"0x15BC88FDa7fD82207D0B1C29e0fd4979B11451d0","behlulbuyuk","","2026-09-04T21:20:49.000Z"
bektoz,"0x786aDDfAED8db0480f557F783B639D4F0932A906","bektoz","","2026-09-04T21:16:16.000Z"
belaruss,"0xDF0D53143Fa31bAE33a2056b00eb308B6f6b2597","belaruss","","2026-09-04T21:17:58.000Z"
bella123,"0x0ff6f8D86a240c7952681DcE3A18Bfc8B3E118Da","bella123","","2026-09-04T21:20:49.000Z"
bellcat,"0xb241e962DFaDAa87AeE2C5ae98953c637DF2586d","bellcat","","2026-09-04T21:15:02.000Z"
beltex,"0x8091BB3B6Bff43E3678b57c8983371F38845Cc0b","beltex","","2026-09-04T21:15:54.000Z"
ben86933625,"0xdc3f91d0182939aca5bbfdee1afe2fa8d67795cb","ben86933625","","2026-09-04T23:37:01.018Z"
ben95,"0x44A3E694A5eD89f04b1EF54b54D39989BcF583fe","ben95","","2026-09-04T21:19:30.000Z"
bengarstka,"0xC17F10855438994eC7f388602d1dD69DA2F720C0","bengarstka","","2026-09-04T21:17:49.000Z"
benjamin1moore,"0x61fE1f95815776fB3D91a22f72BE24427c0D21D4","benjamin1moore","","2026-09-04T21:17:03.000Z"
benjamin6699,"0x643D905b3bB4A532813119f053DA7Be2D178e4ed","benjamin6699","","2026-09-04T21:17:46.000Z"
benji_0,"0x3fbF357F5Cac198B45d87849F40500A06251465c","benji_0","","2026-09-04T21:15:15.000Z"
beorn1982,"0x32a23Cd8d683ce518c680D7883B74d74aB583947","beorn1982","","2026-09-04T21:18:00.000Z"
bera0x,"0x9B9380b590Ef6c8007908261979dD60673F9f598","bera0x","","2026-09-04T21:19:52.000Z"
berrimancarri,"0x07D19d73C02F1a0b9bF39CA3219E47d9C498AB3b","berrimancarri","","2026-09-04T21:17:08.000Z"
berttttt_22,"0x407602d870ddfd17a96a19a2b86cd2c09bf2fb43","berttttt_22","","2026-09-04T15:03:22.608Z"
bertych,"0x9E2EC424E52D73026c2afd9156F016dC52E36B35","bertych","","2026-09-04T21:21:27.000Z"
bestia87,"0xD8C7C5195CF1fbeE0B5Ced5acd0800B661D2798C","bestia87","","2026-09-04T21:19:34.000Z"
bestya,"0xF79a2fb7e684FC1D7e6A88B8e51F3aA6d7c6b2B5","bestya","","2026-09-04T21:19:50.000Z"
bet8891,"0x7587D76732A7954F9edCaFc74D97279F1b058c8B","bet8891","","2026-09-04T21:17:59.000Z"
betakey,"0x0a995b3d74E387C563282c0d58f5Eb090023CD76","betakey","","2026-09-04T21:15:00.000Z"
bethemen,"0xa26D2CF2D1562Fbd587c1c08954FB0094818Fc36","bethemen","","2026-09-04T21:16:50.000Z"
beydi,"0xdC984508188B0c355770E79A737C9beC7B09EBF6","beydi","","2026-09-04T21:18:39.000Z"
beza,"0x427C5DA794D7780445f6F4265386fCAAFc830597","beza","","2026-09-04T21:17:17.000Z"
bezha,"0x68D8701A37974c1EB89FB8e7b0777f01632Da0da","bezha","","2026-09-04T21:14:27.000Z"
bf0971647097ca9807ccc436dd02,"0x61033dF062535f575E1Bf133B92fD77308F89db9","grumpymoose307","","2026-09-05T07:45:45.674Z"
bf1a060200cca64bd265c789bf92,"0x77d049b10431b18b3007864Fb8F256c2b610E4F1","soren_edits","","2026-09-05T07:36:34.316Z"
bf8m45ecP1gSo5HwaGdaH2u3xAr1,"0xbE3331970AB9077fbc1c6bC0664887E70cd4c379","KAudley4478","","2026-09-08T16:38:19.047Z"
bfJ2MXrj1Vh9VRG4N1TJmFfO9672,"0xDB25C8a5084bA84aCdD95686aB0dFB28EfdfCd19","JohnnyEvan99022","","2026-09-08T15:42:34.781Z"
bfR2TLlWleaw2qHBpB38KgbuNAf1,"0x40E901EB8e3716BbA12e4c96AaBC1d147d13Bf51","adrian_mar56412","","2026-09-08T16:22:34.691Z"
bfa3eca23b133bfa09c2542af100,"0xeea1a501823F2E80670c3672dcB00ae717Ae0B38","Numbgems","","2026-09-05T08:19:18.070Z"
bfbbfb,"0x7EcF8342950c7a493Fb0633503793E179F770660","bfbbfb","","2026-09-04T21:17:34.000Z"
bfbfff4a7a1a0f3bb1542fcaba3b,"0x6EAFb883a650D7AB24e11C9b355e6CEadff9cc1a","Silentnft","","2026-09-05T07:51:41.522Z"
bgZCo4E2K5SyGUKpfBBc3xv3MLl2,"0x5196eB284e1A05cB1caf9012c0efBCF6698F4333","GloriaElsa35187","","2026-09-08T16:06:36.389Z"
bgfm,"0x6E7fAc7183601c001617997821e6547dAEf8A630","bgfm","","2026-09-04T21:15:31.000Z"
bhOrogy7ZJNJyOwvUNQ4ID8tCy42,"0x6beb8a3cb21ceb4a2b978caa230f98f8cdaa84bc","neonlampz","","2026-09-07T11:10:44.345Z"
bhaga,"0x66b7D8B98bC84Cd1025778F346e98140352cbF16","bhaga","","2026-09-04T21:15:27.000Z"
bhavesh008,"0xCe5a023B46cD8Fcd05ddd444e536c75813a25F67","bhavesh008","","2026-09-04T21:19:23.000Z"
bhjjk,"0x94050980afce5f916578576EaBE5B2A6869BE323","bhjjk","","2026-09-04T21:19:28.000Z"
biancalemst,"0x10f62e36e9a33485dac050ee1a42f0b435f63c71","biancalemst","","2026-09-05T05:28:58.684Z"
bibon,"0xbDe29cE98E0aA96eF48Ca624Caec28239046a876","bibon","","2026-09-04T21:16:30.000Z"
bifimrh,"0x1831348eDe11f3cb53E7438bEb948585D303036d","bifimrh","","2026-09-04T20:34:27.485Z"
big_pig,"0xDe415425E73855024ae30834751A199B74D03A1C","big_pig","","2026-09-04T21:16:04.000Z"
bigbang,"0xd4ee12b20Fe8a695CA50B2308B83e7f6E234BD6E","bigbang","","2026-09-04T21:16:29.000Z"
bigbu,"0x25f8c1B2B822AD2F1ab9F11E95935865147b0DE5","bigbu","","2026-09-04T21:18:56.000Z"
bigdiao,"0x06E638028d4Dd95813C771B070A545c22DC627C2","bigdiao","","2026-09-04T21:18:33.000Z"
bigeeni,"0x25E88b9317053C03C32e0f6c2E50992bFe6Ea229","bigeeni","","2026-09-04T21:32:11.270Z"
biggiedabs,"0x15ceD2c3890dFc3d8B0126eBB60D27279772146D","biggiedabs","","2026-09-04T21:17:16.000Z"
bigguy4by4,"0x5d2d62551eE85749593ACc0A66dEE780F2C67F0F","bigguy4by4","","2026-09-04T21:16:59.000Z"
bigray0x,"0xAb91D3Bd8ff5062C4dE46980fc5A7830bbA75313","bigray0x","","2026-09-04T21:16:29.000Z"
biihz,"0xF5b897782b40afEFE7C34C241709B6D549E6fD71","biihz","","2026-09-04T21:20:46.000Z"
bijanabite,"0x062e91870F4c3438bf47F419ae79FDd701401724","bijanabite","","2026-09-04T21:18:02.000Z"
bilanacyuka,"0x012a8076835f4d8590e07181d558e45dab1f03ba","bilanacyuka","","2026-09-05T05:58:57.697Z"
bima802,"0x9eaB8d3A175699BADaC6015f8861990cB07dF5e0","bima802","","2026-09-04T21:15:09.000Z"
bimsky,"0xBBD1218888380456725b22b8a320ce64833c1A4B","bimsky","","2026-09-04T21:16:09.000Z"
bingo6698,"0xb3665Dd0EA1C455C13193A97371f4a5683c50a8E","bingo6698","","2026-09-04T21:16:09.000Z"
binhminh,"0x30Efa45452b7d66eCB618B23070d25f4fd9A788F","binhminh","","2026-09-04T21:20:30.000Z"
binkids,"0x87F9d211F97D99fD079dB6C943F2d2D955628372","binkids","","2026-09-04T21:20:31.000Z"
biricoinmidedi,"0xa4eAaff85d14B9b4c29919f175a232Dd72FFC1dC","biricoinmidedi","","2026-09-04T21:20:10.000Z"
bishal977,"0xf4d43a371aAe1eE4b583Fd949596716aD8da1254","bishal977","","2026-09-04T21:14:39.000Z"
bishop05,"0x645436360d0e31A23E3f686E7dfC6BD7634d6aA1","bishop05","","2026-09-04T21:20:39.000Z"
bison22,"0x223CDE67D8CE8B212bB985743A0e754f0590c894","bison22","","2026-09-04T21:21:38.000Z"
bitbi,"0x4ff302D73df8a2ff97C0246513b21442136aBd16","bitbi","","2026-09-04T21:21:11.000Z"
bitcoinbaron,"0x2C2E2cC058e562c14562A5BB63f266b54B1A753E","bitcoinbaron","","2026-09-04T21:15:47.000Z"
bithero,"0x1673c79747d7e67C45D90DB6aC43f9B534E09103","bithero","","2026-09-04T21:18:51.000Z"
bitma,"0x3CaDB6dc952a6a470bc76A7E7075796C6724EEc1","bitma","","2026-09-04T21:21:06.000Z"
bitopol,"0xf09909Fed363A3776525E636D8bA3D570afBe0ED","bitopol","","2026-09-04T21:21:06.000Z"
bizarhasani,"0x6F18ca17c5c498006373E28d452b08e1602C307e","bizarhasani","","2026-09-04T21:16:39.000Z"
bjbaDZnQCqNGpezXxd6CXhyVW7D2,"0x1ffE67E626870c37Bc58cDa6B61Ae02d7aD9D9FA","MaiThin149712","","2026-09-08T16:26:12.107Z"
bk555,"0x082C898a23822A404f8bEc4bFBda6dc49F76FCD0","bk555","","2026-09-04T21:15:17.000Z"
blackbanana,"0x265570A8Ad9e7b7C9f4886C616F8f318c4412d9A","blackbanana","","2026-09-04T21:17:28.000Z"
blackbobtwo,"0xDF4669a3aED82B2252Ad8584C861C882021bBfC6","blackbobtwo","","2026-09-04T21:18:29.000Z"
blackboycardi,"0x3D9CB4F8B1b51909C8C5cB996f15cB7bC725618D","blackboycardi","","2026-09-04T21:17:06.000Z"
blackc4t,"0x11F81Dacf96C0Dc7E82D5eAb249ffb542eE3e289","blackc4t","","2026-09-04T21:15:01.000Z"
blackcatlss,"0x2d1937677Cc616Ba5d08D99D28C97baAD32B801A","blackcatlss","","2026-09-04T21:16:44.000Z"
blackdrag,"0x0Ca43a1642E8626CDba6e36eb69B13A4800F66Fa","blackdrag","","2026-09-04T21:21:00.000Z"
blackmoney,"0x82bDE3dBb13AfA16F029A29CbA5361A6f6D6A7Ff","blackmoney","","2026-09-04T21:19:06.000Z"
blackspider76,"0x7c449d37B5444863792D50926d9507DF2Ad031E5","blackspider76","","2026-09-04T21:14:55.000Z"
blade_dean,"0x31f71e22A672f8C509654Ee19f1940dB40A928a3","blade_dean","","2026-09-04T21:21:31.000Z"
blademist,"0x362Dc2a2d7FbC642DB8CE99929336aD8e89e3F59","blademist","","2026-09-04T21:16:37.000Z"
blass450,"0xb38Fcb1DB6D89C9a9d10e2D6b0863FCa0d0Ea069","blass450","","2026-09-04T21:47:54.690Z"
blazefire,"0x69C81EA80B0F01a5A9dE3eF764C96D2dB4D5C59c","blazefire","","2026-09-04T21:14:10.000Z"
blazing_dusk,"0xb06ff51C953C92249EA461c8E6c9E80Bc7Ddef10","blazing_dusk","","2026-09-04T21:19:14.000Z"
blazing_ghost,"0xB8799b696136BFfF281306fA371951e8eCF22c8f","blazing_ghost","","2026-09-04T21:19:35.000Z"
blazingcaptain,"0xC66F64925ffd1b4775EDC13AA42043b070c13A96","blazingcaptain","","2026-09-04T21:21:03.000Z"
blazingronin,"0xD4Fb6AC00999C33C18579cEDf3b9d4E2bd83Ade5","blazingronin","","2026-09-04T21:15:21.000Z"
bleacher,"0x9ae92Bce928Eb184a6873cdA7E632890841390f5","bleacher","","2026-09-04T21:17:34.000Z"
blissfulfx,"0x3b854e8467468bB36B85B966C1043EdA51bF71dA","blissfulfx","","2026-09-04T17:10:24.974Z"
blockbuccaneer,"0x9c7541D40F89765C5633069AFBE6806279E08Dc9","blockbuccaneer","","2026-09-04T21:15:19.000Z"
blockchainbuddy,"0xa4F7fa7684b2797caa319C8246DBcA9bf7eCD968","blockchainbuddy","","2026-09-04T21:20:38.000Z"
blodrust,"0xD906f443401047C6F66DC6CE5CcBCDC9AA0c57B7","blodrust","","2026-09-04T18:00:22.983Z"
blubay,"0xC672cf25e3a90748796A0c3052Fc85EaF6C09782","blubay","","2026-09-04T21:14:35.000Z"
blue_baron,"0x33B2D783F7C83036b87a08Ec2BD9574ad27cc7f7","blue_baron","","2026-09-04T21:19:05.000Z"
blue_cipher,"0xE9305032EB6F00d07c2BE968D18BBE5D6e36d576","blue_cipher","","2026-09-04T21:14:41.000Z"
blue_dragon,"0xb8a1a2C4Cad3e515325c3250d54A19616D9e1c34","blue_dragon","","2026-09-04T21:19:11.000Z"
blue_ember,"0xc125f6CcaF6970f13FD873b1D7344C38430b046d","blue_ember","","2026-09-04T21:18:48.000Z"
blue_ranger,"0x3730DA083D628753ff1F6acE457f14967D113BEf","blue_ranger","","2026-09-04T21:16:46.000Z"
blue_sage,"0xA39f9e9beD3ec76E0B9dEddcE43821ceF81227cc","blue_sage","","2026-09-04T21:16:10.000Z"
blue_wave,"0x7c08A0E41873d8610ff719CE28D60dDCe69605A1","blue_wave","","2026-09-04T21:21:16.000Z"
bluecat110,"0xF5C34A82D38F6A3962E3BF4349e8F49dEc0739aC","bluecat110","","2026-09-04T21:21:22.000Z"
bluedeer,"0xFa138dA1d3A838CCC4D5eb1c93A97283D99bA1c5","bluedeer","","2026-09-04T21:17:46.000Z"
bluedog,"0x20a971227BD51d950E3d5E0d17e9eA4660c509BA","bluedog","","2026-09-04T21:19:47.000Z"
bluegreeny,"0x69CE2570ae119deA6737e98b5609373EB64736de","bluegreeny","","2026-09-04T21:15:41.000Z"
bluehawk,"0x21fAc3Ba612f566455fe94a05cBeA13B6723c7b4","bluehawk","","2026-09-04T21:19:51.000Z"
bluelamb,"0xd96B6e8FF7B6Ac3433A22faF423307F1fE948AF6","bluelamb","","2026-09-04T21:19:30.000Z"
bluelynx,"0xA11a60C819473acf9671667b1FECd302ed4c2990","bluelynx","","2026-09-04T21:18:36.000Z"
bluemole,"0x08e20fc59D1F37E7e21219B81Eae25eA524513D1","bluemole","","2026-09-04T21:17:06.000Z"
bluemt,"0x2A7Fdb769F0B8aEe213f580bD6e583821e19Ae44","bluemt","","2026-09-04T21:19:24.000Z"
blueswing,"0xdB97D4B7ef9CA57Ea77bA6430208F6C9bCAB3859","blueswing","","2026-09-04T21:20:26.000Z"
bluewolf,"0x67F860Ca09225B5E709B57cE4a8b24875Ee809f0","bluewolf","","2026-09-04T21:15:35.000Z"
blunt_dawn,"0xa3ac46c1e47bfe13d8cd54acc0aad0770be9a328","blunt_dawn","","2026-09-04T21:15:56.000Z"
blunt_phoenix,"0x32F7f489E7f1B75F63B83D6A7c58b42Fa1B03e25","blunt_phoenix","","2026-09-04T21:15:17.000Z"
blunt_witch,"0x4E308171D1a2D8B3B2E9e9cfbeDb9Ef1Ba7c6f1C","blunt_witch","","2026-09-04T21:17:39.000Z"
bluntdawn,"0x2C38e5ad4A368d08c949Ac3FD3F833DDaFDbddf7","bluntdawn","","2026-09-04T21:19:03.000Z"
bluntember,"0x768016F19a07d5eED67b0999f40E846018C58c6b","bluntember","","2026-09-04T21:19:09.000Z"
bluntprophet,"0x2D417f972e703bF371c4F3BFF3CF1298a06A409f","bluntprophet","","2026-09-04T21:21:29.000Z"
bmNgYX8CVpdT3UZCEe7JbaLKjVx2,"0x3cd1A1Ad360FcC8eA4e487B384C15BfAf12b90d6","MiriamHope36256","","2026-09-08T16:21:39.995Z"
bmramzi,"0x0B392Df47856ecf5f45128D85F439106e0DC214b","bmramzi","","2026-09-04T21:15:47.000Z"
bnCuyqWEKATjCsZEKjcFU4puPVt2,"0x11381f3c86F6b0D7A1F01b1117E32A2E2A8A9003","DoreenBurn42556","","2026-09-08T16:04:40.148Z"
bngoc99,"0xcC820006CEa18b00bA6245c7D4b51392127E6cdC","bngoc99","","2026-09-04T21:15:18.000Z"
bnljl4XfTSdYxnOOwrt85T4JdwJ3,"0x72f7556FF085bF15F40A5B3DBa65C8b3D369AB28","NguynAnhXu89083","","2026-09-08T17:04:52.579Z"
bnywo6lEm8V523sTBSvmjEBygA53,"0x391B4553d50e82b8B1f13100e7800916D84F2a7C","HTn1567755","","2026-09-08T17:01:11.665Z"
bobbi52,"0x5A5372035C4C50786957cDEB6848D2D4d6036F72","bobbi52","","2026-09-04T21:19:17.000Z"
bobonfa,"0x788F88047082Bd4f83037bea77f7647bfE8C37e2","bobonfa","","2026-09-04T21:21:37.000Z"
bobox,"0xFa93E56ec58b884Fa6D9A0011D877FC80376769d","bobox","","2026-09-04T21:18:39.000Z"
bobqq,"0x4a7ee4313cbE33Fac7C8AccED6BE71bED10a68B3","bobqq","","2026-09-04T21:15:30.000Z"
boby88,"0x9B015d484b0608Eda00cfEA96FD5206c42928e58","boby88","","2026-09-04T21:19:59.000Z"
bodhisphere,"0xA7bF1c8f9C123f1d655C6fDf9DE431EC3B76Fdb8","bodhisphere","","2026-09-04T21:19:46.000Z"
bogdmits,"0x57D5350Fc7d4689936465b0Ab8E600F3854B75e5","bogdmits","","2026-09-04T21:15:18.000Z"
bogelhrmc,"0x14aa71b260b303f975df314c8b0c32909eb0e68e","bogelhrmc","","2026-09-04T14:43:12.499Z"
bold_monk,"0xeEf08C4dC81175247EE8F475E0F0f9822e3A45fc","bold_monk","","2026-09-04T21:14:17.000Z"
bold_storm,"0x58846cc719E9Ddf9eaE93d1c46Cc42652499492e","bold_storm","","2026-09-04T21:18:30.000Z"
boldcipher,"0xd8bEB580Ac138D3c5f20DA62Cd78ebdBcE45131a","boldcipher","","2026-09-04T21:19:33.000Z"
boldherald,"0xcBF01812C08bF47C3ba270F1fAd103Da6F377943","boldherald","","2026-09-04T21:18:23.000Z"
boldknight,"0xF013C37aC998d394c2b1B73b10E0D455784b27A8","boldknight","","2026-09-04T21:18:57.000Z"
bolee,"0xE5b3a74c1fD376d8B371eA094A75Ea8E3dd7B0D5","bolee","","2026-09-04T21:18:10.000Z"
boloto,"0xF4C3be1e98cFD2Cc728274f4B094C79607F1cF64","boloto","","2026-09-04T21:15:30.000Z"
bombervikzz,"0x766b47469DD6583D15360f82df9F4d2258Ab340c","bombervikzz","","2026-09-04T21:18:24.000Z"
bonazzoli,"0x97dCcB3aa301f55c948B796B6358d11edeA8cF6e","bonazzoli","","2026-09-04T21:14:20.000Z"
bondiary,"0xc1e1Fbe6CB6749B5a6459f3A70949B45b665C704","bondiary","","2026-09-04T21:14:13.000Z"
bonniewilson,"0x05d016448C34c0F4Fccd2Ec96E0f3e07785fF8cC","bonniewilson","","2026-09-04T21:20:57.000Z"
bono,"0x8A657738977672dc103Cb2dd02cFb000e5D53487","bono","","2026-09-04T21:14:53.000Z"
bookiroad,"0x2d5C5D41C62925580a22135E4ccb0A5875421E02","bookiroad","","2026-09-04T21:20:02.000Z"
boradayx,"0x4C9E1fA080737edB3F740180fd48020FfBCE9694","boradayx","","2026-09-04T21:21:27.000Z"
borang69,"0x57392687CeEd444db0bAA9478F427F93D208B981","borang69","","2026-09-04T21:19:23.000Z"
bores_,"0xB9Ed486ada78e129269fef90a015f4A2942C4da9","bores_","","2026-09-04T21:18:41.000Z"
borgosborn,"0xE0d6B740e8883eB81c008290C4fc17bA30f84510","borgosborn","","2026-09-04T21:19:31.000Z"
boricat,"0x0eb2fd592Ed04d4FEC058fA2008f159537Db92Ad","boricat","","2026-09-04T21:15:05.000Z"
born_again,"0x7B618F0E046C8c2D14d55FF3D9297f69eF648649","born_again","","2026-09-04T21:15:19.000Z"
borsch,"0x45C6BA6a3751A1f9bAD4574CC7ef8E9B02242C69","borsch","","2026-09-04T21:17:49.000Z"
bosoco1,"0x39B93D55E5200547F64F851B55797e172aFd1952","bosoco1","","2026-09-04T21:16:31.000Z"
boss12345,"0x7fAe2a93D42BaDC7c92D1c7Da289F737e8f189eB","boss12345","","2026-09-04T21:18:12.000Z"
boss4141,"0xE030560f9C66D7190C436A85CEdb106FcF8ab078","boss4141","","2026-09-04T21:20:13.000Z"
bossalexandro,"0xb4EFc57BE85ab2B373469a3CD305a4DEFa1B9492","bossalexandro","","2026-09-04T21:17:39.000Z"
bossming,"0xC09C25F7D041d689ee3CCF798A4426d787A13Ab3","bossming","","2026-09-04T21:18:55.000Z"
bossz,"0x68c89927B1BcD4714df9Eb399D35BE9026476bd5","bossz","","2026-09-04T21:15:17.000Z"
botuyenmc,"0xfc83Ce1DDB958360324e32B54abEd9c154bbdf82","botuyenmc","","2026-09-04T21:14:27.000Z"
boy8848,"0x8B181a625D1Ff3735e4e5a3b88E7395AEA6c871A","boy8848","","2026-09-04T21:17:14.000Z"
boyu,"0x968605531e1C569fc1842A0cfEdCAaBEc3E26F7a","boyu","","2026-09-04T21:19:01.000Z"
boyzet,"0x55DBc76E54844D9FC504C206974e028877C60F3d","boyzet","","2026-09-04T21:15:40.000Z"
bptcrypto,"0x83A763c14F4E81995A980dF319047E92690FAAa1","bptcrypto","","2026-09-04T21:18:47.000Z"
bqdJd5pj6wPaOdfcyPsGk4OOifg2,"0xb9251dCF88026d730bd7409B628125B8cEb0c876","HongGia323902","","2026-09-08T16:59:40.303Z"
brVjNeAoZzZiIKLLTQckm9mq4S83,"0x3E4AE0871bF9E8c7573d7f11e3C1a318dfF25D72","hoang_vo46959","","2026-09-08T16:30:14.904Z"
bradleyni,"0x90FF3EB1C48EB73eD58EC886BFC3a4eeCE7F7D8d","bradleyni","","2026-09-04T21:17:20.000Z"
bragy,"0xcA388a265fD93a29B2efa2d60764f5e6ac679033","bragy","","2026-09-04T21:16:12.000Z"
brainnotrenyes,"0x6fd5adeeedce0228853690c8e799b40a7d4e9c1b","brainnotrenyes","","2026-09-05T03:55:42.736Z"
braizakre,"0x41212638f69faA1b90B0D6Df839433B3b12F8B4D","braizakre","","2026-09-04T21:18:50.000Z"
bramsak,"0x4Bc2A8039BA06bc08ddB0aa0633975439587D2EA","bramsak","","2026-09-04T21:18:45.000Z"
bramtzy,"0x2D45bCd1D88759814b7e922163B836685E84d179","bramtzy","","2026-09-04T21:17:36.000Z"
brave_ghost,"0x8c4464BF79f349B6F340845db14229AB3ddFc049","brave_ghost","","2026-09-04T21:16:09.000Z"
brave_river,"0x98d16F0E845c2c5A9670f8C5860674C409c43AF4","brave_river","","2026-09-04T21:18:48.000Z"
bravecaptain,"0xF812CAD9F027d10E32E9d0cA3c20676e94E9d4F5","bravecaptain","","2026-09-04T21:20:25.000Z"
bravedragon,"0x47cDb7858ca67e2E4A361831231E50181aCd8397","bravedragon","","2026-09-04T21:18:47.000Z"
braver,"0x192b3Fc37d1183D7AD06D2C1d10dA9B2dc41B0C5","braver","","2026-09-04T21:16:42.000Z"
braveseer,"0x0718fB99600923856E86FB45D450d5D8a033BAE0","braveseer","","2026-09-04T21:18:14.000Z"
bravojava,"0x679B7835a21658312Bc83d150dB0f9327f28325E","bravojava","","2026-09-04T21:14:47.000Z"
breaner,"0x62A3ccd7F40755c18e5c78d16a5cEaE0E5573887","breaner","","2026-09-04T21:18:56.000Z"
brey9,"0xc8cDA52d990884A1999cddf0F53A93e97504a6FC","brey9","","2026-09-04T21:16:51.000Z"
brianbnb,"0xA3e3105b34F76cba4528eDdADD0C9Fc1888FCbbE","brianbnb","","2026-09-04T21:18:27.000Z"
brianpham,"0xb913b1A4961CaCEd419C92F82771fcB7A56c8139","brianpham","","2026-09-04T21:21:38.000Z"
briant,"0x331bC2E63035D68341F2ba374dA30B54907E8455","briant","","2026-09-04T21:14:10.000Z"
bright_fox,"0x2795Bc81a2c254f8C109fcBbDE54e7f8e89C5FE9","bright_fox","","2026-09-04T21:21:24.000Z"
bright_ronin,"0x3816E3DFF7C9934996233e4d6501CAf888f5ba8F","bright_ronin","","2026-09-04T21:21:33.000Z"
bright_seer,"0x9f328432E1aD4A5C20679d4c38663007A2C9F05c","bright_seer","","2026-09-04T21:19:16.000Z"
brighteclipse,"0xBf090367F943c068c51edEC5F53Fb3060977e247","brighteclipse","","2026-09-04T21:21:17.000Z"
brightember,"0xDb8431A1c310e6704e232b3E9c5e55E615c9d099","brightember","","2026-09-04T21:15:03.000Z"
brightseer,"0x72C58E43c0DEce4867560a930989dfD42F92Dca1","brightseer","","2026-09-04T21:21:30.000Z"
brightsignal,"0xdBf6e53BB5c83929dF3e6A66Fae7F136d176e891","brightsignal","","2026-09-04T21:21:11.000Z"
brightwarden,"0x123a2059ce1b68DC609922e66E068e5eC2D3a001","brightwarden","","2026-09-04T21:16:18.000Z"
brightwitch,"0xB6B6E122Ed98E43ffaBbC26Fa8EC1A5B88f7F3Ec","brightwitch","","2026-09-04T21:15:52.000Z"
briuEHHUb4UBaS2vcwx9mW1XrZ03,"0x327aa2970cf47dF0D69D418A05FCa80F3c344aAD","FrancisArn5910","","2026-09-08T15:55:12.778Z"
brobrocrypto,"0xCA084F5dEe653E9D8779973757564940F3da3c20","brobrocrypto","","2026-09-04T21:20:54.000Z"
broken_blade,"0x5aA60f3a241c247742ED119Aa31003013dcAF154","broken_blade","","2026-09-04T21:19:05.000Z"
broken_lion,"0x492586605603Be94b67c9B612dDe9aF381CDa34a","broken_lion","","2026-09-04T21:16:48.000Z"
broken_panther,"0xaE002F0EeEe4E8e690F10b5140c39Abb00d5cE96","broken_panther","","2026-09-04T21:18:45.000Z"
broken_river,"0xc8d0C2f403139bCdF4C007D6386B2990B4Ac4430","broken_river","","2026-09-04T21:14:13.000Z"
broken_seer,"0x97b3C1EEb2e4Ec4E8E85cE1fEd9a3190240F75dD","broken_seer","","2026-09-04T21:16:03.000Z"
brokencaptain,"0x844E8e622D1F7747C2EbaDDd8002E295d4Cb5A03","brokencaptain","","2026-09-04T21:14:23.000Z"
brokenghost,"0xE13A24Afb81F7B1E1FE884fAc8F7E35804547D18","brokenghost","","2026-09-04T21:19:00.000Z"
brokenphoenix,"0x09a803FDA3792a6d40D049999C0e4F61c317e7a1","brokenphoenix","","2026-09-04T21:18:20.000Z"
brokenwraith,"0x5fc6D92eE50D34C0AAdc0680fA990d2680585Be3","brokenwraith","","2026-09-04T21:14:03.000Z"
broly27,"0xAF5e8bcb3A30f458102f7E20570aE2C171C52562","broly27","","2026-09-04T21:17:11.000Z"
brontosaurz,"0x54C57C70565D32A8910D944507E78Ce76da70243","brontosaurz","","2026-09-04T21:17:59.000Z"
bruce1122,"0xd31477EDC834B76FE491CFc417797C7574DEb1Ee","bruce1122","","2026-09-04T21:18:11.000Z"
brucegod,"0x2Ca64a29C88A8f5751eC38058f9a0F02BF50a66f","brucegod","","2026-09-04T21:19:16.000Z"
bruno,"0x2e29Fa940D49443b2BF0fc188Ed0151C6Ef35383","bruno","","2026-09-04T21:20:24.000Z"
bsbsuwso62964,"0x48523d8CD150E69202ebE2f1391d16d5Ba288C63","bsbsuwso62964","","2026-09-04T21:20:06.000Z"
bsc1010,"0x417e1C70Ee44657C74aB44bb381B95acff1064E1","bsc1010","","2026-09-04T21:14:02.000Z"
btFfzhFNZiQKBQ8vA3XVYV5ZiYd2,"0x4D04506D5df9429Be95d514DE1123439b88AA838","NhmThnh418964","","2026-09-08T16:41:43.080Z"
btchope,"0x74c11bFCe674e48D41d0dCFa8AC1c2386a3D2F22","btchope","","2026-09-04T21:17:21.000Z"
buckhustea83747,"0x5954D24b1939B72b592E35907f4718b5b4fd5459","buckhustea83747","","2026-09-04T21:21:31.000Z"
bucky_btc,"0x7d257a45a8B840f5917Afb9D40d215bc67Dc9eC2","bucky_btc","","2026-09-04T21:21:38.000Z"
buddha,"0x1d103718E7B9D598D3caB229B03d04C19554A549","buddha","","2026-09-04T21:19:57.000Z"
budi_setiawan,"0xF6E13cDD5F9611f73FADc457ce57F4AEe6C01Ac6","budi_setiawan","","2026-09-04T21:17:47.000Z"
budiharyanto88,"0x569D7FF03a38F51d16096a4C311ea4BE1F04d320","budiharyanto88","","1788588326462"
buenahealy,"0x63D0bB4e81c83b68BD3eE7BB47fD407Cd0259F41","buenahealy","","2026-09-04T21:19:57.000Z"
bugaenkonastya,"0x7ffd590b6f044A04E0f393987f8261ECDe5A1fa1","bugaenkonastya","","2026-09-04T14:30:21.115Z"
bulabtc,"0x03D8Cd0C018c35c82Bb31e3C205a09ba2A031E43","bulabtc","","2026-09-04T21:19:24.000Z"
bulltothemoon,"0xd0a3fB46f03318D0E35707Ab084d023AcC44adAF","bulltothemoon","","2026-09-04T21:16:31.000Z"
bumerang,"0x4462eFc1D07f42D3721a614bf40938E0a7105fB8","bumerang","","2026-09-04T21:21:36.000Z"
bungseula,"0xe87117F3C46169Fbb90432a43844C20c7479503F","bungseula","","2026-09-04T16:32:36.721Z"
burakc26,"0xFEa01D89Cd6A198087869A49EDf9849d4842e1D2","burakc26","","2026-09-04T21:17:23.000Z"
burhanh,"0x4c49Fb6D17340a948B4C3B06F7C28e02d0A084DB","burhanh","","2026-09-04T21:16:46.000Z"
burki123,"0x92085dD515CcE5695672DbC2810B4be2308099F8","burki123","","2026-09-04T21:16:35.000Z"
burning_eclipse,"0xe434b4bF8C6791878250e23667E170C6623ed7c1","burning_eclipse","","2026-09-04T21:17:33.000Z"
burning_knight,"0xCfc56837e7ac7e0aFb6b8eAaF7A3F5C4be5f727F","burning_knight","","2026-09-04T21:16:56.000Z"
burning_vault,"0xC481154794f013B106F6a6f280C318a773c0b8dd","burning_vault","","2026-09-04T21:19:35.000Z"
burningrune,"0x8322A65A2D0166D778bC7100320748C0FD40E9A5","burningrune","","2026-09-04T21:21:26.000Z"
burungketjil,"0xDBE8DeEFA133402DD94d6a89157e53C040d5F527","burungketjil","","2026-09-04T21:18:01.000Z"
busrak,"0x73f4863EF8D7599fFf6DCFa576563b56C692fE67","busrak","","2026-09-04T21:18:09.000Z"
buzhi,"0x0f3a325B20d0d138973C56C173FF1aba2623198E","buzhi","","2026-09-04T21:21:32.000Z"
bxESkoZPr7MsKgywZtDDdlazlAr1,"0x0165113d2702ad22fc5c21ef9bc51edb30ea6642","wdnmd3296","","2026-09-04T03:35:49.774Z"
bxKKfNQNDETKs2UP1fl7jlahv9t2,"0xC19E434F5Cda73877DF3B4eeFDC95861Ebd71288","nham_mai95608","","2026-09-08T16:37:02.225Z"
bykaralord,"0xe53E4F394D998A2D548e525a7392723021638f57","bykaralord","","2026-09-04T21:16:28.000Z"
byratina,"0x644fDbCeF727a7dF0e793198587A46E1450eE926","byratina","","2026-09-04T21:15:05.000Z"
bzone,"0x3ED8f40Cd64B2372c57d38e66892B10C17Bef9fD","bzone","","2026-09-04T21:15:02.000Z"
c016f52976803150dfc2407c4872,"0x04A43bcf86afC2b274440d7B29465F3952aCA650","NovaNft","","2026-09-05T08:08:18.360Z"
c028578cf5fa4de25e5f75506393,"0x52B46B6c603389bC7630e426D444Af590C8E0FD1","coolraven","","2026-09-05T07:56:03.668Z"
c040ccf054db0c8d952e283e823e,"0xDe43035F781D9b4215cD5F9db950530c64C30Bfa","realluna185","","2026-09-05T07:30:53.071Z"
c04b4727ca88180c209d9e91d49c,"0x7e07751D8e489185eEf6c85f474Fd165dA1E79cc","wittyhare829","","2026-09-05T08:12:35.871Z"
c0ba2aa5ea2cb11bb370c37ccbab,"0xEeee057CBeB119c5095dFeF8fd5a2851dF0E34ea","rune499","","2026-09-05T08:48:57.001Z"
c0d8facc57635e49df96ae2028d5,"0xAEcB373C3A47204BcB26303ad046828182A7D7E9","realkairo240","","2026-09-05T08:52:39.972Z"
c0e7d98d39aab37b6d831ad61687,"0xf6Bc0DE4C62DB1287d7102E3F5FeF5Fe4d74b0D4","theIronCrane","","2026-09-05T09:00:03.185Z"
c0eVEPXnC9YGolw0Rh1qtTssKLx2,"0x1A53c0fF09f7Bc48272667dE72F9Be4daAcB0f95","huong_dung94351","","2026-09-08T17:03:28.854Z"
c170a72cfebd52890fe665ba2477,"0xc4F965771C8afFa2709233D4B508246c6241412D","lkairo","","2026-09-05T08:52:32.178Z"
c17f5bfbdc4bba7b7766008fbed9,"0xD098a9E7C61F289435E9cC12D7aA4Cb614bbBab0","drift682","","2026-09-05T07:48:26.776Z"
c1c5d7ef3d5eb42b94475c440fc5,"0x3bD8C6DA8f6fc3a1ef2626FE5FBEdD65dE3f849F","kluna","","2026-09-05T07:53:37.347Z"
c20f56920602adc346dff4bcf7ba,"0x692AfA7a55483e8C0CA4356c828397EF79864CF9","nimblecrane","","2026-09-05T08:12:53.159Z"
c255f98a431c5efdec13db1f76e3,"0x8E0Bad17C8E4b8419256c275b024852eed4f4bF6","itskairo","","2026-09-05T07:32:07.436Z"
c259209e616660042bae73309dfe,"0x3E9fBe884BB28be849Acc39A7F3aa5a459fFCAF6","cember","","2026-09-05T08:00:27.953Z"
c2997bc4b6604f391eb5f2303751,"0x6a5529cf92A1185E4edb1B5A9d8431d737C12A79","AshNft","","2026-09-05T07:34:00.082Z"
c33cdc409d3d08822c331e04901c,"0x85E89071ccDFb512CE2F9cd0Ecd78D64B1BeE1DA","anime_luna","","2026-09-05T09:14:51.981Z"
c3853273dbc593dec2deb5d27c9a,"0x587f282329AA6a0C4Ce1962A99B9C43e7AbADf6F","sage496","","2026-09-05T08:10:50.492Z"
c38af73af5784e9da5207c02185a,"0x510d018f7f39504b8b372b1de1012c18277c25e4","Innocent_013","","2026-09-04T10:34:54.550Z"
c3E1DI5z8cRE8zdJUlENlL4vufB3,"0x92aAd88596d10bB0c1a70C36CD8B21Fb3C0045DE","KirstynNav58720","","2026-09-08T16:12:48.204Z"
c3FYeAvwL5bUcAsMj16oVLwL5Hq1,"0x1031b0a8ac2e2a20eb5eCE3bf654FE9Aa0ADb969","JoSchwartz30494","","2026-09-08T16:03:43.977Z"
c3b720e4664a52a9370b9cd08b72,"0x3669F5de51AD50A90c662ebE2a339CFA85767042","onix370","","2026-09-05T07:33:07.481Z"
c3ffee,"0x4348EB5D5ac3f5c24aC870E3c640Cb236F8C8583","c3ffee","","2026-09-04T21:17:07.000Z"
c473cb33b8168b319eaad62ad0a3,"0x669FACECa4568Bf252604fabcf5f450599A8ba2F","soren895","","2026-09-05T08:29:21.035Z"
c4a28a3320bbba2d16a145484b36,"0xC0aC44aBc7550a62536b8c05F5Cd70AFD6ECB006","drops_luna306","","2026-09-05T08:55:02.479Z"
c4a4018d4fb987ec6566988a616a,"0x370BcD7427f6d5580B10C3ef13A61dAa5A5E55aD","art_pax277","","2026-09-05T08:50:36.093Z"
c4kVTAYNFwecwvPMkYAmm42G1zW2,"0x3dAc721E2373703fE6fb6919a072FcC06491c033","TriuHu557371","","2026-09-08T16:24:48.354Z"
c51973ecc13021221aaf96bcaf3b,"0x45266Fc4de29ec89AfBf58dbBe574341B99bc83B","MistMints","","2026-09-05T07:52:17.094Z"
c5977a7fecacb4cb585ba70ad23f,"0x88af5a596B6dAdB609A771dd99E25b79004E7E89","fern409","","2026-09-05T08:43:58.369Z"
c5b19a4a5928f14ab62f2b5a678f,"0xA0A6c97edAB853Ab5E397a315c89F9eAfBD67B0B","theWildFox","","2026-09-05T08:00:38.620Z"
c62804c3b65e92d481a6cb3773c1,"0x933657587914BE892bc35F4b7857C754EcfEaeF5","realmist104","","2026-09-05T08:27:24.318Z"
c6283ce823284f24825fa7748e60,"0x735c90ae998c836c31f2d3ba2ffcdd37712d2422","kidsreallycute","","2026-09-04T10:35:01.531Z"
c649c5b35a15a001230aa02937cb,"0xb15fBA9648D5f9139c5FE92d366Ffa6759BBe480","grumpyjay","","2026-09-05T07:34:14.143Z"
c64fd02e4f0976ab282134703a29,"0xC51A8b9a9C2Af5CCBB1463C872932595879E71C7","realfern","","2026-09-05T07:55:25.562Z"
c661819fd0e441a19c3551892276,"0xbe6edf61659f41057cc7921fee8dfa0694914dcf","decodejar","","2026-09-04T10:35:26.532Z"
c6LGGdaoFQZzp7yFSNxVzd9HyFs1,"0xCB466b6102D09F56B4516A631CE59b05aF1bF29C","huynh_huon69225","","2026-09-08T16:54:06.838Z"
c76f32a64150029b6dbdebfe8388,"0x8ECCC3F906666a037DBf8f631048818DeBe94323","gems_haze","","2026-09-05T08:34:32.438Z"
c79fc3f5142f9a10dfc40c4ce75e,"0x3dfAd1Fee89E18250FA11051CE6606276fC7B366","fluna","","2026-09-05T08:15:07.172Z"
c7ec87a36518196ca6627963a878,"0x513B9585A933758dA3Ef4500B014644BcaD78f96","mints_remy752","","2026-09-05T08:14:51.440Z"
c81096285f66a7c83f48803959b5,"0xE1304a2a65A8d1877c9f3134bc00cACDEc11e7ae","LunaInk","","2026-09-05T08:34:08.019Z"
c889b491eceb4932149e88c527f7,"0xDA9d988f6754e7F30cDbB3bE5ef7e29805621f2b","vale_edits","","2026-09-05T08:05:06.955Z"
c8Ln6oZeRWg7LZyyfG7xbrVfEWu1,"0xa6B30D5238057F940271087Fc97BC3FcEa38102E","KimEden387501","","2026-09-08T16:49:58.724Z"
c8cf322343bec361cf20c6b05479,"0x643382a7FC2ce94255caF829837b8B407821B191","theWittyCrane","","2026-09-05T07:36:39.201Z"
c8dd0d6e822b7276896196ac9720,"0xE9b2E7b9032DfA29fcBDAF82587799061a9F8501","lofi_onix","","2026-09-05T08:45:00.562Z"
c8f8343a3d1b48e0b2d6ceec64fb,"0x68fe440cb64370a154b5f624faa5c9355030bb71","PhilMrlo","","2026-09-04T10:34:45.791Z"
c8lCqQMljKPsrYVQFtZPoEkacUw1,"0xbfcf8fb130b8d81ec40b778921c3fc02a4caa756","manlikedonaldo","","2026-09-04T12:52:45.852Z"
c92056bef72c4b31686967a2cece,"0x5573C178651B153C46A0185C6BcC84e23D73ca0b","Lunarart","","2026-09-05T07:46:14.725Z"
c9V1WZV7G6f2YxfcOY9QLtS0XHr2,"0xEFe9E48d787163a6ae8517ccCb45f340b4a4B70A","DreddyV10165","","2026-09-08T16:16:04.313Z"
cAWXDbBVjCgnAqsmVO6TmVc1m763,"0x1bc225Bf8381d20d0A59D3f767382D845BC8774E","FarrellJek10068","","2026-09-08T17:05:48.038Z"
cAhotKMiaAZjfcIJBhrYh3KrjnP2,"0xa1ae47D8B6491789E94c8922DE1DACb7824F8040","CaritaDelagran1","","2026-09-08T15:37:52.770Z"
cAvZAqZ6ZAet66lwNGmCLcOENr23,"0x1271181cc89D22d2e80E8b069e1cB162F717b069","FrankieS37930","","2026-09-08T16:12:19.980Z"
cAwlllAG5kgBo0o1VWW4NL6R6d52,"0xE483127F560AeBE9CaEf231174292A1E914bf60F","tri_hien4450","","2026-09-08T16:30:59.693Z"
cBmJG2iPZsh1JsOOHt1yiMhYfMv2,"0xD37430651F81aeA506eabA74165490d62C01bEe6","GZaylee23284","","2026-09-08T16:16:24.044Z"
cBuBcNWggRU6prZ6GPfnogj6hXo1,"0xB1Ab26B373D760611A39578853b55827a165C12B","BiHuy289764","","2026-09-08T16:55:21.600Z"
cCaMNtDWSQZJTPgH7jAI0EJX7X12,"0x170563513CBAb47577A84F15Fe7D877348368A19","AdellaLauters","","2026-09-08T15:37:48.130Z"
cCnPC9NkGcVMt4dtBRnuhB37X143,"0x99A4ad8aa31BA4F227e848D3a1B2E9A3eF61A350","selina_sim49263","","2026-09-08T16:39:49.143Z"
cCrErCahE4SLgJJVtRo4LMuq4wd2,"0x1d84514b043A38B89F2eA515c48043558f408622","LQuc169193","","2026-09-08T16:56:13.600Z"
cD4JVTjWFuZQjrc9n011MDV6i6x1,"0xB7a0511b5eA01b8E61108D65c282B6e9843A4673","HowardG98719","","2026-09-08T16:22:41.739Z"
cEc0HnjDMTPTeQ6OSJmzcsUFaGi1,"0x242a4d71B437cf029055cda4336325f0dF06EB07","ZeldaS61931","","2026-09-08T16:39:34.241Z"
cEo4iuWWhRQL5W7WKl0EorZ9mtp2,"0x4d6838793e92b32bd1abdfcf3456f08b6db439c9","Deymnz","","2026-09-06T23:56:59.721Z"
cGW8PnG87fUXtSYrWIHjLl8UdXf1,"0x54b675520EBC5f2D3AcfB75b71b75c440D249AeE","IrenaPhipp22323","","2026-09-08T16:23:47.421Z"
cIZgivX26vMPMNTYqRTw9EJHW383,"0x9D6C63D2270842B013EbBb085f1c1346Da17C099","to_truong87744","","2026-09-08T16:41:49.177Z"
cIcdB6RFuhQIgrbSKtIjNvO4SZa2,"0x694E6264D540be2EF16473D1da32D6D165fEe79C","NhHn562682","","2026-09-08T16:35:59.850Z"
cInf9JVfNhZWkqM7ZDaB1lnZO0t1,"0xa703ef4FB7Cb9934c7b692652876B469304a815C","AliciaJone41339","","2026-09-08T16:16:18.009Z"
cIy8Cq7HzGbZEC00nXwHzQDTB513,"0x77baC6c095F36587005F8Bd6227D43666eAf38c6","TangT26415","","2026-09-08T16:44:34.430Z"
cJ4YiWfQEPO3xzzmxSxcj9iv9CK2,"0xDA248aF8789563722bea6d13d787A6ad638A9de8","LVy1043635","","2026-09-08T16:51:24.694Z"
cJA8YbPiFNTOQ0gdWdS6XIsxXnx2,"0xD1863455aE398fcFD497120C515e74128e198217","CynthiaV24760","","2026-09-08T16:49:43.923Z"
cLgSJFbf1NV3D0zoqfh5dI5V2Fg1,"0x25E51BE71c44639319588d0742170bC409Df954e","PaulineGai54738","","2026-09-08T16:33:26.835Z"
cNbJOJzU9KcoS37v5EOikIuLzrQ2,"0x459A306F62Dc2005dE7777bef88eeFdBCC106029","PaulineWai92028","","2026-09-08T16:34:13.575Z"
cOaek9zuhpME2UwN2WcFbAiwcRt2,"0x9d13F5a023c0F8b6eDb229A262D6C82354f43c4a","TrnhTrinh114342","","2026-09-08T16:41:23.207Z"
cPLBQrpgwVV5OV2qh5xr21DBHaK2,"0xd5bDB602AE148bb48675aA609254566818f755C5","QuchHong241868","","2026-09-08T16:57:28.599Z"
cStD7tdONhYitrlMxFvLt3Of3pW2,"0x64d5Ecc8C42651c541Bf07BbA223e00A9ed3Bf65","PerezBrend91483","","2026-09-08T15:45:21.049Z"
cUHmHTA2CFPF4klwvhVhMhPY7nI3,"0x05542982F2EdA4E30DAB3Fec855Ba374C4AC0111","rayze3003","","2026-09-06T21:30:50.542Z"
cUMd4OdEv5OieT2AuE1JbJ1ZYQq2,"0xc72ED2B31D3Fe650faF0B0818190e88A5Fcf2f9E","TuongTo65884","","2026-09-08T16:54:27.817Z"
cVRV4ERN80UiYCN337q89P0Idod2,"0xbc6A00384e151a7CD1ae8F0f3673B8F7357a91ea","AlexCarrol69624","","2026-09-08T16:05:26.028Z"
cVuwc0p5fgVwlRuEBr0BV5UkBYc2,"0xc37bC4782E6878033CE792cBfcE79EF5F749986A","CornelleCa26963","","2026-09-08T16:15:21.770Z"
cY1KCTPEGLhE8yDR6f4nycNVBmr1,"0xe675a7F4b928631154C15d5e6AF17aDDee60c106","LuPhong959373","","2026-09-08T16:38:01.142Z"
cYP9bfCQxwS90y5Er2U9Z31n84J2,"0xdbFd5EB0b10bCE8DBe8b9eeF6452031868dD037B","YvonneSkyl68294","","2026-09-08T16:27:29.319Z"
cYmP9iM3gSY7uyKM4jn33yI4nT33,"0xca5c211bf7ed4fe660031941afd585ce10263071","kagemystik","","2026-09-06T19:54:24.426Z"
cYrNzowm2Ef9vh1eSGN4y1K87pI6,"0x240b5767FEf53d3F0bf2CFB2B6Bc60a80c21a258","HenrySanchsx3v","","2026-09-04T08:59:10.618Z"
ca22fc03d248a8b46ec5b2ccbd3d,"0xe015A3D6F7c35BD70Aa43943d68dF883798041B5","sember","","2026-09-05T07:49:11.860Z"
ca8arm6iLHPw34ecZfgZ5wn58iQ2,"0x87F0AF58FB8bCbC1795De48AfDCBaDf316047D4B","BchThu1087207","","2026-09-08T17:05:04.974Z"
cabybara336,"0x9E1b56Cf98473F79091e9EBEf606B1C0757cadE2","cabybara336","","2026-09-04T21:16:13.000Z"
cadsila,"0xed65B7a6265442920320364Dc0A7f52143036e28","cadsila","","2026-09-04T21:17:33.000Z"
calibere,"0x8F3e99Da7936729c800372c305622CcaD6c790e7","calibere","","2026-09-04T21:18:17.000Z"
callmehannn,"0x3F7dc992E7542ad0d1ef63fD11D848be4465CB9e","callmehannn","","2026-09-04T21:18:32.000Z"
calm_ronin,"0xA2de00e6b1528BAD808Ec7fDd2B59B82B4a958f0","calm_ronin","","2026-09-04T21:14:51.000Z"
calmcomet,"0x48E0E1A7E9FC507F2e5f03C7E1b6d468F0CE2Ba0","calmcomet","","2026-09-04T21:17:59.000Z"
calmcompass,"0x0d3Ce2582a6128631535e0283A5A9a865E528129","calmcompass","","2026-09-04T21:15:58.000Z"
calmmonk,"0x2FF1cA4bB91Ae5B12b9019A1d4C14A7620c5d085","calmmonk","","2026-09-04T21:19:12.000Z"
calmprophet,"0x2fB11Ac6ebf7eA1A7114F16D65D295d54442DEDb","calmprophet","","2026-09-04T21:17:38.000Z"
calmwolf,"0x2ea6998a4DEab83Bf0B2a446304970121fDE34b6","calmwolf","","2026-09-04T21:21:28.000Z"
candy2018,"0xe6630563a3f31dFDF6B67FA3d9282a2582E40b26","candy2018","","2026-09-04T21:16:23.000Z"
caninalalita,"0x796b3c46fc2f1b5adf7dbedeb7ef077c65c88606","caninalalita","","2026-09-05T05:43:35.187Z"
caninaligs,"0x82a890d74d77ed27548ee239db370183570fb18d","caninaligs","","2026-09-05T05:58:51.405Z"
canttype,"0xa9660A53637E9eC3d33B15B8430EDB673E0A13C8","canttype","","2026-09-04T21:17:54.000Z"
canyd,"0x69Caa5eCDf69C5FA9509F6734605C1cDFCd87E06","canyd","","2026-09-04T21:18:36.000Z"
caosl,"0xE99bA99e0C0b4AD44566810027FDFfBf5b3C3683","caosl","","2026-09-04T21:19:47.000Z"
caper,"0x9e378c30fb4722D13C3b2B759Af8Bf925112fdE0","caper","","2026-09-04T21:21:16.000Z"
capital22,"0x063A3884B0fB0EC7b5EFC666F7f094b49bB2DDcf","capital22","","2026-09-04T21:16:12.000Z"
cappuccino,"0x43858AA47c4E2F69Af544625aC1E4Ff6920cf0f7","cappuccino","","2026-09-04T21:18:46.000Z"
cappybaa,"0xF388D0d6c7E029F36823C92d8df6bECA041428b4","cappybaa","","2026-09-05T03:32:23.063Z"
capriciousy,"0xf88F18724e29531A495A8cc92cC74Cf4f6d75399","capriciousy","","2026-09-04T21:14:16.000Z"
captain_leo,"0xeA79dF26Fb7f387d77c1b25425894048458fE94a","captain_leo","","2026-09-04T21:20:39.000Z"
captainhook14,"0x0919A9099b7323A5b268C4A56f2391FC5dd0732d","captainhook14","","2026-09-04T21:18:05.000Z"
captainriver,"0x9E781e96DaF1eb77DdB579dE0C6bfB63c83238Bb","captainriver","","2026-09-04T21:18:19.000Z"
captainsilverr,"0x7775d2c9379dca19f7EE3f87CDb7f0cbB680c905","captainsilverr","","2026-09-04T21:14:30.000Z"
carapia,"0xBC7f9151D81A4fE4727F0142e94FC1eDf1eB3542","carapia","","2026-09-04T21:16:05.000Z"
cardo,"0x280e14BB27288b378e372D3576b7f1AF6194e484","cardo","","2026-09-04T21:16:02.000Z"
carinaemane,"0x1b2c14150609d9e06895a55a9d8e8c1e1550035c","carinaemane","","2026-09-05T05:29:54.722Z"
cariocaxy1,"0xb6e04dD856B208a6f30e7ab365d0A4372cfF0596","cariocaxy1","","2026-09-04T19:45:46.178Z"
carirejeki,"0xE3eB5754e3F97fc0e330C80C7A308bCd8089D2dD","carirejeki","","2026-09-04T21:16:24.000Z"
carllahouston,"0xBbF7700A5a45917Fe160E8fE81995BA9c7b5495d","carllahouston","","2026-09-04T21:14:22.000Z"
carlos74,"0x8700ed9BB7AbDEceaC1A3D21B564dbE9935B2539","carlos74","","2026-09-04T21:19:53.000Z"
carlyls,"0x25f4999Cd52AF8f431DbF90848e25570BA8350Ba","carlyls","","2026-09-04T21:19:27.000Z"
carrera97,"0xfCb5470bf0deA21a47832c764A5D76E86917B7Da","carrera97","","2026-09-04T21:19:48.000Z"
carroll12,"0xb02A5Fd64B41201c83E12faA8E3071A8050BFb25","carroll12","","2026-09-04T21:14:46.000Z"
carydax,"0xE1D8bDB8752Fc34BAc5E904e0A5f4d4a3f6FE3C0","carydax","","2026-09-04T21:16:35.000Z"
cas22,"0xa8BD6abEE7b2097c390808465984498D4DbdAa3f","cas22","","2026-09-04T21:14:07.000Z"
casper_airdrop,"0x68481233e64d03ce2188ada1058423Ec2744E35B","casper_airdrop","","2026-09-04T21:19:48.000Z"
castello,"0x62e8300785ea57798821717956FcA9b42DC4Ce0A","castello","","2026-09-04T21:18:07.000Z"
catchfire,"0x9c6134d6eF5d7f17549F5A78a5C7Be92B0C8e6f4","catchfire","","2026-09-04T21:18:00.000Z"
cathy12,"0xF83F7E1018a2Dff390d6FD1bB3C401DDD2842cEB","cathy12","","2026-09-04T21:14:47.000Z"
catneh,"0x911Ad25a5F32d9f29691966cffbdA141e2ff3df6","catneh","","2026-09-04T21:16:17.000Z"
cayne,"0x9659adba5C6e100C30E916cfd26ddAa54AD2D12E","cayne","","2026-09-04T21:18:13.000Z"
cb4b18452f55620380294387c49f,"0x4c0ebbB221063d19e5aB80b0035d98CB1156F94C","bremy","","2026-09-05T08:02:01.296Z"
cbvbv,"0x0DA123A71cc22765f9F547D193213348990F39CB","cbvbv","","2026-09-04T21:15:48.000Z"
cc278cbddd5922830694a13bdefc,"0x6041837996e2B0420646EB6f425dD9f5Da5a0811","emist","","2026-09-05T08:35:33.044Z"
cc359964ba113920e404a1d88444,"0xdc676Be3B6f3271092043Fe5A21580De949F8D4D","OnixLoot","","2026-09-05T08:01:29.162Z"
cc3994a22b0c4a09bb626e7aa940,"0xba63c16e7a51494a1133c13cd3ac1b25901bb2bf","Crypto_Jargon","","2026-09-04T10:35:05.483Z"
cc68327880d59b44eceed6ff6001,"0x9b6fA5eb6D600bb85a7a8cFb96f891BC91Ac18c2","itsdrift","","2026-09-05T08:19:48.800Z"
cc798ea45d3d07cf8c0ffea16d7e,"0xFD663308AF761a8e240a28EEa1eEC94a42670621","crimsonfinch","","2026-09-05T08:46:14.834Z"
cc93fc055432a5f57b4a62bcff24,"0xce1b56E6A72c59d955a4d4466999f895B20F886D","dcove","","2026-09-05T08:27:09.995Z"
cc9592a9adaf66907027b7cfbafe,"0x3F78aeAC95551eD6eF04636CF477fcf379F6D5A4","SorenMints","","2026-09-05T08:54:29.814Z"
ccfe3ad2e86136e5951145a2c2cc,"0xd5666a58B5d59FB7e9A752c1dC545D4c4e93afF5","realnova27","","2026-09-05T08:46:02.078Z"
cd3776ba05d34d48a90e83dd6988,"0x8a00e732115f2569c8e19f30049d91ff5e40c0f9","jdorman81","","2026-09-04T10:35:14.764Z"
cdaa9d74ecc94ee2bf2f6b115c71,"0xe39d557d6c61c9cf83bda0cb417cbc6ca0fecae6","ivan_nomadz","","2026-09-04T10:34:53.388Z"
cdab31cb63f8e40408a563e39409,"0xD8cad347cCc0e92638AAb6896C64803b28530631","theNumbOtter","","2026-09-05T09:03:13.286Z"
cdfa92eb8c9836df8df9a979c090,"0x8Fe07376A5A091cb4A7D146EF0234Beb24A0bC23","wwillow","","2026-09-05T09:13:19.767Z"
cdfsgwxWXvZUUMR81w8JEI40SHv1,"0x51193ac33FE74ee5d46C63Fa9ba397c74F948C7a","Redhox_Core9X","","2026-09-04T11:52:12.137Z"
ce2e76b82bb6dbd58e1d71e083a3,"0xe5A1e775fe902AdE7828920780A05F7A70C66A9a","LunaRetro","","2026-09-05T09:15:06.323Z"
ce35b54b9224093e278ecdaafcad,"0xDF01b57247F6928E7faa0550cE32f05Dc413849F","stoicseal","","2026-09-05T08:23:23.060Z"
ce79b3aa59b64d1f48d88af07d96,"0xAB98D5c70b36664a0c73B68521a9e76f7c6d3c85","vale119","","2026-09-05T09:09:00.537Z"
ce9QdNwVhgSqcJqMDjXQcHW3QcC2,"0x3bC9A8eF12fA09B58392BF55410780b9FeB59876","StellaHall62857","","2026-09-08T16:37:39.877Z"
cedc059b6e57aa02ee9ae0427de1,"0xB5caA50475027Ee33678DC464Ac1d2390b12fd0a","realwillow798","","2026-09-05T08:26:55.289Z"
celebez,"0xFF2f71d2260acce161EaFAE02138C17116B90A1c","celebez","","2026-09-04T21:15:59.000Z"
celestialecho5,"0x11C00db9a3f6A51a408CAfC86C313B9a5Bb0b388","celestialecho5","","2026-09-04T21:21:17.000Z"
celex,"0x869c0039cc5C6ad930CAABDb2f10fc98F9967e62","celex","","2026-09-04T21:16:46.000Z"
celinarumina,"0xf0ff9360b2065c983186b4a70b85ce3b1742155a","celinarumina","","2026-09-05T05:28:56.801Z"
celo,"0x91084f5F28E450223d1d67FE9848cB3d3489EBc4","celo","","2026-09-04T21:14:31.000Z"
cem1977,"0x36e5372bCA520c01606D0B998921E537770Ea369","cem1977","","2026-09-04T21:16:46.000Z"
cendy838,"0x6518650327FC1F7d9F3D7A0EE814506802f3983c","cendy838","","2026-09-04T21:19:19.000Z"
centi_00,"0x33d90b402854d6a429245eFA0955fA43d0058a19","centi_00","","2026-09-04T21:18:00.000Z"
ceria,"0xF4D6A45152eb0d67E52a5222521Dd7aD1dC8C055","ceria","","2026-09-04T21:16:59.000Z"
ceyxVMJB4CZ84ZeHEz6yvYpQE5hl,"0xF2111eB22F1Ce9286b6a323D33C025E85317cCE0","mary40fx5","","2026-09-04T08:58:47.185Z"
cezarir,"0xe8F21E8D9272403F42C5bf791cdFBde14Db9317c","cezarir","","2026-09-04T21:21:36.000Z"
cf00b79798a1b922afb98261c3d0,"0xf01B9CBFCAcC7d09d9e44A9867F190ad5D0B076E","Coolanime","","2026-09-05T08:47:05.113Z"
cf532e0b5aec427cb0c0e1c6d600,"0xbd5729b7d4cde7ee7c3a3547febc0619832242a4","Bookof_Eth","","2026-09-04T10:35:31.444Z"
cf6c4cd971b5a62238b081a627c1,"0x0bc0a28715CC39c344c84b6461E021dB5A89ecCd","lazyfox","","2026-09-05T07:37:44.284Z"
cf6f4c9502112c8cc8dea3065493,"0xB38527d3b6ab2Cab59F92D03d5DAe7349dF6ACe2","theBraveFinch","","2026-09-05T09:04:38.683Z"
cf70c8ccd0753efdc45fcf5aaf5a,"0xC8250b4697F4569eA3803FcB8843391143A402eC","realember","","2026-09-05T07:37:35.243Z"
cf9X2PEnzOoilQAgaU54jU9X4ODI,"0x512673431BfA5269751AEe9543656Ef4dFE50393","jessica69xh1","","2026-09-04T08:58:22.491Z"
cfrylmz,"0x67E20D265b80Ddd0785E2B18495D61e3755cC025","cfrylmz","","2026-09-04T21:15:46.000Z"
cgarlie5298,"0x258CBfb356948f5B38c182d5e1365840072F27cd","cgarlie5298","","2026-09-04T21:17:20.000Z"
chachubit,"0x13f51AA04eaCC8f2e4a460b47dc64E6C3c78f6dB","chachubit","","2026-09-04T21:20:20.000Z"
chad69,"0xEbA6eCB7B1BeD37fc23681F3d38eb7980EE2A9f9","chad69","","2026-09-04T21:18:16.000Z"
chamikapeiris,"0xdc5C491Bda4c011E057431d102EAfe78CBAc5a73","chamikapeiris","","2026-09-04T21:14:38.000Z"
champ,"0xF1EbF3094a8D420f1eFee36Ab1e5d9ccde13A5D9","champ","","2026-09-04T21:17:49.000Z"
chandus279,"0x2AE947F203C16E9E83037e49d18913864C0A2e95","chandus279","","2026-09-04T19:51:06.645Z"
channnyeinn12,"0x8683fe814364e4c6d9e7002fe9656799848f57b5","channnyeinn12","","2026-09-04T13:20:55.125Z"
channyein,"0x1D1e472225fd75E7b478e9A768C20B293526EcF2","channyein","","2026-09-04T21:16:56.000Z"
channyx_,"0xD3dbCE32839A0c319f6C5553678017a90Dc227D8","channyx_","","2026-09-05T04:36:53.411Z"
chaosmos,"0xeF805Fbba0CDf7cdf7D921FCdD2070A246f4ca7e","chaosmos","","2026-09-04T21:19:37.000Z"
charlottema,"0x4c51d0a96a735D80cB4B5E125A9E310b2eC5f9BD","charlottema","","2026-09-04T21:17:23.000Z"
chauanh,"0xd26B60D1455dA89b6C8E649d87Aa2c672B32D58b","chauanh","","2026-09-04T21:18:40.000Z"
cheburashka,"0x1830c1f2Ba18783d76D1D80A6dAd23F0af76D195","cheburashka","","2026-09-04T21:21:35.000Z"
checco76,"0xf9e3c5DFBbeA15471BC6B65AcAB83514d31FB0f6","checco76","","2026-09-04T21:19:56.000Z"
checkra1n,"0x0524f0561a5454D316818D6599d73cb24cEeB3C6","checkra1n","","2026-09-04T21:19:25.000Z"
chen1450,"0xD0736eDA4313907564EDBae0Cc9c0724425B6C45","chen1450","","2026-09-04T21:14:34.000Z"
chengsheng1028,"0xe7Ad67250E0b1Ef6A3F7A550946F1b7084244225","chengsheng1028","","2026-09-04T21:21:18.000Z"
cheolgu3,"0x9a74bF9Bc5B7C11ABc975a77ebf0A5F5C6494213","cheolgu3","","2026-09-04T21:14:17.000Z"
cheongdam,"0xE66D9F7f24D0625346563e9B273fF8faf6C11342","cheongdam","","2026-09-04T21:19:49.000Z"
chibiren,"0x132cb20a5598abbb2fce305168ce35734973489e","chibiren","","2026-09-04T21:21:13.000Z"
chicharrero,"0x4A268B08d5648569b029940f8FfCdd2C305B5640","chicharrero","","2026-09-04T21:17:20.000Z"
chichi3310,"0x4Bc719dA7d4e3db74729bD8B191CDCb12f31eA67","chichi3310","","2026-09-04T21:20:24.000Z"
chickenboy,"0x4638baA2B2bAB2B44aDEc0B62f9EC8e28C409B6c","chickenboy","","2026-09-04T21:20:07.000Z"
chideramorgan,"0xe05985dE722893A03Bbb9F25Dce2606c010f2757","chideramorgan","","2026-09-04T21:15:00.000Z"
chihuu97,"0x672526C140f8FDEaeEcEB1595eA2Fe4f4553693c","chihuu97","","2026-09-04T21:18:57.000Z"
chiku1998,"0x6959F2BB2BA3730dF76ecb06bE153653F352BB63","chiku1998","","2026-09-04T21:19:23.000Z"
childofrose,"0x5d2a0Fd6bD2C5e0EC222e05D64Dabf0A58DBa8a3","childofrose","","2026-09-04T21:20:39.000Z"
chimo9,"0x7584FfF1018a47260cf467b9F09B7040a4159EFD","chimo9","","2026-09-04T21:16:28.000Z"
chinesedevil,"0x2A892E4CbDf83A5A0f02a55fE73340cd9Bb597ba","chinesedevil","","2026-09-04T21:17:12.000Z"
ching,"0xC62Ad0dd5795FE3919EAd4BF0fF5019B81686a08","ching","","2026-09-04T21:20:39.000Z"
chinnie,"0x7B002Cddf49DB4a8b82Ef0A3e9f8A8DF5b942088","chinnie","","2026-09-04T21:18:38.000Z"
chins2024,"0x07D89CAA904487f762B4b7bF6f1C3eCd3832cf08","chins2024","","2026-09-04T21:21:30.000Z"
chiquast,"0x09Bf43A3E52A0e4585bbC0409C9123dB584C01D1","chiquast","","2026-09-04T20:13:59.361Z"
chitranshkiaastha,"0xc0ffee254729296a45a3885639AC7E10F9d54979","chitranshkiaastha","","2026-09-04T13:23:07.983Z"
chloemia687549,"0xA6B1d649A2D00a90B369bF30b53B97816e81d4b2","chloemia687549","","2026-09-04T21:21:32.000Z"
chokichoki,"0x58Ad230fB4be90086e5e2d2B6E5E23DECe6E3374","chokichoki","","2026-09-04T21:16:59.000Z"
choouuu,"0x0d0c4F1f1Cd94192F3538e360Db77cF278423c8F","choouuu","","2026-09-04T21:16:35.000Z"
christian2022,"0x5cA6eFEf7Ac9CE47Ba4eed787Bb83873a66e1571","christian2022","","2026-09-04T21:21:28.000Z"
chsygsnoFjMWDZ0fgRY3HbMQ1SO2,"0x9bfC84746eB1327D0a6c5ACD4359c802cfABc70F","daddychill69690","","2026-09-07T13:43:43.448Z"
chucktardio,"0xB01772532C6288C9B93d4D966e8e81302EaBfc63","chucktardio","","2026-09-04T22:59:43.972Z"
chugrud,"0x6b803C00F725D2f92665D81Ea5Dd1E0070988A70","chugrud","","2026-09-04T21:21:38.000Z"
chuky,"0x0957Ab6749801B2a59f8A2c22c8563baEF314344","chuky","","2026-09-04T21:14:50.000Z"
chumboi2006,"0xBF83484Df7194FFd8E6871d39744479F566EEF2F","chumboi2006","","2026-09-04T21:20:44.000Z"
cilmo2,"0xD81C0c3E2c771Ef136FcE37BbAd36A53e0982653","cilmo2","","2026-09-04T21:15:27.000Z"
ciol,"0x3c07b559D26d0E22bf23cBF8cC3010a5FD787426","ciol","","2026-09-04T21:17:24.000Z"
cipoz,"0x20d508881Db9F00a02648C3d1Eef6266f9c55a24","cipoz","","2026-09-04T21:19:13.000Z"
cistcea,"0x85AC744076662b358C8dbAe962042e634b7C6000","cistcea","","2026-09-04T18:02:11.688Z"
cistsea,"0x00854B9c5293ab523d64bee3D86b52137c9fA300","cistsea","","2026-09-04T18:28:06.844Z"
civiv_i,"0xd1edbf3aab54b5516edc5af359f1057144fa8730","civiv_i","","2026-09-05T03:55:47.288Z"
cjac,"0xe50Ba0A81C372b4033397A09278fAfa137f21d7b","cjac","","2026-09-04T21:15:53.000Z"
cjmorrell87,"0x149961f8B27fD4bBaB738eb5C3fec30C72eaFAf7","cjmorrell87","","2026-09-05T04:41:59.308Z"
ckD9QS2tJWW1bHdBFNRpLAZc1Ot1,"0xCCE87753Bd7987bbCa443278A691bA4e9b361AA1","CamilaSumm2699","","2026-09-08T16:19:26.228Z"
ckghau,"0x0A5F85Cc5b9dad965B414eDA7Fb45AF79F2dADB6","ckghau","","2026-09-04T21:15:23.000Z"
claption,"0x9Bd58240b32fDaD6Dd787AEaAa5D094fdf3eBE6d","claption","","2026-09-04T21:21:05.000Z"
clclcl,"0x15BBbF5F451801Aa1D34EBf7aF2a4A38212a7c18","clclcl","","2026-09-04T21:17:59.000Z"
clemente_e6885,"0x1F75E5dB8563B4286E06483e4D0e970A1882E84a","clemente_e6885","","2026-09-04T18:09:46.140Z"
clinkz,"0x9b3Ca637C7DC1B6A9ab8D25195a6250eE2ef2ef4","clinkz","","2026-09-04T21:14:50.000Z"
cloudrisma,"0xC9F9Fe6c8448499FFce44DFbf170Af10Eb3B059E","cloudrisma","","2026-09-05T00:07:35.189Z"
clover_pips,"0x2C890DB734368B85FebfFe29b8A2a8191c2C9FD4","clover_pips","","2026-09-04T14:54:16.574Z"
cmaning,"0xE811a819C540Cde9F29cB38b3198006726F98f3C","cmaning","","2026-09-04T21:19:04.000Z"
cn6P0AY9ape53y4wJQ3DJaJT0gf2,"0xE7B3643A8Bb9783118dB3480Cf6AF694f35E27e3","HaoQuach51522","","2026-09-08T16:48:43.836Z"
co66QQbyROghswgrH129wViv0qx1,"0xFa5BcDB3Db34FFb4B45c82db10eCD0C30f56A2F8","daura6msf","","2026-09-07T10:04:19.329Z"
coHLSRYZmvP5s40FEZ8U49jsqLq2,"0x957d93c44f46289aD156A49e521821273C0a34a1","adriana_sh76229","","2026-09-08T16:20:01.433Z"
coKEyGW40WVRtHpxcGsJyc1pn183,"0x7FF5f0027055D84Ec162064F0FbF399e55b40599","BrooksGilb51956","","2026-09-08T16:26:19.956Z"
coinpichigal,"0xf6FFF82d1bEB3EAbfb76eb7d9b225c7f98Bcf67F","coinpichigal","","2026-09-04T21:21:32.000Z"
cokoo,"0x7121A70B1bC7E2AFc68EFa0E8D5424118fC1947b","cokoo","","2026-09-04T21:20:10.000Z"
cold_pirate,"0x5d882eD42d3649748075cB8eb88E9c8CB311392C","cold_pirate","","2026-09-04T21:18:26.000Z"
cold_rogue,"0x5d301a57c84D099070c5f5888E92c62Dcb207B4d","cold_rogue","","2026-09-04T21:16:14.000Z"
coldblade,"0x14F72071C04E677dCc6D71344476946719cDE502","coldblade","","2026-09-04T21:18:13.000Z"
coldledger,"0x4f4629211c747f58F8dc15734657Ab842d442390","coldledger","","2026-09-04T21:16:16.000Z"
coldpirate,"0x106d23Df96C8F73c0758EA7d695246aFeC434405","coldpirate","","2026-09-04T21:19:12.000Z"
coledusk,"0x8b0C08778F30EF4937F7042B6a255AE62F75Af65","coledusk","","2026-09-04T21:14:31.000Z"
coleraven,"0x45F34B33BDC463Ea79e26F50E4b42a1885134Ab9","coleraven","","2026-09-04T21:17:24.000Z"
colewarden,"0x9f4cC7469350D5AC05E0A75e1d075CEC6DDcfefA","colewarden","","2026-09-04T21:18:14.000Z"
colombb,"0xF9a4a742D30C0B29b31d6134A4E5D1749ee5589F","colombb","","2026-09-04T21:14:49.000Z"
commyrich,"0xE6599363Ab51326e50E0b4bB11eF6435F3909ec4","commyrich","","2026-09-04T21:21:21.000Z"
compassledger,"0x094A46324884182B6817297d9780c1ddc21622bE","compassledger","","2026-09-04T21:17:33.000Z"
conanyb7,"0xCd2d15136C4206C6828278fA7A00cB5a2Ee3f961","conanyb7","","2026-09-04T23:46:19.424Z"
coneravilina,"0x690a1b24ec09027e02ddcbadf49c3556122c28ea","coneravilina","","2026-09-05T05:43:26.910Z"
congge918,"0x01DA134B50Fe1ff9199Bfa2DC5659aC07ff067b0","congge918","","2026-09-04T21:20:58.000Z"
congidau999,"0x9bf9c730c7840a3b03fdfc91d0a4d06a8b38a6ca","congidau999","","2026-09-04T13:23:47.354Z"
consensys876,"0x337dCb0a07961E39195c532F13937AF7df9b6eEF","consensys876","","2026-09-04T16:50:27.302Z"
coolart,"0xc7783C29E39Df43a80674985e8F1C5D86F9D654C","coolart","","2026-09-04T21:14:21.000Z"
coolestg,"0x05d140bBb59900f11fb4d65905a062D3F9A5eD16","coolestg","","2026-09-04T21:17:47.000Z"
cooltaker,"0x6A627756689E57d83408071D2316277019A322b3","cooltaker","","2026-09-04T21:19:22.000Z"
corahunter,"0xe3305Fc5A6fe55154AdF6768FB855F1ff50F2696","corahunter","","2026-09-04T21:16:03.000Z"
coralcrow,"0xf3AFAf776136CAf314d9ffADBD0C115bB68f6a20","coralcrow","","2026-09-04T21:20:10.000Z"
coralfox,"0x47Aa5C120Ba70B615789d6792E126500A94ab8b3","coralfox","","2026-09-04T21:18:12.000Z"
coralowl,"0x5AAD7558E1dD011e6D737CFb4382ff6967FEf1D5","coralowl","","2026-09-04T21:20:14.000Z"
coralrat,"0x54177639E55559fE423db8dc08fA4ecfa3A9326c","coralrat","","2026-09-04T21:14:31.000Z"
coralraven,"0xD22BDb77Cf0a761702Aa334DEFb0041B05D4FDB2","coralraven","","2026-09-04T21:18:08.000Z"
coralswan,"0x3685A27EaE08745AD490A6f144Ff84ad9586E044","coralswan","","2026-09-04T21:17:54.000Z"
coralwolf,"0x477E1393Cb15f2b8Bd9d7e9BdDa2B0F3DE3c251f","coralwolf","","2026-09-04T21:15:58.000Z"
cormick,"0xe4F9eDA9f3228DD62b7BADC0dD209626914A46B0","cormick","","2026-09-04T21:15:43.000Z"
cosmicwave,"0xdC3a18dF49701Cd3C1324dc4520da6accD710109","cosmicwave","","2026-09-04T21:15:37.000Z"
cosmonew,"0xC29E8978eF1A8a6e5654de80D200ceB3850B55eB","cosmonew","","2026-09-04T21:21:22.000Z"
cowooding,"0x4336aB4D287de4F9e8ac2D7D935CDeB3C3aE42Ec","cowooding","","2026-09-04T21:19:34.000Z"
coxseeker,"0xE6F8bd723949402ca8f44c7340450c30DCb43283","coxseeker","","2026-09-04T21:20:55.000Z"
cozyhomes,"0xe8B3a6F0Fd9a032c6BDF5FcA397Bd222856F53bd","cozyhomes","","2026-09-04T21:14:13.000Z"
cpektor,"0x19268da891F583a36465552cD89aba38199D3537","cpektor","","2026-09-04T21:18:54.000Z"
cphuong,"0xd18e7f753dEfB158240BF29BE8Bb24f0d9e3F53b","cphuong","","2026-09-04T21:20:17.000Z"
cptn_ten,"0x34ecD6Ab0aD0b7A9e37B7b1F2e9BCb4E8384aB98","cptn_ten","","2026-09-04T22:19:15.074Z"
cqIvNSdGEWUiBpdJBDkMDjKN5dZ2,"0x12565839AbB65C36E0a9d6BB7B563bAa492A7433","LuluSoli190246","","2026-09-08T16:38:23.598Z"
cr7Qpubm2fS9tGi3d5MyEQaEZb52,"0x79074350adF593Bc24Bb7C1467935879FBe87f58","VNhi185786","","2026-09-08T16:55:29.620Z"
crafty_junior,"0xbc3d4dcca4086c3ae31b90d8f8415a2a1dd1cd4a","crafty_junior","","2026-09-05T05:38:44.572Z"
craysis,"0xdB5c3ea1212d038A43A6c6A58A39C77030aeDEc4","craysis","","2026-09-04T21:18:17.000Z"
crazedave2,"0xaF8a0A11786a6d5bC1Ff61dF8E228C9F554b188f","crazedave2","","2026-09-04T16:00:26.991Z"
craziefingers,"0xA98c7880A52099BfCBA4632c789Fde5A35BEDFB7","craziefingers","","2026-09-04T21:21:11.000Z"
crazyfunnybuild,"0x75c8f0601b36857FD0aDd5DE2c399fB30675C156","crazyfunnybuild","","2026-09-04T21:18:23.000Z"
creaaaaate,"0xB6Bc608bC153c39DB57056E4394BcB4a908fecce","creaaaaate","","2026-09-04T21:21:18.000Z"
crekto,"0xb587eD179de0654Bcc7F0F7dD004d805737a2B32","crekto","","2026-09-04T21:19:28.000Z"
crimson_hawk,"0x6519F640BD6bD9D053a0ecFED52E38e528856F7D","crimson_hawk","","2026-09-04T21:16:38.000Z"
crimson_moon,"0xdC2F19b1dd6a6E4c0B1b774268d5097c2B9e963a","crimson_moon","","2026-09-04T21:17:48.000Z"
crimson_oracle,"0x802FbA26129f9D2048B4AC043a04fB31aA1c3CBA","crimson_oracle","","2026-09-04T21:16:30.000Z"
crimsonhawk,"0xa770CF0F546cECF2C8D3611E28370bBc9a4FFd19","crimsonhawk","","2026-09-04T21:16:20.000Z"
crimsonmonk,"0x594cCF21706ACB8b4443273913a0254FD0635390","crimsonmonk","","2026-09-04T21:16:01.000Z"
crimsonraven,"0xD02e567280465244A8d0e2fbc451FEb0d0328870","crimsonraven","","2026-09-04T21:16:10.000Z"
crimsonstorm,"0xA121635193C858B7aa6b12e142Cb7011688B55a3","crimsonstorm","","2026-09-04T21:19:30.000Z"
crimsonvortex,"0x33a160101fDa5D6B3Bd2792b35c084301C0Ca2DD","crimsonvortex","","2026-09-04T21:21:06.000Z"
criptoleo,"0x505EfAde148B0c3942E61Ce65C42408768C9691e","criptoleo","","2026-09-04T21:18:44.000Z"
criptotemplario,"0xD5b8739Da5C6019Bd62f9b05BE2Cc5263C35C986","criptotemplario","","2026-09-04T21:16:54.000Z"
crm2,"0x8c7d4AfF35497eD4538A2510d2f4A0FEb033BD35","crm2","","2026-09-04T21:14:21.000Z"
cronosmag,"0xAeCD9B9151d998022Df4FB3b1C426dcdC34f4196","cronosmag","","2026-09-04T21:16:08.000Z"
crossline,"0xe42F1328b09cd205b6fA5e9baBb747605caE6767","crossline","","2026-09-04T21:14:47.000Z"
crw7ahUfZwTxsSiK0pFVM7eRPQI2,"0x149B6f1caD04F1f2a3d3b0a7b28cb1cf54384457","BabcockBob91409","","2026-09-08T16:10:07.515Z"
crypd,"0xD11dbFb712164c3b44Ba63D0E9DF0a61F3bbB180","crypd","","2026-09-04T21:20:24.000Z"
crypt00,"0xA1bEB16Fd5D8B1490882281D7A3D4C6Ffe3aE867","crypt00","","2026-09-04T21:18:49.000Z"
crypt0_shinchan,"0xc45aa399aa75ace0ae56c372898abcb36d33161f","crypt0_shinchan","","2026-09-04T14:38:22.155Z"
crypt0xfan,"0x0aB0dEAAAcf2Da1249Fa49acF52823034c1bF9F9","crypt0xfan","","2026-09-04T21:15:45.000Z"
crypto2021,"0x7f2d3966c7a7F0b8C62a183e0b085b60494B48D6","crypto2021","","2026-09-04T21:15:02.000Z"
crypto2dot0,"0x06602CA14829eC73042d7a1C0BAC2Cc493217700","crypto2dot0","","2026-09-04T21:17:47.000Z"
crypto345,"0x4594d1Eb8035186d826A9dFddeCd85D6727C74b4","crypto345","","2026-09-04T21:18:42.000Z"
crypto777nft,"0x2359DC3353d9846f9cC61ea84F514c40B6553DF9","crypto777nft","","2026-09-04T21:17:31.000Z"
cryptoagent,"0x47A75db65C9C1d25B1969A9E3c1FD6fB2eD1b5e6","cryptoagent","","2026-09-04T21:19:06.000Z"
cryptoakun2,"0xFACb4f4Cf6ab7e3fbA3Cae8E10FE67E22c6fa535","cryptoakun2","","2026-09-04T14:27:00.283Z"
cryptoalert,"0x991A824be58c581927DFcCFD0A52af49c8C7182B","cryptoalert","","2026-09-04T21:15:09.000Z"
cryptoashwin,"0x68fB42ab4964e2aDE1bB0e0a42A45799eb1CCE87","cryptoashwin","","2026-09-04T21:17:48.000Z"
cryptoavatar,"0xaBCA374723cadbEE17cee5EA9889aA23218844B5","cryptoavatar","","2026-09-04T21:14:45.000Z"
cryptobhaisahab,"0xfC433eF92C9C53240Df3224503F1E7cd1F54e811","cryptobhaisahab","","2026-09-04T21:15:06.000Z"
cryptobharat,"0x9f12463b3e0258a2BD2e5DE14e8573F3A4401765","cryptobharat","","2026-09-04T21:19:15.000Z"
cryptoburger2,"0x5B9f550d989f8FFe299233f98e3451A43119B290","cryptoburger2","","2026-09-04T21:20:09.000Z"
cryptocat222,"0x5047a8586E5B2BbD5d15Ae6b486d88D36bFE46e1","cryptocat222","","2026-09-04T21:19:12.000Z"
cryptocmok,"0xE090ADe706CC7C2e4E352dD3585faC720aaC7945","cryptocmok","","2026-09-04T21:17:36.000Z"
cryptodavy,"0x5921BfaE4E2ECae2ec39Ace5aA3bf4DcA0Fc38E2","cryptodavy","","2026-09-04T21:18:06.000Z"
cryptodiggerx,"0xd8114e9C518A146BceabCD94FB31D122e686Af3f","cryptodiggerx","","2026-09-04T21:18:48.000Z"
cryptodovetw,"0x77787694fA86b3717A2D337599850244fB8A2255","cryptodovetw","","2026-09-04T21:21:27.000Z"
cryptodumbs,"0xA5B7CCa451f70a396Bfa865dD08171de4ba07070","cryptodumbs","","2026-09-04T21:16:42.000Z"
cryptofire,"0xf757CB3dEC48C396A188D89F84857b3e74f38b4C","cryptofire","","2026-09-04T21:14:07.000Z"
cryptoflashboy,"0x3e1fa6A1f5abc4b02B4329DBE84685F6E7b7B850","cryptoflashboy","","2026-09-04T21:21:38.000Z"
cryptogao,"0xf208c0b5f50297A18eA53DC87d93614816B21057","cryptogao","","2026-09-04T21:15:36.000Z"
cryptohapip,"0x85bCf24Cc229dfB34605487A99912148ed5b792E","cryptohapip","","2026-09-04T21:18:30.000Z"
cryptohass,"0x4d732600DA671FFA0A1faCf80B009886Cd2ba789","cryptohass","","2026-09-04T21:17:36.000Z"
cryptohassan,"0xFFF215dcC7e71fF25603544BDd132fA25972fD72","cryptohassan","","2026-09-04T21:18:07.000Z"
cryptohedonism,"0xd931D41f3bb6263F76251Dc2Fc511d94c427F2a1","cryptohedonism","","2026-09-04T21:17:43.000Z"
cryptohilbert,"0x63A1d21F14010295db31D6772A67B9Ac68e1263C","cryptohilbert","","2026-09-04T21:14:58.000Z"
cryptoid217,"0xCfC488a3f527A2861E7ffd45E293c5f6591C57a1","cryptoid217","","2026-09-04T21:17:22.000Z"
cryptoless,"0xF9178AF28c0aF5712485C9D469b203adA16AdfDD","cryptoless","","2026-09-04T21:19:49.000Z"
cryptoman55555,"0x71AF618c9641A261F28471f1680FC85390B53332","cryptoman55555","","2026-09-04T21:16:47.000Z"
cryptomantube,"0xcE02189D2571A21C368E5be8cb0Ce638AD9FCdF9","cryptomantube","","2026-09-04T21:19:00.000Z"
cryptonaveen,"0xd9D5855464dAd23F84aaF6C05968AE5069A10FBA","cryptonaveen","","2026-09-04T21:17:02.000Z"
cryptopool,"0x8b2C5607c568B73ae16B54923AA547CB20eDa91e","cryptopool","","2026-09-04T21:19:24.000Z"
cryptopq,"0x0101fA95b2d7271e3Fa405a341c36b75D15AC2Fc","cryptopq","","2026-09-04T21:18:41.000Z"
cryptoqube,"0xF746d040333b9F9E420b28Fe39a5dA0a078fCe33","cryptoqube","","2026-09-04T21:14:10.000Z"
cryptorahul12,"0x4bAf3248F3f478cB512846cF306d812F801a2034","cryptorahul12","","2026-09-04T21:14:19.000Z"
cryptoraindz,"0x186023dB7bD335A662C7dB6d93E35A89A9B74e03","cryptoraindz","","2026-09-04T21:20:58.000Z"
cryptoseaman,"0xEEE17631f45f34c057B9b9F11FEE0Fe6A25fa99D","cryptoseaman","","2026-09-04T21:21:11.000Z"
cryptotitan,"0xc4dd5B3E6E06944167D619F3A0cadf5E289d5101","cryptotitan","","2026-09-04T21:20:02.000Z"
cryptovas,"0x9402cA6914BeaB2938aB6Ce353D7959C672e4607","cryptovas","","2026-09-04T21:21:19.000Z"
cryptovibes101,"0x42d7204867c10546e009B0E7bF274e68C7118C3B","cryptovibes101","","2026-09-04T21:21:24.000Z"
cryptovic,"0xac55259c8FdEA8FEEe4583BDeC0950f8bFAE0Ad4","cryptovic","","2026-09-04T21:17:24.000Z"
cryptoworlldz,"0x9E11961e7bC3FB53bE77C8b5f2012f29480EBEdF","cryptoworlldz","","2026-09-04T21:18:24.000Z"
cryptozero000,"0xCF35832a97Abd13157820F9f9Bc9C6599896Fe1e","cryptozero000","","2026-09-04T21:15:49.000Z"
crytanzz,"0x141fC3f6bf2D9Bc3f7c0B0d337084D12d5aEc67a","crytanzz","","2026-09-04T21:15:11.000Z"
crytohead,"0x0F458Cd9fCE4870e386141D3671Cf1B88E2151a4","crytohead","","2026-09-04T21:14:29.000Z"
csR8Z8l5gGft4LNTxT6uKEdipwx2,"0x5121caC57179FcC6cE64af6366b54BFDc1ae765F","SabrinaAme35834","","2026-09-08T16:14:18.149Z"
cscs4,"0x74Ba96CCBF6F7868bCA2c883DB611BDb576Da081","cscs4","","2026-09-04T21:21:21.000Z"
cska5,"0x4c13f663D728F457fF659926F71cE8Fb945e19Bc","cska5","","2026-09-04T21:18:26.000Z"
csoBtGDsLjbY9mhC6ukERAaEUiAl,"0x2d838Ca1A468A4CbC8A021b448DaEC05A12bf2fb","AmyWatsonifti","","2026-09-04T08:59:19.279Z"
csyzz,"0x7f2B90844c057263d9E7F2f6CF8944CbD2e69F0a","csyzz","","2026-09-04T21:14:10.000Z"
ctJ123XpGhYLCpOt89AqxGHz3pF3,"0x5CfDF128D8D6e8F5cb15307E7Cd02b1A98F72bB0","HoangTraci82857","","2026-09-08T16:33:54.324Z"
cuMOZsIzCiXFQgF5QNkEZL7x6H13,"0x2717e631a13104Db8c1A6B7Cff937A3CC35d7e0e","tang_khoa69618","","2026-09-08T16:29:31.089Z"
cuancok,"0xD08C7a657E3be62E148ccae48C5351D2bCD0a06C","cuancok","","2026-09-04T21:15:42.000Z"
cukur21,"0x557fd690d5d91BC79E91a25610Bc441d7570c7B3","cukur21","","2026-09-04T21:18:14.000Z"
cuneytgdk,"0x4a657EB378A93b1a983aE63CbE011476e60db527","cuneytgdk","","2026-09-04T21:18:00.000Z"
cunong,"0x88e6446Ef6e0f78cCAD4e80433eFF4B4cab81E33","cunong","","2026-09-04T21:18:33.000Z"
cuongdrao,"0xdb401716e1E16e3d63ad1fA81dD3aC7E67cF2A14","cuongdrao","","2026-09-04T21:18:20.000Z"
cuongtn,"0xa8476CD2dC41c27c2E26FBcEb3822EB320D817Af","cuongtn","","2026-09-04T21:15:15.000Z"
curitare,"0xF46C51AEB148F4868F78480cab4f0CA1E4d1F507","curitare","","2026-09-04T21:17:51.000Z"
curut,"0xc3daAeBd3d6b867bfeC830f16f351C3501f6bF06","curut","","2026-09-04T21:16:12.000Z"
cvpS3n4wCVQ5cZTezEpkbOZxApq1,"0xa4004c78D19438c673f100fA2fdf158eE5706196","MyrticePri62725","","2026-09-08T16:25:15.895Z"
cwRoAK93pGgMOZT2sRcUa57cdm83,"0xf513Bf76d8DAD56f4c2437225255e36e3d96f2F8","clayton_fr30982","","2026-09-08T17:10:32.688Z"
cx17hJxFB5ZFsVfklPA1CY5xHod2,"0x1c06e69a2B03F4e59FF3d07e9B998ae2ec74fA07","ClarkMered94523","","2026-09-08T16:14:23.880Z"
cxnSu39iExMbTNJdGNmCGmUesLM2,"0xBe8F29c1C82088B872a0a66fD27de1B1D0121E78","highbeeweb3","","2026-09-07T21:51:01.263Z"
cxt5FAYv7OgWktr1CMtRAP6sI5x1,"0x03f9Be980Cc4aDFdeD71B5d21303c11d66ef764D","TroyJones159281","","2026-09-08T16:39:23.074Z"
cybermax,"0x0147c786fa395D58B407036e3aA85D0f0935C9a6","cybermax","","2026-09-04T21:15:12.000Z"
cyberprong,"0xb62935392caa7C083044e27d269d901B8eDA26ef","cyberprong","","2026-09-04T21:17:29.000Z"
cybird,"0xC67888c9a428Be378dd9464874E2050daDd509ca","cybird","","2026-09-04T21:14:25.000Z"
cyprenai,"0x8a4393D158c31Be13390e807e427ccb31eCFE0d8","cyprenai","","2026-09-04T15:35:26.524Z"
czNy3EzYA6T8tFPEooEBucDWQlB3,"0x36c41136FC252F74bC063dE2daD1b966E5a0bDE4","hang_thuc97028","","2026-09-08T16:36:51.173Z"
czooas,"0x085016f8d68dd750B3DcE1d4055a823cC8f5131C","czooas","","2026-09-04T21:20:45.000Z"
czvdOeFQN9TLi8FQCf1lupADfH82,"0x3F62f180aDf29f4684F754778E854eaaE3449Ce4","BobbyDougl64690","","2026-09-08T16:13:09.951Z"
czytjkp,"0x8F1c873640493B2D2458341fca4D925462d18C17","czytjkp","","2026-09-04T21:17:28.000Z"
czzcp,"0x2d13c2Ed36bAC7Db5136E1657Ec2340BFF869a99","czzcp","","2026-09-04T21:14:09.000Z"
d072556eeb79d43a105686852c3b,"0x2AEAEb948C6AFfAdc4aC61Edc975Da5cc4ad12BB","remy406","","2026-09-05T09:13:55.813Z"
d08c8746b68fc902b6e4698e4b4c,"0xA89365758f6f94224a1E40F0C8DFAa7aa6c0cC6A","slywolf","","2026-09-05T07:49:59.742Z"
d0fc4e0309dbfbebf7019b60d47d,"0x8eeb429630a977d41940DE085b1344e8ac377Ec6","zremy","","2026-09-05T07:53:11.199Z"
d1041ee54d241451248cb43e9cee,"0x9e55BD43C91b2a76E659409e2bE86FdD089b1496","ahaze","","2026-09-05T08:20:36.886Z"
d14b6dceb69573225ef92430c6db,"0x4c95e2d87BD9057cF00d1A551B44C915800A6839","Silentrare","","2026-09-05T08:11:07.686Z"
d155996b35264f38620cabcbc072,"0x307a56d731E17fD423AEC165102dBF99071E26fA","rune314","","2026-09-05T07:38:45.236Z"
d20GrIpjaWMgnEEvnoDVdR87jUq1,"0xA3669155CE477d32Eedf99f26415b290c32544f0","donovan_bl78922","","2026-09-08T16:27:19.491Z"
d218b78f25b192f4adc26fbf30a5,"0x4EdD80c3661B3e9693C3292AD160f98eC7987129","itsnova","","2026-09-05T07:49:04.942Z"
d27345115717162c3832eaf3258c,"0xEeb687837778ca4F4d499667D68dAb6005ed7ee9","cove533","","2026-09-05T07:55:31.161Z"
d28ded36b055697c740e201490ee,"0xF70a04a113F3fC2d19c6f000199123E364B87aB4","SageEth","","2026-09-05T08:07:11.380Z"
d2VYTm3iLUTB1eT84OgdJQHPCVj2,"0x49766f75Ec3cDf5Cb29Ea7CaBD2cEE7cb58f456C","UcKim92549","","2026-09-08T17:04:40.034Z"
d3Qwkd1wGZNTfpwPXH52UeKKEim2,"0x2cdA4A377986851Bd9EfADf366c236092c6d807D","DngMy1072603","","2026-09-08T16:57:48.941Z"
d3c70d1c83c781c741e9efb875df,"0x7707D4674Fd5103138d5dC3B684554e27Fa92cfa","theIronHeron","","2026-09-05T07:40:10.756Z"
d3f29919d9f1e2126bd4cb7e625d,"0xC857E02B45B971B7fbFcC6fA2727C5b7d9992B87","slybison741","","2026-09-05T09:09:48.954Z"
d4086416a3ed0466fc71bc583b29,"0x94098D3D96DefFDA2d9B76f033a790386856cf2a","cvale","","2026-09-05T07:33:00.145Z"
d41a50191d23c816dfeb34e5c989,"0x14c6c847836Cf8BA0dCb7060b2b5dffC3822F0D3","theNimbleHare","","2026-09-05T07:47:07.343Z"
d4522edcf1014e38903517338bd7,"0x36b697062ba1c0b4e2a320a6538152a7daed21f5","david191987","","2026-09-04T10:35:30.448Z"
d4Af9ApcxPsIZ2HyFuygGAhMUd9J,"0x8aeA67490847F5fC6e2E66529838F0dD028FF717","MatthewWoo62ax","","2026-09-04T08:59:05.384Z"
d4fafaa6e188feeb77cd431e74d5,"0xf14d0e3a518969F63b0d24982ed5bf164576B4f1","LunaEth","","2026-09-05T09:14:29.744Z"
d4yekzOkaTYrSHPL2srTiKQBxw73,"0xCc178ac00e9cFFA74FD2c9Af7d4b54C6Cc3eDb25","jacobson_t85598","","2026-09-08T16:57:39.431Z"
d502e5cbea3a42fe9c88b55d1c18,"0x5d960288698e8cca8e6cfc26044fd14687731648","rajgokal","","2026-09-04T10:35:40.311Z"
d5b08d1205e245d2627c1987ea99,"0xEEf905a8EfdA9b92430c73A8FFC63B893f3b526C","realremy739","","2026-09-05T08:45:49.585Z"
d636ab2521ba957330af75d21e26,"0xbBcb82A3B3D4Fd17051AC43CBBBc3c3aA4244A74","qember","","2026-09-05T08:01:40.817Z"
d6b17b1d43fdc07e7202ecbf3d7b,"0x8EaB0de8B35AC26bf1e9e71c35d61A12Ef0ff7f8","toby702","","2026-09-05T08:51:09.501Z"
d6c457b63405326c099139b57cab,"0x1cB0b8bAEcFD2a2B5735d2Bf7477fAa2fA992a6e","anime_sage376","","2026-09-05T08:58:33.048Z"
d6gTXqmnMxWxuv7q3IiCLiyE9de2,"0x6B0a729530831E5f1337CCDF9BD0a6656672E464","weed_gena38058","","2026-09-08T16:09:37.623Z"
d7261f01028301a928696d5a1c8b,"0x10d246C94BfD1732b3f611781290759fA4C38239","retro_haze","","2026-09-05T07:33:51.578Z"
d7AdR1bgObR6YkFarun4eRkv4g92,"0x2b44cAc74685Cf5eBf0A866aFc2928172326f6d5","JoseHill162557","","2026-09-08T17:01:35.381Z"
d7ruE5HUxSLzBsvco0AadyFIy4ed,"0x2B629AE41B21bb142f22EEFcEC45FE64B23bB0c0","amanda42ds6","","2026-09-04T08:57:42.888Z"
d82e7eae73e71a14fddb6d256787,"0x237434aDbbB9be6B849A389a8Aa934F5348e88dC","kairo799","","2026-09-05T08:40:24.065Z"
d83a58035982616a5c3e872c206e,"0xd74d779209cE770d6597e6421b46Da14Ee6Ce1F7","realfern579","","2026-09-05T08:57:44.615Z"
d8dfe79c7d6ed88df9c407b7a17b,"0xCCB56fFbE798BCEE622DACF781F0F1b9AE20A4Df","theFrostLynx","","2026-09-05T09:02:41.730Z"
d8rOMwHApOQqnfmR81CZQ1Q9i8f2,"0x7D272C3Bf097ba8B6B12D8a43eDc64CdAb271f5E","CharlizeCy46202","","2026-09-08T16:41:11.687Z"
d901c03a61baf7566ba0bc22a832,"0x7b367967358E7392d9E4E5aabeC4707f4ad58b1B","rkairo","","2026-09-05T07:51:26.158Z"
d90ac612a8f20dc00c22ebbcc9e5,"0x86EF5a369aF6fd36fe516e0CfeA8e9a5563Dc3Df","Ironanime","","2026-09-05T08:52:09.880Z"
d919b78b359541bb3cba9119df6e,"0x88E99D2cB89735962170CAe3EB92C97FEbe9f5B0","Grumpynft","","2026-09-05T08:34:27.646Z"
d965Yc19UYdbUjJiC6fek9q3HWPQ,"0xa3e567421f49E0060AED806AeFef930136f01620","pam75nm2","","2026-09-04T08:58:31.810Z"
d9b34244afb1e9845fd450f3c2e6,"0xA7E19884e7FC397831840F25aE4eC517f285D9cc","grumpybison","","2026-09-05T08:00:46.392Z"
d9eaa0ddcdc9b373b73fe28e74da,"0x052c9CDB1e4B2F6A4A4ed0262d87F63DA6CA4Ed7","nimbleraven","","2026-09-05T07:36:44.171Z"
d9edc4f8472d27f26682bcfb9e53,"0x15cee80cBC1c74955C68181333d49F99ca9427CC","bhaze","","2026-09-05T08:48:32.374Z"
dBI0hVhdScdsWCDVQ0QQcBlfTdn1,"0xBf238f5ef9c896e0be9df882a38474b8D1036d16","BillieBush63173","","2026-09-08T16:06:50.405Z"
dBfics8L7uaeQBjWQiYe5iBiWWl2,"0xD0ED083EE5F43B7Eaa0BD00fA4101193711228BA","ABaraja32127","","2026-09-08T16:52:15.587Z"
dCRSRsURxTfCSdWinbPisjZtW2q2,"0x9b6F407a372B4Ef855e083AB3BEB8c75dfD45700","lindsey_ol19047","","2026-09-08T16:18:36.164Z"
dICrmSpDgNVzcHW37gPP2hjpMY23,"0xb92940A92b8fdb4E7387D529C0F8aE3676CDC1A1","ang_giang70233","","2026-09-08T16:59:11.733Z"
dKQSssfBC3Xwp4N1F0TFq8et8wf2,"0x3ade5ce6a61c5a22dbb509cb847960759c88d35d","shino_web3","","2026-09-05T09:44:09.631Z"
dLOfuxrI93gSnKpauCjw7ZgcopA3,"0xE86218Db2957F7eEEbE2BE8A4935ddD1CB5944c8","HngT517066","","2026-09-08T17:01:57.033Z"
dMfrWj1mhddY7jYFCRNgGgqpmf23,"0xb47C6Ffe1D1C3b0b0860c14C99d23F83F31b9885","FloresSher21250","","2026-09-08T16:05:38.079Z"
dNCdegjqtmV7pLWKXoDbbPo4fjw2,"0x781711b17CC17108814E2b55F4AA6b46f70Acbf2","ZhanatanT29776","","2026-09-08T16:49:29.577Z"
dPUwAB8RZHDPWUNSLgLtKk7yzR4U,"0x35cdEC4107732E1E1c7A5F79af4Fec99B7B76169","teresa28un0","","2026-09-04T08:58:16.162Z"
dPVhtOvfyIg6BHPYMrs8pP2UNcJ3,"0x086A0E67178B5c42Cf3Eb17dC829Fc3d8683d006","PhungNgoc90178","","2026-09-08T16:26:54.922Z"
dPY7yr68VrQkHcctJJ4uZ8PL7go1,"0xe9a179927aB719D2A0A028Cd3e935Cd932954C54","NikkiLinds95737","","2026-09-08T16:16:22.460Z"
dQIvDtpgBsMumHHuvfLknbWmfel1,"0xDB1faCe335d6f474603B716d752387aADBB10433","edwa31894673","","2026-09-08T16:53:41.672Z"
dQKFOFcIwqciVeIDzlBUJhgN1Fx1,"0x098f70CA19C0356CD34B321423D5040D3223d181","diem_bui59722","","2026-09-08T16:51:35.401Z"
dRvgZukNHWg9i8Q72P5HUwpETWG2,"0x0eDF476Bcc3A1292c808D99B992BF6734cbf05Bd","ElmersHerm49300","","2026-09-08T16:05:09.355Z"
dVsvqfTc0bOyyBer25YuYNi8Gbw1,"0x98Af4a1037c08b7C9621247dDb6AA29612C4c50e","TommyChapm3923","","2026-09-08T16:04:10.458Z"
dWj48Jh04XctE1LC2h65YzmEDL62,"0x8E237a12D92f2E08177D5f56Da57b43A99260ede","LeTien39695","","2026-09-08T16:59:32.731Z"
dX1xiNl5zORhZaECbfFXD20Pzjd2,"0xDAa21126485576EcEfec029456F0853fCd29Fe90","NhmT592901","","2026-09-08T16:39:32.650Z"
dXdjlAqhLPNq0TEWzsBjiQIbv4r2,"0xFfCB3220fEBA009E0130761ADEA0104af4a1b0FB","PennyEmma272576","","2026-09-08T16:12:10.770Z"
daa373a60a3e4ea2ad5c595f86b9,"0x0758813c81285528a54601f4e174c46e02ee5fd8","DefiIgnas","","2026-09-04T10:35:07.840Z"
daadyo12,"0x3fBdDABA752750413E7C6bB08Dd8D3F0c3dA909C","daadyo12","","2026-09-04T21:19:33.000Z"
dabid,"0x877D7fAA893DdCfc62f929316c21c04384f7b78f","dabid","","2026-09-04T21:14:50.000Z"
dadas,"0x96404A7576DD5d87F551dE489D30E4eB500C0213","dadas","","2026-09-04T21:16:11.000Z"
dainagon,"0xd5e7a1b85d46c8d5971f3cd5f6e2fa7fC0872c3c","dainagon","","2026-09-04T21:19:33.000Z"
dairajean,"0x1ef9ada7d3493c8c071cf862581495c1d711c048","dairajean","","2026-09-05T05:43:36.633Z"
daisuke,"0xEEB699d3e5cB852D42e4a61ef6f26198901f4A7C","daisuke","","2026-09-04T21:14:56.000Z"
dalang,"0xE5D5D3f7df1c1A34fACEdEAcb4950932688b166a","dalang","","2026-09-04T21:14:37.000Z"
dambulat,"0xe268d544f821c04fb0f64a2953C9296c22b65C5b","dambulat","","2026-09-04T21:19:41.000Z"
damianwwwrobel,"0x5f31B14153d4C8f3cC30CB70c01aAE715c8872EC","damianwwwrobel","","2026-09-04T21:20:04.000Z"
damienethan,"0x2Dd9d336ca221Fd1Eef91e80cf1b97CB1C2B464d","damienethan","","2026-09-04T21:16:15.000Z"
dani,"0xB7219E1bfA5164a45DA347BeDEB3a22aaBef1133","dani","","2026-09-04T21:17:05.000Z"
danicryptocc,"0x6755db60a40c22b232606c9c664b81e129722f80","danicryptocc","","2026-09-04T15:43:25.424Z"
daniel_g06,"0x975A230250a3a52f64ecB1a8823eEbeF75959DCb","daniel_g06","","2026-09-04T21:16:40.000Z"
danieliyo,"0xc8c203d1873A994d2EaE5C428d6b73D61AF45516","danieliyo","","2026-09-04T21:14:31.000Z"
daniellewisword,"0x9c5394D6A0c96558Ff97b6B6CCDE9cb181619b21","daniellewisword","","2026-09-04T21:16:16.000Z"
dannex,"0x1097d924dbC26ac1430B4582A627f65A816F9Cd6","dannex","","2026-09-04T21:16:12.000Z"
danyyoung0,"0x7548B9A0063f14e1F6a15b7b5d880f03E3258125","danyyoung0","","2026-09-04T17:53:36.463Z"
dapipi,"0x3123397b8A6cb94EF6438BA935781769144F61a3","dapipi","","2026-09-04T21:20:09.000Z"
dark00,"0x1D9CA9ECe01280f7A6CFe586265a045E62292c4a","dark00","","2026-09-04T21:19:29.000Z"
dark_oracle,"0x0e9E629D61035Eac2127991879579b4Fcb1421bf","dark_oracle","","2026-09-04T21:21:07.000Z"
dark_phoenix,"0xAF6E7f8bBf8D869d3256650CF8F8Aee729731420","dark_phoenix","","2026-09-04T21:16:07.000Z"
dark_shrine,"0xe714032995Ec4A30F13dAa6E7E981d3D8EE4B87F","dark_shrine","","2026-09-04T21:16:33.000Z"
dark_vortex,"0xB6032be9fDd5Af7a222BaF5085bf5469A7A0D878","dark_vortex","","2026-09-04T21:17:10.000Z"
darkchocolate,"0xEAAFFeFf9640C24e90ba37c656F344e801525067","darkchocolate","","2026-09-04T21:18:11.000Z"
darkdragon,"0x735B3a5B81C8cAb7CbF3cd50e6FdEF1DFF99D616","darkdragon","","2026-09-04T21:19:06.000Z"
darkknight94,"0x52C79c0e27dc359d47cBDCeD69C3766Fc46F35B0","darkknight94","","2026-09-04T21:21:29.000Z"
darkmert,"0x002B5F137E0b7321aCB69FBa8283595021E4dF01","darkmert","","2026-09-04T18:29:59.639Z"
darkprophet,"0x8660de023ACBD785f3CA26049D594659BF570bFc","darkprophet","","2026-09-04T21:15:37.000Z"
darksailor,"0xB7492c2d15A48B49A606a27C8Ac32BdBb3d676c6","darksailor","","2026-09-04T21:19:53.000Z"
darkshrine,"0x62D0C004a63300878AA4e47B8027d2b75CE99C0a","darkshrine","","2026-09-04T21:16:22.000Z"
darkstar,"0x7221fd6aA04B00283e15fE45ef68b984509734b3","darkstar","","2026-09-04T21:18:57.000Z"
darktiger,"0xBB358218f36dC0F614c6a982a51151987289fe84","darktiger","","2026-09-04T21:18:42.000Z"
darktuhwj123,"0x644Ffa5A53B962BE3237B6C3A49159d52AaBfBD8","darktuhwj123","","2026-09-04T21:16:05.000Z"
darkvoice,"0x7013BBC6398F39a9bCEF1d3792534c777F100C46","darkvoice","","2026-09-04T21:16:04.000Z"
darq51,"0x4456431E7C65B19796fA31894D793aD0e0C6Ac7D","darq51","","2026-09-04T21:17:18.000Z"
darshan1128,"0x682B9DC10964e83a71FDd825BD1585b3E7A82631","darshan1128","","2026-09-04T21:16:52.000Z"
darthvaderz,"0x32Acdaed3501Fe5fCB8e9878312822f4EB1E17F3","darthvaderz","","2026-09-04T21:18:03.000Z"
dasd121ss,"0xa6D64c1d867495a6DF9376755aE207dFcf070736","dasd121ss","","2026-09-04T21:21:24.000Z"
dasmror1,"0x53528223BB4497afC06472f020BAc475e8e629fF","dasmror1","","2026-09-04T20:33:07.147Z"
datieth,"0x9Fcbdc2cB3c8FD9273b4E0eA7612471Da053c160","datieth","","2026-09-04T21:19:17.000Z"
datz,"0xb9aF1d773b1f6e0BF03849Db3F1E131bA1225A5B","datz","","2026-09-04T21:17:30.000Z"
dautay,"0x001a2A5111f593201d6d8f29826B9E3900FBe90d","dautay","","2026-09-04T21:15:12.000Z"
dav7777,"0x97fF1c5261A5d55319C78F5347Cc75ACEdcE0AcF","dav7777","","2026-09-04T21:18:02.000Z"
davechiggy,"0x9D626085edd6a55fD5274Ec24d66DE5E51CC2e0e","davechiggy","","2026-09-04T21:17:45.000Z"
david0995,"0x1A60Bd258BF5c394629E20C02bCe8A8a051E9fA9","david0995","","2026-09-04T21:18:56.000Z"
david203,"0x607De9DaA4bc13Daf32EFF833614Cf51803c3734","david203","","2026-09-04T21:16:08.000Z"
davidco1832097,"0xb475b45d9d56334a86aa4e907ad8573f93fd6cb3","davidco1832097","","2026-09-04T21:27:36.698Z"
daviddex,"0xB09F388b18783973FC45640c6Cb10a05f7DF4483","daviddex","","2026-09-04T21:16:14.000Z"
davidof83359689,"0x1fb74d3872f4549b1c593c1700c446b5cbeee42d","davidof83359689","","2026-09-05T03:52:44.922Z"
davidosacksfan,"0xdEEcf77cF5a8062EF5c25B917c5c6578D6252B8b","davidosacksfan","","2026-09-04T17:18:39.084Z"
davidtenha,"0x2A0dCb351E5d586eF2A88265fa7502217B1bD543","davidtenha","","2026-09-04T21:17:17.000Z"
davidtinh02,"0x1D44F7a4243Fb94C266850dD642eFEFd13140336","davidtinh02","","2026-09-04T21:15:07.000Z"
davielovesgravy,"0x6639B65a7217A2500E77Fb7D196caC0ac9661B1E","davielovesgravy","","2026-09-04T21:17:36.000Z"
davinchi,"0x93D0E781D21c2C81143a3d7B02822F3FbCA2E976","davinchi","","2026-09-04T21:14:08.000Z"
davinciz,"0x5aC08f4f8827494649F35F976e93d0DCFB72adE6","davinciz","","2026-09-04T21:19:03.000Z"
dawn_emma,"0x1CdBb417ad46F0c4a5494a00bD94FBFc7C26C851","dawn_emma","","2026-09-04T21:16:48.000Z"
dawn_lara,"0x87b02074AfA03fA33da184c94FcA3312B6D344EA","dawn_lara","","2026-09-04T21:19:27.000Z"
dawn_rey,"0xef50e058cFB6E128551bFf67D60ffdf81B2eE28f","dawn_rey","","2026-09-04T21:17:23.000Z"
dawn_vera,"0x5536d47CD0e012bE1882E4cF349bfB22407897b8","dawn_vera","","2026-09-04T21:19:16.000Z"
dawn_zoe,"0x18969768Cd475B5E5Eef675954716385429EE5EF","dawn_zoe","","2026-09-04T21:14:31.000Z"
dawnbear,"0x84987704d8596F7A42CDD2ac4D5C2F699a7Cf573","dawnbear","","2026-09-04T21:17:42.000Z"
daysinastia,"0x9c32e7d7e3e06de496d58e6ceecf9ea9bed47901","daysinastia","","2026-09-05T05:30:04.267Z"
daz3d,"0x7ddc0cff06f1a4dEf82f57BBe8eaa372ee2972Db","daz3d","","2026-09-04T21:15:06.000Z"
db4e1a0ec3167975320f598c4393,"0xf3B4c1DAeb220467C4f200905E72EcF6C3aD1419","humblehare867","","2026-09-05T08:12:02.013Z"
db706b10e4664d7464279ccdf289,"0x89602CD4739cfA9fA3D146d845b40C2c15652590","realwillow53","","2026-09-05T08:41:48.030Z"
db889cb850ed588ac6707b202466,"0x93d53a5dE5A1c445Ee85B05987Ac2DD21C4F240E","TobyAnime","","2026-09-05T08:07:24.230Z"
db915f08edf38196d33b4c5b6651,"0x355b4A99b8E0B1Dc9e41794cbd99B838271C3032","realecho331","","2026-09-05T09:00:49.216Z"
dbcd,"0x13F4E7BA902831bcedDAE61C9aBFF18C7C427B5f","dbcd","","2026-09-04T21:17:18.000Z"
dcabff8e04466672b7e0f8d73306,"0x1C6b15c784aeA1cbBF3B57A9A4aEcc1a8fAe8D89","mist_edits","","2026-09-05T08:08:23.677Z"
dcb5589bb574b3a0b61f629576b7,"0x26570D074Aa33896F2a42e96FDAcE8878cAA33B5","MistArt","","2026-09-05T08:57:13.513Z"
dccc211779524432bcde51f78b05,"0x2d7ec386dfa7c37ab6795b8e8376fbcb58575d39","r3achntwrk","","2026-09-04T10:26:32.882Z"
dce195374764010d608d4be965cf,"0x86ad6c64282c6D068fc0b8f637146476ca041099","Crimsondrops","","2026-09-05T08:19:39.733Z"
dcire,"0xC9C2D52022093e7F1A615bd7D0b02cBB7d32191B","dcire","","2026-09-04T21:16:15.000Z"
dcodex21,"0xEaee3F646D0C89f1bc9E385Ac7c958c4Aa38b5A5","dcodex21","","2026-09-04T21:17:58.000Z"
dd183421,"0xFb60f37AcD2F071349B0203F71c17c0BE7AdB35b","dd183421","","2026-09-04T21:16:12.000Z"
dd230ee8ff569ac5eb5d1f686345,"0x00Ff300cFd3b223f9cFF52A1c65a3D90E24f113f","Fuzzysketch","","2026-09-05T08:33:39.748Z"
dd617f3a3caf9f95a5793e844d4c,"0x3E01446C67c198FE5BDFe70BF7203712E6E50EF1","ironbison","","2026-09-05T08:18:37.000Z"
dd7263d199913713b1ebdc97bbac,"0x6B72ceeBBF9B23F96C1B69AB96Eb6929D5e03719","willow42","","2026-09-05T07:30:58.524Z"
ddKPwnwHI1QVvcf9rqut4ePnwOC3,"0x99E51460205Ebd7E44661d3f6A7A7A92bBeC04d8","Uzairsgr","","2026-09-05T11:24:23.431Z"
de364630a2b554332ef6ac68d0e5,"0x6E7018cB55eF0625A8A7e0A2b6b4aff2AC2e6102","uecho","","2026-09-05T07:44:26.766Z"
de690e71e211d6d35b62ca5e9119,"0xd9cddD4389015F8e27940d3e65f79d4313f5FC5b","realnova413","","2026-09-05T08:13:16.847Z"
de996e3c052099f00e8d3ec7a334,"0xc4d3eEd9fC13D36ea5e178AebB0dF659904ea4e1","osoren","","2026-09-05T09:01:33.218Z"
deadmovski,"0xeF2118B68B5D272D0b2cB6897659dE1808C38A7e","deadmovski","","2026-09-04T21:16:26.000Z"
dean205,"0x536b10f2db2d888dd47F5Ed830FAe731FE90E8cf","dean205","","2026-09-04T21:19:33.000Z"
dean777,"0xEB67578e66D181e6334903ACEe5d33Db659263bd","dean777","","2026-09-04T21:16:04.000Z"
dean_hunter,"0x65f2337770e501d27D5F96C67434cDF4A5ccAFd5","dean_hunter","","2026-09-04T21:21:32.000Z"
dean_ronin,"0x8e1a34703986A8bBD43BFe3e778b14Ec32E0566D","dean_ronin","","2026-09-04T21:17:43.000Z"
deanknight,"0xf232Fc8695E4697F7197A1EE1e3a12d0DBC8229B","deanknight","","2026-09-04T21:19:30.000Z"
deannomad,"0xe80600c5999E3B51f60a45d28bdaf772197B4324","deannomad","","2026-09-04T21:20:03.000Z"
deanrado,"0x572CE9d826F6e6bd287805216f0C1Fc80d412796","deanrado","","2026-09-04T14:19:49.720Z"
deanriver,"0x2374AEB8DEd643473FE51D6ebb5B9927bC690edE","deanriver","","2026-09-04T21:17:34.000Z"
death45,"0xf0626Ab2a7E2cbBfc309B3ccA7222511d703C507","death45","","2026-09-04T21:20:14.000Z"
death95,"0xFdd213720748Fb8fFBe5F60E43cc0fEC10f523e3","death95","","2026-09-04T21:17:14.000Z"
debeliqm,"0xe64bF7da5E5507F49065519B4db53EeE6d1d22fB","debeliqm","","2026-09-04T21:17:11.000Z"
deductiveamanda,"0x37Df5D9Ec3fE288A09C6085DAd0B92C634DBCbaa","deductiveamanda","","2026-09-04T21:20:06.000Z"
dedy2626,"0x2EA880bA40009305a76EB10E90DEB30E68e762a0","dedy2626","","2026-09-04T21:14:26.000Z"
dee18,"0x545161426E5F27D09C95071d33e54cD8266b468e","dee18","","2026-09-04T21:17:59.000Z"
deep_prophet,"0x7BcdFF546441616Eb4CeD890fff2d0dB1B20FA52","deep_prophet","","2026-09-04T21:17:30.000Z"
deep_ronin,"0x88F623D3134e062Cd57154Fbd8EFe43Cf7f660a3","deep_ronin","","2026-09-04T21:17:18.000Z"
deeparyan,"0x5a482493cF84a39b0D609e78C248F628f9e0637c","deeparyan","","2026-09-04T21:19:40.000Z"
deepcomet,"0x8cB14f77F9EB550856D452886ca524C3175805D1","deepcomet","","2026-09-04T21:19:53.000Z"
deepecho,"0x110F7453B0A7cB06e30f293844AFa3C94cB1Aab1","deepecho","","2026-09-04T21:18:15.000Z"
deepranger,"0x4aB6A8B7ee5177DB8F1288654b4B356D37B73C3d","deepranger","","2026-09-04T21:15:46.000Z"
defibont,"0x3cCaa7C9Fe11e301e42c93478522EE08D13F43D0","defibont","","2026-09-04T16:44:30.943Z"
defiflow1,"0x7fc7ac52296493ab4cbcea39bba6ef1247b7bf04","defiflow1","","2026-09-04T16:10:25.073Z"
defigen,"0x66456d58c8a37703904b1c17cAA05B5ED84044f2","defigen","","2026-09-04T21:14:06.000Z"
dehbeh0815,"0x171d811b4fe45bF76fBBB8e72c4A2930e8bC75E2","dehbeh0815","","2026-09-04T21:18:16.000Z"
deitysa,"0x51cf1AEeE51fF3444d03c62d280a525Be265047a","deitysa","","2026-09-04T21:20:35.000Z"
deltafoxtrot,"0xF21Ab898461f108c55ABC288489476B63AeEf2cC","deltafoxtrot","","2026-09-04T21:20:51.000Z"
den4iks,"0x4b7cDd0D2EF72FF884D953AF2e022c2009169be7","den4iks","","2026-09-04T21:15:39.000Z"
dendimopoy176,"0x9a76cfcd2e44e4ed629d7c892d72bbea21c6a13d","dendimopoy176","","2026-09-04T14:47:53.196Z"
denikurniawan8,"0x05D332a66f7e206BF1D0B88FB5F2C6A3F3b2e51f","denikurniawan8","","1788588348218"
deriki,"0xAB7D362a569E8407cf2fC5FcB64Eba53c023a924","deriki","","2026-09-04T21:18:52.000Z"
derv1900,"0x65905261f3B528834236237a644aA97F6F05608c","derv1900","","2026-09-04T21:17:11.000Z"
dervit,"0x078125C0C19B346895D67D5B17AB1D582b24abfb","dervit","","2026-09-04T21:18:18.000Z"
derxiss,"0xd3a8189B7eb74dD8fD374fda234992B6cB0c84A1","derxiss","","2026-09-04T21:18:50.000Z"
desiratnasari,"0xa851562FAAe98A1ba6b0bfc57bAAa062f34305De","desiratnasari","","1788588458513"
desmotes,"0xEc0b006d1Fb487D96FD97830510146eC949909e6","desmotes","","2026-09-04T21:18:08.000Z"
destructor,"0x39412d1Bd2E112C3b898D57824A5916f2ce0885a","destructor","","2026-09-04T21:17:03.000Z"
desuza_rya95,"0x8Fe492FfB9244D94f20b8A6C5055D19cAAfD3f2F","desuza_rya95","","2026-09-04T21:18:57.000Z"
detergen,"0x0151F1BfF03f41633994E01F3773Be82834e3c4A","detergen","","2026-09-04T21:20:52.000Z"
devios,"0xFcE82AD9BF18f992156c3CaFa95Bc06882B0f575","devios","","2026-09-04T21:20:43.000Z"
devran,"0xdA491D0A82CAB7510a569387Fe6f06129c87e9FA","devran","","2026-09-04T21:21:34.000Z"
dewialya,"0x1E4fcB8e6E52b9705B04C73F8b2B6E38b2D4fC7f","dewialya","","2026-09-04T21:15:52.000Z"
dewilestari01,"0x966bdbBA211D4e4D7Ce70188A6D939E9743f9D78","dewilestari01","","1788588328514"
dexakin,"0x2414A889B5947283053B5096E734A0e601f83149","dexakin","","2026-09-04T21:20:47.000Z"
df3d29e950b223f019dc8cca27bd,"0x3185df00bDD1664D7ED720De75788b27d5bC8A94","RuneAnime","","2026-09-05T08:55:09.480Z"
dfZPI0dgDBTi4gzeYzidrgxVsD63,"0x3eB61322717A84De02061EdB48f96498BC5E0e36","GeorgiaCol6390","","2026-09-08T16:16:21.112Z"
dfad1f241ccc8eb37c51d6895219,"0xeD6963D0B4128C3C009723D6c37F55543b64a7e1","wittyhare","","2026-09-05T07:49:53.655Z"
dfafNdhlcdfJbeCwLRnEtmmyEDR2,"ox219739137139713","freakypandazzz","","2026-08-30T09:36:37.290Z"
dfgdfgdfg4,"0xbF7e5F841347cAd8616D631b6a0A68A329b1530F","dfgdfgdfg4","","2026-09-04T21:16:16.000Z"
dhZyT4CiF2WiOALTrLiLMco0HyA2,"0xECDeb0BCb372f746D2AEc3B79F88cbCCA0Ad29D1","QuangBch1272084","","2026-09-08T16:44:09.892Z"
dhigul,"0x044cC71491dEa2Ff76f923CFCd854DEF31147d95","dhigul","","2026-09-04T21:18:31.000Z"
dhillon,"0x275857DB8b62c27E2b278BA5b4BA79fe4e5B44b5","dhillon","","2026-09-04T21:19:37.000Z"
dhimasgs,"0x134199E02332FF51979d69C8F063dd32459A2400","dhimasgs","","2026-09-04T21:15:09.000Z"
dhmyye,"0x6dEd6eDdCc8D2eE06405D1D80A147c77e7446Dcf","dhmyye","","2026-09-04T21:17:58.000Z"
diX55Imb36TfWrcy8kDeAN0D4sE2,"0x72AE4997Cb1E875b67125a3a2099Ca6e95d094f6","BeatrixDin54353","","2026-09-08T16:17:52.405Z"
diablozz,"0xa6A17b0513329D1B36604104C014C43B3E0201cc","diablozz","","2026-09-04T21:20:04.000Z"
diamustikrixie,"0x5b2887bc86c37fd1ec9be2bd41f9ec7f63f522d0","diamustikrixie","","2026-09-04T16:55:18.490Z"
diana009,"0x1Bc5A4Eb73A95E8be37690386E72Ac84be5C7EEE","diana009","","2026-09-04T21:17:15.000Z"
diandra4,"0x88bb5d12910ED7Bdc970406f2b6a4d1777439726","diandra4","","2026-09-04T21:18:11.000Z"
dianee,"0x6Ac5b3A4A997E3dF5EC17Abf24Cd81905d0e8dDB","dianee","","2026-09-04T21:14:57.000Z"
dianpurnama01,"0xD09529870A3dA2C2FEC07FB46B4cd864C5A2b024","dianpurnama01","","1788588383429"
dicanho,"0x3D7dBA8d39eC6103495515A173eDB3cE1F7aD8C4","dicanho","","2026-09-04T21:18:50.000Z"
didar9923,"0x30DD761B6Df2cfa1DC36f85A8744547e1bee1E72","didar9923","","2026-09-04T16:22:50.947Z"
didas,"0x00C62B533C00DC1cdC1Ed7371E778912C36E21DE","didas","","2026-09-04T21:16:45.000Z"
didikh,"0x8DF47d005479Afd8C839324Cf36434660162d750","didikh","","2026-09-04T21:15:54.000Z"
diegocalde,"0x30D22461444541cb97BAc1Ce8a26a0d66ed1c311","diegocalde","","2026-09-04T21:16:58.000Z"
dieuha99,"0x34c73199c968871DAC1969800bf3e1d34a6f5d22","dieuha99","","2026-09-04T21:18:23.000Z"
diggy,"0x0af4383add2B0f3e710d277C3486779B1a2a4050","diggy","","2026-09-04T21:18:11.000Z"
digijoe7,"0x7A83286E704401E5a5D5E8D284cAD233143469bC","digijoe7","","2026-09-04T21:17:01.000Z"
digipulse,"0xC1D7dDA4AFdB5D76f28a6189D607488959a7B012","digipulse","","2026-09-04T21:21:21.000Z"
digitaldigger1,"0x0039Aa266B4e3aA894883FD41de2c5BB1cc21b33","digitaldigger1","","2026-09-04T21:17:27.000Z"
dikfaj,"0x5F5609A251D6d96cD393d8Bf0000B106f21E9079","dikfaj","","2026-09-04T21:19:27.000Z"
diki86,"0x952B1b9371c9F742d9a52880d6737Aa236c42409","diki86","","2026-09-04T21:15:53.000Z"
dima_rzaev,"0x492050B66cdd98dF837088DdE575cf412e0CDDf3","dima_rzaev","","2026-09-04T21:15:06.000Z"
dimitrijones,"0x2B29be3ecfdeb09F924dB4a7217E9ff21A782dcE","dimitrijones","","2026-09-04T21:14:37.000Z"
dimka,"0x80d3F6B9d2F94A719273BCcF8E871E66345f83d7","dimka","","2026-09-04T21:21:03.000Z"
dinamarlinax,"0x3e8C89ac2cf854ED46D1F8F11F3336579008A09B","dinamarlinax","","1788588447305"
dinhoft,"0xdf8EF52cD45011f8DaeB00f203C52002D1668873","dinhoft","","2026-09-04T21:15:49.000Z"
dinhtuyen,"0xe77C0F99BCb9D96A6Ba33540Ee50794D950b071F","dinhtuyen","","2026-09-04T21:18:17.000Z"
diniz,"0x9C8605124d9112966f2Fd7892efB465DbEc739A9","diniz","","2026-09-04T21:21:32.000Z"
dino,"0xbBbe8C9B120d61F6A6D13baB3AafDDf550bC9396","dino","","2026-09-04T21:16:01.000Z"
dionysos,"0xEc346094aA2Dd812829FCe03dbd0EBa4757AE05C","dionysos","","2026-09-04T21:20:30.000Z"
diplucky7,"0x1f1bbd6d39d4103574d27fa57f60d4bef9266abe","diplucky7","","2026-09-04T20:48:18.060Z"
dipti01,"0xAbC950fb18b1aF4E4Bc73ffc4c0C0A224b9dc1f4","dipti01","","2026-09-04T21:18:34.000Z"
diranauran,"0x090feac37735fd91383d78487cce9bc57202a28a","diranauran","","2026-09-05T05:29:57.705Z"
disc05158012,"0x876EAfED0F772035A50A80e2F20251Fd908a7b8B","disc05158012","","2026-09-04T21:17:46.000Z"
disseven,"0x81534402Fc730438b365fB7bF12c4bb693E11665","disseven","","2026-09-04T21:15:48.000Z"
diwymr,"0x41AdADEd36E623f0F011BfCe862592Fe237E7371","diwymr","","2026-09-04T21:15:04.000Z"
dizzynomad,"0x44467e805C27C1D1d6302B2D645de4AcA85dc91b","dizzynomad","","2026-09-04T21:14:42.000Z"
djSwMNOE2aRNLR7dQewbWZZgE593,"0xB70BD0bAe50E28805344F6c28e93B1F78a84f87D","QuangThc124805","","2026-09-08T16:39:12.190Z"
django007,"0xFa620755a65CB8DA2a5d74232fC70A1db9Cd68fd","django007","","2026-09-04T21:17:32.000Z"
dkuZvgiBTvRTngLZJg4sgRnaGzS2,"0xeFB58F62D9143D96797a82f1362D5357f2c04985","AidenBa15853228","","2026-09-08T16:03:17.384Z"
dlabs,"0x74A935AC028C7D98084dCa4B0FE0B2648b98f25B","dlabs","","2026-09-04T21:17:00.000Z"
dlfdmsgksk1,"0x9fb62e51f12e0cB9678999B584EA5CC1796743a1","dlfdmsgksk1","","2026-09-04T21:18:48.000Z"
dlsmsenfdlek,"0x3530513cB89Ca54bafc6ddA99Ed18e35Cc6dE37F","dlsmsenfdlek","","2026-09-04T21:17:02.000Z"
dm0Mls6IL7bGGIYZBNYSsTBGht22,"0xdBe46847d1510511d97919498fD883393e17c2A9","hang_hue31215","","2026-09-08T16:33:32.825Z"
dmQkkCu4qtWKeC4hfb6xeqsXgkf1,"0xbef54412189380216B874ad3364eD6560F013fA0","marti81589","","2026-09-08T16:53:12.637Z"
dmitrik7,"0x8Ef817BB423b6db93CC651064E2f5725a8f446AB","dmitrik7","","2026-09-04T21:14:38.000Z"
dmitro111,"0xD80073524B6704a992677e1afEF83252D0E6Ef49","dmitro111","","2026-09-04T21:17:06.000Z"
doad1,"0x53633713b00cB86C1C037C05180cAE0966c8DB33","doad1","","2026-09-04T21:14:16.000Z"
doan_lanhdd,"0x4f3182de6e9b654ce0f7aacb210a1277f9faba44","doan_lanhdd","","2026-09-04T13:20:12.674Z"
dobby1998,"0x6D4e5227880d24710b689e903d3485495C978Bc1","dobby1998","","2026-09-04T21:19:57.000Z"
dobrinya,"0xc9ECFb8a5ca8867c0a1d20aECcB8A3Dd8A84cFdd","dobrinya","","2026-09-04T21:16:27.000Z"
dobro,"0x2bCcCA19a0c410629Ad04b95334D1F965002aA8A","dobro","","2026-09-04T21:16:42.000Z"
dobzber,"0x708fA4646fD3f040aBF0fb22C4424B6473F75Aae","dobzber","","2026-09-04T21:20:36.000Z"
dochithanh,"0xFD9958F37E54EcbD6A79464f7363a5C2ea46F997","dochithanh","","2026-09-04T21:15:23.000Z"
doclulu,"0x7874f7693db73fB3a75379176b16f2D01c438FCA","doclulu","","2026-09-04T21:17:45.000Z"
doddy,"0xaFcCeC65531b2bCdD7274DF771361f148D54b6E7","doddy","","2026-09-04T21:17:59.000Z"
doge2049,"0x5525C99854eCEF362354435965195FDa839a746F","doge2049","","2026-09-04T21:14:11.000Z"
dogssss,"0x5DA6e4954A249227E4A430d292b8769f4D0E7a41","dogssss","","2026-09-04T21:20:54.000Z"
dolby,"0xA5C74CFa7e8d95d27c20ff3414B7bBA4ab27354A","dolby","","2026-09-04T21:17:45.000Z"
dominik8911,"0xA1389Efae384de5835cb1917da06c858fD0F2603","dominik8911","","2026-09-04T21:20:29.000Z"
domking777,"0xb429C15cDf7203Ce84b1d76597424093Fc3d909A","domking777","","2026-09-04T15:17:53.229Z"
don20,"0x24852F0a2FC3D03d1353a64812fe71B6C19f8b7E","don20","","2026-09-04T21:18:00.000Z"
donbas,"0xbfA4FBE45C1f31a50bD59a0C30F355a11b51d23f","donbas","","2026-09-04T21:18:02.000Z"
dongg,"0x0580a93d7C7239aD1F3890D2131663EBE8D0DFFF","dongg","","2026-09-04T21:21:16.000Z"
donghun,"0x1cDdd7E6618f5584c57f5DB58daa06d9FA6DfA03","donghun","","2026-09-04T21:14:12.000Z"
dongshan4038,"0x8a496E15C4eb7E775180f116d0D211fD327B6D75","dongshan4038","","2026-09-04T21:17:02.000Z"
donlast,"0x1dd75BCA520486197E5F5b244f843ff147401dC7","donlast","","2026-09-04T21:18:34.000Z"
doodly,"0x49F57E104d28bE23AA6d6Fc68968235aD22b32fB","doodly","","2026-09-04T21:19:28.000Z"
doofygilmore,"0xe5401be0e8fD68B0A0199326986694a80C7beb09","doofygilmore","","2026-09-04T21:17:02.000Z"
dookoong,"0x6C2ae74ec1bd2F4F6138a89ca4fa41063A550c72","dookoong","","2026-09-04T21:15:36.000Z"
doong,"0xB9A08C0fDF5B4f8B865173E9EAd51B5a956Fae32","doong","","2026-09-04T21:16:26.000Z"
doral,"0xa5B6422681472094289CA7B224AE22313496E970","doral","","2026-09-04T21:20:56.000Z"
dotrung,"0x676Ef34aD5950Acbe479B22b09A148dfBa4B8243","dotrung","","2026-09-04T21:15:00.000Z"
dotsent82,"0xc02F6ACD09487c5595d0f2899c89C748Fd9458E6","dotsent82","","2026-09-04T21:15:23.000Z"
dovedove,"0xC85cfF4Cb5d47D449cCd13C70eC7599674Ed7f20","dovedove","","2026-09-04T21:18:46.000Z"
dozfXqkcOwdRjAQyRXr3T87U4Wf1,"0x0d5a0DC559b72F4EfbB5655930ebb6aE4473D26F","ChuThng413091","","2026-09-08T16:39:19.535Z"
dpfbCUsCydhxac8vWDA8sv1LhN12,"0x832B7477045471A101736B38340c07a64049c8CA","hadist_hs","","2026-09-04T09:11:06.727Z"
dphatdz,"0x1C113110d6B419f20E72A9Fd9ea9D07f12fc71A3","dphatdz","","2026-09-04T13:56:54.151Z"
dqs998,"0x076169A489b615E5C73DCaF725e9F0b6630b3DD0","dqs998","","2026-09-04T21:16:31.000Z"
dragon28,"0x8Bff9545d0df37E72f1BB0e9d256d7e362e75b9a","dragon28","","2026-09-04T21:21:05.000Z"
dragon_kai,"0xe7421B21e5591a9EC70f85227702489a0161f390","dragon_kai","","2026-09-04T21:17:15.000Z"
drdremf,"0x140232BF11cB85e2D0b816413b392391C54A38BB","drdremf","","2026-09-04T21:15:11.000Z"
dreamlunat,"0xc0D5CA5C9a43668a0c85ab939b63FD6E0875A997","dreamlunat","","2026-09-04T14:49:53.671Z"
dreamsiren,"0x5eB44439627C2355d424F5b74f1F4D05164b75b1","dreamsiren","","2026-09-04T21:20:36.000Z"
dreyk,"0x94E90d37a429b288d753A6B24bD744a1ddadbb1a","dreyk","","2026-09-04T21:15:23.000Z"
drifting_dragon,"0x1BDE021BCb0F8F225e0388e6733d0834d5293A51","drifting_dragon","","2026-09-04T21:15:56.000Z"
driftingdrifter,"0x906D737A923E7A32db3aD6a8dcD4115a0e497595","driftingdrifter","","2026-09-04T21:15:22.000Z"
driftinghunter,"0xC0072BA6720701B655f19d8cab767b6B7367801E","driftinghunter","","2026-09-04T21:19:00.000Z"
driftingmage,"0x361D0656bFF331aAB7C69422B96914605783dFf4","driftingmage","","2026-09-04T21:19:03.000Z"
driftingnomad,"0x698236eaeE6695eCBf7Ad45f8142F1560dAb3702","driftingnomad","","2026-09-04T21:20:27.000Z"
driftingpirate,"0x86E94A63e66FBe954b2D13046EC6C60Ba58ddEeb","driftingpirate","","2026-09-04T21:15:10.000Z"
driftingstorm,"0x21F46558EBB977537707228b46C3853df293b294","driftingstorm","","2026-09-04T21:16:05.000Z"
driftingtiger,"0xdd49E05FE8D968A5329669310451574B780F438d","driftingtiger","","2026-09-04T21:21:24.000Z"
dronys,"0x58d35033d0059A73229AcCd48d135e822C26DB79","dronys","","2026-09-04T21:21:03.000Z"
drop2,"0xaC0cC6031a41E49866326358F55Ecf2a901A61CF","drop2","","2026-09-04T21:18:54.000Z"
drra,"0x5f1c862C3A9d2209fe6EDA23dB3C884257D915cB","drra","","2026-09-04T21:21:35.000Z"
drunklizard,"0x8dD09F908EE1444CFBBBC80098F665B63EffFF02","drunklizard","","2026-09-04T21:15:25.000Z"
dryh,"0x409cf62CD5299979284fEBb3E9597b3756e5300a","dryh","","2026-09-04T21:17:48.000Z"
dsLfrQVOMxRiW9PMRICczoFCnCJ3,"0xb59cd498a968EcA0049C2273Ae2D8CcaFD2DaecE","BiLoan165362","","2026-09-08T16:49:18.038Z"
dsagfBAIdTZDH2r3AazwzJTJpNX2,"0xcE1195bd5380e811D68A0514730cd841052cD246","scott_derr38675","","2026-09-08T17:03:13.813Z"
dsdv,"0xdF81d7Bf6418E2b9cC1Bf539bD79CE21d8Ea1235","dsdv","","2026-09-04T21:20:42.000Z"
dsf58,"0xEc7e5AD69C63e0efF2Da54A18431d41C2CcCa78C","dsf58","","2026-09-04T21:18:34.000Z"
dsmokyyh,"0x21d62b66d542ec2e633811597354d573862653f7","dsmokyyh","","2026-09-04T13:21:41.981Z"
dtAAevAhFRhgEf7UwNlUiPNJK0o2,"0x0f36f43E2Bf62fD6004C412A9D071C34fFb6DF3D","kamotekor","","2026-09-04T05:40:32.706Z"
dtech_ie,"0x8754ef24b1213486082516a2eee260687bbdc7f2","dtech_ie","","2026-09-04T15:35:16.344Z"
du7dAyWtdjdUBPEO1NbjRZrvWb22,"0x33E647d70f56c197A1722aA5E9cB14d5C324a5C1","ToToan46779","","2026-09-08T16:44:38.799Z"
dubplate,"0x3977cFF85a6e9f4f1ab5fBB214f0a9a8342bF749","dubplate","","2026-09-04T21:21:13.000Z"
dubplate8784,"0xE7b8f3615A55793De275ad8D7B56F718a0069064","dubplate8784","","2026-09-04T21:15:46.000Z"
dudaml,"0xC4ea924413e073fFadd12702C79C933aB3bbF775","dudaml","","2026-09-04T21:19:47.000Z"
dudee,"0x9434D7C686B8295C64f66d6fe092FFFb744e6fac","dudee","","2026-09-04T21:15:08.000Z"
duggang,"0x23b8b98713A974cE20BEdEd0DF10dFd3456804BB","duggang","","2026-09-04T21:19:52.000Z"
dukalis,"0xd3f2000e915505F3bac145BADA880F91595d0E49","dukalis","","2026-09-04T21:20:02.000Z"
dukdue,"0x88CEa605C0f6d429b2c6545a35B4b4b8e2d71b4B","dukdue","","2026-09-04T21:19:36.000Z"
dullie,"0x1D9A92B11385D680181753648D76685c130aA38f","dullie","","2026-09-04T21:16:03.000Z"
duocd,"0x5ad3cbEC759ec61D340C1544810EB3738657cb13","duocd","","2026-09-04T21:17:43.000Z"
duongthao,"0x3C5F13Ac27Ed88128B072b19a14fdc75677adFB7","duongthao","","2026-09-04T21:16:44.000Z"
duongthuong,"0xfe2d52DCA1D9bA03664b66365ba4962B76678557","duongthuong","","2026-09-04T21:17:30.000Z"
duongtran,"0x0A2C4F142D3ef92f8466623B00366018DA9653c9","duongtran","","2026-09-04T21:14:31.000Z"
duongtran19292,"0x5137fFd939b79Ec5d7255F3e84097D0Cd059C62b","duongtran19292","","2026-09-04T21:21:15.000Z"
durga2726,"0xD74Ff6Fbf783e711491B53fe61fe7007aF0B6477","durga2726","","2026-09-04T21:14:54.000Z"
dusk_ren,"0xbec53d04A04faFe8BDc451Ef66cbB9d4bc0E8aF1","dusk_ren","","2026-09-04T21:16:04.000Z"
duuuude,"0x6DE93d5b359d7e95f33D98eA73547c48eab248AD","duuuude","","2026-09-04T21:14:10.000Z"
duyenhtm,"0xE26ccE87D771b2B34b860472c1F0abD72Fa8A7b5","duyenhtm","","2026-09-04T21:20:13.000Z"
duykhang,"0x74eED41Ca267Acf491B5d5e1bc12CC981023840E","duykhang","","2026-09-04T21:15:42.000Z"
dw5HHkD3S6RMhHNZuyAaz5wBFY53,"0x09f32bf180c36F35302376F6caADe2b61bbCcBAF","MaxFoster118859","","2026-09-08T16:02:37.357Z"
dw88888,"0x2f6122f43A8f36102362c30854fa3745a8A1fA55","dw88888","","2026-09-04T21:20:57.000Z"
dwifachrez25259,"0xc6F45d903ccf7Ee61a3b8C8121CDE2badf79B702","dwifachrez25259","","2026-09-04T16:10:59.000Z"
dwifachreza18,"0xdb92ce6263F1cDFBCee92e8Ee8617c9d04090152","dwifachreza18","","2026-09-04T16:10:59.000Z"
dwipurnomo99,"0x5241abfb13e9C2A6406957224691477F47f331F6","dwipurnomo99","","1788588423575"
dwirahm39962005,"0x781663604ede0b172c69ef89641fefa50c466836","dwirahm39962005","","2026-09-04T15:55:42.882Z"
dwvdDZxLbJZNIk8JnLVNMr37Aay2,"0xd56290077e235D797f3F1429aD8B7f14397733Dc","MaconMoore25862","","2026-09-08T16:02:33.392Z"
dxLBhRlrl0NujFp7TlyYR7aDK5u1,"0x20f15007F444A059eEE75C50B8e4deC39085cc25","DeanBaker128859","","2026-09-08T16:23:21.786Z"
dxgv,"0x45c8b60887e7ddA6A2591A108894b2d9D29bc944","dxgv","","2026-09-04T21:14:28.000Z"
dxvl,"0xA72f81dcD9783050fC93F37a6D704F10b7aB36D6","dxvl","","2026-09-04T21:21:24.000Z"
dxwYzvXEoIPRGTWg7X6NU4YEmSP2,"0x7a244ec31fd94F08307eac518c9B38614eE2287b","jjjjjjjbnby","","2026-09-04T09:29:26.612Z"
dxxineth,"0x11322562248d42c13bebab6cf85414cc697eacd1","dxxineth","","2026-09-04T16:21:19.876Z"
dyPUbsfoc0YaD4eNB4GO1b3FxIh1,"0x06e07895222b13ADF336F3FD894090ae00837BFE","TriHoang78130","","2026-09-08T16:36:37.681Z"
dyc095pBE9YXFZcWZHa9uwdigTg1,"0x2D9Ff457BE0Fffe58CC0F206DB9Db9FCf3619a5e","DianaWagne84278","","2026-09-08T16:16:09.411Z"
dynee,"0x2F55A260B1bA08ADf27b49dB93DEE3020836C19d","dynee","","2026-09-04T21:20:26.000Z"
dzen,"0xaFfe83fB5D4d1cC986f1630269F6fe3B8e9d7bE3","dzen","","2026-09-04T21:15:42.000Z"
e0908ce3135b87aa5706be07a0ab,"0x3Ae1A8Fe6Ad493CAb3dc77264f163523A42e1c68","EchoSketch","","2026-09-05T07:53:51.586Z"
e0bd4ba1fc906db060dc4b6a1d7e,"0x619Bb1199E1D29B892E59a36c2B37e9ae569A137","theVividWolf","","2026-09-05T07:40:52.871Z"
e0dd7a0154386275c5abb19b86f7,"0x4CC3d26C2670f019347Cf093B1737EB31dfA5a8E","vhaze","","2026-09-05T08:19:07.064Z"
e0e8437876b5f930f6a45cec3f89,"0x491dac194447Ade76140A88cEC4276Ca756D53eD","wittyseal","","2026-09-05T07:42:00.504Z"
e138TFWa6dgwvThsBxjrLUdh4482,"0x77a085C445b0fa1298aFB2eF6350cD75690aE066","TuongTo75655","","2026-09-08T17:10:44.858Z"
e19fac5c2358422495b4235e20f8,"0xc2c7030dee68f587604f86c5b9e844fee5a3ef9e","mebeastXsol","","2026-09-04T10:35:28.472Z"
e1IrV1S8MdO2eVH4Uji3tKjp3RA2,"0xCDE448D8130D9147D357D18468c1c9311aDC7FD7","StefanieSo81984","","2026-09-08T16:08:44.953Z"
e1dTJEltQjK12jE7LmioGhj7szcu,"0xD0d4797A2dcf4E0f08CbF17B35d22346965CF405","mary18vu6","","2026-09-04T08:58:35.352Z"
e24f04f79429268bc11df9db5f7f,"0x1c2a2107F49df940d2769CD370d237cb63658130","bravemoose900","","2026-09-05T09:14:15.342Z"
e255faaefbf2f743d8179ac05da3,"0x0e32C0415b03B8e4F4E1F6c5A659d7061a1beD39","swiftfinch","","2026-09-05T07:54:03.090Z"
e2ac3e5f6e4346062ae57442c52a,"0xd3033fC71624979B08d19C181E1dE26bA8f89Ce9","kairo264","","2026-09-05T08:35:01.161Z"
e37f51f4b1931a386091d1307010,"0x0AC4195B7E5158e79cf1a2f63f98D12d8568c8D7","theNumbKoala","","2026-09-05T08:42:59.993Z"
e3a6ad5558e3f58501deed9402a8,"0xFFA492A96E60B28d48D4512cE2Ca1E5F68133C3e","WillowLoot","","2026-09-05T07:52:59.664Z"
e426874d85c8488a99665f8254c1,"0xd4F6eF8FEBEd6E8B1d343dE0cB2811f8B47D63F5","shaze","","2026-09-05T07:30:20.596Z"
e4UoGUd0hjPTrCsRmDpmd2GW5t13,"0x3d7e91499AeC963832C59bfDcFA9f6adE1609Fe8","arnold_law179","","2026-09-08T15:40:38.674Z"
e4da8518ae584de19b6a70ff8aac,"0x08901C5a8c3b5fe684Fae0c86EB218dAD4185F34","theNumbCrane","","2026-09-05T08:43:26.880Z"
e4ef56368bb3258def4a9e451167,"0x1b1b15f1883258A3Bd3dE7aF4761FB276FD8fD11","echo_edits","","2026-09-05T07:42:59.833Z"
e548d5b4ea0f850e287bc256e7db,"0xdF6114316c7bb15BfcAEC2eA1c8b8424Aedac311","realpax","","2026-09-05T08:06:39.688Z"
e58a42abae55291a22ad4237dab9,"0x9a061a4a020589C6585B2d90ADF235c40460cABc","realmist","","2026-09-05T08:08:14.036Z"
e5cef58ca7c49bdef45d66c34815,"0xA6e7eC8e99F0d55efF03c17F1A2faBD3f2269b33","OnixPixels","","2026-09-05T09:13:13.122Z"
e5e174919ad34358a15ebf36629a,"0x63a2e5f0e10155484d203c060bbbd6a1626912ad","balajis","","2026-09-04T10:34:56.389Z"
e6414b85c07e3ce7ad4c7414f582,"0x2Fd72629539ef156cAe4fF2A4907218cBc68C114","theFuzzyFinch","","2026-09-05T07:51:46.342Z"
e680730ad0207251ce0cac44b51a,"0x32E279c3644A2f90B3F424F2Ce14e6A48E4505Cc","pax326","","2026-09-05T07:40:22.949Z"
e6a520b206558f12849338c7009c,"0x123F3d142Ef67048bAe400b86C07E98e10ca9cc2","SageDoodles","","2026-09-05T07:37:27.466Z"
e6eb6e45737d4030f4dd1a2bd343,"0xD4762A632Ee98B63Db5efc4435ebf676C49F2EbE","theCoolHare","","2026-09-05T08:37:28.494Z"
e791cd0e6e7aa17c5922ea0c3742,"0x0d726a2859c8247e5E023100C0e19A6E8edE1675","lremy","","2026-09-05T08:09:54.349Z"
e7OXPcEvfthaN3rQhzCc4F1slD12,"0x02707e12a21171cAFCD4746EAaAc49e50F80d10B","BensonClay61981","","2026-09-08T16:03:41.655Z"
e7a6f8ca0cb795e2ebcc4d3c157e,"0xc208A9f36BEA5eeFB948D9DF21147f7E606B02Ae","loot_vale","","2026-09-05T08:23:10.652Z"
e7b5ac91e640077615063c99f28a,"0xddC5D260bD1f5BB412Ec9A9fD44cB1A297Ff407b","LunaMints","","2026-09-05T08:43:51.595Z"
e83f97148e33732807413f09a7b2,"0x7f61C24c627ad24ab676DA646B97dc6656580d21","Slyrare","","2026-09-05T09:02:29.439Z"
e84b1803aa90929729303af50d4d,"0xdd53887A9800343AEC5Eb6530e51fdcD0aE969D0","DriftDrops","","2026-09-05T08:58:07.314Z"
e8698c9d860c9385519e9a75039e,"0x417F05F8885085c5BC4BAD9dd06F6828b321af0a","silentjay","","2026-09-05T08:40:31.504Z"
e880f98b7236d959bcf1705c37f4,"0xfe47161890208debC9f4EDa7E1EAD29A61dc36Bc","pecho","","2026-09-05T08:42:10.369Z"
e8MIalSHj0XUVBLnhASnfYNBFlR2,"0x3ecB9CCA334D217dB9d4fAd72fe286DF78880E70","MckinleyG95867","","2026-09-08T16:32:39.174Z"
e8rUXKP0dgOJMt5Okav7HuK3vTk2,"0x370510c0E02e4D9a60D9a369F20dC67E02E31FfF","baker_henr97088","","2026-09-08T15:44:04.181Z"
e8vb2tGZpXREZHxkAwCItfgmwaE3,"0x39023cb7580514D59CC244bD95c274636Fa33200","PhanHng488686","","2026-09-08T17:08:45.950Z"
e91NiLZyaoPVMdaxfqenM6enBfE2,"0x42CF91332fA49B54e16935655c54A32e188d909F","moss_cassa6341","","2026-09-08T15:55:10.372Z"
e93l2puUVgfK7M2djq4kNoBxFBr1,"0xbbaD334B996DFFAef8145a01BAc5e48e9213B921","MaiBnh660227","","2026-09-08T16:35:30.739Z"
e946871bd9feb0282b7eab420e9b,"0xbB740231d10b744eeD92240f24ebDd9d1Afc983A","theWittyOtter","","2026-09-05T07:44:35.756Z"
e987852fc12d0843b7593af56ef9,"0x4bD96C80a93829845456d8DB3176A57bA36c1f5c","Coolrare","","2026-09-05T09:08:55.532Z"
e9QGPLwx5oTicXuKf5h8ZucFsNy2,"0x0C7d7dDFc495806d18963c03A01ABf98c5f1CfDf","ho_cuong16570","","2026-09-08T16:48:07.813Z"
e9a03d738fc52dd195cf65b3c7b7,"0xefB4D61d045Bf63Ceff6500DF988a995F26f0F30","loot_willow","","2026-09-05T08:06:50.607Z"
e9bYZUmDrEc8Lnkmu3tPPoPaU9D3,"0x0f54ea9c0d8ddc63682a302CfFb051030E7e0836","KBeard450","","2026-09-08T16:24:03.054Z"
e9mXDVoTj8cftmPWLWntEiRtKUj1,"0x6626f141F188fDa8D45C1b66e6c45d73c7e0D2E8","DahliaVale42720","","2026-09-08T16:35:50.034Z"
eB4CCiq873QYFQ9vnwbvz7YUgi63,"0x7C68faA77E233E9C4e231fCeB2641c3f759984b6","MariahMai198180","","2026-09-08T16:49:13.656Z"
eBnoPhguPkX4vMdK7Jxbclc9nPA3,"0x1e0a90ab4e24CdD1CA3EF7aF2Ab31ED0F8be5c13","bellcion","","2026-09-07T04:34:10.948Z"
eCURznbwf3hJ4ClxrKqVmsSOyBw1,"0x18de3665a6235f0eB633B79e1c66abfE959176E3","XunTng1856922","","2026-09-08T16:51:13.804Z"
eCvOEzTWkrgi2i5gyzdWpdcGw913,"0x09c10F186F412AEcD717108101Eeb88ab7C1d2A6","PennyCaitl90227","","2026-09-08T16:48:41.227Z"
eDoqivilZdSHfmaUBjjgYr52gLL2,"0xD40349010716325096b98b54548cC460871F686f","NgLan322558","","2026-09-08T16:34:35.296Z"
eGSCtuFougT5kVFau0fbbxhuoVz1,"0xA053491C0bB974BfAAF62dA37851886f9Eb147A5","ClaireGree60152","","2026-09-08T16:23:53.026Z"
eIWF2smH77Qy3L6fqnLGSj8Kpfo2,"0x4C77eF694c77c348ef2bFB63171F7A860B6F42a9","MaiOriana187465","","2026-09-08T16:41:37.169Z"
eLOPKKSldcaMpeqEknL3iivPf622,"0x2F70AF1D5c0a85e575185F7b5A6Ca02E90b99D9d","TuyetTrieu47724","","2026-09-08T16:59:28.366Z"
eLmc6uEirfOUFyKfeJQwZMhsP122,"0x8AB717Df60Ad3bB05B69Ca2641Cba409D215Ac2F","CameronWal58624","","2026-09-08T17:05:22.004Z"
eLrfiAM03ZT1bpPP8VBA4aNV91L2,"0x1a653AdF9074B0d6bE018EA4FB2AE09470dc1248","PhilipMoor11000","","2026-09-08T16:59:24.968Z"
eMVVZkUbYcNm6OuEz4hvMAFo4If2,"0x53d38d262CD2BFaf17D75F23c1c3373f59023850","DngBnh544889","","2026-09-08T16:58:37.328Z"
eOEJRUxsZXMmcfzEnVQNbMYTcZh1,"0x17f1030eC228Ec8250Ca89214d14fe1137f414D7","MQun552859","","2026-09-08T16:56:36.445Z"
eP0H5cQRlwMZd5K6Fx2TUkCdPqz2,"0x7BB24d294815A567938360Bb7F8656Ceb4C36ecB","LmThin477417","","2026-09-08T17:01:29.110Z"
eP5C1hAxfzSbiokbDJhLPwDsx0o2,"0x526ffE47206BaCFa1B7B16b64646f12Da2b606b3","GiaThin153200","","2026-09-08T16:57:31.294Z"
eQffmeMuzxYSLGdTa9WRGKaRb252,"0x76988d6EBadeCF781c16DAD68dE34fA396bf1A38","oyen_regina","","2026-09-08T15:37:25.561Z"
eRsWbIjt8iPunjLSEmhqxGa5iM02,"0xd975a4d8ebc2cc25c7d206b8836b6c3274454a8c","vicentebaoa","","2026-09-04T12:08:21.458Z"
eTaqcNPFDWU1aVzDWfh1LfIclrq2,"0xe6AE6e100f8cC833A739A22e906e75dFf4C7A8A6","AbigailPat25059","","2026-09-08T16:12:22.494Z"
eVudslAmaOTrN2spjlfr7zw9zPM2,"0x25D5101e6Bf504A613FCAA3daBB78c43C824A64a","alan_fane16580","","2026-09-08T15:40:04.627Z"
eXkKutpHspa5xsBCjyzkMGvaRqh1,"0x28D3724d29fd2fD56dA59dCb5b11837E1eC3361a","LGiang1098918","","2026-09-08T16:59:16.845Z"
ea131dc8c449ac44dc4de21bc37b,"0x9927aD1E0d1666Ca2f97F2d8A6153014acfcCb76","theCrimsonRaven","","2026-09-05T08:23:05.731Z"
ea88b191c7c6965b51221da34535,"0x539B1c261d4757fE6F9157fD1ae6Abbd00070Abe","lazykoala","","2026-09-05T09:14:23.540Z"
eaaec981890f418a8b7133b9c316,"0xa4ce3f1cbb7d9d4d04c729915a78a14f8d9a6120","MaxResnick","","2026-09-04T10:34:58.309Z"
eagle2022,"0x0A67d9B1E265f5De1d78f029BDA667A215BF2dBE","eagle2022","","2026-09-04T21:18:34.000Z"
eapay,"0x940E556C7f131c862F9D35b2B32f79308B70C192","eapay","","2026-09-04T21:21:08.000Z"
earnbykunal,"0xB8fF1839B7C50A852c0B2b6eE846143AC2e00A6e","earnbykunal","","2026-09-04T21:15:51.000Z"
eason,"0x0818C1852cC8DAEED3BD88CD85266128a9347770","eason","","2026-09-04T21:15:27.000Z"
easonhuang,"0x41129D07AE7549B40B2DF553fCDdf1F867f472E5","easonhuang","","2026-09-04T21:14:17.000Z"
easterndoe,"0x70275C7a60ebCe9EbF3C886F5b29941E437E16cC","easterndoe","","2026-09-04T23:42:40.909Z"
eb0298a87b1b606c27dd58b5395c,"0xD9A00DAFEA3795759757dDab10d12EC008885b3f","theStoicOwl","","2026-09-05T08:50:51.883Z"
eb922e8fe8b81bb6b2ddc5ef1da9,"0xa550c327489d8776b5Fb62B7511ab52f4A8771F3","realcove360","","2026-09-05T08:33:13.752Z"
ebAmGeDPvHYrc1OTA5O4Nq1fV7i2,"0x41c414b723758e81a023dbafbf7772dbcdae8fc8","suifeng1234","","2026-09-07T14:11:56.787Z"
ebO8n4TQ3UTfotHWvS5TKnfSmoe2,"0x2432b6DCBfF8cb880D34D14B57633400da8Af8a4","AngelWh17622622","","2026-09-08T16:12:38.320Z"
ebaarmy,"0x0e23502fF7a83b6939B0371EebFbc9f51C4ee2Bc","ebaarmy","","2026-09-04T21:20:25.000Z"
ebcf852993ec8701c95e57acb17f,"0xdc99F52964F41E472d6d64950B293F55591985D0","ironowl","","2026-09-05T08:37:07.916Z"
ebecEhPyUhRVZTRKdXRlS0Ffw902,"0x447512944983aABbf7608fBFA2A976078dE9Cebb","MildredSai8881","","2026-09-08T16:34:43.288Z"
eboMybGtDG4ojawhVH0KkDD9BHOv,"0xca2C04544bba91F12D06de64dEFC77Ae8B1848C1","JustinLewirrqq","","2026-09-04T08:58:52.927Z"
ebony_ghost,"0x8a54017e5C81BfD870943ED1526e99CD1aADA890","ebony_ghost","","2026-09-04T21:21:13.000Z"
ebony_lion,"0xc8a5df748708e88E471E6b43551D1ac3bf7e42d4","ebony_lion","","2026-09-04T21:14:47.000Z"
ebony_monk,"0x7aE6A3957A2BfB64F58A083beFa171d5924a49CE","ebony_monk","","2026-09-04T21:21:16.000Z"
ebony_oracle,"0xb08e46FDE7136C67a7Ad03d8ACD20d25c5B2a068","ebony_oracle","","2026-09-04T21:14:53.000Z"
ebony_prophet,"0xDA37471499ae5285ce1da2D2dc96eAb944d0F5EB","ebony_prophet","","2026-09-04T21:15:16.000Z"
ebonycat,"0x6Ab7972A9DACCf2804D94FdB1774Ce2692CF7B4c","ebonycat","","2026-09-04T21:20:49.000Z"
ebonydeer,"0x8b29ad02F12f2809001cf8F981e153cc5cBA17b6","ebonydeer","","2026-09-04T21:18:33.000Z"
ebonydog,"0x8CC33d3eE9d112043d7c088FcDd479A1FAEd6B7f","ebonydog","","2026-09-04T21:14:18.000Z"
ebonyfox,"0xf22bE19fFa47d3a928dd724532a1A2E82b7216B6","ebonyfox","","2026-09-04T21:19:39.000Z"
ebonyhawk,"0xA3419EFf74b2D3AA5Fa4c373069aa482A58aB459","ebonyhawk","","2026-09-04T21:17:03.000Z"
ebonymoth,"0x3c0883f0a89e8F9C80944D0231AeE5a8dAca8D0c","ebonymoth","","2026-09-04T21:16:59.000Z"
ebonyowl,"0x04fdd5bD01128186386B899Fc1d5759C170CE3D4","ebonyowl","","2026-09-04T21:14:47.000Z"
ebraz33,"0x4b6a59A9e07ad780149FCc7E1E1e6fc439386975","ebraz33","","2026-09-04T21:21:21.000Z"
ec4184ee6fdfd9eede2ee8c95bcc,"0x65180f8F8aE797E39B50F91818366c08A910C02A","itscove","","2026-09-05T07:55:57.391Z"
ec56150354e2e1e5f9190fff1248,"0xA4aF1045a29cCF69c4a8bdA1852bEae37F17b091","gems_fern564","","2026-09-05T08:14:12.445Z"
ecamli,"0xEe70624c22B8313c547929858EFB9ed25a9E9Fc9","ecamli","","2026-09-04T21:15:47.000Z"
echan,"0x0369CE5005A41d091D0017ACdA2858Dbe0602AAb","echan","","2026-09-04T21:15:19.000Z"
echo_theo,"0xf5FCb7abE1Ad3f179a34E498D62946F231CDfdCb","echo_theo","","2026-09-04T21:21:01.000Z"
echo_zoe,"0xa878B194717151DF6a057f3eA338E07833E63bd8","echo_zoe","","2026-09-04T21:17:50.000Z"
echoingdreams,"0x10D02091d37095E7CBA30Be3aae6893320E7a676","echoingdreams","","2026-09-04T21:16:21.000Z"
echomist,"0x66b0bbABd516F6C800af1cE6625275D738EC19dB","echomist","","2026-09-04T21:20:02.000Z"
eclipse_eve,"0x741D07aC3b87DEc7631b41DEB031bB09b19f5462","eclipse_eve","","2026-09-04T21:18:05.000Z"
eclipseriver,"0x9Cae943735EB72E164c9123fc9aE2B2156ED5b23","eclipseriver","","2026-09-04T21:20:19.000Z"
ecohealing,"0x4FD3D2aBe0A5499E1913d2C18e78d03CE361a6b9","ecohealing","","2026-09-04T21:15:09.000Z"
ed4d51414d7818316d9334948772,"0x1D735301e581C38FD82F3e8c9776b062f61189Bb","kairo83","","2026-09-05T08:12:27.639Z"
edGlsPphYuZX2vIkWmRzEqTkiNn1,"0x59A96DEBD24677F5f33efA02A9Ef6239b3cCEA30","MarquezMad3749","","2026-09-08T16:22:19.410Z"
edUZFmDgLGbWaocmAFEOG0fsp8x1,"0x531F2D8508240D2357bDaA5B3cc9Cda5c9D36442","GiaMy237614","","2026-09-08T16:42:51.595Z"
eddd,"0xf3F97895B0116086393546cf179CE9E3A68bA4f3","eddd","","2026-09-04T21:16:43.000Z"
eddddy,"0xbE9920061b6bEb85Eff78CB8e056390F38118DdD","eddddy","","2026-09-04T21:15:03.000Z"
edgarderek,"0x9f4567d536Cc6b65bF47f4FC9760f31dCa716817","edgarderek","","2026-09-04T21:17:47.000Z"
edge,"0x8804a37aE4eD840013860b128593F1162C41bFd4","edge","","2026-09-04T21:19:59.000Z"
edgelonxv,"0x1443B006D28Af4A8bAc9C60aCab4353A41bc9E57","edgelonxv","","2026-09-04T21:20:16.000Z"
edithgha,"0x08C63e121555ecBfCf4259E9768Da4A016208e96","edithgha","","2026-09-04T21:15:16.000Z"
ee085f7f0a54f27dd2079fe7803e,"0x3D2631a7645219fE99e0B3d182681922F0117Cb6","wittywolf518","","2026-09-05T08:05:39.618Z"
ee17ed8f929d754edef99a4d2e17,"0x5C8aBDfb41658f1B91C1614B87190c25F1a10891","HazeDrops","","2026-09-05T08:04:51.261Z"
ee40CPvKfncbDGECu9hlbWhWOtu1,"0xCd615378463c46687d3230E4Fa619Ac71416c197","FarrahZiva36814","","2026-09-08T16:23:26.052Z"
ee7736a4b055a0e6205020016d9d,"0x5702997d65Eb995D94648b43C5567C5d59D3c9Ef","realtoby645","","2026-09-05T07:46:27.412Z"
eeKs4OT24Z8NoN5Z0zqeNpT0Vwus,"0x7AC12eAC20f0a02E0758D6a0EF2F46A6b79022AE","jessica39ck7","","2026-09-04T08:58:25.629Z"
eea04d02598e4a6c19c69b228687,"0x769710dF68d9DAC9D05653AFd5389ef6F9C73549","theWittyBear","","2026-09-05T08:50:19.313Z"
eec4bf9bc0964696bb8a62a1adb1,"0xbBB35Ecf12732B228b073d3D1D59630600B88151","uonix","","2026-09-05T07:34:39.726Z"
eed0f697a9e15650e291497385c0,"0xcf536F0e71a1a402008e6Fde9fF66752292503Cd","theVividHeron","","2026-09-05T08:09:30.295Z"
eef645c47faa876427357fd88d82,"0x67257CEC0f0f2300bb97D413B04508Ea76310c02","art_nova","","2026-09-05T08:00:53.118Z"
ef131f588f81e6ec8f7a8ae4632b,"0x49CD0c96492fe55338e30FDb66750d578546Dd93","rune240","","2026-09-05T07:40:17.008Z"
ef25c9a0c5e5efab474bcf2bcfc4,"0x2d7022DDc21e3f2071f251efa4e7db621588da0b","wittyfinch","","2026-09-05T08:02:37.424Z"
efNyQVmAIgYeah0XoFZou90zNXt1,"0xFf8c132fa321d2473D63520B27d983d13B168DD8","LydiaLawso10099","","2026-09-08T16:19:44.899Z"
efde,"0x07128beA3f817Bc5f28140f458bFBfCb219f7F01","efde","","2026-09-04T21:19:21.000Z"
egas4ihGm2ffvys4vujjHv8395v2,"0x2466E4747ef98CBaae66089cf4DB361349D2296B","Denike37","","2026-09-04T07:37:40.151Z"
eggheadbear,"0xA19315dF2DF0D2D57B6a31bB8E460a3cE4fCeFE6","eggheadbear","","2026-09-04T21:17:07.000Z"
ejkHM3T0QoSLSuA8xHlTmUZPdup2,"0xF7d418cE9Bf35a8038bC5A1cbAd2225F7Bd18e54","MnhThi474258","","2026-09-08T16:41:52.056Z"
ejsworld,"0xB47EC31B8A5485fC0292d5E81B81F1d71ad0A1f0","ejsworld","","2026-09-04T21:21:20.000Z"
ejxHW6tG6OPPYnFNBzC5ur8sTc73,"0x9B88B8A6c42cd00065Dd527f8325769cb170459E","EverleighK98770","","2026-09-08T16:25:03.737Z"
ekiim,"0x57dDB206D5d43aCFD8891AecD69d16cd4e309F07","ekiim","","2026-09-04T21:17:17.000Z"
eko001,"0xb48349BFE3316DE4DB9D5503E2F4133020b33CC5","eko001","","2026-09-04T21:20:45.000Z"
ekosupriyanto7,"0xc088959433c7EB96438893ac94c6F6eDCCA9fC8B","ekosupriyanto7","","1788588367022"
ekpoer,"0x50142377a333F9a9ef8Bd7ceEC5E96a4b9e6dB72","ekpoer","","2026-09-04T21:20:01.000Z"
eksan,"0xc3d0630eB8994bff9dF1EB4dfa012Aa6B359D209","eksan","","2026-09-04T21:14:46.000Z"
ekuuuu,"0xEb955FCb64A143Cf5b11E8C30505E4F1e2eE6238","ekuuuu","","2026-09-04T21:18:50.000Z"
el9ar9ni,"0xb252026476010011bD77DCDE00D7Ce24e53bE66d","el9ar9ni","","2026-09-04T21:19:45.000Z"
elEQdOyg34UGn5etBmmZcQNynVs1,"0x6048a3438e7962481fc8b45b65e08ba93558fbd4","nimsa189","","2026-09-07T06:15:38.569Z"
elEX2r4mN7Qu4wf7VIV9ROzOiqx1,"0x178d5b08E3480c67D2C345E9F5D52288Af4c3331","LuMai423550","","2026-09-08T16:26:00.257Z"
elI30mP4QOQ0sHAGJ4AWHe06syg1,"0xdE657F0E0c551243D552F0Bd64885B4044CEa52A","SnyderDian24084","","2026-09-08T16:10:05.400Z"
el_patron_94,"0x9788a7ee4edf27643C4a594fdDdCC6327EA6B057","el_patron_94","","2026-09-04T21:16:57.000Z"
elayuwoki,"0x5c95A0160dB3cae7AD2aFEBBBEE290da51e12A90","elayuwoki","","2026-09-04T21:19:27.000Z"
elbaf,"0xaC59CfD9659B9B8567C1d68d2abdAc124ea079b4","elbaf","","2026-09-04T21:18:02.000Z"
elcieto,"0x27eF4C30802AB585F4Afe08FD98BFF7d8c828F42","elcieto","","2026-09-04T21:15:56.000Z"
elder_baron,"0x309923F95aED3915596B9A7A3461E0234F680536","elder_baron","","2026-09-04T21:18:52.000Z"
eldersage,"0x4B11a2Eea04db95b5A842AC284f3684E3b61EAFC","eldersage","","2026-09-04T21:20:12.000Z"
eleex,"0x9A5269299EF22864f7811D0eEf50A687d2278211","eleex","","2026-09-04T21:17:07.000Z"
elephent,"0x802Aa1eCd92f6f5d88F16eF612E8cF5044c047Fc","elephent","","2026-09-04T21:17:28.000Z"
elinasaeri,"0x7f2b927a2f266ef7a238f429c8b0da9b4675a44f","elinasaeri","","2026-09-05T05:43:14.398Z"
elinorafisi,"0xaae4158b18ad4044ff840db8e3256fc4b5aea20a","elinorafisi","","2026-09-05T05:29:00.066Z"
eliteuser,"0x86e203065D14B9510a0615D1d90f7838d5b0785F","eliteuser","","2026-09-04T21:19:42.000Z"
elizabeth_g08,"0x1f9183415F5c98c0885aECde1006EedA5082B528","elizabeth_g08","","2026-09-04T21:21:33.000Z"
elkitts,"0x042e52563C52716DBBe53acD5e95e502B165888D","elkitts","","2026-09-04T21:18:05.000Z"
ellen27,"0xee5b43433660EA7482047A79a77EE4C19123F41C","ellen27","","2026-09-04T21:14:19.000Z"
elliott0,"0x51a6a6eC2ED25C9E4Fa141DD320E21019029d3C0","elliott0","","2026-09-04T21:19:12.000Z"
elonmusk,"0x15dcC5b0F467bBB3B7d37e633F49664a64F4D46e","elonmusk","","2026-09-04T21:17:12.000Z"
elysion,"0x3f6B4DD40e0aF2eB29ecd87125Bdc1920ffa5684","elysion","","2026-09-04T21:17:54.000Z"
email5566,"0xE67b43c7CEa2FE0DF3eA74Bd4353EFb0345F78D7","email5566","","2026-09-04T21:21:03.000Z"
emberlantern,"0xfD16888251333f2D8396AB9d82a8C773f721ab7a","emberlantern","","2026-09-04T21:19:39.000Z"
emberscribe,"0x059405869c0C6804D77D2bA4b05aFd1a39834fa6","emberscribe","","2026-09-04T21:16:59.000Z"
emberseer,"0x98D7ca8e210dbD87e8FB293688C3F2c1854eE505","emberseer","","2026-09-04T21:14:49.000Z"
emedcore,"0x3e5FBF639D0Cfa3d0158fbf3Fb1e1Fe7E7f453f5","emedcore","","2026-09-04T21:20:11.000Z"
emef0815,"0x6b77EC43CA706ca6A727340e4b2cA49f34A33Af9","emef0815","","2026-09-04T16:59:07.497Z"
emelyyy,"0x942f6b94E3Cf08299731AB8e7Fd0a8020440a64A","emelyyy","","2026-09-04T21:15:44.000Z"
emerald313,"0x6e8D3b2b06E4a40d80502B8e087c73EDa205367e","emerald313","","2026-09-04T21:15:51.000Z"
emilnazarov,"0x0a7d4BbB67d9f8435e4Be69A411484bDDC260375","emilnazarov","","2026-09-04T21:20:39.000Z"
emjay242,"0xF0475Ec154d5f10Fd0287aAD754526AbbD2bc64A","emjay242","","2026-09-04T21:18:27.000Z"
emma_baron,"0x0CB40DDbF67F6a5992d51Fc8e09Aa841270EbcA5","emma_baron","","2026-09-04T21:18:23.000Z"
emma_g09,"0xa2C0080a22B84ddA2F3A8Dc3652204B137b16a53","emma_g09","","2026-09-04T21:19:01.000Z"
emma_harbor,"0xaAC60efB5876a92FB1f7c95Bb6A29e4B1e37eDa3","emma_harbor","","2026-09-04T21:19:35.000Z"
emma_lion,"0xFd0a4df2A8Ace1CBC94AD4c6148D53ff5F1469cC","emma_lion","","2026-09-04T21:14:45.000Z"
emma_star,"0xe65A6Fd66f714F1e82c0596B405f4CB0da338d79","emma_star","","2026-09-04T21:20:38.000Z"
emma_warden,"0xb4e1799A09b8d5331b1e464fC07A73fb323D435e","emma_warden","","2026-09-04T21:19:35.000Z"
emmaranger,"0x4f4009afE1b6C1B75B9AF9Ff7EdE6dB0581ff4B7","emmaranger","","2026-09-04T21:14:03.000Z"
emmaraven,"0x270FC133F743F6EdA75b4b8E7F5eC5de7E2bc0e4","emmaraven","","2026-09-04T21:19:20.000Z"
emrecubukcu,"0xF4fD412C501b75bCe19749aA35c9725f00Faa4DE","emrecubukcu","","2026-09-04T21:19:58.000Z"
emreeth33,"0x383B361622BCF913DdA102CBec70833c82Bea79B","emreeth33","","2026-09-04T16:10:19.385Z"
emreooo,"0x626c340bFf0456CD9e4dB82e54A6eA9E22BC5a77","emreooo","","2026-09-04T21:18:26.000Z"
emx5,"0x3D719f8f126A4484a2886e700F3Da789c34c4EAb","emx5","","2026-09-04T21:19:20.000Z"
en27,"0xB2c645C70EfA70DE4A3b48f45d4DB9468200C142","en27","","2026-09-04T21:20:11.000Z"
enULBwRTKMgB99GtojTpGhNNrOi1,"0x229BD07F1Ca2aCd87edf29ae4bb7e56F26032fE9","NsterJoh","","2026-09-07T12:00:41.187Z"
enaltgt,"0xc5fdef3996a95553bc9d252ce8c297ffe5b5a79e","enaltgt","","2026-09-05T03:53:32.492Z"
encoinz,"0x30c0D25FB8cf8898aB079c0a22a66EF3CF550300","encoinz","","2026-09-04T15:05:39.043Z"
enderius,"0x97a62eD2B8edB6548a67F5d8f5Da8c771D2D9a8b","enderius","","2026-09-04T21:20:32.000Z"
eneas2203,"0x0a13cE149C1c0EC1Cb1410ED00Ee811eC507DcE6","eneas2203","","2026-09-04T21:18:58.000Z"
energyqi,"0x3D5F2672157667524146156c2E613B59472b949E","energyqi","","2026-09-04T21:15:44.000Z"
enhfqF5Tb4VtCrfHPc8byxPxAnP2,"0x0ffeA93B9b25F9DF94EF54a454E0D1D8247b5Ccc","BarkerVern97431","","2026-09-08T16:07:36.402Z"
enigmaticsea,"0xa688B931BBF188dd95FA62a4a2be244a278E2b5F","enigmaticsea","","2026-09-04T21:14:08.000Z"
enigmawisp,"0x562C6D664Dd0571e0e626175FaAd442F53D2Fa34","enigmawisp","","2026-09-04T21:16:04.000Z"
enochlee,"0x432410C7006277D7Cb5E7f3b9315c9CC57F3c526","enochlee","","2026-09-04T21:18:57.000Z"
ensdapp,"0x3bDC42E1e6745320CE1DB475C9322C26cdC7A13f","ensdapp","","2026-09-04T21:21:09.000Z"
eo3jET8255XEYyednCyL66mhFZH3,"0xaFBAdc0ec41026dc69b19b0cF6E8C8b9345B7C4b","CarlottaGr76639","","2026-09-08T16:26:49.071Z"
eoKi7L4Wzeb1bdrgaDvXKmpOInr2,"0xDBDB6135855b0D4fbcE51B281D2e6Ca57b3d6D4e","CamilaFarr4983","","2026-09-08T16:21:18.720Z"
eoa1T3QgwVh1O56SSKZI8xSypD23,"0x41e78B4A694FC2A16F90289c3352EeBd5d7b30FE","cryptomaniax2","","2026-09-07T10:11:54.068Z"
eohDB2986GRqtTmSaEmUBNibgtv2,"0xDb5124a7008e9db757fCD9D7305B1dd2c9b4bEbF","BankRosita29138","","2026-09-08T16:51:00.352Z"
eoxwQR9tOzRo1EpPbQKyZ1Mghl62,"https://x.com/maikpetdark/status/2096985708359561569?s=20","maikpetdark","","2026-09-07T15:36:09.387Z"
ephemeralux,"0xa21DfAb2Cf466F543a7D845E4A53888C8DdD0Ccf","ephemeralux","","2026-09-04T21:20:33.000Z"
eqPvwLAK1Nfxnm4FuvDuRqDbmmF3,"0x62D99CBeb0886C915ab4e96BAae5DDD98ff4d382","SolangePat40534","","2026-09-08T16:23:29.376Z"
equivor,"0x6071Fc9193da209eE64331e614A3e4Ec9074170d","equivor","","2026-09-04T21:16:45.000Z"
eraansterlish,"0xe36A425F8CC9cf7561E83b83EBF934c4F2f081B9","eraansterlish","","2026-09-04T21:15:59.000Z"
erggh,"0x377150E11E70ab37E5847Ec224aa6C381F918f1C","erggh","","2026-09-04T21:19:33.000Z"
erlich,"0x71422F25B2Aa5194291a1f4fEA1F1d13efFF6579","erlich","","2026-09-04T21:14:56.000Z"
erot,"0xfF97B275De5Af6C19991374311a78a50F919B121","erot","","2026-09-04T21:16:53.000Z"
errica,"0x585c441580E7aFCD7938ce6AEF3A6aC67C1A3632","errica","","2026-09-04T21:20:49.000Z"
ertugrulsezer,"0x8bb1f13e3C1F5C6d2FB0972f3737f2586e6c06B6","ertugrulsezer","","2026-09-04T21:15:16.000Z"
es84a79XNcPe5zgixlfYWjIgM142,"0x455fB43698640086d6B1A4dD36aBF46e09266C65","DanielJohn41512","","2026-09-08T16:32:27.840Z"
escobar,"0x75aDc64F2C292358d32B0673C9F65228Ba9296A6","escobar","","2026-09-04T21:16:25.000Z"
esla_alm,"0x1d60c6ec6110b6a4435b4181ca6abb209e32c4e2","esla_alm","","2026-09-04T17:24:27.239Z"
esovrucaffe,"0xcb7b02D48CDE97F52743845E505C9B9FbDB2Cc0f","esovrucaffe","","2026-09-04T21:20:12.000Z"
espr1t,"0xacf1f34E91167eeb75Cb304a6678F0e95BAAfCD5","espr1t","","2026-09-04T21:16:40.000Z"
esulGTI3eeM8ryeFz6IXgfSG44A2,"0x0ebADD6d146B176C92FF75e260B321b3FA7B962f","huong_trie21082","","2026-09-08T16:46:21.015Z"
ethc,"0x641145e287371F3c06a3A708225ad2d991606594","ethc","","2026-09-04T21:15:00.000Z"
ethen12,"0x26FF19FA5A2A95549A0f398F5199145626b2a649","ethen12","","2026-09-04T21:15:42.000Z"
etherealnova,"0xb88C5eaf5bc32551b6a06418655d932816c50F71","etherealnova","","2026-09-04T21:14:56.000Z"
ethereumempress,"0x5AEDDb1B579f3F6505b32D60F4f5C02925821203","ethereumempress","","2026-09-04T21:17:33.000Z"
ethereumer,"0x1A179d743cb112F68A98C46bebB8DB71AD620EfF","ethereumer","","2026-09-04T21:17:06.000Z"
ethicalboy,"0xA2F23960F44Cf2fD0b8Cf5c5cE35DA1FD00b87f7","ethicalboy","","2026-09-04T21:16:57.000Z"
etna,"0xaE87DEF54462E70520BEbd5d5838a5d83ecf17Ca","etna","","2026-09-04T21:14:13.000Z"
etsmlMZmNfaV9xZ3Zs3XqZI739G2,"0xf717FEf860a758208aAc6cC944E87eeA548e8Cf2","to_vy39776","","2026-09-08T16:32:54.006Z"
euEHD5AIfHMplcxGGqHjiBlQSZj1,"0xF48AF58996f2038dAe18D9077842e7F7FFFB666d","BBenton77987","","2026-09-08T16:29:50.046Z"
euphoricgem,"0x61b710F3e4BE888CC355Fc3a5f9aEcA666D273d4","euphoricgem","","2026-09-04T21:19:47.000Z"
evangelineee,"0x835275516F8734b1c8D69335c469F4208B26539f","evangelineee","","2026-09-04T21:18:39.000Z"
eve_ash,"0x3a28888Af3D22b2B501b0A6Fd38392376668B1E9","eve_ash","","2026-09-04T21:18:07.000Z"
eve_compass,"0x270df1FE18C61ca398a9Fe1f6E7f538FcAd77Ae4","eve_compass","","2026-09-04T21:15:48.000Z"
eve_vault,"0x12caEECFcA2C01ffeCfF4c49C6704af0C869f212","eve_vault","","2026-09-04T21:16:59.000Z"
evergreens,"0xb813cbe8716D95767fdCeFD6Aaf3b8749E077604","evergreens","","2026-09-04T21:17:58.000Z"
evoxstar,"0x3fE0FDA754c38a29560CBbA30EBC6389Bbc7FDC4","evoxstar","","2026-09-04T21:20:07.000Z"
ewJSaW0Z4qnIrTLedDuSrLPuVqtj,"0x3d196Dbed1062b4fF66E70876C84626D90CFCda5","BobbyRobin6qyz","","2026-09-04T08:59:20.772Z"
ewaida,"0x77e09d57c9B6FA1b1858832d55F3647488F66BF0","ewaida","","2026-09-04T21:18:37.000Z"
ewdewf,"0xc98f1EAd73Cc6FcfD44df29b04E3dd049b24Fc5A","ewdewf","","2026-09-04T21:21:20.000Z"
ewqrasd,"0x70e0cfBd55668Fc8dC03dB50021049daBA06809a","ewqrasd","","2026-09-04T21:14:55.000Z"
ewzRiIVwM7doNgsYRtnLKHHrurS2,"0x895384A4c66432b4a36AF8118493a87a4952B06B","nhi_gia61919","","2026-09-08T16:44:29.181Z"
ex6WdHjrDaVkcqaUQ9RjFY7ql472,"0x65208bf88097B830753130B544C26B1A3c20771b","robi30625","","2026-09-08T16:59:07.656Z"
exogenesis,"0xF49d9C2f1C1aCb3b9E26156775685240ef4e6F17","exogenesis","","2026-09-04T21:16:30.000Z"
extradry,"0x18Dbe0632d3e088cEf8191F6C46ce5288f4c6439","extradry","","2026-09-04T21:17:12.000Z"
eyO3GZ6TbuOwTetc3AfU9PxhagJ3,"0xCcBCE847030c72Aff4194c7fEE103FdA904330eC","HQuc264016","","2026-09-08T16:58:51.961Z"
eyad2030,"0xf73915a4034D89274958dcfa145D821267cd071A","eyad2030","","2026-09-04T21:20:11.000Z"
eytoronto,"0xA5e760d97cA9c71751148bA271E7AE13a6AE924c","eytoronto","","2026-09-04T21:14:33.000Z"
ez4MQb2vEBSV0b7pYDkRNXV7gWI3,"0x8f7c359298c0300eAfB7cfBe0537dB58c94aCbFF","VinhNha31122","","2026-09-08T17:02:41.478Z"
ezcolm,"0xA88c92eaF3F07f025230c91f2e46ad5A0cEbc81F","ezcolm","","2026-09-04T21:16:27.000Z"
ezra_wolf,"0xDCA7Fc30EbF8009C86a64412f47fc8731a7281f1","ezra_wolf","","2026-09-04T21:18:17.000Z"
ezraranger,"0x41dE69Da823C6c2c6296042eFcc49eAEABF8e3B8","ezraranger","","2026-09-04T21:17:05.000Z"
f0173a32e49f9ef8ce22ca42a5bc,"0x79022F04170EC680a34A58d4eA43A00a55bC5b7b","willow554","","2026-09-05T07:31:32.043Z"
f0245d1f8d3a43542ffa05b57ea6,"0x9c8184d98F202D1b573f8e1724148B45d7A48493","pax134","","2026-09-05T09:08:47.846Z"
f0626e9ce29c4dd7e4b84c4aff73,"0x086242B526E3084347F5296acc695F01669C9E2e","sketch_onix310","","2026-09-05T07:46:48.731Z"
f0e19a840bec19d8ceb82e952627,"0x46D48279576edDDA8FfF3806801431D168A920d2","toby_edits","","2026-09-05T07:38:10.685Z"
f0f050bbfbcb6c249d4c60910e46,"0x961d420680065b26d78400d9b28DDE23db221457","Lazyart","","2026-09-05T08:34:55.260Z"
f1198l,"0x44747e7F31DEe68Cdf263d06Da993eDeA96F9E01","f1198l","","2026-09-04T17:51:16.473Z"
f1900eth,"0x7b35dce88a275f55614ca7d25c97c2c390fa4a7d","f1900eth","","2026-09-05T05:54:12.500Z"
f1mIPLBbMtWt0dWu81w8Yjdie7I3,"0xAf236dEc04Edc82Dd7A16Ae39F823A44CF909Adf","BrendaMari82506","","2026-09-08T16:05:20.785Z"
f23442795b6eeba99e8ed88a97bf,"0x8f27De03c5ECCe84E5A2A1f481177f7eBE477487","KairoGems","","2026-09-05T07:30:09.247Z"
f23e8c34ab1cb084da2ac00e7cb4,"0xD647b1ab17A7aF2802B1DFa4cf4D8e8e2ac499dE","theNumbFinch","","2026-09-05T08:14:32.786Z"
f2956b277f8ba3148cd1f4cfcae7,"0x4e82FA5A89bc1eb07a08e8dA1dcBc0d46E80A1aC","graffiti_cove69","","2026-09-05T08:48:37.133Z"
f2GFAvYmAhcigbhohwu5PIBi5SV2,"0x353F085DEf0ff5FFe1ba14C5C129571626A7a67F","JamesRober86299","","2026-09-08T15:41:14.512Z"
f2JmzPMF4Tec0KBzxmd19whrTTC2,"0xd0BcFD3Fb2Ad8C045d602a9F2ccD18237E2D6cC4","TrngNga162916","","2026-09-08T17:07:11.306Z"
f2df2116dce2cca35ae2452bf4b8,"0x7ffD437A44865a89f4461D7A79689D78aBD0e906","cosmicowl","","2026-09-05T08:26:03.989Z"
f2dfb8660c25b28a11bb4017d941,"0x5Ccb7158BEe9090d39A4E9d156D51d593037BD27","CoveRare","","2026-09-05T08:04:19.838Z"
f2gf2g,"0xE0190E97986f4b1448dbb83cf01faF2237dAAc2e","f2gf2g","","2026-09-04T21:18:40.000Z"
f32e055962f040afbc93309b47ef,"0x2093f7ac4ce9c30d5e54ef120d01821e3ac7eab8","shuklarewa9082","","2026-09-04T10:34:42.592Z"
f3a2efac8a272e7a089c57ebe06b,"0x87081C3018F09e2bcDeD7FC4b6D85E3A70E9a1FE","scove","","2026-09-05T08:03:30.040Z"
f3e5240bc4d383d4cf56114c732e,"0xEE64F5cc75661738BEA24212482CC5A33Ecb73Dd","remy_edits","","2026-09-05T07:31:44.012Z"
f3wp9tuJovfoGtCkhOoW1P3idNM2,"0xFDA2c9B0Ea969707DE05FbCe1BB16110Ee16AD7b","TrnhLc17804","","2026-09-08T16:57:27.292Z"
f4147c4aa5abbfd1749798fa02e2,"0xBd8aCaE779B251cd7dFF67B59d77FEf161ec6AEa","LunaArt","","2026-09-05T09:04:19.868Z"
f47aa12399b6a16257ac2001fdef,"0x7D8e5063fa53b07612737dFdC4d933231F64818d","frostfox25","","2026-09-05T08:58:47.258Z"
f4GVDTsXpIVlTdJVkiwZZJsgC3M2,"0x96C1001215f787119e366cAf612eEB226AED430E","VDickinson81165","","2026-09-08T15:44:20.574Z"
f4f5f0d77c1c2cc04dbc2e1199cf,"0x20f853F07Bb03ecD07798e502EB0250ffF12Ff22","frostkoala323","","2026-09-05T07:45:50.687Z"
f513f4299af749c482eb336c466f,"0x42965aa254c5ff406a80996dc303589fccf64bb2","Pentosh1","","2026-09-04T10:34:44.531Z"
f596a8d83b6479a0c96b59f9857f,"0xaE35a088559728F4fd9Cb1b9e74813789981c709","theWildCrane","","2026-09-05T08:06:20.307Z"
f5aedf43c21fdb3db5355674ab23,"0x75D49Ed355F88762Fc5babA4dbaFEfC1Cb3Bb66A","SageArt","","2026-09-05T08:46:18.676Z"
f5c676f9268097ff1d7c281ed2ef,"0xb3F8013b0A84E5C813d2E721CAF1282F4420Bb6d","theSilentCobra","","2026-09-05T07:43:32.453Z"
f60fdafcbb8c47508fc1d9dbd19f,"0xb738945a03481a64763134faf3ed990c68768e05","CryptoPatel","","2026-09-04T10:34:49.536Z"
f61YiRoRqkbpW3lD3yEh5BdmExs2,"0xc69a3926e4A90f88986fe117Afa99191150eaB1a","GoodmanHun77771","","2026-09-08T16:13:18.865Z"
f620d4a8ddcb0bf8e41f6bde183d,"0xa3C9c4903912855A5A25691D38b017e3eAF052a2","theFuzzyCobra","","2026-09-05T08:21:06.871Z"
f639e81672465b1d019de92fe306,"0x6eb6ECcFC9552e806AEC7C7220C28Ce04C9A8509","theNumbFox","","2026-09-05T09:04:43.455Z"
f6484844be6c658566c301a4530a,"0x41c9BfCC6aaA611A765e6433AD340bBeD023a9f8","realsoren699","","2026-09-05T08:19:01.114Z"
f662f247c9f3bd7737d122ef3bbb,"0x18CB8E84A70ddCc8315F3ADDFBB3fd5FF07D1039","realpax420","","2026-09-05T08:15:11.425Z"
f66cf856f8a543889a17c1dde28a,"0x7828667cea44e74242ed07ca5292f89e387c0085","InvestWithD","","2026-09-04T10:34:50.658Z"
f6cfab3a5bf94db0a47ff9e9c736,"0xdb4b4ffd0a253e0d29609e280df8425fce7e2de2","QwQiao","","2026-09-04T10:35:42.069Z"
f6da5cd69880959013a84648d77b,"0x2955809038959EDE504c2bf04b81Dc015496079e","NovaArt","","2026-09-05T08:34:20.000Z"
f6e59deaf48053b2df8a6cae196a,"0x9eA7854EcED34005F6A2439F3CBcDb787Aa71744","realsage417","","2026-09-05T09:06:32.095Z"
f77c02575dc293cdaf869e047027,"0x6573E250d24F28c7B2D5E6746743C6528C8ec00c","FernSketch","","2026-09-05T08:26:37.248Z"
f8203eb8c52dfa1c13e3240a4fb3,"0x98bAA3e92EC95c7b6A6A3cEcA8FE53c6348b3DCa","realecho740","","2026-09-05T07:38:04.456Z"
f89ec9065bf6fa0650f0684fc3e4,"0xe1555255cEBb7dc2438a9e9c862357766887cDaB","theSwiftHawk","","2026-09-05T07:58:25.826Z"
f8c090e9ee3e48c70cc468fd507a,"0x38Cc32B2435E3fA3bEf93548c2ed149ab81C0c57","ink_vale","","2026-09-05T08:10:33.326Z"
f8c525b9e9bb26179719467105ee,"0x293f5913e5D504b8B574E5af10b25e0dF9Bda6FA","onix605","","2026-09-05T08:13:56.097Z"
f8c91f84a9bfc83d348b25792b96,"0xd7c8fAf6dC6cf4d881521c1fA1FafB81Ac4D549c","willow25","","2026-09-05T08:28:48.538Z"
f8d33e373c6cc9e83ac0726ceb92,"0x31c9E0cAbb235833918502EEA5556bacCbb86112","lunarbear","","2026-09-05T08:05:47.695Z"
f94accc82d4ea13929b3fe5c3a42,"0x744478254c901729668488F8e697b68050F8B7C7","Darkgraffiti","","2026-09-05T07:28:27.633Z"
f9VozuNWqgeFeoaW3W6X1e0gy6y1,"0x07774e2bDb0b9ec3076539FD382D4C8454a91084","RozellaRui51825","","2026-09-08T16:17:15.159Z"
f9a0b916a0a086f62541a8cbf117,"0x4ffA4Eca28Dc8179cFF711ab397C8CcAbeEeEf2C","kairo393","","2026-09-05T08:46:45.627Z"
f9gfUKuJLZV89PqwJblR8s8JdRM2,"0x4147E0a9492c31B12f5D426aFf6b3b7CBAA75fd7","FultonJose26581","","2026-09-08T16:30:58.227Z"
f9yxGbrJxvNDmfkup8KRE1rtO393,"0x0875e4c551FF07D737015b4cd0Bf88E85FcAba03","TrnKhi249242","","2026-09-08T16:51:43.648Z"
fAphOjTq1RZisTtTC7AliFMt7O13,"0xD6413635e31A6E5e0482EEFd4F33A597D616A31a","GretchenRi9055","","2026-09-08T15:55:18.341Z"
fB6y2QCLroaFptzedpoKYmhN2iQ2,"0x5cd7EAA8cE37b7c5A03E6677e0296885608d96f8","NgBo366322","","2026-09-08T16:38:42.714Z"
fBvGv02vjEYChyg67bh7e9yrXYB2,"0x5fd5ec95C6d0C0F90E110081E4B78fE8dD6B9AFb","LouiseS26843","","2026-09-08T16:13:07.723Z"
fDK2yMEpCmSndjHQHdqv3VUj6Rr2,"0x073F2640C34BA051a8eb49fb5e9A059d13b37954","FredraP41200","","2026-09-08T17:03:53.311Z"
fDKvr6Cc0bTn3fPlkO6VLVlbUdg2,"0xe2808E8525463866eBEbA2A1b1F9a24987200773","GracePeyto47631","","2026-09-08T16:27:33.550Z"
fEC6Z5uEDCTjm5kMKmjqeyzJIK73,"0x4Fb5E7dAadD1e0E6AB6555403B3A4D78d3Cc4579","ScottKiel55458","","2026-09-08T16:12:53.622Z"
fEo235An15g9OyMUMiNMNBzYp9H3,"0x39147b752D0607cD98701BEA3783d607C7efFFD2","LailaS71231","","2026-09-08T16:43:47.228Z"
fHATxsboNRaGAGQIDlWY791qvbm2,"0xC0f9654DB37B5A15Ea0Ef763349F423c100ce759","BuffyVo11202","","2026-09-08T17:08:02.222Z"
fHELbpsXJ6byKCcv8QlEivabn1Y2,"0xE45097dfeFb8244255dBfE52579615e39E6FBC79","MaggieFarr32862","","2026-09-08T16:39:25.372Z"
fHH9o4dcLhfLyqjh98KHo5fGxNk2,"0xD4295bEd3F6d9a5b3714DD032437B20DD4EF8B37","ahmethakan008","","2026-09-06T18:00:37.729Z"
fHlAgoPqcfVrbLcK0MkAX5FChhv2,"0x0EcBc25FF364D78bbd4C26641674C4cacA78a6De","hira_web3boss","","2026-09-06T17:00:55.094Z"
fIR2vSYidcVzAOt13FyIhSlRl9H2,"0xe802737489177Dfc803EDdFA58fa8A852e663Fc8","ThomasBric28818","","2026-09-08T16:33:00.570Z"
fIVQJ59989TAS3DW1bcgfjwEYNG2,"0x47d250260dE776a65E395bd474d8D62866a4fFAD","HoangThai74311","","2026-09-08T16:47:54.760Z"
fIa2rG1M6Ibv00oh6I29arrILXN2,"0x0866C732175eB03cc27684855715e27e4c5c8d6b","DelaneyFai68336","","2026-09-08T16:45:27.500Z"
fIiweiRbhnfuTmsBSxVw0aPNyLN2,"0x61ACcf37f8163CbB841CAA4e4d594Bd961f02BC5","daniels_co63101","","2026-09-08T15:45:44.462Z"
fIv5gY0WiFZv4owlWOSjL9lwFrE3,"0x868C4bdA8B2d556751c5a99Cc84B3dc8C51a81C7","LisaRobyn399614","","2026-09-08T16:11:07.980Z"
fJ8zYj3kCRX1s0H9Uy7nMZekbCH3,"0xbDa4385b99C9dfAB06Cb1cF47994fb2f77138094","Finance4050","","2026-09-06T20:11:38.081Z"
fKT6sMsMzufHmHEAfK9LtNRo5N23,"0x590900f07c489691eA30FC8f9B5d8eCBceCD74FF","VThi256399","","2026-09-08T16:31:24.483Z"
fM1jO3NZmgJQ2CHDJjyrlbD0gwhM,"0x00aF8cC584F0c0b63511B642d8FF0236cA1B9d4d","AngelaPerewvsk","","2026-09-04T08:59:37.287Z"
fNoOgoGfO4dNqmLkSYkyvNkfDj83,"0x8F84Ef5c671795f543d480c6261DCeed00D31eA9","NBenson60526","","2026-09-08T17:05:03.779Z"
fOtqbdpWkNUcPaj5LIDqc5vf8mS2,"0x39236EDED4B5cD2f74cb8633D35EA46B452D3b9f","AllenLeila72947","","2026-09-08T15:44:08.608Z"
fPDv6bDdgtPEGSDmWqraoZHS0jI3,"0x77f5bcd920318b76d9F546aE062Dc34d907EB914","AnnieEmber62764","","2026-09-08T16:42:16.969Z"
fPMNly5aQXbYAQKoOGQhSxHr3XF2,"0x2E88095A5eC2B3Be51210d0E68D41F9eaaa1f6bc","ThchQun868200","","2026-09-08T16:54:40.803Z"
fRcxAaVpL8hqbP42zmpUQUsxnzH2,"0x4Ce8Eabe4874BaAE79Aa06A3fAf92D12D8c25714","LoreleiSel2842","","2026-09-08T16:06:34.390Z"
fT6kwpmTveW0TqyQfCmt7ktoPwv2,"0xDb2650F64C83b5124a1E37D1F45567929ef02130","trieu_tu76934","","2026-09-08T16:56:27.167Z"
fUCiAuGNGdlwnJdD9lURJZzTMGWY,"0x04b9073FaBF88caB41d40B359cdD1A03f174e57B","cheryl00wr4","","2026-09-04T08:58:05.832Z"
fVEWyG0YFaS2cJeAuwvlyLLgbiy1,"0x01141125Bf13578146d131F9444155E05875562B","TrnhNgha796615","","2026-09-08T16:39:57.302Z"
fX3GQ309cyYqE2gvy99WAp4zJq62,"0x91427078831017EfD62245030903C96A1d24c79a","DeanHernan39592","","2026-09-08T16:18:46.522Z"
fXDSEwZ7AAXMb6Kp8XMmnSKsTp62,"0xB5553cbA54e9BFA04506d44E180B069b42633E9c","AlanHernan27148","","2026-09-08T15:43:50.466Z"
f_molina,"0xc87AF79Bf2994cE78860498b73635b26263C5e3d","f_molina","","2026-09-04T21:17:53.000Z"
fa0p90rs6lbmnvDKa0pbeRXv6Kp2,"0xb02f1e6cbfdbadc759def7754e6c1a172910768b","0xEtherneX","","2026-09-07T19:54:56.779Z"
fa8c17214e6ec1a0e5befc51a122,"0x7A60A1642a2dcb7137369e6E73365f99aB461D11","cosmichawk","","2026-09-05T07:58:41.471Z"
fabiode10843361,"0xaAbdAC2C2bc6b5b759affBcA5928343C692660AE","fabiode10843361","","2026-09-05T04:46:22.637Z"
facai1,"0x5e778a9433a4722A66b15BFa4f9E737868b02D67","facai1","","2026-09-04T21:21:34.000Z"
fading_comet,"0x128C687760076AceAfB78849a25A6AA3178D93cd","fading_comet","","2026-09-04T21:15:22.000Z"
fadingprophet,"0xFd7f3435d8C628B67F69C589b13cA244EB4406dF","fadingprophet","","2026-09-04T21:20:23.000Z"
fadingtiger,"0xCa2bB49fA22eFcdF907807544AD23B4266F2C418","fadingtiger","","2026-09-04T21:20:49.000Z"
fahmiy49621084,"0x44C44Ee378f549b602283f55C945B4F5fB752BC4","fahmiy49621084","","2026-09-04T21:19:44.000Z"
fajarhen11,"0x060709682ea5c3700b034d48a37a099bec82fd18","fajarhen11","","2026-09-05T05:40:03.604Z"
fajarramadhan7,"0x99C09a28Fd3a7bb5ddd690d18C6e1149cEc6e39C","fajarramadhan7","","1788588354443"
fajrian,"0x5C50B4D203Da18e9f54D6E94124d7DA05345d4b2","fajrian","","2026-09-04T21:19:28.000Z"
fakussima,"0xA0e4db6E652549E88C36D9Ad1cC5208Cb9Fd8876","fakussima","","2026-09-04T21:14:24.000Z"
falcona,"0xd02D3b2D491b6a0ba6B9b1720216d01Af218fB72","falcona","","2026-09-04T21:19:00.000Z"
falconowl,"0x3FEcE26075638909784a0983aeCaA031a801C61d","falconowl","","2026-09-04T21:18:54.000Z"
fallen_falcon,"0x677482a89d265D1d63d532525a4768c96549bc04","fallen_falcon","","2026-09-04T21:16:48.000Z"
fallen_hunter,"0x40adC209594cc367D05A81f808976988e21CeAf7","fallen_hunter","","2026-09-04T21:16:21.000Z"
fallen_witch,"0x7AecD760b14D758ecDE8a1D232436364dae818d9","fallen_witch","","2026-09-04T21:14:31.000Z"
fallendawn,"0xB80120a7EF5Be19c3D46FCCaeDc82e97DC6001B0","fallendawn","","2026-09-04T21:18:05.000Z"
fallenhawk,"0x7b41691B5D984e229C6D984eeBdC4e5501c7578b","fallenhawk","","2026-09-04T21:15:49.000Z"
fallenprism,"0xDf235291F3B164dC33eA505262723785C55c2541","fallenprism","","2026-09-04T21:20:49.000Z"
falte,"0xe01E8a56CF4C236e5439dC326D7B4F7144fC7B68","falte","","2026-09-04T21:18:51.000Z"
fameratuai,"0x89BfBcf387A930e210fc82b12a7608FF6E0d95E6","fameratuai","","2026-09-04T18:00:24.454Z"
fandrop,"0x690f24c1C4698aA632599B53876ac27Ec8080ebB","fandrop","","2026-09-04T21:19:31.000Z"
fanee101,"0xaC4Da8F4C6b9EB65Ae104f4Aa1CA85644D13Eb4A","fanee101","","2026-09-04T21:20:30.000Z"
fanfcsd,"0x99B171E042c50a457652CB13D78Ca0966b9F5512","fanfcsd","","2026-09-04T21:19:40.000Z"
fangxiang,"0x260Df5613dd79e484e4Af10eC47a31B0A185fbB5","fangxiang","","2026-09-04T21:17:08.000Z"
faniku1292,"0x6E70910c1F7a7f794e7863C53a18a37071C2CB2F","faniku1292","","2026-09-04T21:18:30.000Z"
fanmk999,"0x179ae5af52b6ac1a877d1f12af92e2279a472c80","fanmk999","","2026-09-05T04:02:19.235Z"
fantasssy,"0xaCD5D9e001eDd495c29Fb3D9d22c47C9deE63f84","fantasssy","","2026-09-04T21:21:22.000Z"
fardays,"0xeED78D50D657eB5e6ccA74aB29Cd0D4264533Cc1","fardays","","2026-09-04T21:16:23.000Z"
farhan6964,"0x82cAb998fbcB9cfed01B926445E64244879b1350","farhan6964","","2026-09-04T21:18:14.000Z"
farman22go,"0x3b9d74285D3254be6C256D40ed3Db0aC843CEE1c","farman22go","","2026-09-04T21:20:49.000Z"
farmkripov,"0x5AB42E7dB548545FF7A3D3Cc40d19551bFa2D65E","farmkripov","","2026-09-04T21:16:49.000Z"
farnaz,"0x3e309e9398efC498555f4978fA982Ebce726E73A","farnaz","","2026-09-04T21:16:07.000Z"
farnaz4,"0xef8dF176cE3295aDCa2ab63dc45e3B350654c396","farnaz4","","2026-09-04T21:17:24.000Z"
farshadtx,"0x3Ffec6f2A893a7eAe880bd16C8F1eD5f7CaCb912","farshadtx","","2026-09-04T21:20:49.000Z"
farthinge,"0x3ea7753AD9Db0A68F609d6b5D54Ee121d82ccceD","farthinge","","2026-09-04T21:20:29.000Z"
fasa,"0xD0932b6662cD2Bcdd8aC7F5420e2762f5B8f3dcf","fasa","","2026-09-04T21:19:08.000Z"
fasion,"0xe83594a680f491424c12E7a31BA537ed27D13b2f","fasion","","2026-09-04T21:14:22.000Z"
fatcat,"0x2B6640f655195a3c6EF07878209e0E7dd2D9406A","fatcat","","2026-09-04T21:15:06.000Z"
fatinia,"0xb7b2E50ef4d5D92Fc82d4bBe7CBC23a525bc52c5","fatinia","","2026-09-04T21:18:24.000Z"
fatrui,"0xE19FA027AbA0A8958E26CB4E59a4ff9480DaB2A9","fatrui","","2026-09-04T21:18:14.000Z"
faufus,"0xD9fb209B4F5504A98EeFF6bDB2FB42102a0fE0Bb","faufus","","2026-09-04T21:17:28.000Z"
faylyneeeeee,"0x9e9D4Ed24238826B51b41804739030339fAD4c9b","faylyneeeeee","","2026-09-04T21:14:19.000Z"
fb11113d3b7d379cf6b9014fa1eb,"0x7FcB62D52df23e467112dda4b7416E3460bE2168","Frostanime","","2026-09-05T08:53:21.863Z"
fb247302391fb9dab45d8efd9043,"0x5DCd0D1d25E7aCEa094B2EBEa155c669b3C254FA","realtoby844","","2026-09-05T08:53:40.617Z"
fb50d659a119cbe39b3363315afe,"0x30C7CA76ea85Bd2a2C9c6cF5481949383C476923","Wildeth","","2026-09-05T08:04:43.693Z"
fb58cfce413c268937d9446266f9,"0x847EF42f108286BC6B769BBC31D86ea8962bf764","kairo_edits","","2026-09-05T07:37:14.646Z"
fbafa465b2fd46ddba469a2015e7,"0x5707fd8ce4dd761a8050182da95634404d2820dc","cryptomanran","","2026-09-04T10:34:41.409Z"
fbf1e090095f1ef6da4bba7cb85d,"0x89Ac6018dC94C880D8003b1CAF8fb68cE88b1c07","Lazydrops","","2026-09-05T08:44:41.418Z"
fc299c35b3c9ca3e81366e2e68e4,"0xD8c3eD0CD61C89Fc47639b7f55D8A0C18C02C052","grumpymantis446","","2026-09-05T08:21:20.989Z"
fc4c6ad456f20e8ac2406f7ae467,"0x0571c88E65cd27e263dec164cE35f98cC4eeD6c0","Slyart","","2026-09-05T08:54:20.018Z"
fc737250a3f21545a676dc9e0c11,"0xC70D33FED492F16034e90e28E6a5Cf817177A1B8","realluna","","2026-09-05T07:56:07.849Z"
fcFOlyPzlcchgOPpR0zyxCpXzc22,"0x4166EB865f4aC94eb510eEd66E432A0B182924bF","UcDuong44680","","2026-09-08T16:52:56.477Z"
fcb0fbaf4893540ebe14e89b9233,"0x2FE7338216bC2B7Cec7EA239f365d439321f6CAa","necho","","2026-09-05T08:47:54.472Z"
fcf6ae32589f4ff80ff687c9dfae,"0x3c828FB35e8f16CF0E9f1a93dE17233F704725Af","ink_remy","","2026-09-05T08:33:35.654Z"
fcx3zr5lS9dxuqAg3kvtRGdHJgv2,"0xE0d4Be220F40956783055D16d68d1467235d0A0C","ioannisf94","","2026-09-07T14:38:11.370Z"
fczaq,"0xED5AF3a6591A3203adC0Bd458a47D6229692b2ED","fczaq","","2026-09-04T21:14:12.000Z"
fd1e7935b9d13007ad70a77114c1,"0x9A37DeD7C368c2DE32B5DA581077194568EF5348","sage446","","2026-09-05T08:06:26.644Z"
fd710nv9JqQhvUWr63T2GNfDxMF2,"0x35CA3FD716495FA0425fD06759646E507652fE0c","GillKelli63694","","2026-09-08T16:13:14.706Z"
fdAbR1nWEXhveGrTk4uoioqTorY2,"0x333Bb9E5f53D6B7Dc1c5D11a861CaE1B95697EaB","ChuLinh580783","","2026-09-08T16:24:54.500Z"
fda698f385e7b1c1d63b18d6e684,"0x4360a99CB9058bBbAD5Db7489ec233c71E193A5E","theDarkPanda","","2026-09-05T08:28:16.215Z"
fdc460717f19af3a099b5412f212,"0x8c968a24eE8Fa7EB2656da75b2E393F88A2E885A","sketch_ember682","","2026-09-05T07:35:17.919Z"
fde4,"0x5B10048033173656BE1E4a6CB520760b3240e38E","fde4","","2026-09-04T21:14:28.000Z"
fde5aa281d5dc305cc6a7a306372,"0x495a3A95aD0898b4F13aAdd5BD05918F6a9B9acA","RuneRare","","2026-09-05T07:49:30.564Z"
fdgdup,"0x5810b338E919ee8DC23419545c2Ef6c114042437","fdgdup","","2026-09-04T21:15:45.000Z"
fdu0AfJWm0d4ZghF3Q2VMnvfwA63,"0xc28ceEA908C932C81DA501071a256Ba93fa4353E","PettisPatr15243","","2026-09-08T16:08:34.753Z"
fe444636313d4ced8e8d5cef76c5,"0x5efaf869152728ea34042a438e9b2bdd07fab474","DocumentingBTC","","2026-09-04T10:35:37.859Z"
feb5f49ce2abe8bb78ea0c2cb336,"0xf7ed947B6387FD59535dD983A299d7671D6063C2","OnixNft","","2026-09-05T08:02:42.617Z"
fed9b9822e41cc66641869163690,"0xbF6fD62417915ab7e1A6361B3D8F582724169a81","stoby","","2026-09-05T08:57:21.755Z"
fedafw77104,"0x807D174835AC1d3370a4d54f85423486C18DF466","fedafw77104","","2026-09-04T21:17:18.000Z"
feeGoimimxYCmkPUOOkDtXbTCdh2,"0x7eDc5aF0e9e5Fb469e2DF35fCD2e880744464801","green80391","","2026-09-08T16:55:54.449Z"
feifei521,"0x9E852d1356626cFAD677f9111Ad2732244D6b7E8","feifei521","","2026-09-04T21:17:20.000Z"
feitmuu8UgOO9ZvujcRuOZaCbjz2,"0x784426B8f2EBA7618734620388443F68cC158C04","tong_uyen71142","","2026-09-08T17:08:13.984Z"
feixianghu,"0x55bb1dec0c01d173bda2320990aecc8ac992f949","feixianghu","","2026-09-04T18:47:01.773Z"
felix25,"0x29eB5d4a3b63CAc8e7641f262390Ab9fe7D22CEa","felix25","","2026-09-04T21:18:59.000Z"
felix51,"0x90bA959A1eE305d0933544044b3b26821e0E2025","felix51","","2026-09-04T21:14:16.000Z"
femtooo,"0x0ed793C441EEf49daB4aa4dc82BC050E815a3963","femtooo","","2026-09-04T21:17:30.000Z"
fengsecao,"0x7Ef6A8e5Bd3E9bff9fd26DA11A7D7ABA177C106d","fengsecao","","2026-09-04T21:19:35.000Z"
feno,"0xf39b2Bb562faE8E9846437BBCfd23B9C62A616D9","feno","","2026-09-04T21:21:19.000Z"
feral,"0xDbf99a50d9aD1bAC63B95943B809061C4e4A2881","feral","","2026-09-04T21:18:19.000Z"
feral_witch,"0xB288215C5512F178A3b3E7d5Fa7505c56321AB9B","feral_witch","","2026-09-04T21:17:09.000Z"
feralmist,"0x54194428dCA94F26d0671a81C95518dFffA85181","feralmist","","2026-09-04T21:20:46.000Z"
feralpirate,"0xEed0ae829F7754c0509CC047E91AcF5e89F37B5A","feralpirate","","2026-09-04T21:17:09.000Z"
feralvault,"0x6e708f8E49442D9Baa40b71a694070B21D589aBb","feralvault","","2026-09-04T21:14:22.000Z"
ferien,"0x83B42bB53A96942249f5EDB04320dF0C4d4cd81d","ferien","","2026-09-04T21:19:40.000Z"
festingimogene,"0xaA9747d3179aC9214c1Cec8D8689c2A5008E7791","festingimogene","","2026-09-04T21:19:50.000Z"
ff5wSjqh5DhTGOgg0QXk0WWH3Aw1,"0xa64f2BF9523370f9a46c2a6c6c15CbD54810e79D","ed76974","","2026-09-08T17:02:03.746Z"
fgIEM0cLBwh8ik8Urlcw3Gw8HQg1,"0x0C34B994cE43a31F02D70e0BAec4FaF669696625","MaviaCrypto29","","2026-09-03T19:34:16.630Z"
fgbfbgfgb,"0x29c30D589b2395765e68f42ed741DD1AbF0FBA57","fgbfbgfgb","","2026-09-04T21:20:29.000Z"
fgddh,"0xc9Db33F8DFdd1ABdA5871416559Ed94CE9c8fdc4","fgddh","","2026-09-04T21:04:55.000Z"
fgdxg,"0xF9D0C47d8d11b307962fC32F24F29DAc6490fbbE","fgdxg","","2026-09-04T21:20:20.000Z"
fghh,"0x68cAfc30e0bF90acEF4cd775e3B7533b25CC9754","fghh","","2026-09-04T21:14:55.000Z"
fgvs,"0x80702Daffe85e56cd03E20e7c00788627603Ceb6","fgvs","","2026-09-04T21:14:23.000Z"
fhadiyan68,"0x974d636f322f706238989f75443aa1498d440C92","fhadiyan68","","2026-09-04T21:14:35.000Z"
fher1,"0x8A859Dc098b69E0BA8D65Ac60543404879Deff93","fher1","","2026-09-04T21:14:32.000Z"
fhjf,"0x34B8F90095AD9c4db71e993eAc6F78eE9C7dD765","fhjf","","2026-09-04T21:14:26.000Z"
fierce,"0x506149Ac0932a76fCA43B03607cb23FA0Ced80D3","fierce","","2026-09-04T21:17:48.000Z"
fierce_monk,"0x7a7fBfCCB215bB95F0bdc073711aEE4617faC3fc","fierce_monk","","2026-09-04T21:14:11.000Z"
fierce_nomad,"0x955c3B078Cd7B2003D9576b3EA97322E4B6dEF70","fierce_nomad","","2026-09-04T21:15:07.000Z"
fiercestorm,"0xafc6F7388b495640DA2F25566e185e4b2B6bcce7","fiercestorm","","2026-09-04T21:17:45.000Z"
fikrihidayat8,"0xA7c7154AD8d3adDD6A9F21BCab9c32a9E8f58779","fikrihidayat8","","1788588444248"
filabila1,"0x7281d67646619e351e6105b1129bb9ea12cc946d","filabila1","","2026-09-05T05:59:08.952Z"
filatik,"0x0F7C8a8a472Bfa59D87C8E04f5489B296cD4f01f","filatik","","2026-09-04T21:21:10.000Z"
filopi,"0x813cD9Fd12Cd4D4d4B471CC416466B9932aEbD3B","filopi","","2026-09-04T21:17:44.000Z"
finaleona,"0x44e1b151362764922074025757d5ff0c0439dc6c","finaleona","","2026-09-05T05:43:41.693Z"
findpump,"0x96F77F6F40Ea4e4097bf61C5794EB3209c303021","findpump","","2026-09-04T21:21:24.000Z"
fineout,"0x208d45D16b2c43413f4616786419142e22e5A5cF","fineout","","2026-09-04T21:20:32.000Z"
fingerprint1,"0x0E6E3A53fDF70ACED2c800cFF156E74b5772928f","fingerprint1","","2026-09-04T21:19:32.000Z"
fingerprint11,"0xAc39E17fEA54462c9952aB9C2FA3649317712EFF","fingerprint11","","2026-09-04T21:20:25.000Z"
finn_ash,"0x98587F41aee303549EBdafd7eE08FaF0277066E9","finn_ash","","2026-09-04T21:18:52.000Z"
finnferry,"0x73009bc519828d5f5fa63B0F6107c08c53B54caA","finnferry","","2026-09-04T21:15:59.000Z"
finnmonk,"0x86A6FE238248bF780E5733494960bf89F0172d6B","finnmonk","","2026-09-04T21:20:13.000Z"
finnraven,"0x9BCCFAD9e444a61a9D3eEbdE9469C8aC2B14848B","finnraven","","2026-09-04T21:21:26.000Z"
fionatacs12,"0x80a6c9405855fAc71d0b11A4c477Eb9D5Be9752C","fionatacs12","","2026-09-04T16:39:22.457Z"
fipcrypto,"0x17bD6EBF0658241566d4Bf844FDE367fd8E28f4f","fipcrypto","","2026-09-04T21:18:27.000Z"
firebroo,"0x82c5Ab9B379b00a1849528d043A006548B503Bd9","firebroo","","2026-09-04T21:17:27.000Z"
firefox2023,"0xA1996659BbE5EA99AFc4D489EB7E03B277366431","firefox2023","","2026-09-04T21:16:57.000Z"
fireman09990,"0x2eE199cEF72A4458DbEAC7588E484030cD13612E","fireman09990","","2026-09-04T21:18:17.000Z"
firestage,"0x6bD2869241b323Fc7501Bf7B311Eaae4504D2D52","firestage","","2026-09-04T21:16:30.000Z"
firzam,"0x62379ed6e8a5f9aE64541a488490e662Bb165A2A","firzam","","2026-09-04T21:14:26.000Z"
fischerp,"0xeB994Bce7fF55ed11E2a723D1cF6f69A873d651C","fischerp","","2026-09-04T21:14:27.000Z"
fisherry,"0xD31Ea11fD944e7616208eEFF23a6c56dFc1f7Cd1","fisherry","","2026-09-04T21:18:23.000Z"
fitrihandayani_,"0x09c0A5eb8f85DDD09e98Db2fcA36e14059DAC458","fitrihandayani_","","1788588387458"
fj6xpBOuikNX7HOLVyzkCgQ28eb2,"0x7aef2fe6fF4A9Ec8d1f26DB66210b57Fbf2CEDFe","ppvthp","","2026-09-06T20:36:40.147Z"
fjN7w4WkEPTb1GfaIa9IFIY0pvG2,"0xD4e29ca6c1B65396fdB32E4DDA8dc1a94008eDD2","BosworthVe83832","","2026-09-08T16:55:27.285Z"
fjnn0gCuYJfgNrk6dA6BRts2H8r2,"0x14995DA1314D346858DD6Ba71EaBbe9d690Bda86","Fumola98xyz","","2026-09-06T18:39:27.640Z"
fjoy46UGYiPaW3FBKY94rrWaHNo2,"0x3ad57849be7f45c8d1b87a1d9e7e2f76d0799ec5","lokvu735","","2026-09-07T03:52:12.326Z"
fkZEL8afoeXQIhLUGMYwp0mpApk2,"0xEccAa9Bc28e66955113E7Df4A609cb08Af22a81D","TranSydney99939","","2026-09-08T16:11:19.443Z"
flL4ae1A3PWXppLs9xYjlhLBEls2,"0x72A0360Df3B5E6037Ce3Af6946a659C19337c1E6","RosalynLaw14900","","2026-09-08T15:45:12.945Z"
flamecrypto,"0x0C79cfb89FA9b56fb26E9f021ea88D9F50818DEf","flamecrypto","","2026-09-04T21:19:24.000Z"
flameinmyheart,"0xCE2A46bE842FA179B35A3B1be09B4ff6D2E79B27","flameinmyheart","","2026-09-04T21:20:06.000Z"
flaming88,"0xAE7784fD9BEF0Ec9925BBd16d6AddAC4B5d75526","flaming88","","2026-09-04T21:18:50.000Z"
flankers,"0xCDe75187f8d1627E51DB44b48d6E1A8b0c814331","flankers","","2026-09-04T21:15:44.000Z"
fmirtDqXeYZaSlNDjY4vKYpWMwz2,"0x56f031aaB1BDbC7F4De9b1be04C86119361Cd0FC","PanjulZhafran","","2026-09-07T12:30:05.092Z"
foMqCJhgDDh5GEzxe7C3dCt35hn1,"0x0e513C1d5d4C9a084fA4181d67274C18974E448d","AddisonKir68207","","2026-09-08T16:48:57.346Z"
fofkfo,"0xE86Bb98B290B543eBc60181Cf004E788636a7a35","fofkfo","","2026-09-04T21:17:08.000Z"
fohta,"0x9d0b5097aFB74a6D3Ac784Fc03F4175b007EF1e0","fohta","","2026-09-04T21:20:53.000Z"
fomoengineer,"0x834F87BB7943b0A500fA3F396a317A2eBdec0859","fomoengineer","","2026-09-04T21:19:58.000Z"
fones,"0x7a508FC5f2293fc4Ea04954Ee97bd351b927EFEa","fones","","2026-09-04T21:21:27.000Z"
forsureforsure,"0x956b6312cb3E2D9Ec8B83D2C859c3b4d1c8C8638","forsureforsure","","2026-09-04T21:20:34.000Z"
fortynass,"0xC360FDF98F1C7204A8aA5eE21BA49997Aa374Cba","fortynass","","2026-09-04T21:19:48.000Z"
fotikeu50395,"0x9F81b29b9C795AB1A714F22256966574d82e4613","fotikeu50395","","2026-09-04T21:18:23.000Z"
fox_cora,"0x66dd4E29831B5105864c1dbB260Ba030ffC49291","fox_cora","","2026-09-04T21:18:48.000Z"
fpGgLgkZRscvuiFNRt7lfn9eNBO2,"0xb984e479241B8E6b50d89fa31F65bC53432Be299","YenDiem91854","","2026-09-08T16:53:05.315Z"
fqFShg3ZfEWcbFuAId2pwZSjy863,"0x5a8da921de75A90487e91D81bF413615c1997542","TeresaElle78541","","2026-09-08T16:07:13.094Z"
fqqLnPrJxtfMsvlhQzHSrwEN9Ss1,"0x49A0cAFef830d65464C0495007E132981031D024","ThuLuong99187","","2026-09-08T16:46:45.847Z"
fqxLc9hW4lUsaah7lALflqjT19f2,"0x11Ef76eCAA7EAFD69a285671330a012D3B41ba97","RemiZyana12510","","2026-09-08T16:14:38.500Z"
fractionai,"0x40e544AAb21b359D745397B660440aF92f4379D9","fractionai","","2026-09-04T21:16:01.000Z"
fredoal,"0x112790977a1de5557F59328E6839a73BfB7b757D","fredoal","","2026-09-04T21:14:19.000Z"
fredynand,"0xE634951C777F4b7be7E050BD9Fd18a26224769FC","fredynand","","2026-09-04T21:17:43.000Z"
free_blade,"0x1dbb9A295D133ce61e0de16ed35dC195734f6093","free_blade","","2026-09-04T21:15:37.000Z"
free_comet,"0x15d85F46a0aCDb28902d8B42D2f22F1E9a9a3D6b","free_comet","","2026-09-04T21:21:29.000Z"
free_knight,"0xcD6BFCdE505B5408090Af7E23E8D06aA8bf102e0","free_knight","","2026-09-04T21:21:18.000Z"
free_lantern,"0xf4Bd7bE12A0138a25A98209BCB48ba42EBf8C724","free_lantern","","2026-09-04T21:19:30.000Z"
free_monk,"0x0F4B39D0240262A52053f0e0d9e89cB3a9B9a421","free_monk","","2026-09-04T21:14:50.000Z"
free_ronin,"0x541cA8251cE9aeE42809085f692274AC49cc8314","free_ronin","","2026-09-04T21:17:42.000Z"
freedragon,"0x5EE536E32dA0ee775BfC5cF19776D3FDd1701451","freedragon","","2026-09-04T21:17:26.000Z"
freeecho,"0xB88Fd1f5795eDb9D2E7f203B5A7819EFC17C9043","freeecho","","2026-09-04T21:20:33.000Z"
freeeclipse,"0xD8B8f0Bb1f60b327A3270783C862094478212734","freeeclipse","","2026-09-04T21:19:13.000Z"
freegod,"0xb62148AF0faAa44e8Cf7B89aAe347a4e56f7170C","freegod","","2026-09-04T21:20:01.000Z"
freeman2024,"0x2fb047A446ddcdbA4976bAa5f6395e21d3F4c23f","freeman2024","","2026-09-04T21:14:31.000Z"
freemejankari,"0xe3068f799bCCFd6454C8Caf513d62AC7a2F77bA4","freemejankari","","2026-09-04T21:15:29.000Z"
freeride622,"0xe9cd56b7A72ac6a5766c927172CB1121dd9A831a","freeride622","","2026-09-04T16:13:45.005Z"
freetalkfreeway,"0x8b8c43b909a88f9cc2c79da881bb1696bf4f5fb0","freetalkfreeway","","2026-09-04T15:03:10.698Z"
freetestnet,"0x30845155a2a6FDa34A2b37Db329E1B5619b3188A","freetestnet","","2026-09-04T21:15:58.000Z"
freqn,"0x323B7bAee8E34bBaFA3a22A8f1B0e4ce869Ef7dF","freqn","","2026-09-04T21:21:31.000Z"
frog_q,"0x188C07A81B52b8e0b45E09Af2896Ff99A8839e24","frog_q","","2026-09-04T21:18:53.000Z"
froger,"0xc5CE900CAcEc0098BbA3ed8C20132F4C8eE4b2D0","froger","","2026-09-04T21:18:06.000Z"
fromstar,"0x313dE168d9519d463D200b7Cc45da94Ec34B1b4A","fromstar","","2026-09-04T21:14:44.000Z"
frost_atlas,"0xE490c2f9BAA79c7D91585b24aFab8A58210C8f5A","frost_atlas","","2026-09-04T21:18:56.000Z"
frost_dean,"0x5928f37D420a33Fc2D343FD5c5c9359E8A30E659","frost_dean","","2026-09-04T21:14:47.000Z"
frost_ivan,"0x179726f8B1652dA0DE289036700821B560c60E0D","frost_ivan","","2026-09-04T21:14:41.000Z"
frostbloom,"0x258B0C3FB694e43360879E56f2Cc170A0fffFC00","frostbloom","","2026-09-04T21:14:48.000Z"
frostember,"0xE56a2d5C3c3f739A9b21209313a73f507596C351","frostember","","2026-09-04T21:16:32.000Z"
frosti1,"0x3d4ce826F73D05Ed051B8a6ddB052a98C860DDA6","frosti1","","2026-09-04T21:17:55.000Z"
frostlion,"0xbC25B719ca8150EB2Dc99377710Fd7c7166Ce6ee","frostlion","","2026-09-04T21:15:59.000Z"
frostua,"0x23c7F8d3704C512b095710499E43B771140985f8","frostua","","2026-09-04T21:15:59.000Z"
frot,"0xdea32Ee932c97699a454a247F21a3D00b838917b","frot","","2026-09-04T21:19:46.000Z"
frozen_star,"0x54635CCE7398c71136541FAC375671Ac88c53E9b","frozen_star","","2026-09-04T21:17:09.000Z"
frozenowl,"0xE3eBE4CcDe27AcdE48725C0C08F1B9Eb7DBDE1e6","frozenowl","","2026-09-04T21:16:22.000Z"
frozenpirate,"0x7b2E7532ce62394bd59bD634f6332F04E2aeD7c8","frozenpirate","","2026-09-04T21:16:41.000Z"
frozenstar,"0x6B52e7135AeFE42b349112337D25D7445f4Ccbcc","frozenstar","","2026-09-04T21:15:10.000Z"
frozentide,"0x9B3818044C5BA8E1c77f9Bf84f97d80768d5Bc4b","frozentide","","2026-09-04T21:20:35.000Z"
frozentiger,"0xcF07A861e50D247495dDEe5C6ebCE9997F8e4F02","frozentiger","","2026-09-04T21:18:58.000Z"
frozenvortex,"0x3067302ab3d956883435E5Cb14927687946fD775","frozenvortex","","2026-09-04T21:20:31.000Z"
frzyyensei,"0x101bd6C21a7c6D0B6Cf5151b2d417ef89d1c325A","frzyyensei","","2026-09-04T16:09:57.000Z"
fs7XYo18LMMtzC3Qgqn5RIycYKt1,"0x8772948CDDB5bCeb4EE01b09a5A87dA666Ce6eaf","Ahmad22730123","","2026-09-06T16:40:56.109Z"
fsfas,"0x19b163A62539200d018288d808C2b5FB5f45ff56","fsfas","","2026-09-04T21:14:57.000Z"
fumola98xyz,"0x14995DA1314D346858DD6Ba71EaBbe9d690Bda86","fumola98xyz","","2026-09-04T17:20:13.986Z"
fungie,"0x740154E357D88FB0F24e8FcA39e4A0F0608E70ba","fungie","","2026-09-04T21:20:28.000Z"
funkerman,"0x3c0adB47AFF5cAaa0F8F97674D5C47640Dc63791","funkerman","","2026-09-04T21:16:10.000Z"
furick94,"0xAd74D46d81a1b4f12C78FF0144AdB1792D89FA06","furick94","","2026-09-04T21:17:46.000Z"
furkaggn,"0xcE98E5Fb938feeb8C63b6c5CB79a54a9a7BEd2Fe","furkaggn","","2026-09-04T21:04:55.000Z"
future60,"0xF5e5afa43725ea7d8dF5D647d1B6131669573e8b","future60","","2026-09-04T21:16:57.000Z"
fuud6NTFqIZxde2JKkyasr4VGZj1,"0xA2685D0bb2D08332dC9f17DD8189A598a39C10Bd","ElkayamKacie","","2026-09-08T15:38:33.021Z"
fuyun,"0xf7534cb8BD3Efad3024C832258bEEE87C7fCb737","fuyun","","2026-09-04T21:17:30.000Z"
fwF12otozqdWWHVIZAb2r6XLw2p1,"0x47485Eed8aFf1A672e72cF54a99454a68cFA4847","gwen_vivia71097","","2026-09-08T16:24:27.978Z"
fwhilliam4510,"0xd5Cb05aDB5AD54d3aa55fFdF261b824fB234Ab98","fwhilliam4510","","2026-09-04T21:17:16.000Z"
fwrf,"0x42B433AAA898a1479f238E42849936c364a3C499","fwrf","","2026-09-04T21:15:14.000Z"
fypdrop,"0x2b7D6f15e85BdE536698134ECc3B0a6Ec8dD73f1","fypdrop","","2026-09-04T21:19:33.000Z"
fz4vhAo5xtPJ8xZ0kS7vzNyGeWO2,"0x9D33f8F479e8509B8571Fc8FBf21f6C2263765d1","huyen_vinh58355","","2026-09-08T16:53:04.128Z"
fzCEhCj9R5cMICCkvqsDIrLS9Ir1,"0x8EFC9E6F6f6BA74F4ca3E8c29aC5514C5955b606","MnhNam120642","","2026-09-08T16:48:09.651Z"
fzTKu5cSmHdA1MtIVx1ChCD8HBI3,"0xe14D42BEcD40EFCe1D8C9f2fB42f4120fe3d7fcf","GlennisPla6389","","2026-09-08T16:26:22.916Z"
fznkhnx,"0x382515f219b66d2c79fbcb0dfe48773b84c61ed7","fznkhnx","","2026-09-04T21:37:45.895Z"
fzvl4syztbfK6XeYGEJqW56cYFf2,"0x29f6F88A2233baa94134A4a50127470449A51384","DarkHaz369","","2026-09-07T14:10:31.387Z"
g0M8vYknEWRwGnwZ2AWGaaViV2d2,"0xC095D21b81765f9f35054B45F34e0f56F1F8547c","LanHai67003","","2026-09-08T16:28:44.605Z"
g0x5ANF1Ppeucx7d0ANti6yRX063,"0xE85868a85FcE48B919418ABE61FC3cE0f23b1608","JordanT23671","","2026-09-08T16:56:16.368Z"
g15p5SM3CRcY9hK08hvKBGYvEHY2,"0x41dED62de45647fA87064E73408Dc594A528FE39","AngelicaSe68008","","2026-09-08T16:29:51.742Z"
g1NX9lJ8x9dnIXNpD0auVVw2KIi1,"0xECd0f1916b7db5889381CB6874A04210671706D3","HayesoffSpades","","2026-09-07T07:41:01.790Z"
g4gy8IAGDibpRUgs8ts7cQlji3w2,"0x2E1a439c7159aA110cC61d8D041B0991C889689c","GermainPed92769","","2026-09-08T17:05:52.553Z"
g52ljWMI5WTzweFOwqxx2nnAKdp1,"0xdfde7943ab3ec304161153466df0f6efd203b5ba","fredcity12","","2026-09-04T13:10:21.609Z"
g53Vj5NC07Zpg8EgelxMKVRPiwD2,"0xfec116a51464f93f41e20a9067d7e397a466765f","Ron521520","","2026-09-04T08:45:14.431Z"
g5Ie8gQFxIVWUUdYz7As93i2r1Z2,"0xD11ff5c547C1A644D34e7C68E3465D3EddD35c98","RoyAdams536267","","2026-09-08T16:06:45.363Z"
g5bDhwoo8ze3VMZMgczwxmPfYSV2,"0x6553C12Ce31d23Eb10f24fdaF96dfE9634a8535A","DungHnh495482","","2026-09-08T16:30:13.138Z"
g5lUrCxrSdVsdMe8K0TrMb0UmR42,"0x02E9D8374216D1a4C836a2E175C25C49b595fE1D","MiriamVega14405","","2026-09-08T16:39:08.257Z"
g686v6mZp6PCnOSUZYOdgjfPJJj2,"0xE087F1031deeaf4a4C6793F2c484Ce4b2b12773A","haven74750","","2026-09-08T16:10:41.019Z"
g6f4mxIkwbTTN37cJyHGLplCGzW2,"0xAae6607F71a2062e6df54F5fED80f64Ff2da3f5B","PhmGiaLan11950","","2026-09-08T16:52:01.138Z"
g9KdwG0iQzOm492BAht8p1GoJCH2,"0x71B73d19fce806D6496A7B8140813374512adB92","GavinCross38872","","2026-09-08T15:55:08.884Z"
g9pKHwqjHFRkb4F9yPS1drH5OyC2,"0x7972fD911E8276Fb0C1584997e0a35cCaCbD2A82","MarticaS57042","","2026-09-08T16:39:24.721Z"
gAzz9COUgzMiGaCYXLfzJA3qTB1B,"0x18fe32Fb7d720bCBC47C606B4ceF2920e9bA56Ce","JuanSullivaqba","","2026-09-04T08:58:55.960Z"
gBIm9WCAqSejswCORtA9UTa2rWx1,"0xcE7C73D608BDbf5A1A4464788b4aA946A4f073ee","GlennFarre45683","","2026-09-08T16:48:47.995Z"
gBWTcT8rdvcAZTJSTC4DSkmeb1a2,"0x630DE812C7310cbB2F0d25b3a13E2dda21D77538","Frase90101Scott","","2026-09-08T16:58:59.210Z"
gCg0fH1UogVBS6xKBqLCBA6tF6v2,"0x80c83cDCBBb679C2227464Af0b4Eb34574BF6eCd","YnThc118406","","2026-09-08T16:30:24.329Z"
gDN5koe20FZbSXxsisAuEoEkGl72,"0x55f59dbbc948342ad0de81e7736a27e35d9f6eeb","alaba_okik46391","","2026-09-06T18:08:54.350Z"
gEDff2A9pFYUDCHKnzuZW3Pgix82,"0x42063754dE710f2e3b310682133BA1a2DBcB3C65","NgHi549021","","2026-09-08T16:44:20.939Z"
gJuXqbodJ1VPhP0VGyR0PHDBMCg2,"0xbC7ee3E1d95787A6bC04277C9d2a80e06c55AcCA","CaraR52986","","2026-09-08T16:18:06.220Z"
gMdYjrNXKYPOmATkHoN8uiYBjm02,"0x8A5934B1BA0f4E2067CC7961e976D855dFB42afa","KylaLauren38274","","2026-09-08T16:22:56.883Z"
gNTMBmHxuoRA2yv8KxeBAaAnuGl2,"0x80B5A1a598Ce86AcF302Fd0d46c73BDeC737B7CE","MaiTang51292","","2026-09-08T16:42:29.144Z"
gOrXPOGBi6gdy0IWI2jiZGKrzBf2,"0x30CF4eE704Cc5e6834c18c641707E5A63866ec05","BrookBartman","","2026-09-08T15:37:16.533Z"
gP7tRE4R2IQqKTYvH7Y9VcB2JL93,"0xfb01014c26a5459d2779c54b7a35e0cd35f68dfd","HpZ7Bq1ZoW59459","","2026-09-07T12:54:35.919Z"
gPKVIXRbLcRBQbV0shCFpsv7dGI2,"0xc7F02a193A99C4d4a35365d09e98b4DC002908e9","NhamB81553","","2026-09-08T16:56:08.348Z"
gTZWbOXj7naIUMH7dZapX4qAe722,"0x88ad914Cfc4A77D9daf3F067BA8cfe92C16541F5","sjcryptox","","2026-09-04T03:50:40.405Z"
gU6MzO7bJwUNdGiK7Lxu2hjLj653,"0x741e0b1EBB8325acfB5EcEB508187577F2aAedF6","CarlJones76303","","2026-09-08T17:05:33.063Z"
gUcjAP0JRTcC2noMjEDzfztkMZ62,"0x799694a30E431433BBD7B60A9E829125510f1B74","JimGilmore16027","","2026-09-08T16:05:53.981Z"
gVOUk5GMBtYXpw3kKL4528XBML73,"0x8b8e08e6558650c0ff5459b8f12d8cbc4602e59a","Suhewrej","","2026-09-04T05:41:05.151Z"
gVjVGV8PLZdwUleVclU9dOsiBy83,"0x3eAe818375bD6777c322A7A119FAd824aFcAb2FF","EstelleHow96286","","2026-09-08T16:20:33.287Z"
gXWyDjRPPZg5XS8svMNYs9usqYp1,"0xef5E8e6449993D3087c4782F55bdb9f8f37Ba454","VeraB63674","","2026-09-08T16:56:23.515Z"
gXipgCPIbpV1YmpDt13bslbQ4Hg2,"0x0BbEf3D9bF9E2A52a3C70b7ab99b0d2645aa6f20","LeightonSt6708","","2026-09-08T16:15:35.843Z"
gXyYzFLWBYgQuzcKEPnfrWANlo52,"0x38707Fdf810C2AE19eDc73c23308323A218D96f8","HiCao267954","","2026-09-08T16:56:17.762Z"
gYIb90CaFNVvmHRBhkoEPzXR3Ix2,"0xd7F2D47051Adc0D0D36b8DD9546e144d0F47AB7D","MnhTm447642","","2026-09-08T16:31:58.806Z"
gZxQr3dBYLQauqy1Exn6prTm61t1,"0x51d8A01529884e51b86A33001c1Bff88734BEe77","khanh_tri29460","","2026-09-08T17:07:29.939Z"
ga001,"0x76f0F976bEf9afD60dc6Ce45827b355B7861c720","ga001","","2026-09-04T21:20:32.000Z"
gabriellsave,"0xf31b5938784aAC0835E6a489029c35e4303a525e","gabriellsave","","2026-09-04T21:14:20.000Z"
gajago,"0x2b89021c75C5F917d3015a8180F6419FE56Cdc3E","gajago","","2026-09-04T21:21:00.000Z"
galex82,"0xee69E5CfC4d3B72964F821029b1ACCfd12273491","galex82","","2026-09-04T21:15:46.000Z"
galxe,"0x2B143887dd2cA90e6d58ADd492B2C11b1b37A14B","galxe","","2026-09-04T21:19:29.000Z"
galzra,"0x34eF4C7Ebde4E7ef05382Fe0CC5CcFEafb854efF","galzra","","2026-09-04T21:18:08.000Z"
gambitz,"0x22b7fbBFc5Cd7D23FD9D6C16E17Ae02A169912BC","gambitz","","2026-09-04T21:20:52.000Z"
gamersgepe88618,"0x8875490eef961881aecc8bba4eed0873213c31c7","gamersgepe88618","","2026-09-04T21:46:36.718Z"
ganeshman,"0x77725aD27Ed42E4eA60bA72646921eF2cff81B3D","ganeshman","","2026-09-04T21:15:03.000Z"
gangadhar,"0x04Ffa5fC76CD46547E67dfD920dC62106d499A77","gangadhar","","2026-09-04T21:15:28.000Z"
gangbi,"0x0aF3dB3ea618Cd122b1EA080c91641ebf7D37bE6","gangbi","","2026-09-04T21:19:36.000Z"
gao666,"0x0932A4D7F4cbf8050558CF58375442D10d122Bc3","gao666","","2026-09-04T21:15:28.000Z"
garapanad,"0xF37A08466a7e8ed13830F9BD653FFF33Bb2d73C9","garapanad","","2026-09-04T18:25:22.249Z"
garapet,"0xB2Ea7Aa149d5a792172919d9FCFbE5F3E7EfD7f3","garapet","","2026-09-04T21:21:19.000Z"
garganel18,"0x28DB86486f024c2A6d616c92A2618C58E40195a3","garganel18","","2026-09-04T21:20:51.000Z"
garik100,"0x757762237E40dC6A9dAf08063608D55Df6e1CB40","garik100","","2026-09-04T21:14:37.000Z"
gariknft,"0x8Ba3B965c16e898a0da436bC6579F617411B7644","gariknft","","2026-09-04T21:18:14.000Z"
garlo,"0x9464DEDC422F9249C2Eb828941E75d9d2571dEb6","garlo","","2026-09-04T21:14:02.000Z"
garmek,"0xd3BE671E21199bA805185eeFf55DEdFf9792DC0e","garmek","","2026-09-04T21:19:25.000Z"
garryd98,"0x98e8d9293B41B4150E5D66E81Aa9A4477E380F9f","garryd98","","2026-09-04T21:21:39.000Z"
gaskeunbrody,"0x2cA726249203a4F615A6DfFD877850b216D758F9","gaskeunbrody","","2026-09-04T21:20:19.000Z"
gasuyte,"0xbB228ab5cF75103d7F3AFb34614298c1A3361C8b","gasuyte","","2026-09-04T21:19:02.000Z"
gatay,"0x028c8A07F0BED804E05926D0d639F219b43c9f8f","gatay","","2026-09-04T21:16:38.000Z"
gatto_526,"0x0636B47164ea3099C6FC39c52A3f4b7B7Ecaa03B","gatto_526","","2026-09-04T22:46:04.561Z"
gautamgg,"0xb9D39Ea453ADE7774B9c4e6C766f5865bDeD1DFc","gautamgg","","2026-09-04T21:14:35.000Z"
gautamguptagg,"0xE6c734BF045d066D01E3FD1d2188BAFd1FcA8906","gautamguptagg","","2026-09-04T21:16:38.000Z"
gavin,"0x69b8E788EB5c36047939c4b002BA6f46f9c57895","gavin","","2026-09-04T21:18:04.000Z"
gaydaychikk,"0x6b2dAbe114D2E585931F9396E15Fea41724F1A94","gaydaychikk","","2026-09-04T21:17:50.000Z"
gazeregalia,"0x111678f42e1D8Ef4CED14f204C46030F87F50fc6","gazeregalia","","2026-09-04T21:15:39.000Z"
gbCSGbHzu7Yd0VwcgAYHyDFQQuQ2,"0x295a9DE9795Bd5ad0C29F5E0619Ed1C0302Bbd4E","AfsanaSk7","","2026-09-04T12:46:14.627Z"
gcDtqsegVEh6ddNJlsDWiEKYAAe2,"0xbEC6f0b803F4ca7FC1b84B059B918365ADeC1C88","pandorfsol","","2026-09-05T14:19:26.185Z"
gcE8oV4qPDaGSOmJqIxigGVPf9S2,"0xeD54BC575D00069c1A4b07D2eAF7A52e4Ab1d3b4","CaoTrang589642","","2026-09-08T16:47:49.096Z"
gdream,"0xF316B461f782AB2ca8bb258e9202a90F44F8C907","gdream","","2026-09-04T21:21:28.000Z"
gdsfghg,"0x6ed56E20038E822237D222E189a87015680713E1","gdsfghg","","2026-09-04T21:20:58.000Z"
gdvdf,"0x8431EFa836Be2c9d67A05A520A45938D5164dA6B","gdvdf","","2026-09-04T21:20:30.000Z"
geZL4ejs4oTmE75B9AzPFhmdHON2,"0x7403738b374BdE92D18a278b7F3AFfDBa7f099Cb","OliveCamil60662","","2026-09-08T16:35:51.478Z"
gekkon,"0x6D0D00687E3C1E144Ca30bbb71D88Eb5C47175c0","gekkon","","2026-09-04T21:20:07.000Z"
gelio,"0x5dca93388f9c70a9B838D1eb8A2645cCD88c7CdD","gelio","","2026-09-04T21:20:31.000Z"
gemchip,"0x147813CFe5050BF11C8c3419c14B25c78f1Cfd70","gemchip","","2026-09-04T21:17:40.000Z"
gemcii26,"0xDb8330Bd028a3F4b331A4FE942fd9561f60605D6","gemcii26","","2026-09-04T21:15:07.000Z"
gencay,"0x0dFe476B2f0e12c3Eb1c9264747E320d8CB2f4FF","gencay","","2026-09-04T21:19:13.000Z"
genzz,"0xAc2BF4BfA806df87123f7274aC532AA1885AAcE9","genzz","","2026-09-04T21:19:43.000Z"
geogio,"0xbbd394FA19E140c5a33d47eB5ecdaC294512c898","geogio","","2026-09-04T21:14:47.000Z"
geonix,"0x074C51f15013256B3E895B1B2A27469E98F8C4a1","geonix","","2026-09-04T21:18:17.000Z"
georgeo,"0x553bFd56327625D7a018cdcc17b499E334846414","georgeo","","2026-09-04T21:17:43.000Z"
georgeokola1,"0x70743962fe7BAfD8D3109E6060D9E5042530173E","georgeokola1","","2026-09-04T21:14:05.000Z"
gewelyn,"0x8415253731B48D8E65aFd23600161a9C4992FC02","gewelyn","","2026-09-04T21:16:38.000Z"
gezhi,"0x22825DFEa8b1FE09877E5f25a6925978a2a1435e","gezhi","","2026-09-04T21:14:31.000Z"
gfdchh,"0x4A8F1F1b8E344576edCe07C04Dd94e620925eDcf","gfdchh","","2026-09-04T21:14:29.000Z"
gff839803,"0xb1f0fccc4680cc727420b9c2d82a25b8d2ba2cca","gff839803","","2026-09-04T15:30:20.871Z"
gg6688,"0xdbf6Cd6Db4fFF903Bf8Ed6A504203e6232aD94B4","gg6688","","2026-09-04T21:16:39.000Z"
ggg112,"0xf29Ec1dE3BF41c73E5dCc39895ef63231CB56631","ggg112","","2026-09-04T21:18:27.000Z"
ghassemikiarash,"0xfEf89dc831B7E12827Bc19377F3F7B7eA398dE9D","ghassemikiarash","","2026-09-04T21:20:54.000Z"
gheet123,"0x9983BE9007E083532730abcDacE804Da3a599e63","gheet123","","2026-09-04T21:18:04.000Z"
ghost_max,"0xeeeC21ba78C3679e9E85e0C912aA7Ec33158D343","ghost_max","","2026-09-04T21:19:12.000Z"
ghostcrypto,"0xB9E233bBc8dCfF3F1863b61DAceB80BB65551EC7","ghostcrypto","","2026-09-04T21:19:38.000Z"
ghxliii,"0x2e89Fe06190EAc4d0EaC8A4d81722e23E8250E70","ghxliii","","2026-09-04T16:37:48.229Z"
gi0kDpbVbJTr91DOZVsAM6c5hVo2,"0xDb229569D3c0ee0E212187E16Ef49bC476BeF35C","becker_mig2347","","2026-09-08T15:44:15.140Z"
giacob,"0xa33eD4Bff5ad0e13025f3fD6733332bfF428F1C5","giacob","","2026-09-04T21:14:18.000Z"
giang1612,"0xc436611FE5a915A600A33f06e3547916F3c0f00E","giang1612","","2026-09-04T21:14:14.000Z"
giangtranmd,"0x6831E5838f1dca19347967c14803Be8F3485CCdE","giangtranmd","","2026-09-04T21:21:15.000Z"
giantzec,"0x791fE8BA76467fE25486b4e682Ed9D92e50595FD","giantzec","","2026-09-04T21:19:23.000Z"
gigabyte88,"0xEB09ECFd477D901D9312C36fA1292F61EebaC8B5","gigabyte88","","2026-09-04T21:16:09.000Z"
gigantic,"0x08A52EE9D96a73CB0Db45837c368d4cd8C0d76F9","gigantic","","2026-09-04T21:19:10.000Z"
gilded_falcon,"0x4655Ae75ce8cD9Aa9a03a4D9D1CA901FaD30cCD3","gilded_falcon","","2026-09-04T21:14:57.000Z"
gildedblade,"0xE29D116d7fDDCB4A4A5E96AdE62C5E600F5B5ABE","gildedblade","","2026-09-04T21:20:04.000Z"
gildeddusk,"0x391022e7e589868923c159552434FE7dcCA7eB04","gildeddusk","","2026-09-04T21:20:18.000Z"
gildedfox,"0xa59784dAFE3eA0CE95Cc114CA38A597eaF8454fC","gildedfox","","2026-09-04T21:20:48.000Z"
gildedghost,"0xcA1Fb919EA8D901B7A76eb0e7c0Df34A785Dd30e","gildedghost","","2026-09-04T21:18:16.000Z"
gildedlion,"0x0334F1C4755f7B5ACf35f9D5d061717f6EF62efB","gildedlion","","2026-09-04T21:19:16.000Z"
gildedrune,"0x10dB8e3f5397c8FCbD6041440762426cc1d5a39f","gildedrune","","2026-09-04T21:16:37.000Z"
gildedseer,"0xCA70110F052cb42Db8a2491e04C945d05334Da76","gildedseer","","2026-09-04T21:18:42.000Z"
gildedstorm,"0xEF75c9de56a2beCa8CaA7CC1D13c5F3Bb29aEDAa","gildedstorm","","2026-09-04T21:15:50.000Z"
gildedtiger,"0x27863e61f679595283Ff3Bd7F9465f38bBd7Ee2d","gildedtiger","","2026-09-04T21:16:45.000Z"
gildedvault,"0x00442750DbF613ac5A8124eb6377C3f9a72f2FFE","gildedvault","","2026-09-04T21:21:24.000Z"
giod,"0xF425ce9EbeA3Ff76a609e4FBd537b101bf577683","giod","","2026-09-04T21:15:50.000Z"
giova,"0xC03fA75e50dC5eb01197F686e6ED4E183Dc19F9B","giova","","2026-09-04T21:17:48.000Z"
giriii,"0xb4595Baa97BEc83F1d744E3c5fa9B6C04d64Ba70","giriii","","2026-09-04T21:20:17.000Z"
gisellanakame,"0x8e7c4e09eede74b5c2b4a367b6ecf0e86534d353","gisellanakame","","2026-09-05T05:43:20.787Z"
giselulu,"0xc24D417d202E94E8de073eB461C55c22cae78cc5","giselulu","","2026-09-04T21:19:52.000Z"
giuliamelissa,"0x18d2506A14186aB5bEbB6ba614d08953fdba44e0","giuliamelissa","","2026-09-04T21:17:01.000Z"
giulianonft,"0xA3Db5873Fe8e13f95BD3C50D6D413477857eFa43","giulianonft","","2026-09-04T21:17:59.000Z"
giveno,"0xb5D3C7A31d782aD29253Bf266B71AE60b93876b2","giveno","","2026-09-04T21:17:11.000Z"
giveno_nft,"0xB4a9b9b4Fc50cC9E1E42BC1bA766dE3D2196A6c9","giveno_nft","","2026-09-04T21:17:12.000Z"
gjHDlBWleTP8ClVeohyRug3A1yP2,"0x24Ba99d5f934A777Dac49de182f193B281b22E8F","HelenaSchu12015","","2026-09-08T16:09:20.345Z"
gjP6MQZ0jHhWNSh1bQHLhfT1iaI2,"0x198cac934aa9b23511ee20f2880a300d2d77214f","bayusapta555","","2026-09-07T17:06:12.353Z"
gjl588,"0xEdD056fd21f2eEc304645C163d4B9802c51B3065","gjl588","","2026-09-04T21:20:48.000Z"
gjnLVJv5tZMkQ3atXvF4jDbZV3g1,"0xaed29cf65a62b9dc911a8f62b353b521cc733cfb","Berry9_6","","2026-09-04T12:49:51.945Z"
gkPY0z3AJvQzbj1qo3AokMnYt0x1,"0x6739C178A04C1b38823463E3975154b6125d4078","RonnaWhela95473","","2026-09-08T16:11:32.627Z"
gkhnylcn,"0xdc167bc413ab61d36c747E02829E1ea0FCe2F6bB","gkhnylcn","","2026-09-04T21:18:53.000Z"
glass_eclipse,"0x3f90ADBED5d66311C9f57CE19103674396e1092d","glass_eclipse","","2026-09-04T21:16:39.000Z"
glassbard,"0x2e52d0035a26498D748Da0B59ED66c0212D2d966","glassbard","","2026-09-04T21:21:06.000Z"
glassfrost,"0x2c46f111761f5909dAb05936f15b39E56D98d414","glassfrost","","2026-09-04T21:16:04.000Z"
glassmage,"0x5c83CB18A666ee8B8f56a7dC39489EA514a92F00","glassmage","","2026-09-04T21:15:10.000Z"
glasstiger,"0xB676ecAe6B05E74eC5DeC3715599f4f3CbeaD637","glasstiger","","2026-09-04T21:20:01.000Z"
glasswolf,"0xB85baf971745fa6d2c8314CE4F14f2FfAa6B0583","glasswolf","","2026-09-04T21:17:53.000Z"
glavine,"0x87F483F49798616e9dFD59F857D1e102d7FDA0fB","glavine","","2026-09-04T21:20:54.000Z"
glenojo171036,"0x59B65db6FA6F9bde084292DF14798B96aDb9Dd43","glenojo171036","","2026-09-04T21:16:50.000Z"
glik,"0x9f02488ac8364ec34DE9A175Af610A3D90fd8c2b","glik","","2026-09-04T21:17:45.000Z"
glupikron,"0xCD926B430b73876a0C5cB9401283873ED2DD5102","glupikron","","2026-09-04T21:14:30.000Z"
gmmipl,"0xde6b8892365e0b3a0644de70ed24042c3d92475c","gmmipl","","2026-09-04T18:35:37.701Z"
gnV0x0RlwxReRWtmcXTtkBXHNc22,"0x8E4a67Fc716e996B345aa93be0a8702758d37a06","MandyDean344012","","2026-09-08T16:15:38.674Z"
gnhmk,"0x228470ab91F5c43b792E24d97c90c197774a6c21","gnhmk","","2026-09-04T21:18:29.000Z"
goalgoal,"0xc5A9643500E63C04823054132bf462b1058D76f4","goalgoal","","2026-09-04T21:17:40.000Z"
goat5551,"0x3b02812F1475C89B76918CB3587d91561ac54819","goat5551","","2026-09-04T21:21:16.000Z"
gobio4gobio,"0xA6D1d97d73166308da0508404F02019D2c7DeF14","gobio4gobio","","2026-09-04T21:15:49.000Z"
godEHkzGbDP5FzsOCaHuL8jOQEzO,"0x61c631392e76260E4285Cb21d0DF9b26340d1bAa","jeanne92oh2","","2026-09-04T08:58:15.823Z"
godbim,"0xa625674d17E65eD012427a58fA6A60DaD77cB92b","godbim","","2026-09-04T15:38:36.181Z"
godfire,"0x5C826945A1deb3318D4C631ac21Eab256C83B992","godfire","","2026-09-04T21:16:08.000Z"
godjess,"0x0D55638769382aA9567965678b73e782683E6582","godjess","","2026-09-04T21:20:11.000Z"
godzinski,"0x21b768DaFfC024523fbFe0E5A76e221Db41cE22C","godzinski","","2026-09-04T21:16:12.000Z"
goeUPFBf1tdaesIN269soUOuRGv1,"0x2c4b8613a1198b9AaB76C459e5597152f9BEc9b1","ECroftoon76578","","2026-09-08T17:03:25.803Z"
goemondx,"0x0E6A76ceA0B9a8C55B622FE0d7Aa8d1Da1B8262B","goemondx","","2026-09-04T21:17:54.000Z"
goetiachain,"0xe862905E4459C7405DA013881E0953D3E3A3C1D1","goetiachain","","2026-09-04T21:15:04.000Z"
gogoyuya,"0x94C9b6fA6830A966925B89A705a694c9094e17C5","gogoyuya","","2026-09-04T21:14:30.000Z"
gogu1234,"0x4DFb0BE02b4F5c46A725DABedE99ce235dEbB45f","gogu1234","","2026-09-04T21:15:37.000Z"
gold_knight,"0x1BFb1df555A6da9A274B79452c216659cB0a9dD0","gold_knight","","2026-09-04T21:17:49.000Z"
gold_mage,"0xF8EFFeC5599C3972850CE09ef6bE97ff4C23c7A0","gold_mage","","2026-09-04T21:20:16.000Z"
gold_mist,"0x24D41e1Df7Fbaf967f8146F20f0214130980B0E6","gold_mist","","2026-09-04T21:16:02.000Z"
gold_rune,"0x14138DA22c23CfF3124398844DEb725BbD0f8300","gold_rune","","2026-09-04T21:19:09.000Z"
goldcat,"0xe8b7F62F2f645F44f0e8d103bFe9a575368a3437","goldcat","","2026-09-04T21:18:29.000Z"
golddog,"0x6fD92940c9Cb0Dfd736747d8BBd81c90a4b359c5","golddog","","2026-09-04T21:21:17.000Z"
golden_monk,"0x910401f43dB061a7f3de9Ed9f053BB60045d3f1E","golden_monk","","2026-09-04T21:15:59.000Z"
golden_moon,"0x9F5F4F61E776464A8823A1bEE0Ec438C723B4060","golden_moon","","2026-09-04T21:17:12.000Z"
golden_pirate,"0xB702329D7b7449A4273e5c033761764A9De9dc4c","golden_pirate","","2026-09-04T21:14:21.000Z"
goldenbard,"0x716522FA1a52cA339f33d795Bb02aaB3413C02F6","goldenbard","","2026-09-04T21:18:51.000Z"
goldendob,"0x3bd1E95FDB4ba4233871cE777D2cc5D5B296b374","goldendob","","2026-09-04T21:15:10.000Z"
goldenglory,"0x6f3B5Bd6d5c174F25E7Ae9549A798FE5F23bC008","goldenglory","","2026-09-04T21:16:54.000Z"
goldenphoenix,"0x95d6D8D1524A7977a5EEa6A406f9809cEe3da67D","goldenphoenix","","2026-09-04T21:14:05.000Z"
goldenrelic,"0x32998AADFCc8636bF1613BE8010AD1155aA48E51","goldenrelic","","2026-09-04T21:17:41.000Z"
goldenrune,"0xBbF0bfb646D173E72a553300DEFaF7a8656A3158","goldenrune","","2026-09-04T21:21:11.000Z"
goldenwarden,"0xb0dD1262F5aD357E8B7CD50A1E8B1aE5f7d3fD39","goldenwarden","","2026-09-04T21:17:14.000Z"
goldfish9k,"0x3eA748C45c10A648c7c7BDe052a982E4235eB8C5","goldfish9k","","2026-09-04T21:14:07.000Z"
goldhare,"0xdCB582333d12C5e7F91cb918B4fB2B4263Dc59ba","goldhare","","2026-09-04T21:16:53.000Z"
goldhawk,"0xE918D862F5A07149fF7e485c4B4E90f7E59A7891","goldhawk","","2026-09-04T21:17:31.000Z"
goldibis,"0xb1dD629081eF683791ff76E25704b663e41B3E9C","goldibis","","2026-09-04T21:20:45.000Z"
goldmole,"0x59b6d2F451F406BE6f7a5B85d1DADCC0CA7fB01b","goldmole","","2026-09-04T21:20:39.000Z"
goldmoth,"0x3D8ca072aace84574BA77d376949f7e32875200a","goldmoth","","2026-09-04T21:19:08.000Z"
goldragon,"0x3d8F7fe067D99D561c33b0526772e6539C05b062","goldragon","","2026-09-04T21:16:55.000Z"
gomblo,"0xE1b1E29559f5b03393EDa81448139bCC2C723870","gomblo","","2026-09-04T21:16:22.000Z"
gongxiaomi,"0x260204283F279859Da33369530F0F5B20B3E2C4A","gongxiaomi","","2026-09-04T21:15:41.000Z"
gonshik,"0x3175bb2B45B157D60d593E32F2ccD78f6919A90e","gonshik","","2026-09-04T21:18:00.000Z"
gopal365,"0xdd1aDc6e2CA5b2EeaD0BF784A7b0cd957e7Ea51c","gopal365","","2026-09-04T21:21:37.000Z"
gordienko,"0xFb89F4417a7ed0371bE2Cf10408d921D693732A6","gordienko","","2026-09-04T21:19:55.000Z"
gorilla,"0x3d512d213a1e55e89A9E250C23c1943bA4b32A87","gorilla","","2026-09-04T21:20:44.000Z"
gotrex,"0x107551866E68D1eA36003C4de6Ba364ff696cE4f","gotrex","","2026-09-04T21:18:05.000Z"
goubi,"0xa42ba638207944eD7D92D9232cD375b3bf1a80e6","goubi","","2026-09-04T21:19:57.000Z"
gouzi123456,"0x99db175a52C7e880B5017E0293a44b717667a1a8","gouzi123456","","2026-09-04T21:21:15.000Z"
govind2503,"0xe2100c4f6fc5f49cF0CF7b8a127A53810F6Aed4A","govind2503","","2026-09-04T21:15:31.000Z"
goxel,"0x51C333318672036b8f026238C4495eF5AA0752D2","goxel","","2026-09-04T21:14:31.000Z"
goz2xhc7r4ck0FzVf5UdWpu5hrl1,"0xEbE9Db433a764E8107c50B405061877618C16009","HYvonne79815","","2026-09-08T16:29:01.258Z"
gpmqyCoACbaYjhTfcNCKPIZzGXh1,"0x9217d4Be199a8aD4f95211A903E93415935E8002","QuangThc134354","","2026-09-08T16:24:30.874Z"
gpnZ5t0vIlQbTXtYKjwah0Kz2Zl1,"0xefF6654e7091fabC6a4E573e052F99c067Db94dA","FlannaganJ13147","","2026-09-08T16:18:20.093Z"
gpu9ld9mzWRAaOiwWYTXwhoAXoq2,"0xEb0AF94A8D65fd9Fb0b13919eE5fEa2e6863f219","ColeDavis955115","","2026-09-08T16:07:50.629Z"
gqC4QvfbZtaPmsTqTlfd4swoon22,"0x10daC796e9113e0B9893149262491B476E4F4fCC","NonieWelch49907","","2026-09-08T16:20:54.443Z"
graby,"0x516052967Ceb5609fDcC2Fda4AF77F596FA5c6fD","graby","","2026-09-04T21:19:14.000Z"
grandevan,"0x35B88752f1a8c052A5397da27705175c258fb113","grandevan","","2026-09-04T21:21:39.000Z"
granlund,"0x5e6c07657b88624E302B0d0021D2aeb48c99cdab","granlund","","2026-09-04T21:17:33.000Z"
graysuit,"0xCEdE8672818824a94C12811C4f7F0bC49E6B0104","graysuit","","2026-09-04T21:17:23.000Z"
greygo,"0x7E9E55393a888C6C596b8D81383f859710bd03DC","greygo","","2026-09-04T21:21:09.000Z"
grigorij,"0x383b0de7d4F7FD7E657cac346cF44c983a2308fb","grigorij","","2026-09-04T21:16:55.000Z"
grillgate,"0xe6cE7C99247b057f933175765f11de90152690A2","grillgate","","2026-09-04T21:18:29.000Z"
grim_nomad,"0xa25594E2D8Bb6a57B0226814049B9eed7a60B57A","grim_nomad","","2026-09-04T21:17:12.000Z"
grim_prophet,"0x2C5Bfe6F8294aBCC10E2852CC6ed852ACBc65f07","grim_prophet","","2026-09-04T21:16:25.000Z"
grimbear,"0xE1D68024986946aB86c801a3Fb77AA410CCF6057","grimbear","","2026-09-04T21:18:47.000Z"
grimoracle,"0xCB0fC3723E254819157611c952396A1F3beF0877","grimoracle","","2026-09-04T21:16:47.000Z"
grimprophet,"0xB5610C03DC088912fe0c840B9F836e6C377d6D08","grimprophet","","2026-09-04T21:17:51.000Z"
grimvane,"0x000000000000000000000000000000000000dEaD","grimvane","",""
grimvault,"0x0B7c659dEe724fA533295Bf6890E35191e91D2a7","grimvault","","2026-09-04T21:21:15.000Z"
gs3AnLfwLlfj2KSGwDWFHdqg1sEu,"0xBF36CB1A56DB16E08642AF1f36e59D1E880D2734","s7h7ex23","","2026-09-01T00:38:40.698Z"
gsfq8YIVbTbe1xRwt9Ho3O1Eddk1,"0x0e48bE2c39C8e68e3A682936696287ca0b3C8d6C","HPhong217162","","2026-09-08T16:43:01.587Z"
gtXUNJOi3NaWcbCyXS3ccm2Idjd2,"0x6e43f68e9Ce2D4391511023a11CBb5c5d8E58c2c","LamMai50912","","2026-09-08T16:26:51.984Z"
gtuXIBTm4iZUNNjqMePwy5Fb4vJ3,"0x79F7F676acCedD05be608BAB4eb51A8101914268","eieihlaingme","","2026-09-08T16:41:46.299Z"
guanhu,"0x9E873C267B9383C945C009D3768fC9f418a1DfC5","guanhu","","2026-09-04T21:19:59.000Z"
guerilla,"0xbc26eb82DcBc652014C6d10DC5A85104570C85E5","guerilla","","2026-09-04T21:16:16.000Z"
gugubird,"0x23bB617d9C172448E76e4A8CaDe9B3019b8d561E","gugubird","","2026-09-04T21:14:52.000Z"
gunonas,"0x5ca68f952a47ecfeb693fba00069c008d09d6e04","gunonas","","2026-09-05T05:59:00.756Z"
guntur04,"0x5F32fFb1Aadf6cB657283dB44b0d1d46804c2931","guntur04","","2026-09-04T21:17:05.000Z"
gura4762,"0x46dE63762707E2e537dC3f5525e63DBe2022034e","gura4762","","2026-09-04T21:15:32.000Z"
guratan,"0x0ceB40915e73890CD8f2bfdc702512d312C597B2","guratan","","2026-09-04T21:17:00.000Z"
gurumeta,"0x81322475ebeA38c79A0791e81C4369d74F89BDc3","gurumeta","","2026-09-04T21:20:09.000Z"
gxAMmET9Fw4w03Jc8yTuM2pMqE8m,"0x9379e753ABc9b7FE92F3FD2F841B39eC9292E033","sheila36hd2","","2026-09-04T08:58:26.667Z"
gyuji,"0x7e9B7D567c6506F869cCaef03Eb3F5223f574D1c","gyuji","","2026-09-04T21:19:23.000Z"
gyull_1,"0xba86c8ea814f15411cf21088067303f6f4a6a2dc","gyull_1","","2026-09-04T14:56:07.227Z"
gyurand92,"0x4aad110f563e1d0a5aa33f4b90d2c72bf966181a","gyurand92","","2026-09-04T19:31:53.789Z"
h2vCT2yjNxNI5A3BuufGMVHZ9B93,"0xb1b689Bb1290b14aa96D63B5c5C2f4F62bB72F72","JayBrickma2007","","2026-09-08T16:28:49.730Z"
h38O54vEkzUcqb9QD8wROk2KnLv1,"0xd40B4CAAc8AA10CD6762c9a9B571051dc3A2e0c4","ninjamxb","","2026-09-07T12:25:03.874Z"
h4q9NL0cbAZqadlCW7opwiVm7Kf2,"0x06c792c9d78A8eed0F7130a83f3adBE0a7B10F25","Farhan928005","","2026-09-04T11:31:35.839Z"
h5QZzH2qduRfNgBAOnlMBFQ4Wnh1,"0x5acf6FB218a04Fce3167A98294d30241dbefE2DC","dunce3795","","2026-09-08T16:05:00.292Z"
h6Mk03AwjCVMM02lZ20L03swMMp1,"0x6911d30cb341d2b4dce5a23e8ec5054c08c7595a","penyan1983","","2026-09-07T05:14:27.683Z"
h7THLvLlYOfsMHFuzrQR8xxDBlH2,"0x9957429a39c0E12ef5daBACaa24B6842ADA09983","NelonexXx","","2026-09-07T13:07:15.392Z"
h9s32pB8NtfQ65fwmx1kRjwT8sz2,"0x2B02564B143d07e9d2891aB9fa3D94b4EcA79728","AgathaA8729","","2026-09-08T17:02:08.817Z"
hAVAHTTVqeYDVzd73rkiA9Ki4BU2,"0x11009B973728aE1265C2037221cBc6c9B12a2730","JanyWhitmo68993","","2026-09-08T17:27:08.570Z"
hBZgIDIDS6dPeAkbekji5Dt2z0Y2,"0x1925c73093b1150476351b7661De14a2A3033796","BenettaJac99456","","2026-09-08T16:48:15.205Z"
hBcMfml1PDNWeYwNvJBHFCaGKuH3,"0xb620f64347ae56a678376716a2afc778ed1cba3d","Beloved052","","2026-09-06T20:36:09.619Z"
hBsOcMIGDWPgqSxtxeqUjjhygoH2,"0x3C0E7f0C6BD0bC10d599Be7a37B9DE10f8BD229b","NoelaniGal50664","","2026-09-08T16:49:21.448Z"
hCFrLelAcpU3eeqR3ioQ2xAw1ylg,"0x36079ead2d47E25A28cc4087e0eEC8F0eB680C55","valerie21ti0","","2026-09-04T08:58:38.522Z"
hH9b5XEdokTwCmHorRc63JqdiiW2,"0xF0BF7194B47ae37f1F1f4Ae5Be641ab87a250AAC","ClarissaRe89986","","2026-09-08T16:22:32.176Z"
hI71hX33KpehGVkHF1OqR2j0ZXx2,"0x9A19803de2ac48f3d7b19e689A5fbdCde6EEb670","RBlare776","","2026-09-08T16:59:53.532Z"
hIK9qiqb53W4asoTE6nJNbf37ET2,"0x611365614E9DA461e507c37343FE293a4549B822","chi_gia87936","","2026-09-08T16:23:55.834Z"
hKBJRcUugNhzWyPjbBTQgwYZGEG2,"0xbab16a62a849f80c2bbb316ab484ae68daf45cb7","ZenYield","","2026-09-04T09:01:41.510Z"
hQWw9sOTSgVriGIX3IPQmabVuJf1,"0x84861dE6d8c5caE5D3De3efCda999c11E006D706","Khalid87862365","","2026-09-04T11:29:48.757Z"
hR5sMDk73RgyS8GYZHzwEfEUNBI2,"0xD2D8D540bEc0Be0862000A9583F778fD63a7340d","NguynTm23097","","2026-09-08T16:59:22.170Z"
hStAHayg9TOX9iaUZVBhXTjdAV73,"0x00f4ff8c08BF6e5217a87b4825f464C7ECC35FcF","LaniDavina12185","","2026-09-08T16:12:58.919Z"
hTe86tidqnVKW2bq0IaTl4QBcGC2,"0x939aD8c0DDE81cA04343dc61e55eb167EDb8b6Af","WhitmoreWr90943","","2026-09-08T16:48:48.962Z"
hTp1TC5cV5O34HEOtVANJauIvtF3,"0xADf8e5E97Ef18c6497182d46E0e6914daf56ACa2","garci11842","","2026-09-08T16:53:32.870Z"
hTwVundRIrZDavQH8dBmRhlMkq02,"0x16F64d0ebcd5f061f10aa022Ee9f283F7cD84f2E","TiffanyA60642","","2026-09-08T16:11:38.259Z"
hULHORGvDVP7xLaL5RaQwAXD2ji2,"0x53797E75aa77f4F15f13a2C440C5eE05bEDF65b0","QuchAn125364","","2026-09-08T16:45:09.121Z"
hVibXt2sdhb6Py5M1dGH56RH2Rs1,"0x8398a89bCf5D12f4B3C5997F73135E81FB436489","FaithWolf51403","","2026-09-08T16:54:39.895Z"
hX5uCMqY9OTgC3PnR6iTQnweJ102,"0x2FeFbC15E4fC359a3B68911d0b8CBb715BCdE9Ec","RonaldAlle63740","","2026-09-08T16:04:22.618Z"
hXs5tIXfqzPBryHMRx3PH7hSCnk1,"0xe9eAB39d0898e19251049ef702fb88BEba9888Fc","LuTrng1078417","","2026-09-08T16:39:41.381Z"
hXwVMHRImHMU9Kz1uRQnO7FkGxn2,"0xbcc6F459E480EB443ABD968de9Acf38e567D2Af2","HarveyDick87032","","2026-09-08T16:59:02.291Z"
hYNe3cutjfZD6hQgBmB581gWcEV2,"0x9be8085381cd85e8c87712950eaf30425881b16a","Hitesh30556274","","2026-09-04T05:16:50.203Z"
hZExun5ET0OmBEPAetm20dGfrh63,"0x3772fa5643Ec3eacdE581fa70033399d00FC0bbb","XunHo1542","","2026-09-08T16:49:12.592Z"
h_a_s_h_i_m,"0x2d11Ec21eCe3Af652617b4560bc78e751589e898","h_a_s_h_i_m","","2026-09-04T17:53:11.598Z"
haanh12092,"0x7668Ed048d406bDF66bB580fa11dd569A7283445","haanh12092","","2026-09-04T21:16:30.000Z"
hachijyo,"0xabb2eE1142fA1D680699d48C02Be97dC71608091","hachijyo","","2026-09-04T21:14:13.000Z"
hadgy,"0x021721fD53673C34F79862394166BddC061BEB60","hadgy","","2026-09-04T21:18:59.000Z"
hadiwibowo12,"0x64bC3b194e1E93866F19D349FF55f51c8273164a","hadiwibowo12","","1788588461545"
hadrah,"0xe71B183342Cce0E95fE0DB3E2c02a7341F855b1b","hadrah","","2026-09-04T21:20:39.000Z"
hafizmusab13,"0x5a59E6Ecd7993956a1417b6A14F4b15e0BcF6aaa","hafizmusab13","","2026-09-04T20:53:41.575Z"
haic,"0x9404B9479C5B4090611E40d87C1817b0434E41C0","haic","","2026-09-04T21:15:12.000Z"
haineiwushuang,"0xBbc52b8192a9D79a887E9DdE5ac29D60Af0312b9","haineiwushuang","","2026-09-04T21:14:50.000Z"
haitac,"0x71FFf95dB98a941119ad9F3c8BcB62979e42B1E2","haitac","","2026-09-04T21:17:51.000Z"
hajimohsin,"0xe05944f499231db65228717a1A09b394055198CA","hajimohsin","","2026-09-04T21:20:27.000Z"
hakka,"0x656695fA2BFB439377B8843087d7Ec8a683099C7","hakka","","2026-09-04T21:20:35.000Z"
haksokan,"0xe6EC89676521E7bb0A04b67D06E50F5C37936EaA","haksokan","","2026-09-04T21:16:24.000Z"
hakymani,"0xc2ffB1368359275F4852bd17c810dC87309d74ce","hakymani","","2026-09-04T21:17:28.000Z"
hamdi,"0x66D99249c587Db09392F7571dFEeC3898F626FB0","hamdi","","2026-09-04T21:18:25.000Z"
hamed2022,"0xF345b516956daA1c129B0a735d917ad0D8bcf531","hamed2022","","2026-09-04T21:17:05.000Z"
hamidsalehi,"0x8A32e38436996207CDD6277d5b04C2Da4696Ac23","hamidsalehi","","2026-09-04T21:15:03.000Z"
hamidzzz,"0xb9fCD9F0d53D3663b7Bd7B6999Cf42BEA8Cd27ca","hamidzzz","","2026-09-04T21:20:54.000Z"
hamperhead,"0xDe435FFeF0EB00a43B7a547562393021278de422","hamperhead","","2026-09-04T21:19:23.000Z"
hamsaadevsky,"0x57dCBA7CE3d3545dd11C6Eb22BCF6Cea3074f502","hamsaadevsky","","2026-09-04T21:21:14.000Z"
hamzaashraf,"0xa5FB761182c193005C2F0BfEE696338faccc07b7","hamzaashraf","","2026-09-04T21:21:06.000Z"
hamzah,"0xC738Fc4d22eD797Ab60BED492Fe79361bA89BA3c","hamzah","","2026-09-04T21:16:33.000Z"
hanari,"0x997ad51c6319B0AA6188F32401Be2d2AFebE1DDa","hanari","","2026-09-04T21:17:39.000Z"
handsomeman2022,"0xdff19E4fD122849cE49F6459Bb8e1CB088eD3294","handsomeman2022","","2026-09-04T21:19:03.000Z"
haneefogs,"0xA0Ba79a72599D610E630D96DF1e76A79ee80ce19","haneefogs","","2026-09-04T21:14:38.000Z"
hangbee,"0x7B4c6671e4bd2C660191E9FCDD3B19E489051774","hangbee","","2026-09-04T21:15:12.000Z"
hangduc,"0x49A945Fcc19fbaFB5101C2B58D7CdaA81cEFa9b9","hangduc","","2026-09-04T21:16:53.000Z"
hannafie,"0xeA4Bb51Be5C8c4d6196655d4c31d0F878FA6358E","hannafie","","2026-09-04T21:19:31.000Z"
hannn,"0xF15F87fDDF7cA5bC80E2c3e8d66BBBf3990b4D19","hannn","","2026-09-04T21:16:42.000Z"
hanum33942492,"0x2944A57B4832ae50ba3E36026d7b49cC7BEb7a16","hanum33942492","","2026-09-04T16:33:50.007Z"
haotk,"0x77cb1Fac65fef570e14F96a0CE3fA26d2ad98E03","haotk","","2026-09-04T21:17:24.000Z"
happy_rabbit,"0xd5Ab1eaF6Fea8A7EBB6f40a241C7393Cc95564C0","happy_rabbit","","2026-09-04T21:20:26.000Z"
happysmoke,"0xAebb4e2a950943C0c260d53dedC215C29DF68c07","happysmoke","","2026-09-04T21:19:10.000Z"
happyturn,"0x0E4fd0EAC83521B2F735f77CA6C975C14bdE57f7","happyturn","","2026-09-04T21:20:27.000Z"
haptrust,"0x6BA7d49B4774C13F46992E432cD7CF7C296176C3","haptrust","","2026-09-04T21:20:54.000Z"
hardholik,"0x309BB5FBE293AE857d854EcC17a29f8f30Ea100a","hardholik","","2026-09-04T21:16:44.000Z"
hardikraii,"0x117ac0673b6d9dc97a1f1a70768dc94346945a8b","hardikraii","","2026-09-04T13:36:00.849Z"
harish20266,"0xCEF5401aa06FC749d2EF913A4a6857E516049628","harish20266","","2026-09-04T15:26:02.016Z"
harmoniousa,"0x6FD90B7794B09B1f228CfDB9e5F2F57fe91348d3","harmoniousa","","2026-09-04T21:21:01.000Z"
harold,"0x12171f8c4D7C73b6b2E6a7475037b837D1D766e9","harold","","2026-09-04T21:14:13.000Z"
haroldbrooks,"0x05Fd33e6593CEe51Ada477F228308CbA92d62749","haroldbrooks","","2026-09-04T21:18:51.000Z"
haroonhhh,"0x97d43D67041CF449A780A9B384347b7691387142","haroonhhh","","2026-09-04T21:20:03.000Z"
harperhughese,"0xC1627bD637B081cf4b333BB9717a9d3b59447Fa3","harperhughese","","2026-09-04T21:20:50.000Z"
harsha009,"0x6D09E4BB7c70229e7C481Ae2D9C6D1E5f20BB0C1","harsha009","","2026-09-04T21:21:30.000Z"
harukimara,"0xc69183D90D34934eD7f6ebAb9240eFc14Adf1e21","harukimara","","2026-09-04T21:16:36.000Z"
haruo,"0xB0c9241C5F26C3579065e9396F8071C2bA1f9D75","haruo","","2026-09-04T21:14:13.000Z"
harusame,"0x73283cDC053E54098F3AE1420FeAD8FF1aa41104","harusame","","2026-09-04T21:15:07.000Z"
haryohargo,"0xCc08D1f9fDae4eFD3EC5C3Dc4768ea12F9F24bEf","haryohargo","","2026-09-04T21:19:01.000Z"
hasan,"0x37ed67D5149E4416e0B5d5468506653B8710e567","hasan","","2026-09-04T21:19:45.000Z"
hasanmaham34671,"0xD05FbCafCFCCf05E0c55c507C6e7A23b966B7D11","hasanmaham34671","","2026-09-04T21:20:32.000Z"
hasanmallick,"0xeBf96Cf91867374907B0f4eE8e242954266Df4E2","hasanmallick","","2026-09-04T21:20:13.000Z"
haseebyunus,"0x5bf1ea900C73e6808Bf10f936c4CA0145E0D0B0C","haseebyunus","","2026-09-04T21:16:06.000Z"
hashemi,"0x5EB03b6421f467eD9259864D28d0F2E6803E651D","hashemi","","2026-09-04T21:20:50.000Z"
hashemsatelier,"0x9f0b23a50c41632fa8fb21b38430bb4a63ff118f","hashemsatelier","","2026-09-04T21:18:42.000Z"
hasrath,"0xA2687Ae735056f495876e9686aA4682C93324C65","hasrath","","2026-09-04T21:21:24.000Z"
hatka,"0x77238d09855dBB66b803EC564992CB36D59AE1e1","hatka","","2026-09-04T21:21:05.000Z"
haval_f,"0xa471F4D362E07Ad93aF491BAdb5F74ad7b9DC63b","haval_f","","2026-09-04T21:14:42.000Z"
havelaw,"0xa14bc7a33526F4a79A6D42C1f2114D3776F4EDEe","havelaw","","2026-09-04T21:16:07.000Z"
hawZOkXqWsNLBRolB7Rtui1nTnw1,"0x3397f8Ea6787a3DaD14Fe5402fff528746f5cbD5","NinnetteW78626","","2026-09-08T16:12:31.645Z"
hawas7,"0xEd8C564Dc89cf6C557668498D1940926E68De2D6","hawas7","","2026-09-04T21:17:12.000Z"
hawk_tess,"0xb7DFcBB4910f37C5b0616acec190e2799Baf4021","hawk_tess","","2026-09-04T21:16:49.000Z"
hawkeclipse,"0x12BD80924549551e0B1aE0fb04D0DDD897aE34e8","hawkeclipse","","2026-09-04T21:16:09.000Z"
hawkledger,"0xd665DEf14fBb0110611e5C2C525ee4bD113751d1","hawkledger","","2026-09-04T21:14:52.000Z"
hawkstocks,"0x607e44c52CC4c1591F2084DACa18a1CD87bbF184","hawkstocks","","2026-09-04T21:15:35.000Z"
hayashimei52167,"0x9647D707652E23C11df0eD4216Ef26e732ceEdC9","hayashimei52167","","2026-09-04T21:17:15.000Z"
hazama,"0xa4d05b40Ef91573B83a2179AFc6BeB39E9a0b514","hazama","","2026-09-04T21:20:48.000Z"
haze1260,"0x70E1ad4089852d19504Fa56cDFe3C3cD6d0e387a","haze1260","","2026-09-04T21:20:13.000Z"
hazlex,"0xA04d5E06190d87021Ae1234A737c3df2Ce0D8B40","hazlex","","2026-09-04T21:20:15.000Z"
hbQK22b3ZsWz3TFSQKRSILTbD3f1,"0x11391eBb11b8F13d41e43c6B664e1E1B9579CE01","rajan_rh","","2026-09-08T15:42:36.666Z"
hbRjz3XVxRTmXDwqwApUXDBxncz1,"0xd41feCBCc351cbF0b1bF75a4C91Cd1914C64dA1C","JazlynL72897","","2026-09-08T16:46:33.664Z"
hbakoe,"0xf12bc87dd26ca0d317a738b39602e86d0f2f566f","hbakoe","","2026-09-05T05:43:19.581Z"
hbeebxbtpg,"0xd6d97cecf4Be3c4Dc6437A37b70e5f0dD9260b5b","hbeebxbtpg","","2026-09-04T20:23:01.479Z"
hbgem,"0xbDb0360EC49E720Aff127EC203Df012E2C47193c","hbgem","","2026-09-04T21:17:14.000Z"
hbk3,"0xFF6c8CDb44c83D302B203ec21490E287D8a9Bde2","hbk3","","2026-09-04T21:21:10.000Z"
hcxbqDq39vhmo6G3W2cQlfciLp02,"0xED94C29d536B7b64FBD6Ed1A2aA6f591Df44b792","chelsey51476","","2026-09-08T16:55:52.912Z"
hdGTTotxlLNxZ4JQvA6MKdPGtre2,"0x000B543C79F179649680eDe39D0625B04f3CA07b","bradford_r78536","","2026-09-08T16:19:50.846Z"
hdkvh91328,"0x07Dc3928361147790ffDf82ae1b3F75E67A31462","hdkvh91328","","2026-09-04T21:18:08.000Z"
hdlqBsrsGHMqydzHZcMRqBWmQrG3,"0xFFB35DF45cA0841442a0aE4f746d7b1fDF3A7FCA","ThucGia86737","","2026-09-08T16:31:31.693Z"
heimaojingzhang,"0x54b4e550c5B42345cDB8f4251D718C4C4e55C0E8","heimaojingzhang","","2026-09-04T21:19:50.000Z"
heineken1990,"0x1be9389F3573506b3C55C3470329216c2fad5220","heineken1990","","2026-09-04T21:17:24.000Z"
heliumtable,"0x5F353De89422BDeD2564063181F59276796a11E6","heliumtable","","2026-09-04T21:15:51.000Z"
hellhound12,"0x597a1a68C70981d3545a894Ed8934855Fe275AfF","hellhound12","","2026-09-04T21:21:37.000Z"
hello0x,"0x46CfED605380A548BbFe49AAa1E0ca5e0fD0e497","hello0x","","2026-09-04T21:20:00.000Z"
hello1crypto,"0x54b344F7F81bFB3F10cc07B2E8dc6c0b434Ab608","hello1crypto","","2026-09-04T21:16:08.000Z"
hellolayer,"0x40732E6F48Fa666E906d28514b966E2D68d749CF","hellolayer","","2026-09-04T21:19:49.000Z"
hendragunawan9,"0x3345D118975e77A19Fe02c5fA1CB0E54f35feE65","hendragunawan9","","1788588360629"
henr1,"0x7B4efA32BCD7992a0f7ad23696B75dd8cCADb056","henr1","","2026-09-04T21:20:03.000Z"
heodeono,"0xc5236394F0A85f64C5565C8CFAf9c90Bd2CA2CBd","heodeono","","2026-09-04T21:19:58.000Z"
heraldbard,"0xCa64d317E278f581092e820302d05916048940c0","heraldbard","","2026-09-04T21:19:30.000Z"
herbert4853,"0x900f7fEC1400111Ef111d5Ff5b9100a934F96f63","herbert4853","","2026-09-04T21:15:32.000Z"
herbysovera,"0x363c6e37021c6f19a704adf3386bfbba64be2c06","herbysovera","","2026-09-05T05:43:17.551Z"
heri33,"0x42F371598704Eb1F2cdDA2B92F7fc7e2C54D7C8b","heri33","","2026-09-04T21:19:40.000Z"
herohira,"0x3dB6732458b64D5882BAeaeC82ACb842D4101A24","herohira","","2026-09-04T21:17:12.000Z"
hery_ryn,"0x048f64C4CE6165b56e23c4e808042d82873B37f1","hery_ryn","","2026-09-04T21:21:15.000Z"
heyjoe1,"0x1CeDAC8F4D03666e88A83DB57B4F42E4684202b4","heyjoe1","","2026-09-04T21:15:17.000Z"
heywei,"0x603Ba644F11de3B85225658187f7db598292CDa7","heywei","","2026-09-04T21:19:24.000Z"
hezheng1,"0x4988362d0C7169625458D55b2276a6B31A29b396","hezheng1","","2026-09-04T21:16:02.000Z"
hgCFt3OhspQVUxvAzxormgnOpmv1,"0x8b0ff34cfa123668854b9e17fEb5E7f97CFa7226","GordonBush41887","","2026-09-08T15:55:27.622Z"
hgNYXB7mSTMoi8jG0wIbesyshKK2,"0x192098A5E44De492A7D721a39155b7DEf91C6282","VannesaOli5077","","2026-09-06T16:23:44.831Z"
hgZiTliruoMUbqitPEYPBBrgpWg1,"0xB36107fBBc5cd577e6DD8416EF8E22f7E939eAa8","TKhnh111311","","2026-09-08T17:07:53.697Z"
hgfjgf,"0x56A6b0008cA77C2C18576aaDe1558CAfF65F33e8","hgfjgf","","2026-09-04T21:18:31.000Z"
hh_2381acfbbb2b76999445,"0x3971c01CB91c259C82210b8e32B6BD73ab0bD7b9","carol87go4","","2026-09-04T07:44:05.827Z"
hh_probe_x1,"0x000000000000000000000000000000000000dEaD","hh_probe_x1","","2026-09-04T21:00:00.000Z"
hhl00OQSMYUwWrEeNGlTGqc500P2,"0x39898AA481D09268a30673b25F5c0F7Bd4fE51f7","WinterBell99788","","2026-09-08T16:06:38.317Z"
hiSJuXNcJfNyaTLWVpy240BMIyZ2,"0x7161f1Dc63a765B9663D0aE34744F553d0Ee0610","LngThin385398","","2026-09-08T16:44:58.362Z"
hianasarkar,"0xfF47eF078332172F8862335Ca693416932C4B4df","hianasarkar","","2026-09-04T21:20:51.000Z"
hidden_captain,"0xa8D19118230429218dEF65A9f59F9e59F7859C77","hidden_captain","","2026-09-04T21:19:43.000Z"
hidden_harbor,"0xb0518329B00c0C90717EF224DC757aB154ab34E7","hidden_harbor","","2026-09-04T21:19:29.000Z"
hidden_sage,"0x84E49c0e2D345A5FEf3b94419BBf5AD40003b7D3","hidden_sage","","2026-09-04T21:16:04.000Z"
hidden_spear,"0x9781956050a789Bc1c628019bf69c77ae896eD4b","hidden_spear","","2026-09-04T21:14:28.000Z"
hiddentiger,"0x3e8a858cd092Dc8093F11AE60EA6132AC04341B6","hiddentiger","","2026-09-04T21:16:46.000Z"
hieucoi,"0x952B8425FE39Ee53d938f6CFe66fA2A784855F9E","hieucoi","","2026-09-04T21:15:56.000Z"
hieuton,"0x9698d1403A6D1A645cF724D1D89b27EC1c066793","hieuton","","2026-09-04T21:20:55.000Z"
hihello,"0x8F787c1E59FC2eeD4518bF710Bcd55a3a907A211","hihello","","2026-09-04T21:19:28.000Z"
hikaripuma,"0x7Caae14D56Fd72404cF7dC3caE8BC958980bA3E6","hikaripuma","","2026-09-04T21:14:24.000Z"
hikazuchi_,"0x9c3e39bdbc4fa365e4580124af21c6ba4b27f9e6","hikazuchi_","","2026-09-04T21:11:02.542Z"
hiken,"0x52355B2a3f2AE4FF7C66338C5b21F619FF390D79","hiken","","2026-09-04T21:16:12.000Z"
hikotame,"0xf51fa998ae547e30a6ebb30b3e9dc0dee9980182","hikotame","","2026-09-05T05:43:39.492Z"
hilema,"0x2911F83892bb9c3A4047eB9833D6C94866e39B3A","hilema","","2026-09-04T21:17:26.000Z"
hint,"0x88709Cdcd5Cc0bCe828c8012F4a0C87c187480aC","hint","","2026-09-04T21:18:12.000Z"
hiroyuki5555,"0x5F3B84502294C9f01CeAD0f69a1821E4A3C4b56a","hiroyuki5555","","2026-09-04T21:14:44.000Z"
hiru,"0x221080B482fE501aC52803Fc8D100d458379e183","hiru","","2026-09-04T21:20:18.000Z"
hisaru,"0xD37A787da420403D801ad1741300289d21C6a7C3","hisaru","","2026-09-04T21:16:10.000Z"
hisokasmilley,"0x41eBf615064aaaECD5BDEC41069e5E59eDB1C03C","hisokasmilley","","2026-09-04T21:16:56.000Z"
hit99,"0x8e7fC85849144D89D2c5E00cbdeC79929f6a4c85","hit99","","2026-09-04T21:16:48.000Z"
hj05,"0xd9456AB372CbE4549C354d8F67b3B8A993b2f51f","hj05","","2026-09-04T21:20:58.000Z"
hjFma9aNu1aQPyqoBLg9xxso1Mc2,"0xf4C8731C19CF721B6138b2C0e9eeB14f71B8503C","PTien72373","","2026-09-08T16:51:10.205Z"
hkEW6ALb4mQLGgDENYeMSfgwYfQ2,"0xf57a7791Aa61D0475906761E9d31f8207794cE8C","PeterScott77410","","2026-09-08T16:41:58.709Z"
hklelkFjKqWErAMS6FagKd2iTlQ2,"0xcDb11BfDE49F9e9f6e17a934c64dC458B5773801","MTuyet76385","","2026-09-08T16:32:37.123Z"
hkuh,"0xf873CcaA1ED0649daE1188Ac3ae6975D43F51FCf","hkuh","","2026-09-04T21:15:35.000Z"
hlQZAHmXjvfnBl8XJOfrFIqQWrY2,"0xc3B9f90E018b08e223cDe530D520CF948fddf6fC","McgrothaRacheal","","2026-09-08T15:37:30.419Z"
hlT9YAz2lmg943sj5JhhXey1t6f1,"0xF7332D3aD35476C22bB3b45Cde3701e0C90eA61d","54j4qgv9","","2026-09-01T00:38:40.698Z"
hlien15253,"0x985104071cC1d512e4dD684178b98AD071a9b260","hlien15253","","2026-09-04T21:16:28.000Z"
hlowei,"0xd801ab53521a8fa173f560424ee39580b0b819af","hlowei","","2026-09-05T05:30:01.659Z"
hm3BOENbp4XsGny0AMVVGMHpNID3,"0xae166c64b6b1afb968fD31018016054c3a9fD7b3","MHng226497","","2026-09-08T16:42:24.745Z"
hn55jWz86Pc4FwtiaAr0XQeFCfo1,"0x88039AbE368325816DF980639d8e90B0Ec9b544F","MirandaFlo98138","","2026-09-08T16:10:31.993Z"
hnKZQvIan2dsuEaM5SGlcE2sahi2,"0x3C9bE259e36047471df2f8957E664759dCf1D081","NguynHnh106811","","2026-09-08T16:53:06.683Z"
hoNDYGSkgATL48a8qgCezyegp1V2,"0xA6D09692dF24eb9CdCDCd9a730DbE51D0A956908","JasonCrame24812","","2026-09-08T16:44:46.268Z"
hoaisi4,"0xBc901e7a7fd502601a3FB15c0EE0eb0A66aC76F7","hoaisi4","","2026-09-04T21:16:12.000Z"
hoaitan1994,"0xca4ffd1C27F05aaF62d7935560d5A5dd8B8b6d0e","hoaitan1994","","2026-09-04T14:48:18.421Z"
hoanghai75,"0xb51470062515f08a24DBF490EFEe71B9dd5BfF9C","hoanghai75","","2026-09-04T21:20:50.000Z"
hoangle9898,"0x7E9Aa6E680DF5c128DFce409C56C8F831f5fbB27","hoangle9898","","2026-09-04T21:18:09.000Z"
hoangquan25,"0x6EEEa15199710a82961560036e299807624b01aa","hoangquan25","","2026-09-04T21:20:11.000Z"
hoangstephen,"0xCe51A78395969f41A5Fb704B595a6A3dE8d292A0","hoangstephen","","2026-09-04T21:21:18.000Z"
hoangyeuhien,"0x4c7B201253cBb138D3AF56474361F6e41e465759","hoangyeuhien","","2026-09-04T21:20:35.000Z"
hoegui,"0x28815B1703C1E10Bf81Dd4C9AD6fc61E3aB39059","hoegui","","2026-09-04T21:19:01.000Z"
hoga,"0x992A63279C41ec7Ec08D330a59fD2404407830B0","hoga","","2026-09-04T21:19:44.000Z"
hokidoki,"0xD9030AEd5cB577D6522Bd9E016a68C64A6228105","hokidoki","","2026-09-04T21:15:18.000Z"
holaviola,"0x3C47EFb46932966c38151FCEe89881aa89011615","holaviola","","2026-09-04T21:19:27.000Z"
holden170710,"0x645CebC84670af14F53F31aAb87c8023eAc6c950","holden170710","","2026-09-04T21:20:18.000Z"
hollow_echo,"0xA9e1d4C7C7a3a5dC66D153A25750B6a7d78E72Ad","hollow_echo","","2026-09-04T21:19:59.000Z"
hollowanchor,"0x54550d8313D662A21EA17f4E772C90690ce3B48A","hollowanchor","","2026-09-04T21:20:37.000Z"
hollowhunter,"0xC4F852CE0B487D245c200720577Cd7D66457CAcc","hollowhunter","","2026-09-04T21:18:26.000Z"
holy_dragon,"0x1bd71A5b775240f2E4757F33DAC85e715F5e843e","holy_dragon","","2026-09-04T21:19:15.000Z"
holyfrost,"0x48d5cB577f8342a85182480E317B87032ac1cb5A","holyfrost","","2026-09-04T21:19:04.000Z"
holyronin,"0xf18d1Ed623cf7899Da9260dE5E82eC6D1aEe1794","holyronin","","2026-09-04T21:16:39.000Z"
holysoulthh,"0xBB0f917C3885D69b51A24b9a72B507B5dF5e597A","holysoulthh","","2026-09-04T21:18:59.000Z"
holytide,"0x82f2ACb75E19C8EBA7bE7f7aAe0D0a1f083598c3","holytide","","2026-09-04T21:17:55.000Z"
honoJyk2DPXaQ0MLSQewBZ2BLd32,"0x681f9fFCcB8C7Fd5a084052f4d34E61d7B848967","AmeliaTorr39220","","2026-09-08T16:15:13.943Z"
hookbnb,"0xB1CA7335c9e6D6DAC4B759022e104d5E7B19590B","hookbnb","","2026-09-04T16:32:08.585Z"
hoolio,"0xc37ab3FC81ef005bdb5f1eB80066ebCfCfE33973","hoolio","","2026-09-04T21:14:40.000Z"
hooni,"0x76590FB0e44322752371134B75D431d7a35d32b3","hooni","","2026-09-04T21:14:15.000Z"
hoonymoney,"0x77895fDa599D7750735F3d825CFA94854f0fb072","hoonymoney","","2026-09-04T21:15:25.000Z"
hoppus182,"0x4Dc345ad2C1468150267d2aa0625d6Ffb0C5c064","hoppus182","","2026-09-04T21:14:04.000Z"
hortenseparkes,"0xEAf596146628b30732EA5B36577A63f619e4afd9","hortenseparkes","","2026-09-04T21:21:32.000Z"
hosen_,"0xEecb47D5739d4f46576221dd6D2620138eF797A9","hosen_","","2026-09-04T21:18:50.000Z"
hoshi_tsukamu,"0xC5E85FfE3d09cEC491fa8A6Fe11c71A81f00f935","hoshi_tsukamu","","2026-09-04T21:21:10.000Z"
hossein1993,"0x49e5D803feC525310c614cC2873c2079C9E9576D","hossein1993","","2026-09-04T21:18:14.000Z"
hottiebabegem,"0x4cc0DF1A3e9053ABb18898d1170ba4A86FFC96Ac","hottiebabegem","","2026-09-04T21:19:10.000Z"
hottieboss,"0xA68596e85dB0947fC681dbdD355231e181b7d042","hottieboss","","2026-09-04T21:20:12.000Z"
howhy,"0xA4B06651c2eF6b41F4Eb3593Cee0c0C29CA77bAD","howhy","","2026-09-04T21:20:26.000Z"
hqQSe5vEfqfvKupkQxxytGAmTZr2,"0x50ca501Dd1BD9C5eEF4cBc92B000A773CF18D330","TillerCart23263","","2026-09-08T17:00:00.699Z"
hqZ59Mvp4caoDdi5DBQGUCETSim2,"0x4b9D85b1D35027946B1e5224EA7C446b76B21918","TThin397242","","2026-09-08T16:23:34.751Z"
hquyen19121,"0x0B55cF90872041DBa0beb5b8ccC0e568F6BAD432","hquyen19121","","2026-09-04T21:19:03.000Z"
hqw2TP4MciY8ijksLihCLexWmeN2,"0xaa4338985eFF19E4169e287cB3AB60958733875e","KimPhan13264","","2026-09-08T16:25:07.214Z"
ht4Hz3304hTeQieRuM2Qx4YxeJf1,"0x919704a109E8624b531b9d89c4D978d670d91FD9","JeffBirch329721","","2026-09-08T16:22:51.475Z"
htIDMes95MTdi7rCkIl2oEhBr9i2,"0x784610B8769414d6741F204AB1A25C0b75A9E70F","luu_thuc20648","","2026-09-08T16:25:58.850Z"
htcss,"0xae745aDb231c99A178766c8373E431d2148bD7aE","htcss","","2026-09-04T21:17:41.000Z"
htduc,"0x2327e345dC8b7ae23CDd4840Ab83c0824e2600cF","htduc","","2026-09-04T21:20:15.000Z"
huair,"0xADc3116AB9D6A990488B7d8154E1736B552Ab60e","huair","","2026-09-04T21:17:03.000Z"
huang4444444,"0x8f86111f3A3fea2Ded291B627cC8876e66Bc73Fb","huang4444444","","2026-09-04T21:15:04.000Z"
huangweixiong,"0xf5e8271e83907D7800c90710B10409ab09c6b0dC","huangweixiong","","2026-09-04T21:20:36.000Z"
huihui001,"0xeAc7aaa1505732dc87D81e30e1d5c3D6152068D7","huihui001","","2026-09-04T21:20:17.000Z"
huioo,"0xb09Da73ABefb1D1B41Ece312Fd3698d3226485a3","huioo","","2026-09-04T21:17:27.000Z"
hulk,"0xbe35676b12F8b56eFe9881258d83Eef3C48a5477","hulk","","2026-09-04T21:17:39.000Z"
humble_dragon,"0x977f20e7CDd8a3E9343723E407269BE511f40b8f","humble_dragon","","2026-09-04T21:20:09.000Z"
humble_pilgrim,"0x482bf58c03c0b2C36aF8202749Dd266D73a25596","humble_pilgrim","","2026-09-04T21:14:31.000Z"
humble_scholar,"0xA894f527f18720C82720162920E462b05cc3fFD5","humble_scholar","","2026-09-04T21:18:56.000Z"
humbledawn,"0x9a48b4328dbE5A9f7e6F6431b9EA9D3B5bd3DF8a","humbledawn","","2026-09-04T21:20:55.000Z"
humbleherald,"0x1323c8d9B665DD21d496366bE944C3bd42dF933D","humbleherald","","2026-09-04T21:20:53.000Z"
humbleoracle,"0x81A5E8ADa1E642660e48CE6C5fEBbB1E27538bEB","humbleoracle","","2026-09-04T21:16:55.000Z"
humblerogue,"0x434b58b05F332dCf6a985AF12Db131e100645B20","humblerogue","","2026-09-04T21:19:10.000Z"
humbleseer,"0xD2308df618b15d12A2C62dC8d2eE6e86B95d9Ff0","humbleseer","","2026-09-04T21:14:26.000Z"
hung1279,"0xfb6b7172Ed7f40F17dD45bEfeC5Ca1591b6EEb5D","hung1279","","2026-09-04T21:15:15.000Z"
hungkaka1111,"0x28bB32183506F1D5608d3A7F3fDeef591832af56","hungkaka1111","","2026-09-04T21:15:08.000Z"
hungph,"0x8679DE2D5816C3Df7D359554bBA16626CcefE346","hungph","","2026-09-04T21:15:00.000Z"
hungvlqt,"0x985C8959C51831F08F73e623F9215Cf467F04a2C","hungvlqt","","2026-09-04T21:15:02.000Z"
huntergame99,"0xFfc7ED34e573abb1f0E16C2AC1fedfC33AEB1754","huntergame99","","2026-09-04T21:15:46.000Z"
hunternft86,"0xa31110b7ade3c61f067f2614f7da6d65a58ae744","hunternft86","","2026-09-04T16:27:42.529Z"
huntersa,"0x5555442A5A62d33eFa9D8C7c12226EBb2f6Fa774","huntersa","","2026-09-04T21:18:05.000Z"
huntersailor,"0x919fD300bd676bD7564cCCD75BA52328023265D6","huntersailor","","2026-09-04T21:16:13.000Z"
huntolu,"0x14dbA452AAb7DC0c0E4F1cFb89EfdB726B61903B","huntolu","","2026-09-04T21:18:16.000Z"
huongmo2403,"0xa7544fDBaCE764863C66D5e17ccc9794aF5D03bf","huongmo2403","","2026-09-04T21:20:02.000Z"
huos119,"0xeb32ee92A29E5F51F1Bf6b12dfb3da9a043a2Cf7","huos119","","2026-09-04T21:21:03.000Z"
husge,"0x0a472AF63d321A8C7bF63ac373BE187DDe04BED2","husge","","2026-09-04T21:17:40.000Z"
huyluong20696,"0x74ceb78321b9bcc8732aab1dacecb2387f209c4a","huyluong20696","","2026-09-04T14:58:04.354Z"
huynguyen2k1,"0xFA28b0da2f31De1d2acAFb8CF381282B295B98D4","huynguyen2k1","","2026-09-04T21:15:02.000Z"
huynhquy,"0x126babcE223720F4bf1a3ED14D34839E9C54F971","huynhquy","","2026-09-04T21:15:38.000Z"
hvGHJqwG05hM0wLClVguutJmBwi1,"0x728f3060C746b2DcDcf191e213bdCFaAc1332C1e","TngHuy521949","","2026-09-08T16:40:13.060Z"
hwzuER9ZGqb9fHjucfHKcjN4SBG3,"0x4480F9d3474bC22f0e4392Aa9334E5303b2FbB65","CandidaCan16357","","2026-09-08T16:06:14.914Z"
hybina,"0x29E1b88A44a6FF2c68Ee57fF5dfFBb0c2A7C66a2","hybina","","2026-09-04T21:18:54.000Z"
hyby,"0x8E225Eb678c96C16523087DC18eb7f68550d0cf1","hyby","","2026-09-04T21:20:27.000Z"
hyennn09,"0x215d3Da24067274fEC010124E12B1013c3406634","hyennn09","","2026-09-04T21:19:55.000Z"
hygp,"0xf6BAd4AD586dC10139dF17C2731E51627077f9b1","hygp","","2026-09-04T21:15:08.000Z"
hyper09,"0x2f84CD6388145cF97FD397Da12117DcB7dB7Ba45","hyper09","","2026-09-04T21:21:08.000Z"
hyqrM8fC6tZeQmfC4wm9t6TsFvz2,"0xA89336050AA3caECD9110995f59481a2AD963282","Bimbim_667","","2026-09-08T23:30:45.238Z"
hz87lP7YmMX46S73xcNi6gUwwqu2,"0xE8C031302df30A20917E226A6b9b6029940b93A4","DaliaVan189989","","2026-09-08T16:19:06.243Z"
i0w9cifKiUbt4JQSXnhqo7xeLE02,"0x38168039d14F5C90d22867Af7EAdaCd1f31DBd0f","TriuTon455144","","2026-09-08T16:49:16.145Z"
i148Y9GlNyPEXCTPVa7XL3ucfMR2,"0x2E118Dc6f5e87645A3dB4D70c44a1a1CB29Ab55b","HuynhQ56961","","2026-09-08T16:52:30.448Z"
i283zUZRXiMvO96Ctx6ohyzB3P32,"0x65025e59Aa22D2Ea905605c9b171c73e68d91756","GillMelba92095","","2026-09-08T16:11:28.615Z"
i4IDyCYZTKUHwtkcvERGoS6xnA72,"0xb874349FEf866818E84599a59C471557aECbaD9E","LilianaPay70845","","2026-09-08T16:31:05.350Z"
i5QVEGXMPnnZKSBylEhXd7tL0OHB,"0x5AbD19A65586b90511952d997EdCd00d55b64376","LisaSullivldc0","","2026-09-04T08:58:47.455Z"
i6VyuIjobzYbgaf2bKBnV43oiDq1,"0x73438fdf96acac0e12bcc425d5409a10fb54b7e4","Bonzsuki","","2026-09-06T17:39:28.161Z"
i7AgyA0SsXZIPb2uKw0YxBfBm1D3,"0xBf612032EDeb5B7226E3454Cf762Ab197F9d0826","lCare4Misfits","","2026-09-07T18:04:51.959Z"
i8STQTevj0aXsYs65RtbdnQXYpJ3,"0x5f7933478247e155e8ce72d02ba43d5F5D8CfEfD","JulianaAli91431","","2026-09-08T16:20:38.531Z"
i8vLkfuWwScYtbJGk9TqRGEfJOt1,"0x7ffd590b6f044A04E0f393987f8261ECDe5A1fa1","BugaenkoNastya","","2026-09-04T08:16:42.067Z"
iBCMEb77PtToGKq7oPfy9oKNJjq2,"0x444B8B0f91E23c60Debc98f42D518146B7E03f0a","lillian_no53077","","2026-09-08T16:14:30.343Z"
iBSi5ftTr8PNIdZRq8vnzfpPACC3,"0xb4dE30dFE2349cF5Cd291a379042E124faD45116","TriuQunh582225","","2026-09-08T16:39:06.956Z"
iI9Bmv50dveCp1jqDy6DBX26nEC2,"0x151F2BaaDfEaD8e5172d37a743dD3910ebd0e12F","IrisPatric58570","","2026-09-08T16:31:44.845Z"
iJUkERNXvhUH09aSe5OY2MXOljI3,"0x15d951d76f2a55405dAAaC4E77BC2727F1656070","Campurcamp87930","","2026-09-04T12:33:29.620Z"
iKsJ0Hfkt7QKQkzFPkT27huRUww1,"0xBeAbCcbAb14413deDbd0F98fF9887E8586aAd088","fusca_rutha","","2026-09-08T15:37:09.243Z"
iMV1YqrwNEePOmmIgdaG04BEg1l2,"0x6a0fee71D3A7578158ABEe32Ae8a6Ce420BD3250","CynthiaStu96258","","2026-09-08T16:26:23.811Z"
iOquewif7DVciGI1P7QmgvlxPHl2,"0x83FB71B5B9F7543127c84B823B4D77C10029FF02","CalebThomp86346","","2026-09-08T15:43:58.979Z"
iRIlhY0AWldxWAMfZc4eyrb2FZm2,"0xe8C04E22C492dA7939E0Ed23f485a385F6621cF7","gigi_maria33249","","2026-09-08T16:43:12.459Z"
iSRUiK0VDre3QFWqCYwORUfKYDw1,"0x79A23aEfC21D76b4Ade69f1b9169619597fE78Cd","CarlosHaig75050","","2026-09-08T16:59:36.528Z"
iSa3ly8mEVSuwMkAbfWVk76Ouq73,"0xa4e867996D1d18dd9c610D86038A3ABb37b6Cee0","JeffreyDon39754","","2026-09-08T16:21:57.037Z"
iSpIOTsY7HSZQSXB4pmH4NHApmi2,"0x652fBA46C2c962212DA02EadA953cE611e4b1644","thuc_truon27371","","2026-09-08T16:57:34.501Z"
iSsGymLeXdVSXfhbDjjuCRbrTwC3,"0x5c00CD414B10647613DEC8156022a534859C2b6E","LanaSerena45682","","2026-09-08T16:39:46.636Z"
iTInRUlycfSQUN4lxofm91cFt903,"0x5D846a07075507891a3e21c1E055ca812B4bB672","NgCao125855","","2026-09-08T16:28:30.426Z"
iV9u1cYAslQPp48n36NLrGvOig33,"0x3f165DA3023101757B65c87aCE7d52c30c8c1288","dung_son81563","","2026-09-08T16:40:29.156Z"
iVHK5TzpcKbMn7bB7Uic3gd0B4F2,"0x0eA5BCAD45B39Efa59d1a93b1dDaa6A0AB2077a5","BlakeA97576","","2026-09-08T16:46:49.970Z"
iWfUkbq8tIh1fCFtEAavcbqsMvg2,"0x83323e656648d079e5d76a7e8652b9c6dd7d5931","maDORAL77","","2026-09-04T04:35:09.814Z"
iYfeXwRmfVUyPxXWvxuVuh48dme2,"0xa3891E917907f3e1C69BA33135Db7b79aCe52fAA","tegan25082","","2026-09-08T16:43:59.299Z"
iZWNtHOtGBPHpC4907LvSqJI8bi2,"0x864D5497E9541c1C128a07C354a72fD28DFD4e7d","PhanH111894","","2026-09-08T17:07:22.124Z"
iaBwFIXigaWkzDf1etrgPjsBBss2,"0xF44bE41FC24CD312d6Ff997f1Aa3D7240Dd06383","ShahTamara5866","","2026-09-08T16:43:40.021Z"
iaKOZDwcsecOZBskP7x16VTxWDv1,"0xB6B35b475E0d680fDdfC0C7C5b3F46060211a295","NicolePeyt40286","","2026-09-08T16:49:16.841Z"
iamnanoowz,"0x83a9da04d0E31B65A2eE490fb72acd07380AD1Cc","iamnanoowz","","2026-09-04T21:16:25.000Z"
ian734,"0x9579898b092c9704ba8d691549cd3e9b8bf41e44","ian734","","2026-09-04T21:16:46.000Z"
ibrash600,"0x767A42A9609C21fC6da09BA6321B25f0F0c682ba","ibrash600","","2026-09-04T21:20:55.000Z"
ibygoR4jF1cf4cY6tYFlHjATVk43,"0x1e0393f96B9Fef3D0296299B144170ca7116337E","HattieLena72821","","2026-09-08T16:12:14.579Z"
iceanddark,"0xf83f152dA39990BD5B43AE4576B2af1445930a08","iceanddark","","2026-09-04T21:18:04.000Z"
icebrke,"0xcE95EECB68CF4d656160d82e8edb5A01334821D3","icebrke","","2026-09-04T21:21:07.000Z"
icibooz,"0x0000084397b6d03d925d3deeddea90edb4f073b4","icibooz","","2026-09-05T05:44:23.204Z"
icpweb3,"0x36825a154Dc80481292B35391899D4545f194aD2","icpweb3","","2026-09-04T21:15:28.000Z"
icyronny,"0xe7Bb133EfD1A61BAe632Ba37295866Ff104a5b82","icyronny","","2026-09-04T21:21:05.000Z"
idNF7bydtpWY9DtZ3mGwIk0go442,"0xe1017d7a224d2a54c13e414054c46e1c5cfb0fbd","0xhyde777","","2026-09-06T16:54:33.967Z"
idamag,"0x46d8785337D8Fc591006b6450D4C4d59f926F2c9","idamag","","2026-09-04T21:14:06.000Z"
idontblameyou06,"0xd81c2c9b673398700012c8E579dfCEE52E62CC35","idontblameyou06","","2026-09-04T17:32:56.080Z"
idura,"0xe2E2bd8B535b22Df461435131e266bF4798a56DA","idura","","2026-09-04T21:14:58.000Z"
ieookm,"0xEf3c8E18315e83c1B4999eB9EeCc7608D7d4Cbc0","ieookm","","2026-09-04T21:20:27.000Z"
ifear,"0xD6541F18cC127cc81F220Fb453F564c5db635136","ifear","","2026-09-04T21:21:12.000Z"
ifme,"0x69E916408CbC58ddA97460Fb1e0D0acc7d9dD8eA","ifme","","2026-09-04T21:20:35.000Z"
iftikakar525270x71ae6bab4959a4294322352f0170c1bca67fea33,"0x71ae6bab4959a4294322352f0170c1bca67fea33","iftikakar525270x71ae6bab4959a4294322352f0170c1bca67fea33","","2026-09-04T15:31:28.546Z"
igWWupvWW3hj3V10IfmRjo1iQfy1,"0x98d48A69Cb7731133Dfe1382eEAAeEeF15472d67","TThi425369","","2026-09-08T16:44:49.863Z"
igormartin,"0xee9802dFF2Df7cC08d6DD4E8D39fE1d8C7F12765","igormartin","","2026-09-04T21:14:18.000Z"
igrtm,"0x6d624CFA36f2CcD0B7Fca356B5145a9aaf7b520f","igrtm","","2026-09-04T21:14:25.000Z"
ih8y,"0x0617dA007ED599Fe9DACB1a3A084b5DDC2b125D2","ih8y","","2026-09-04T21:17:15.000Z"
ihunt,"0x67044550aE4A3062d47b9Dd6C9C360d4A714e8E1","ihunt","","2026-09-04T21:16:21.000Z"
iidJUdIsWYbRZfrSMZZJobiO8Er1,"0x14e8990320fc817688d3fcea742cf2f791d3d62e","Pari753435","","2026-09-04T13:04:20.854Z"
iilll,"0xAbd1ecE27b2B9286cBd4f40b58B3Db7728310555","iilll","","2026-09-04T21:16:41.000Z"
ijoMrPRh7Lc2c1DwzYCLKicegyi2,"0x06142b4b990cE6B3f004c8E8df85086E22CCB745","Shreyashoo","","2026-09-04T10:55:50.186Z"
ik8YXf1mlRXAiypcJzFE1yzQUIG3,"0xC4a82540006FA52A1F535C21F83435e3b84085f3","BushSebast8135","","2026-09-08T17:01:18.877Z"
ikInnpbrwSS0aiM5CKANRrbqa2j1,"0x9f74a37f98d915365947751cc051e40dc677fdE6","MarleneVio25577","","2026-09-08T15:45:41.432Z"
ikM8VtqQyrfqfEGq2ivVXHbRj6y1,"0x3463091e4C7cDCbE8321239D6d7903d0Fbf880AF","BKhnh555342","","2026-09-08T16:47:12.603Z"
ikNf4SVF4jnAkevWGSoB4zg6pzg0,"0x9b27f2DcdB1A2c7A695075f0DcFD53D2D6C9c541","RobertCartukm0","","2026-09-04T08:59:01.063Z"
ikX5tYNnhtOTScXzu4udBlLmF623,"0x20c0EBF3d54b23D84D3b8558AeB717Fe38bd1A9E","BreeM56258","","2026-09-08T16:59:43.835Z"
ikietahoe,"0x0aa8e29d76105d7c30e770e4969f6b7666a00e94","ikietahoe","","2026-09-05T05:29:03.478Z"
ikigai001,"0x319cA365f73637CbE2B7191014057ff793798356","ikigai001","","2026-09-04T21:19:46.000Z"
ikigai007,"0x4378A1F0ab39f93D02Ec9a3ee8b5E7417c0a6ED9","ikigai007","","2026-09-04T21:14:05.000Z"
ilinapaogi,"0xc77b110f1fad9de44c4fe8822cffb59074ace926","ilinapaogi","","2026-09-05T05:43:24.842Z"
ilnur,"0x34B596DAbc9218e3C4917F98f9330E817a2bB547","ilnur","","2026-09-04T21:20:23.000Z"
ilovechess,"0x3644032206FE60068f8d498cb84179a63cd7f64c","ilovechess","","2026-09-04T21:20:19.000Z"
iluhium,"0xef6ae5d83DaA0f3E26e138740798af3E17b1C9Da","iluhium","","2026-09-04T21:19:04.000Z"
ilya,"0xc34f75f3714f833b54700Bcd67d034445a876CD0","ilya","","2026-09-04T21:17:25.000Z"
im_sketchify,"0x81e15eeA971FEe7ca3262c7BBEf0D06B1d9cF305","im_sketchify","","2026-09-04T17:47:48.764Z"
imamsttheulejjq,"0x2E4E6eb8636aB415D00598FB1f1823183cc8d6A5","imamsttheulejjq","","2026-09-04T21:18:58.000Z"
iman677,"0xbFb81Bb38442E07F963A3b864b72ac6E8f4A2779","iman677","","2026-09-04T21:18:48.000Z"
imanel,"0xe4Aa1B71240A1673c7cADC5dEa31F3f4cb085953","imanel","","2026-09-04T21:19:07.000Z"
imasifrao,"0x3473DB05D852850a39C5E66e08FD0022798581cA","imasifrao","","2026-09-04T21:20:39.000Z"
imbalanced,"0x9F6eb6aA773068e5214102D6CdD6cF6AeBEDC42f","imbalanced","","2026-09-04T21:19:37.000Z"
imemmi,"0xfAD1476189E07148314BbA6fBFD5Aff5089AA282","imemmi","","2026-09-04T21:18:53.000Z"
imlct,"0x15FCe5e2E29c9AB53Be473adF641eE1113e154c4","imlct","","2026-09-04T21:14:51.000Z"
imprez,"0x07BbCB5F06D57c8c558d59182e1993BC2B66C969","imprez","","2026-09-04T21:20:16.000Z"
inayukita,"0x7d628df26ac0eff52361b46913ee1145ddc4a56e","inayukita","","2026-09-05T05:29:01.463Z"
incognitum,"0x132Ca6b3F390ba018189c065185C54eC6E9075D7","incognitum","","2026-09-04T21:20:27.000Z"
incriz0,"0x233Ed7B0bbFdC606449DD7eE35aC2E7116a01dbC","incriz0","","2026-09-04T21:17:53.000Z"
inderkhokhar,"0xc6A5f8A144f394De6173F9Dfa5Dd42B6fabff742","inderkhokhar","","2026-09-04T21:20:38.000Z"
indigo_comet,"0x15256EE52B8b2b74d910cAf221c5E5AE59438353","indigo_comet","","2026-09-04T21:19:11.000Z"
indigo_nomad,"0xaC5e185Cd5051d932637760F03EF33FB391Eb5Fa","indigo_nomad","","2026-09-04T21:21:13.000Z"
indigocat,"0x8959aA597E6ac057Db23079807D7Ee30CC363005","indigocat","","2026-09-04T21:19:09.000Z"
indigocrow,"0x5d5c73ab70e6576D763176Bf27f550faD91c1834","indigocrow","","2026-09-04T21:15:29.000Z"
indigodeer,"0xAd8502015B327cf47c26B42Ed113344ac668993b","indigodeer","","2026-09-04T21:21:17.000Z"
indigodog,"0x3B11ABcB04EAE1D07d349938a0C3dd371fa3CEc1","indigodog","","2026-09-04T21:14:43.000Z"
indigofox,"0x44CE7d51D40ACfEa031D7590C38d49cc5fEeF35A","indigofox","","2026-09-04T21:18:20.000Z"
indigolamb,"0x06C84941EFcd3819d6d3C63E1774F6eF7083C009","indigolamb","","2026-09-04T21:15:53.000Z"
indigomoth,"0x3C760fA7E515D781005B966F09427047cD0422C9","indigomoth","","2026-09-04T21:17:33.000Z"
indigootter,"0xa195daAf7551FAa1EB4985D5FDfcE9F8840AB374","indigootter","","2026-09-04T21:16:32.000Z"
indigostag,"0xD7B43D142aF77478752cf4069927a4782b9E87cA","indigostag","","2026-09-04T21:18:49.000Z"
indigowolf,"0x2EbB177728557063a5E368ad7C7eeAfd515b3f66","indigowolf","","2026-09-04T21:16:56.000Z"
indri57,"0xD0A1c94A5D0DBdf118b3b1Cf31a5922Cb789bb83","indri57","","2026-09-04T21:21:34.000Z"
infake,"0x92C488048fD32a4e6Ef88f3a48448edf56f3f85f","infake","","2026-09-04T21:20:47.000Z"
infamous01,"0xaEB1B06583331374bB3E205801C569d54292a103","infamous01","","2026-09-04T21:18:04.000Z"
infinite888,"0x1B40d7c49F3d11C691F09Dfabbae94E61CBDea80","infinite888","","2026-09-04T21:21:15.000Z"
infinitesphere,"0xD2f5D3D4e55e3365E2Fa5A3abDe6109149dB6775","infinitesphere","","2026-09-04T21:18:54.000Z"
infinitysra,"0xDBC853838824cE0D89014013F3d181Af1a9bA013","infinitysra","","2026-09-04T21:14:08.000Z"
inglis,"0x568D5f18b1B2b30ba4332b455E0BfCcAF5389537","inglis","","2026-09-04T21:20:40.000Z"
inhigh,"0x879d18313702678DEe3FAfE70C07B21b67fC9abE","inhigh","","2026-09-04T21:14:28.000Z"
ininama,"0x60B031b9207217c04aF6ae55fCB35618616a318a","ininama","","2026-09-04T21:17:17.000Z"
initak,"0x9d70801d137D32392c6fC2C0e92E0092540986DB","initak","","2026-09-04T21:17:02.000Z"
innarev,"0x85131e127d0185d160D132a2CdF10DCa0Dd9F811","innarev","","2026-09-04T21:16:18.000Z"
innopolis,"0x7e9D44a051f0612dE08a3171fa7d5ADd7903405F","innopolis","","2026-09-04T21:14:02.000Z"
inpay,"0xF810D7580F840BcF4f12CB90EE5Eef3c20C89973","inpay","","2026-09-04T21:14:20.000Z"
inskrutable91,"0x74c07F0650Bf46fd523610031AB8eC9f9e314e76","inskrutable91","","2026-09-04T21:18:45.000Z"
intanpermata8,"0x5189D3F18c6174b5D48510F3222eb60DbF88c8F2","intanpermata8","","1788588399899"
intelpocik,"0xcB5CDbe03bB1bd1Cd25068be762e722cC39d0D6E","intelpocik","","2026-09-04T21:15:40.000Z"
intern_web3_,"0x1721ff7e147b8a18f6aa318d005388b9ee3d30af","intern_web3_","","2026-09-04T22:01:02.727Z"
intoyou,"0x0238B7B7f34eC077312762F9fDf517c6811e69d5","intoyou","","2026-09-04T21:18:52.000Z"
introverthere,"0x39e54A8Da6e5D205da7e9a6f35693dd709b05FDd","introverthere","","2026-09-04T21:20:57.000Z"
inuBqGCmfsMk0dovakhsjwlzctf2,"0x1040E34C34a65c08B6f2D7E0f9506F3C464F3e09","DungGia53121","","2026-09-08T16:25:52.126Z"
inv1se,"0xbAEC0BD22d68eeb0ff33732924D62D08914C9660","inv1se","","2026-09-04T21:15:35.000Z"
investgo,"0xac51EFA0AceDa9022531A0958bb48c13C1B6Ed7c","investgo","","2026-09-04T21:20:57.000Z"
invictus6,"0x4091EDA85Ce546aCf0D2BeE4B4f5B7605cE9affe","invictus6","","2026-09-04T21:20:04.000Z"
iolYmkaUwqhgWRf88VELQ7B5rk62,"0xd8452749df365B077FA23d88104faf9a47d4F4b2","dung_tuong34895","","2026-09-08T16:57:51.043Z"
ionelan,"0x79c8145c98bc15DAaEeF13c81b4817B79d82BdCa","ionelan","","2026-09-04T21:16:29.000Z"
ip4Gc8c6MlbJMud7FDWRbxKLwX13,"0xAC7FDf630fB3CFE0b4f7eE169Bb4d6C804685afB","KristinaSt83339","","2026-09-08T16:38:25.015Z"
ipaR6JmZevWKsJRQCqHQFzbQ6Tw2,"0x2ad162545C8F613cd7b70a44Ff6DB28E294568eD","bern76923","","2026-09-08T17:01:54.276Z"
ipengweb3,"0xa16e21F7D7254639226024997C3F79e61030911c","ipengweb3","","2026-09-04T21:21:18.000Z"
ir350,"0x33757979B6e13967ffd30e3c7bA207E1c9A8c734","ir350","","2026-09-04T21:15:36.000Z"
irasokolova,"0x852F4f0D394465b35fe772B2085E7057020064A9","irasokolova","","2026-09-04T21:19:14.000Z"
iren5,"0x46423Ba53752DFAF4CA2262c26899c2D0525479b","iren5","","2026-09-04T21:17:15.000Z"
irfanalim,"0x07F6Cd1B3dB4644c531255b2323554201CC11a9E","irfanalim","","2026-09-04T21:15:15.000Z"
irfanfauzan,"0xc6eb8A0467924154dF79FdA32605D63C24E0aea2","irfanfauzan","","2026-09-04T21:15:48.000Z"
irinan,"0xdBeE4FA8AA3152152Dc7282e085dbe9ecDd13a1f","irinan","","2026-09-04T21:17:02.000Z"
irohasu,"0x744f8FC6606d37671875De16E4eEBd5e3dD46cD8","irohasu","","2026-09-04T21:15:32.000Z"
iron_bear,"0x5D9841C662D3793a678268cEaa8117E9Cdd036bA","iron_bear","","2026-09-04T21:17:20.000Z"
iron_dusk,"0xA850Cb8bAb5B7d9e30883C5922d93DF4fD1Fa30b","iron_dusk","","2026-09-04T21:18:45.000Z"
iron_prophet,"0xF862bfb293191826a0C9F50E209D3DF560d97acE","iron_prophet","","2026-09-04T21:15:33.000Z"
ironlion,"0x95f3D3F5d7e1c313DdB13bA6B8fE502bfbF4807a","ironlion","","2026-09-04T21:19:15.000Z"
ironmoon,"0xF90167043b31B6a9406fDaF451EEdC05173FbE81","ironmoon","","2026-09-04T21:21:01.000Z"
ironseer,"0x596308d2D03Ce3C0D31C0275e283F115699CBF84","ironseer","","2026-09-04T21:20:23.000Z"
isabella,"0x0ed7A93a4DDf30672516275579B4fdcC3bDAA6c6","isabella","","2026-09-04T21:19:23.000Z"
isabellela87814,"0x4257F2cB08678Bcb90809765076f48Df93737565","isabellela87814","","2026-09-04T21:16:49.000Z"
isayalwa,"0x766C349d9690E887343C113BAEb75bBDDD42c793","isayalwa","","2026-09-04T21:15:23.000Z"
islam123,"0x7272Bdeb659013Bb07d96962E104001657f488fC","islam123","","2026-09-04T21:15:46.000Z"
ismailnoro,"0x8e92C035b4F535351b0B9C537C39Afa3C8a6A2A7","ismailnoro","","2026-09-04T19:57:32.704Z"
ismelllikebeef,"0xeFf95b76d76833e78a72D45BDd5F6FcC52F9f84a","ismelllikebeef","","2026-09-04T21:15:11.000Z"
ismetdemirhan,"0x3C5acad418feEc164f63925EEE24899675Bf8516","ismetdemirhan","","2026-09-04T21:15:48.000Z"
ismotjahan,"0x52cffb4D4E9E3846CDA24836E9b5E7a4E5caA14F","ismotjahan","","2026-09-04T21:19:20.000Z"
itachii_jide,"0x136c69220e2e6d4a732ad9233a161bd93e447427","itachii_jide","","2026-09-04T21:14:34.302Z"
itachiog25,"0xe07F89e48aC76bd0A1708E017436203E3f2287Bf","itachiog25","","2026-09-04T15:25:59.043Z"
italiajin1031,"0xe1a295dB4643Fdc84112Df2Bf32a0f5B1BA927B8","italiajin1031","","2026-09-04T21:19:32.000Z"
itund,"0xcbdBd1b62532d40364FEbb5300E4FCa8f3634a14","itund","","2026-09-04T21:19:50.000Z"
itx0xZy06fgZWfUs3IxHSSq1M9D2,"0x841F947347fa5906AaAdfAa24a7F44afeBd59e9e","feodora60484","","2026-09-08T16:10:54.601Z"
itzzpriya,"0x23354a1f1fFDE25e9e4a2eE96181955216B00c62","itzzpriya","","2026-09-04T21:16:44.000Z"
iuCOyTql3XX89gCFP7U7rAIkgKz1,"0x8337272e77d30d684e61fe401d51f12854864617","0xjanish","","2026-09-04T05:57:36.431Z"
iulebedev,"0x3a5B671A02F0B931550b9C7d254207384dB3c3f3","iulebedev","","2026-09-04T21:18:11.000Z"
iv5Ub37F16d1P25GypwlpDpDRg03,"0xF87E4Efc7D172EF8D45Cb2613b3230D67b688bB2","helen_hodg16056","","2026-09-08T15:45:47.603Z"
ivan_baron,"0x44923e3538276f3ab4F0e907203C1D245fE9d6C7","ivan_baron","","2026-09-04T21:21:03.000Z"
ivan_fox,"0x774b4A5F2cE545F9A5Bb302b91E3e6dCb4A02FdB","ivan_fox","","2026-09-04T21:15:43.000Z"
ivan_jester,"0x5ae1B6DE6d54EEEda6f5885E9674c39834195e50","ivan_jester","","2026-09-04T21:21:04.000Z"
ivan_pirate,"0xf503Bc1b0fb3FDd3E67301cf75872d5864d6417f","ivan_pirate","","2026-09-04T21:21:35.000Z"
ivanfalcon,"0xa71324bb2609bc81Bf5EFc4d0F729947C211592F","ivanfalcon","","2026-09-04T21:19:00.000Z"
ivanfrost,"0xF601906A43ACDE4D2b58fBB7a41d4DA4E338d65f","ivanfrost","","2026-09-04T21:17:42.000Z"
ivank14,"0xf76466efd7566Db9Bfa2dD45dB1Fb98877169054","ivank14","","2026-09-04T21:14:44.000Z"
ivory_comet,"0xdCb97842e46c72878Dbc0380b54F7853794006ac","ivory_comet","","2026-09-04T21:15:28.000Z"
ivory_samurai,"0x201633A4cAe0f79DFd08340E39533CC7601a0024","ivory_samurai","","2026-09-04T21:20:32.000Z"
ivorydeer,"0xf1e29e536f34a7A853aBbB9e41641F1159499175","ivorydeer","","2026-09-04T21:20:53.000Z"
ivoryibis,"0x65F4a927A0163E3737252AA225C13F5D756e3e51","ivoryibis","","2026-09-04T21:16:15.000Z"
ivorymoth,"0xcD8C6EdBa4A719658Ea91E7f79A147f1eDF511FD","ivorymoth","","2026-09-04T21:18:09.000Z"
ivoryowl,"0x8f3B454CDDBBbddDA3Bf68151Fb8BD1e06C464F3","ivoryowl","","2026-09-04T21:18:54.000Z"
ivoryrat,"0xE5a009e00954309a7edC144b82B9CfBA63041C5e","ivoryrat","","2026-09-04T21:14:52.000Z"
ivydusk,"0xf04c4684d4CBccE99A4045a7E7D52EC35727c655","ivydusk","","2026-09-04T21:18:06.000Z"
iwgZIPjhgfb2rCqtdv1iDpEjCtR2,"0x1494cAB128ebfc6cBf6198902F9e0C807D481028","mattermos07","","2026-09-06T17:08:47.797Z"
ixBFJ51kAMgpVkHW2eNvNOhQwC42,"0xEDc8d00e865a83c5C9476677705ecA98Fd87508F","dean_bradb77936","","2026-09-08T16:04:58.207Z"
ixY5KBnYMaVWt3tsAS3KrimL9jz2,"0x976F329f7fBb621C012954E5dfcee918796A6485","JacquesGim55889","","2026-09-08T16:59:48.832Z"
ixlpziZWGxag7ITmR6zbzT2kWr43,"0xDF43e35C0faeA2cE856EA44E87c07f371b5F86c4","DickinsonM55199","","2026-09-08T16:20:59.720Z"
iydcmfJ3OIQBHmrfPzLRwOHoNBB2,"0x1952eAAc83238a8f67c73e1e7eecafAcf895b3C2","Leonard12650577","","2026-09-08T16:50:50.548Z"
iyonger,"0x6Eb38730246a9cd2f3410ec1B33ff7864Ac1E941","iyonger","","2026-09-04T21:19:19.000Z"
iz9WlLRluGpMbJBPcIxqZGYxG9Bl,"0xAC830eB3598599AF8C201a900f7a5085a549b092","RoyWhiteh6vt","","2026-09-04T08:59:27.505Z"
izzah,"0x5a841573f699089161799c9588f5D62f7192e225","izzah","","2026-09-04T21:14:34.000Z"
j0J3yuEl4CRyb3gC8OAaYppZoLwK,"0xd50355342b4BD6117229E2480b32247534F4fB08","camsbgtq","","2026-09-01T00:38:40.698Z"
j0hh,"0x35d6C39926553c77AEb51488859DA88A3D04481D","j0hh","","2026-09-04T21:19:18.000Z"
j1dT0bdzu0WuxbqPnQStovu5Lsw1,"0x5C58f1eAdbbEC35A6cECD2B137c148BfE69c7a70","manh_vinh13747","","2026-09-08T16:55:05.409Z"
j1mMWUoAXNe3QmTlaD4biV9yTLZ2,"0x002fE066F0894421C653B4Cb2B3BbDFe6444e641","TMinh219686","","2026-09-08T16:37:49.859Z"
j2HCJjQBZmUiKqn6sOf8pdN8ve03,"0x7A2cEFDbd460D9c9D416F7b2c72DA71442507464","CostanzaK49316","","2026-09-08T16:18:30.461Z"
j2gipxYeEda7ckRFEGxCmAABwts2,"0x921ee2551682d6AE58E8ebE5F7Ef38035aD42676","JessaW33707","","2026-09-08T16:24:09.758Z"
j3a9yTIaaWZgRVzxwFEELFK8LCD2,"0x79aE9e4DC4e902Aaa2D45cd505Ef2644531e79cf","AlannaWeis93841","","2026-09-08T16:30:52.136Z"
j4yNArSheVN56wvbNVYPc8MDT602,"0x2399cce6d1dcf191a4464747fb7de2f3dad5ba60","Haunting_Hoods","","2026-09-08T18:37:56.499Z"
j68jxNDnAQhGDQM8LoKXrmD7wlub,"0xAE786cC5DCd718d548F4C81D37eB81981411E877","jenna11tt9","","2026-09-04T08:58:43.675Z"
j7BYIZfkhxM4CTvaSZBLebDg1JZ2,"0x2cC5859172A534AD74989c1dFB103795eff9FcA2","ClariceBas23684","","2026-09-08T16:15:57.933Z"
j7tR8N1N67YJLr91EWxnfdarCRr2,"0xB7d0F8a65A955257df2dBa726FFc9e402Bd71780","TDylan28309","","2026-09-08T16:08:13.381Z"
j9BmaOxG2bSQODg9cG0Wf1judXO2,"0xD19822acb19474c786E1859d87b2D70b810A39e7","LuHng170630","","2026-09-08T17:07:38.201Z"
jB7I9GLBWfQUyw3kZ90PQWhHfr03,"0xce7af8d7719240c3420b28282533bc4f28560d19","liluzivert2103","","2026-09-04T06:39:00.755Z"
jBWy8ECD6qh32fa83yW9HLBcwrG3,"0x1266e851f770cfCdD7bd3a9EE4514e9F96E0B279","VitoriaBer48153","","2026-09-08T16:38:19.910Z"
jF2yR3pbhaMrKZakD7PyPsGK3HO2,"0xb527C18e2a47238C579516fAF504e74F848Fe8e7","MaiCao392059","","2026-09-08T16:56:22.813Z"
jI5eFQY6ZXTopW9fTbu3P3XvDC62,"0x55cECF63319549741F47a415BE33c80ab07fD52D","BellaJulie80362","","2026-09-08T16:47:31.574Z"
jJjcyNjMIGdymt2HwdslCin1Whu1,"0x7b1783145324997E4AE91f379B75857bFf8A0071","MaxClark596289","","2026-09-08T16:18:35.007Z"
jKWz0F7sFteLxYVZoOIiNtIEgQ22,"0x930Ca99A9459EFAE479E514CFFc866cb9fe926EE","ChuKhi632572","","2026-09-08T16:59:30.730Z"
jKlcxXWCIGeRHdcZEa5kTqnHL342,"0xFA79ceBCec1d0730E096f609d692f69e3C98eD94","babcock_da71887","","2026-09-08T16:54:17.682Z"
jLKtoRHmbUT0Z3GqeY5Prl3lSjR2,"0x74ed3a8D75c5cd30917115752F8001d85266142d","thy_chau69336","","2026-09-08T16:51:04.128Z"
jNe9GdQcEORVBPUKrFWwZCcOnyG3,"0xb9745c4fD4d860b058F9492FA13406574776B35c","PattersonW45221","","2026-09-08T16:49:44.909Z"
jP5eM5nEp4VH9W8kff0ISUWimAF3,"0x4cA55986cB93f34c04c8F9340c7c92cf4B7B9dFd","sampsellekpt292","","2026-09-08T15:32:19.723Z"
jQWplhcaTzWp3KfaOXZBWisZaHZ2,"0xaC49B30eD4f570daca8Ce10588b5a04bFb54f474","TSusanne72715","","2026-09-08T16:40:00.367Z"
jRTDA3nmN8VRqzG02DiXG5qsu5p1,"0x90f6c6f6fbb5456181b0a78f3804c79efe00840d","degenkriptonft","","2026-09-07T14:52:37.799Z"
jWaCgMvIpPRgWH06fsY4ROhINRO2,"0x91E2dA7172156fd5081D45d5f8F203f75975ac8a","BrianFane74082","","2026-09-08T16:27:25.041Z"
jXE940gn1GdOGGkGs3C61HFA6sm2,"0xdB55A2AE43CbAfe8455996C8A88407707a803F7B","HensonJose28868","","2026-09-08T17:26:53.836Z"
jXO2GyEnKSZ2oZgJ8G7sl91lEfm2,"0x9A41ADD745a6D99A0c2B9D4102874c26Eea2C7bC","ZeldaP61386","","2026-09-08T16:32:21.929Z"
jXUPVPvyKlWVNzZj13UhZG41CeY2,"0xe07C605db6E3455f9592AbE2D43E2b8D95096dc4","AliceMaggi4616","","2026-09-08T16:30:35.041Z"
jZ5O84RhvoOf02eU7HbzLh0DT8k1,"0xbB4F1f45830B32fB50f9b13096EA486809Fc3d06","AudleyElij54","","2026-09-08T16:16:02.472Z"
jZl1JXGNtqSvnqcVLglnooMEQhY2,"0xDf89b84be52E6EEa0e4E10b548A2D44a946d7ACD","LeonaDesti30289","","2026-09-08T16:10:58.909Z"
j__web3,"0xe901986d0898e5dc77aeeafaaa11a551b2b2e2bb","j__web3","","2026-09-04T17:45:34.862Z"
jaL3lKXIJoc79qneRrcq6BtZN472,"0x7503db386f3B34b60927E320F1b3afF8Ee2676CB","CaoAnh413544","","2026-09-08T17:06:55.123Z"
jack,"0x7Ec620da7c9E22e0c63244367d7F57b820e0Ac14","jack","","2026-09-04T21:18:23.000Z"
jackchen5555,"0xA74C5D7027c0f813a4dADdca4C5a05909DB124F3","jackchen5555","","2026-09-04T21:16:33.000Z"
jackgoodboy,"0xD66e3ACf8a274410f1A20b4E78D47ea91F0F6a61","jackgoodboy","","2026-09-04T21:17:19.000Z"
jackiemeurer9,"0x2Bd9529D500091456F142db40B683b77c1a18A16","jackiemeurer9","","2026-09-04T21:15:40.000Z"
jackii,"0x1a28cd72DB72e94005f5875A7E55ef50E0Cac40d","jackii","","2026-09-04T21:18:21.000Z"
jackjoe,"0xf225e601a8424a00c137c1138341d572e054bEC9","jackjoe","","2026-09-04T21:19:58.000Z"
jacklee086,"0x4CA36C75e337D06bE533603f37DFf8E56f3c8b7E","jacklee086","","2026-09-04T21:21:07.000Z"
jackryan99,"0x5393Af2BA278506c8262546bDEBb2FBc71BeB491","jackryan99","","2026-09-04T21:15:25.000Z"
jacksionth16182,"0xf46c476C09b8279eB88012e5Ea1e0216D878a876","jacksionth16182","","2026-09-04T21:21:03.000Z"
jacky,"0x679FCD315bEcaA5b29832693ba513AE3280331ce","jacky","","2026-09-04T21:18:47.000Z"
jackyjune,"0xF16722A92b31902f696d2280E38C45dC955983c6","jackyjune","","2026-09-04T21:17:28.000Z"
jackyl,"0x09329a058A2501780f75F90D13db2A87014A838A","jackyl","","2026-09-04T21:19:20.000Z"
jade_ferry,"0xD4A0480B0619d506704e0e8371333E663fc03C6b","jade_ferry","","2026-09-04T21:18:57.000Z"
jade_ghost,"0x37225A9544bfCD9cb59e3d40CC9381C262E53a2d","jade_ghost","","2026-09-04T21:14:19.000Z"
jade_ledger,"0x13d8Fd25A3e8467e1a7530eBA75Ad0489fB4Bff6","jade_ledger","","2026-09-04T21:14:33.000Z"
jade_owl,"0xBaB521279945Fd2200Df144DeeAdEFEB99c3B82c","jade_owl","","2026-09-04T21:16:01.000Z"
jade_ranger,"0x4c84D78FB7CDdF52D68b62e8a7edCAA3321176b1","jade_ranger","","2026-09-04T21:18:30.000Z"
jade_ronin,"0xcb86ED81095330bcEAeac9fAACda49eFC4397FF3","jade_ronin","","2026-09-04T21:19:42.000Z"
jadeb,"0x527820bCAFb2feFAA0161439edC71aE3B101df7d","jadeb","","2026-09-04T21:15:29.000Z"
jadecat,"0x1dA70180F2b7cE0BA59A7F833043336e398B166c","jadecat","","2026-09-04T21:21:39.000Z"
jadehawk,"0x77F0066916734822CCe0BDAF6895DB057b6e68b8","jadehawk","","2026-09-04T21:19:44.000Z"
jadekoi,"0xe3FF565DE453fC9870480F629617F5831E99C86c","jadekoi","","2026-09-04T21:19:55.000Z"
jadelynx,"0xC391c8d69E4cD9CD40605511BF363192918A98E1","jadelynx","","2026-09-04T21:21:16.000Z"
jademoth,"0x2FD86A657612f9A08506bab5bd8F667fAe727f9D","jademoth","","2026-09-04T21:17:31.000Z"
jaegukang,"0x9E0d99E0cDF6F401dE3912F05ddB90717e34771c","jaegukang","","2026-09-04T21:18:43.000Z"
jaggadaku931,"0x4e9FecDB476d09A2644E7fFf1967b2d6F3d6bA22","jaggadaku931","","2026-09-04T21:17:26.000Z"
jah223,"0x5060d2c13c14C0371d9Cb58692f55739552D1DdC","jah223","","2026-09-04T21:17:16.000Z"
jaimem1949,"0xea8f167e368FCC6Fbe6e71c716a1FF11E10B4193","jaimem1949","","2026-09-04T21:18:47.976Z"
jakeblackburn,"0xD81D96C2899875edfAE4424BFB5bBc09f75C05a8","jakeblackburn","","2026-09-04T21:16:01.000Z"
jamesb4crypto,"0x2bc4635368f4D35B90736A0f5FE130d5BbE809d5","jamesb4crypto","","2026-09-04T21:19:49.000Z"
jamesclark,"0xb040b9f5b8A483b4699646fDdacAf3c6f8aAca7D","jamesclark","","2026-09-04T21:14:40.000Z"
jammykent,"0x84B6d7D067B345862C908900DA406f9249973Ad5","jammykent","","2026-09-04T21:15:15.000Z"
jampes,"0x52d135B8c810220BDE195d1bD1CD02047CAFdA58","jampes","","2026-09-04T21:14:16.000Z"
janet9544112430,"0x2C4ACE26a2e2763B9a610ee365e646C67A9E5910","janet9544112430","","2026-09-04T20:11:02.140Z"
janwy,"0xda39019769CfA6B3e3eC70Cb9Ef71DCcA9dfD55b","janwy","","2026-09-04T21:21:18.000Z"
jarek,"0x2B5Bbd3BE1719D7e1808915c2CFdC476Cd8CCbF5","jarek","","2026-09-04T21:16:43.000Z"
jasol,"0x661f996e511fA49642A040C2Ad280495f95F66eE","jasol","","2026-09-04T21:16:26.000Z"
jasoncompton,"0xa844097E2BF2944778385e997FdCcc538a7Ca330","jasoncompton","","2026-09-04T21:18:31.000Z"
jasonmi65268800,"0xcb7c728DFdEb8D07eCB442cb997D45B6BAc1f6a6","jasonmi65268800","","2026-09-04T21:14:36.000Z"
jawapro,"0xEA4386660460F6aEdB4148FF4C4aA18E16A33b29","jawapro","","2026-09-04T21:15:30.000Z"
jay_bard,"0x08da0A51C123DdB288706165EadA54a4740B8474","jay_bard","","2026-09-04T21:19:37.000Z"
jay_dawn,"0x95564401460863C461736815b16433f4Fa817921","jay_dawn","","2026-09-04T21:15:58.000Z"
jay_warden,"0x939470e583f6b948330665Cecc45BA9D08a6FD5c","jay_warden","","2026-09-04T21:17:23.000Z"
jayakumar123,"0xe47D54d686660A896A4aBEB748893541A6a533A1","jayakumar123","","2026-09-04T21:17:42.000Z"
jayar14,"0x0741ee0681EbE9bA7DC907FcA9c6fb7E3edcd5d4","jayar14","","2026-09-04T21:16:26.000Z"
jaychou,"0x4ca6d7ed63839C5E6C9DC8949bc2225A4B474717","jaychou","","2026-09-04T21:19:37.000Z"
jayraven,"0x9E44c51CA62d0989aC7a8b32621070d25a8Dd7E1","jayraven","","2026-09-04T21:20:46.000Z"
jb_nt,"0x886252248Ff10042542b1d417f55606D90588C1C","jb_nt","","2026-09-04T21:20:32.000Z"
jchip300,"0xD78bEa0CE28782e51790f6767A8fB7428B57B819","jchip300","","2026-09-04T21:17:07.000Z"
jdcapitall,"0xa7143542c6c1D9059A8612abFDC1275dF6229D7f","jdcapitall","","2026-09-04T17:55:03.858Z"
jeUcUtgwFcaEQeyEPwhdarFNOmk2,"0xC94ca53Cfde145c98A94e30E10eC6bD4D6dc00d9","HongBo589372","","2026-09-08T16:31:13.245Z"
jeanbaptiste,"0xf509bfF1d7ecEeBcfA0bd35b6364e61D7754F84c","jeanbaptiste","","2026-09-04T21:17:17.000Z"
jeanlbb,"0x5a5a239BdcEd42604D57e98395E127A9368a7A6A","jeanlbb","","2026-09-04T21:19:54.000Z"
jeevss,"0xca4A842E40fFC41DF648Ac333a85db29Aa49A5F5","jeevss","","2026-09-04T21:20:36.000Z"
jeffrey__,"0x9e3C5286E500084A365fc933A0153d52A5687188","jeffrey__","","2026-09-04T21:21:04.000Z"
jeka_111,"0x9a72A601F8ED39B0C63CA0b8B6bf17874f7d07e6","jeka_111","","2026-09-04T21:18:30.000Z"
jellyfishox,"0xb0124a414ce59139C692Ff1bb1A3a5f2512aD2cA","jellyfishox","","2026-09-04T21:19:34.000Z"
jellyfood,"0xFF21AF0E6Dd461d24a9E354e73eA37a53755f746","jellyfood","","2026-09-04T21:18:39.000Z"
jemmal,"0x60035e83d27D96b45c2Dd313bD7B2A7D13fC1D91","jemmal","","2026-09-04T21:20:52.000Z"
jennajames,"0x8F5E5ffa3Fe6572153fEff7311c763EC79d5e785","jennajames","","2026-09-04T21:14:57.000Z"
jennifert,"0x8a92f873f1698087AB51550e27b3E0Fb2F67D01d","jennifert","","2026-09-04T21:15:09.000Z"
jenyleins,"0x3370e30416cff11691739da024a2f3ea36ec4380","jenyleins","","2026-09-05T05:29:56.331Z"
jepeoke,"0x32345264562916397f601609b341cdbec7ca6a7e","jepeoke","","2026-09-04T16:44:21.335Z"
jercik,"0xA9501587cd5D65DAF0Cb7826060A5A64bf670818","jercik","","2026-09-04T21:15:34.000Z"
jeremmm,"0x00f76f4cd39E92DC807078288a00b48792E08938","jeremmm","","2026-09-04T21:15:34.000Z"
jeremy906,"0x9915D566707be2b3CE5dEce2F396e9c0a0426574","jeremy906","","2026-09-04T21:14:43.000Z"
jerry,"0x0bCB8DBeF09bc8e80072B6bD9EC49f77632CbA27","jerry","","2026-09-04T21:19:49.000Z"
jeshxyz,"0x9a8a6a491160ef695207c3177eb42677d494462b","jeshxyz","","2026-09-05T03:28:28.198Z"
jesse227,"0xd3bb805148fcB1B909e7A3372A51EC62916d3C7b","jesse227","","2026-09-04T21:15:19.000Z"
jessimlr,"0x4135e214e13801De9206DD006ba0fAfD4A7552ac","jessimlr","","2026-09-04T21:19:49.000Z"
jester_ren,"0x6543C06df7BeA30E086d20dc9153D6914fd70B91","jester_ren","","2026-09-04T21:16:30.000Z"
jestoka,"0xdC59224552130c5E05f9aCDC65C326c990C1081c","jestoka","","2026-09-04T21:14:40.000Z"
jesus1991,"0x10bE367585cEEb824ED6ae0A75A6e3978A4fF797","jesus1991","","2026-09-04T21:20:02.000Z"
jeth2,"0x5aE7d05213668E48c359c59a81500cFB3809666f","jeth2","","2026-09-04T21:17:12.000Z"
jeysi,"0xdf93B3Eb786b54B49A8860da8fe33f235B32d2D1","jeysi","","2026-09-04T21:21:39.000Z"
jezza14,"0x01EC8ed95216FdDf161Ad948B36481d500eE8367","jezza14","","2026-09-04T21:15:43.000Z"
jf200,"0x0B81753e5b422FffA08186089c8FB42D6C5DBfdC","jf200","","2026-09-04T21:18:37.000Z"
jfBUlVnKhKSdqiSJ7d2SceMh2SP2,"0x40dedaad91c612f96e5675b401fb8666cd48cb1a","PramayyaDiana","","2026-09-07T09:40:21.793Z"
jg99999,"0xeEeBAfB3F62220A805e8D61d126162A08a3CC377","jg99999","","2026-09-04T21:14:28.000Z"
jhant,"0x95FE8B6cD7838671957349bb9c2E09F406A9DB8f","jhant","","2026-09-04T21:21:02.000Z"
jhj8hnSWyrc4zaa048Tp8SbgqQQ2,"0x43355B6FA34f87b5418508020e341Ffa1F21629C","barry_brow33444","","2026-09-08T15:40:17.199Z"
jialaolian,"0x36960Af982342282Ebb9Cc209c23E3ac65D5e39c","jialaolian","","2026-09-04T21:16:52.000Z"
jiantai,"0x74cF20eCEEc544ea2e7bF900B65AF9FeAC126999","jiantai","","2026-09-04T21:15:54.000Z"
jibak122,"0x0d1C851a233fCae1918959855861eF0A7258a339","jibak122","","2026-09-04T21:16:43.000Z"
jibink,"0xa6f6d1E25FEfA6B3F10a48635367581B231b4fc5","jibink","","2026-09-04T21:17:05.000Z"
jibonweb3,"0xc4e2FFA7Be10cbFB5271C72E80a40852DF20d20f","jibonweb3","","2026-09-05T00:10:51.245Z"
jimbo217,"0x1Fd2bB27355ff1E9823F88aE23638bC6F1EC5c9b","jimbo217","","2026-09-04T21:21:05.000Z"
jimest,"0xF49e5516772316D988ADEd63c7e17f1Bd6086842","jimest","","2026-09-04T21:20:19.000Z"
jimestka,"0x19a58ADe721a5c602df4F56C2BF83127B3A583c0","jimestka","","2026-09-05T03:53:50.181Z"
jimeyli,"0x316d752009beF22829Ac7BC5c05fedA2a54654c4","jimeyli","","2026-09-04T21:14:48.000Z"
jina_fany,"0x4757a8fba137e71d331395a7393f45a9d5359bfc","jina_fany","","2026-09-05T05:30:00.235Z"
jinx11,"0x6027d511a000E51e059C7fBa965328669A2E0450","jinx11","","2026-09-04T21:21:34.000Z"
jiogen,"0x420FA9816D8756e5b3aaCF132Fb2D49C13d8A807","jiogen","","2026-09-04T21:14:13.000Z"
jirayu,"0x856859fA80Ae6dCfF6f1cc6DB2B8ba6E3ef43e09","jirayu","","2026-09-04T21:18:54.000Z"
jiro56,"0x6d056584Ee93F1Df88fe4f31DFB5C595c944e5a5","jiro56","","2026-09-04T21:21:00.000Z"
jitell,"0x1fC89b0F816812A3f8cce0A64a685e6DE4eEc138","jitell","","2026-09-04T21:20:23.000Z"
jiuqiao,"0x23680EBE09b186dc19d8Eae5472c032f7989f5A6","jiuqiao","","2026-09-04T21:17:09.000Z"
jjiolh,"0x0E5eAE8d3465f1545793651409bcbAEE9BF2Cc87","jjiolh","","2026-09-04T21:16:22.000Z"
jkJpAE0pNmV9LRS4JNcxFy9Gocu1,"0xe60DcC075A1d4f3609A36993F2d56537FC25e795","cryptoinsivwo","","2026-09-04T10:10:01.420Z"
jkjc97JzlefR1SxdBMRJFyV7PU92,"0x54c288e2a930aE766F01FC8a16b4E9fb1C0222Bd","TrnhTon182941","","2026-09-08T16:36:01.345Z"
jlTL7mcRtYX4TLs8HhUdGIN7l9n2,"0xc84e97130671f3Fa3FcC4C9b140bF716180eF322","TangT45642","","2026-09-08T17:00:09.380Z"
jlo27,"0xF848e2f223FEC7c5dA4485F239179D8D3324f2ce","jlo27","","2026-09-04T21:16:31.000Z"
jnixable,"0x2812B3A3Ea3159c0e0cBc0DAE66fcF71F027b6c8","jnixable","","2026-09-04T21:21:23.000Z"
jnvQ3UHokldrbVI0pJ2s3C8csXD3,"0xF654a1d8e7Caa13E59847021DbaD7292043D7615","HarlowArab26464","","2026-09-08T16:16:27.101Z"
joanna001,"0xe91F8BE2359C32017384Ee64012cec517a29898e","joanna001","","2026-09-04T21:19:21.000Z"
joannasko,"0x8cC82CaE4c130AFa80a195A7301F9298F37171B5","joannasko","","2026-09-04T21:20:58.000Z"
jobiraw0,"0x1f80802170d6053E258976DA3C061c42b44761fa","jobiraw0","","2026-09-04T20:40:48.269Z"
jocyg22,"0xc9f0dC5AB582a9c636aF0AFF716B8B7d1e672CA9","jocyg22","","2026-09-04T21:18:45.000Z"
joemcknight25,"0x4700C7d9A7a7eF8c1018c58eF0c03653C7973601","joemcknight25","","2026-09-05T04:10:22.552Z"
johannaber59259,"0x59e716ecf6B6b064376aF627F4980e37f6eE2Ec8","johannaber59259","","2026-09-04T21:20:13.000Z"
john_g02,"0x502622D5b1F91277627eFF6503365672Ee285D66","john_g02","","2026-09-04T21:17:31.000Z"
johndouglas11,"0x9f3194882A58f8325C8ba951A5bcDF1eE040c91F","johndouglas11","","2026-09-04T21:14:06.000Z"
johnpepe,"0x1de041173c1B63317bebc334116Def133dB163a0","johnpepe","","2026-09-04T21:14:53.000Z"
johnwick8011,"0xb2cD70997C10c757Eda02DB8b7AeB80FB527bf4D","johnwick8011","","2026-09-04T21:21:26.000Z"
jojo,"0x5Eb9D8Bd6F3fc0EdcdD054a89A7bC7AC7449DC70","jojo","","2026-09-04T21:20:52.000Z"
jojo002,"0x68736A152BF94a20cb7853ef06EffBBC0779C396","jojo002","","2026-09-04T21:19:40.000Z"
joker83,"0xf993cdd31C0835B6Ab5e6B0c957c4937D4aD4c96","joker83","","2026-09-04T21:18:10.000Z"
jonatha14601441,"0x8f9f7ECa6a843dF634a999f73c025D5Fb794DcB5","jonatha14601441","","2026-09-04T21:14:04.000Z"
jonipram,"0x375baec736629c96700cf82d8aBE3646042Ca00f","jonipram","","2026-09-04T21:20:00.000Z"
jonkas,"0xEa34fb21364Fe090DCbCC77C5dFA5A710fD5F1ce","jonkas","","2026-09-04T21:17:46.000Z"
jonsnowknowss,"0x27fa4D75573fe4Bf553c710C803519f14A96eD04","jonsnowknowss","","2026-09-04T21:18:37.000Z"
jony,"0xD68185C96EfF3edA4a79B3607865A175564832E2","jony","","2026-09-04T21:16:32.000Z"
joopg,"0xd18fb652Faf82FB34A7b7A7Bb1B7780298E83428","joopg","","2026-09-04T21:14:54.000Z"
jor71,"0x633de1301A29dcC4233040dA10F63eFE43A3FE97","jor71","","2026-09-04T21:18:36.000Z"
jordan,"0xb286C4FEc30893443620edfa28457544eBC3305F","jordan","","2026-09-04T21:18:10.000Z"
jordan10,"0x9F9E9cCF18F2C9b5D2e781924033222Ce39692df","jordan10","","2026-09-04T21:20:58.000Z"
joseph1,"0x4054fC50E1097D11B1DEC4B554a0C22d9520BF35","joseph1","","2026-09-04T21:17:01.000Z"
josephu,"0xFA6Fd507Ac4Aad00BaEc5A7Ce57eB661383e3673","josephu","","2026-09-04T21:14:35.000Z"
joshcrypto5001,"0xc27413d37376926A6b41b60ceDB1093D13341aA9","joshcrypto5001","","2026-09-04T22:10:14.199Z"
josshhy,"0x6A44DD83493Cf8A3Ab7D34190DEf111306f2D9bc","josshhy","","2026-09-04T21:14:54.000Z"
josyliaw,"0x3ce0b28d30ea0812bc71a3d3fe3b1045fa5c35d1","josyliaw","","2026-09-05T05:58:52.832Z"
joti,"0xBBf2F66CF404978D1efD3a86497f31810D1aE473","joti","","2026-09-04T21:17:10.000Z"
joushasweeney,"0x8a14CEcC0b581c404719dF8db8194496c3962644","joushasweeney","","2026-09-04T21:19:25.000Z"
jowsushi,"0xFdd02ea2BF0c471c18f66c38c8C8A9751f09855a","jowsushi","","2026-09-04T21:18:42.000Z"
joyashree,"0x3CE351D6fd84c7133d441f76D7f5b9ae6dF50E85","joyashree","","2026-09-04T21:16:21.000Z"
joyiddd,"0xc2cF7acE476AD29C1fE7afA35Dc2af79b18e5f46","joyiddd","","2026-09-04T21:20:43.000Z"
jpLHpNSh2EY3Et2LPDnt74bEZaC2,"0x19908fBcCB3B1DCDa488465BF8737fF2F5144157","WildaBruce12","","2026-09-08T15:39:23.514Z"
jpeghodler,"0x09296cbD829e7A4e9d4d52e072aB16d45b5D38B6","jpeghodler","","2026-09-04T21:16:55.000Z"
jrojeres,"0x46a4c72e9aC1F3194bFcfe1354dae43D90652FAa","jrojeres","","2026-09-04T21:18:14.000Z"
jtWwJrURVdaHa4O4TaX0oAZRNkj1,"0xdbB8174D29C8d9cd38Ab702cEeC552e2d2e00fe5","ZimmerTaba91578","","2026-09-08T16:52:36.476Z"
juR9IFdxMrgUpmPmDONk6wMZE432,"0xBF276d788225966Cefe338a54C771C9A1BaaE135","tycoonwealth14","","2026-09-04T10:55:36.100Z"
juanmario,"0xAb1Bf111f3C4D79043B217e20CFc85a7270db406","juanmario","","2026-09-04T21:14:02.000Z"
juckarbar24985,"0x5932059B5F70e39b39bB2b1d0060a15FF1aa61b5","juckarbar24985","","2026-09-04T21:17:22.000Z"
jufu001,"0x399F379D350602D5ADAAcCD1AAAe76d365C7a6D5","jufu001","","2026-09-04T21:18:48.000Z"
juhan,"0xe1Ed51Ac12ec94Cd9519467F09DD100bdEbf4985","juhan","","2026-09-04T21:15:21.000Z"
juki,"0xDf2BbCb906f91E9A8F7123B2352d82D6A96152F4","juki","","2026-09-04T21:21:16.000Z"
juliansiena,"0xfB939179D22fbE635B5bd91D0B36e47f5e988130","juliansiena","","2026-09-04T21:18:05.000Z"
julietmahon,"0x73B4b4E518981363210497dDAcc894e36913da9E","julietmahon","","2026-09-04T21:17:02.000Z"
julkernine,"0xe41b73DF72C1079067C09B2FdE93fB6171624336","julkernine","","2026-09-04T21:15:56.000Z"
julymohony,"0x2ad097d08428f18e32a7da9a407022ca9334d161","julymohony","","2026-09-05T05:43:43.958Z"
june_bard,"0x43b0cF1071B1FF10F12aD784267a9A66569aBeBe","june_bard","","2026-09-04T21:14:10.000Z"
june_monk,"0x444CFB16940bd5FA9BbE0e1b9fD69492b40c1026","june_monk","","2026-09-04T21:16:32.000Z"
junhyk,"0x1630f9E13827b2a038C9e7A9006Ec2Eb78238D89","junhyk","","2026-09-04T21:21:04.000Z"
junoriver,"0x31FC9368Dc4c2E235bAb451019cc346e4084bCaC","junoriver","","2026-09-04T21:16:11.000Z"
junrynn,"0xc6d62DDe65F42fEAd5e6FeABcC33A8320CEf18DF","junrynn","","2026-09-04T21:14:15.000Z"
justeezy,"0xDB7cE4266F5F546288C2897fEB8a4552337dA554","justeezy","","2026-09-04T21:15:25.000Z"
justhodl,"0x4b727d81952D373c0844245Ac79a3A0A6f940B27","justhodl","","2026-09-04T21:14:30.000Z"
justinrzx,"0xF6174b0412B16c77eA321f85a216a2Ad0dB3471B","justinrzx","","2026-09-04T21:15:03.000Z"
justpresh,"0xEa22a112a6ee62c79Bd6d472c33F26B007Ff5286","justpresh","","2026-09-04T21:16:56.000Z"
justrelax,"0xc3Ed1f8849CafF5703b5F3A8385944D9044e9db0","justrelax","","2026-09-04T21:18:55.000Z"
juttyouns,"0x9a520818860c35e58d87a63c3fee29f49470888c","juttyouns","","2026-09-05T02:47:28.934Z"
juzi,"0x55A180F7cF71aE549837299848b465D292a7068A","juzi","","2026-09-04T21:21:16.000Z"
jvJdvIGmDDZWFIElK9fDEXfBQnt2,"0x9FffB0a0Ec01439EA55e70D28429541766C1544F","wil59656","","2026-09-08T16:57:16.463Z"
jvMufwh3CmP4R0klH7fZ4Zswqk62,"0x42D4c541D463B2B7712Bf4a32603E5A829A045d5","AndrewDean45219","","2026-09-08T16:04:50.560Z"
jvqO2EnU21VlLg5KrEkRafnzvQX2,"0x51d6f5f9c79750C29A13e3425a47e93446728f28","LoganBrook75620","","2026-09-08T16:14:13.566Z"
jwKiELPYijO87deJElIsBzcrocX2,"0x2d11Ec21eCe3Af652617b4560bc78e751589e898","H_a_s_h_i_m","","2026-09-04T06:41:11.043Z"
k11a,"0xe6F4C01A832F8f66Bf82B03dD33B9F67f2008508","k11a","","2026-09-04T21:14:37.000Z"
k1plPYZe27aaH0Rmih8gVi1JI1Q2,"0x2D931cBc66D07d37C43C81626d263c443aa8c526","VPickett6639","","2026-09-08T16:07:52.893Z"
k1ukin,"0xf37d089800Afe92aBfa548168B6bF6d2825206a1","k1ukin","","2026-09-04T21:18:56.000Z"
k1w74RAwknTxxInP70gTJ7ftbW52,"0x0525F3e36C429e9A4696fC9BA44E57A234DE7f2f","HHuy953127","","2026-09-08T16:39:10.895Z"
k2crrSO44YZGTeLe4L3TjkzszM62,"0x2552E2F178427309B654862645a408131dcf9863","TReyna86842","","2026-09-08T17:05:53.261Z"
k2se,"0x4FCf6D6bf0F3FD049915606c0F4DE336270B8e21","k2se","","2026-09-04T21:14:38.000Z"
k3LAbHoB5WYls1Gd3wCGZ3TLzZa2,"0x4E8af75DfCD76885505241d1C797B577d1c36C79","JAyobami76581","","2026-09-06T20:31:58.933Z"
k3rmA0ZUZjNvKAsi9NfGxiYKXZu1,"0xCa541852d5Cd98684B35AFD98472E8FC66753776","quang_chau1054","","2026-09-08T17:07:45.834Z"
k3vYAmaeAfWEPvJf5E3oyqBUFJC3,"0x30c88C8F309Ccc8036D850746dc0b0CC8EADF02f","TThanh647105","","2026-09-08T16:32:45.444Z"
k4Os5FsOAWYzgxFMniUNshvlr972,"0x482b2f56F8839088dc0Ce4B27D1d64Db1b571b21","lily_madel45680","","2026-09-08T16:46:05.215Z"
k4nnoji,"0x368244Dc8b3fA03602d7ebD5432cF36422A52875","k4nnoji","","2026-09-04T21:15:01.000Z"
k4seECIHVvhLPPbxFq1WlHnICQD2,"0x561cc4739b2a8f2690e697BaDF72b17d1bc2FaeC","KhoaNham886","","2026-09-08T16:56:25.772Z"
k5qIG2kn7VWcuf7ifXbbIVXdOwR2,"0xff5c8f8957acc681a96e70a2d5ce1f565852c32b","fmtestnet","","2026-09-07T13:48:07.225Z"
k6c1goyqqJUD2gop9knhqlv29kk1,"0x2Ed5eC1B6055c97d507f78551d6Ce9697239753f","ESage51113","","2026-09-08T16:51:09.455Z"
k6r6Okan6tfK1UkDYD7N92CgFf42,"0x7dCE2bd4598D8D5fE44459AaA5C312b1291bb4c6","JohnnyCare85478","","2026-09-08T16:45:49.411Z"
k87jKEoKAsglRMjcqflhU0xRK343,"0x0367891583c485Fcd2542a6B3677c8D0A644189f","IronEdward16644","","2026-09-08T16:56:52.635Z"
k8rNHh1d5gOtRrT179nKHB8jQsw1,"0xAFf487f4aD802e682966f1f18Ff5e369c03284C1","nham_tri75917","","2026-09-08T16:45:30.720Z"
kBjIHWXUXUmp8xzYEsOA5pkFzo7t,"0x65fEf6bdF99C9bFdb5127Cda4F8aE08CB36541BD","JoyceEvansv7ig","","2026-09-04T08:58:54.031Z"
kCfgjeSmkBdGvx1VYiAKvlAAQ7Fy,"0xc1117404d20f0bF18B85b7AFb51382b90609E1EB","jennifer62tu2","","2026-09-04T08:58:09.306Z"
kD5xJxJPmcRoGI2L2cbt9eYZXe12,"0xa7Fc4De506155539DB12b6cd601bd7CA021a2323","AmelieChri82469","","2026-09-08T16:49:51.610Z"
kDRfLKC8EXf1TzEZ5ZdUb0uO8Bv2,"0xF9B5BCaB5530f9458eA74b800096a1860911fe77","GilmoreMar18702","","2026-09-08T15:44:11.373Z"
kEBInRqYwdS8A8nDk9SHxhDlUTo1,"0x7645F57CCF5D133d34ABe5a95476a61A7652E1Fc","AriannaMel95458","","2026-09-08T16:08:43.608Z"
kF3FOX1N7iOIiI9FWiVk9l0wgYF3,"0xf9A38F8DF3B545432195566010D2A6A418f7B9F7","huy_hang43587","","2026-09-08T17:05:34.857Z"
kF4dwWjVdjbtH9Pz25okLHIWPHM2,"0xa16568a6f52aFAd880Dd0d15C30a533542A8f988","HangToan62538","","2026-09-08T16:55:55.648Z"
kHoWckslqWaua1BYXXBo4EWso6w2,"0xeb7Be64c28F009D0823d6B4AFB2f05E2F34AcD13","tran_luna59551","","2026-09-08T16:09:48.056Z"
kI7DT1hmS6M7OESe1VMhMF5z9uQ2,"0xC11231e2fFae5D3d2B28Fec2619d8B20A758a1fa","F31931Dylan","","2026-09-08T17:04:32.181Z"
kImspwYFLWgqPV8moT0aAi3jJ7t2,"0x3F83d16705e6d3bBA8A5Cd3b8f422edEeD59aDCc","ElinoreR60281","","2026-09-08T16:20:57.699Z"
kJjC27AbB1WR8snPeQVBB0VSEMw1,"0x0d9AA293762c5E6bA5D7D03d66c139b291F21d4B","HannahMegh98554","","2026-09-08T16:28:19.818Z"
kJjCtPHzA6Wm7YjhXDvTWBgHyHG3,"0x38B7DbFaa4B4aeF1d92B2f8112aA7E2Fc29b19d1","IronH21861","","2026-09-08T16:16:51.062Z"
kLAZ6g0BPQgOeEmaMiMYcEha6Mk2,"0x4b59b3edDFDbFa6F51951513eE303656A5377488","KylaLara112592","","2026-09-08T16:27:21.078Z"
kMIKUYrP1AVniEOdjqo5IxQHijH3,"0x2b1a519B11880E8105425b32b4b2D59B9187276b","PhmTun175385","","2026-09-08T16:32:03.077Z"
kN1KYQnZxWXWyBQp50t5MCTTYtG2,"0xd4e5D09Dba8A9B98DABA79e99E4ad9b491dB151e","CardenaPeg51694","","2026-09-08T16:11:16.311Z"
kNUvPXwalkcrx0fOQL7r9tap9Ol2,"0x74B232274BFB5026AB3Ee45d4b2BeA964e1bBa5D","SerenityZo81684","","2026-09-08T16:52:46.635Z"
kPUQhd5anBaNbx8hnxMi9408A8W2,"0xc835CC5D105322153ede3F0b5A4d16C0ac8e3D7B","KevinMille33469","","2026-09-08T16:49:05.200Z"
kSI0xy9u4QZzlmKN30bRl18rVQy2,"0x20139661D759b95055D7aAF5CABA4546D615Bd0F","SandraW75115","","2026-09-08T16:14:57.096Z"
kTK84UfJvMflWjjJIN0Fvm2sKXR2,"0xd7F9dd8E5C7929EB0281e15106fA4Cc4938Bd767","JulietZya76752","","2026-09-08T16:25:06.574Z"
kTN32COsbVecmoobhbAIPrruGLX2,"0xb2D0273b926c27Df0be2A659bDd776C5096cf216","LuanaKrull1","","2026-09-08T15:00:25.788Z"
kTp3SuP8E1eG2xYGTq2uzqu0s1S2,"0xf15A99a712890dC428C416aF4500661022B4e321","LucasBaker30044","","2026-09-08T17:00:23.834Z"
kUHh5YZZ5RhijY4j3aqOCFpnZBf1,"0x725B49Ef1E3629501d0d733fe635E1912683138A","gabr68415","","2026-09-08T17:01:15.901Z"
kVCd66EH9kX7OMsQBlS47yZzyXd2,"0x9A55bCCf8E63Ae112299292aF678E3426413437F","RajKuma00518151","","2026-09-07T14:22:13.761Z"
kYE9VvCHdoNgOdPZ5f0QporZPJV2,"0xe3Dad50b7f42622796f1BF2b2B5857e315540C08","Opbnbxyz","","2026-09-07T10:30:59.344Z"
kYa2xNj0eifQkASspevGyzl9Fk62,"0xca5c1d5dddbe836d2e56b8f867faa7e0bcdb9e8b","ManahoGao2","","2026-09-07T20:46:59.605Z"
kYqM7MpjX6aGla2Xr8c7HBvPJG53,"0xC99BbA3b125AABe33Dc4b24809147BeE17B0eCA5","LavenaP75154","","2026-09-08T16:05:48.638Z"
kYyHIMZmgDK9YcvCE0yXofsEHPDt,"0x71FE9CC28c4C07837337dD3224e3a611CbB74513","y1kg0mj3","","2026-09-01T00:38:40.698Z"
kZOnUcL8hrXohBU0UMVsGkP6h6V2,"0xF78f700fEaEfc846885Fd49D40E0Ad465E5F4eD3","MurraySand64902","","2026-09-08T16:12:59.584Z"
k_700,"0x9678aA27c6F8418e4A86fF3024AED85006007087","k_700","","2026-09-04T21:19:52.000Z"
kaanbey,"0xCc13f56c31E4659B40e15c9ead1fD2b28658Dd91","kaanbey","","2026-09-04T21:20:42.000Z"
kaantr,"0x98869b8b2844F47bFdA9dea0E5Bb179A183fA09E","kaantr","","2026-09-04T21:20:57.000Z"
kabiralinsi,"0x31ee535477c85e97c5d65cd543e443ac8e21944c","kabiralinsi","","2026-09-05T05:29:41.259Z"
kacha,"0x4c2004aC13B9505b53f1c55414885c79217a420D","kacha","","2026-09-04T21:16:34.000Z"
kaeru08,"0x30d228a62B5Cc8d83E22306235b259EcA956b5B3","kaeru08","","2026-09-04T21:21:09.000Z"
kafcoppelia,"0x35F972F1eEfDE79c743D8802bF59dbd5e00CDD3A","kafcoppelia","","2026-09-04T21:19:12.000Z"
kagemarua,"0x13f5a1632cd811a5a641f16c366f47a4ae80ccf3","kagemarua","","2026-09-04T21:15:19.000Z"
kagemystik,"0xca5c211bf7ed4fe660031941afd585ce10263071","kagemystik","","2026-09-04T21:07:01.679Z"
kahrl,"0xfa9c43D910311c76c9eE7150fd8A7746BA932B7C","kahrl","","2026-09-04T21:16:08.000Z"
kai_falcon,"0x85A0d8EC86e2DC1577f4F77e7A324604f0f51757","kai_falcon","","2026-09-04T21:14:28.000Z"
kai_oracle,"0x3d8A73667e5A709dD269169Fa43D7F66F461BF99","kai_oracle","","2026-09-04T21:15:19.000Z"
kai_prophet,"0x11A0e18D632662C63a0d242A7702cE3E7EDB6B46","kai_prophet","","2026-09-04T21:17:21.000Z"
kaidenn167,"0x500FA5F1bFf38A8Cb654eAc6C43E8c1FD9B77844","kaidenn167","","2026-09-04T21:21:12.000Z"
kaikis,"0xbC1CD9817F52Cb30F009E5508833AE74F5ed51E2","kaikis","","2026-09-04T21:21:28.000Z"
kainapaira,"0xc3a180a99074b463d177bce198bf54ecf9e98152","kainapaira","","2026-09-05T05:43:14.989Z"
kairoo84,"0x9F0759784adf7ea4e6280EC09A46c24714dFf630","kairoo84","","2026-09-04T21:14:58.000Z"
kaischolar,"0x62FA5394b51eefa97dF760B46EF071903bff43F0","kaischolar","","2026-09-04T21:15:55.000Z"
kaitah,"0x09AaFBB46A4DD613B6A9a5370694686d0cf1Df2a","kaitah","","2026-09-04T21:16:28.000Z"
kaivan63,"0x22870B508f30281D664935C4EE76114773aa46D8","kaivan63","","2026-09-04T21:16:25.000Z"
kajko24,"0x7ef7c0e2e6E0F88E8F823816B5814c0dC010029d","kajko24","","2026-09-04T21:16:15.000Z"
kalaitz,"0xa8285E69c741020150bFF1D83D645C65E3609362","kalaitz","","2026-09-04T21:20:53.000Z"
kalbasa,"0x9e84Ffc62d8cc469B3ACcE87ec7AC480DC42Df4e","kalbasa","","2026-09-04T21:18:35.000Z"
kamenn,"0x86ABf4ec8176721aA71E2b650078CBdAbfCFd5Cf","kamenn","","2026-09-04T21:15:20.000Z"
kamichan,"0xb9984F4d8507927b3b5997e876737eA5e8dCb286","kamichan","","2026-09-04T21:15:16.000Z"
kamil,"0xC7F4cF587F3a6A8bbF6B2318349f4cBecB9F2e9E","kamil","","2026-09-04T21:18:29.000Z"
kane0301,"0xd4ab5c98AD25c4acB7177eF19A767f9ca43dAdA2","kane0301","","2026-09-04T21:18:14.000Z"
kane0701,"0xC2B616523E9e620C14010807a8fca24B92c15eed","kane0701","","2026-09-04T21:14:23.000Z"
kane0801,"0x720274cc2F7a2961A766469C113EA5e89C2D6711","kane0801","","2026-09-04T21:20:16.000Z"
kane101,"0x4772734822C1525c3D296b4011F7B1B3E0a023d5","kane101","","2026-09-04T21:17:14.000Z"
kane1304,"0xbEE1b96f31775F6A390EbA0A85acD115d08695eE","kane1304","","2026-09-04T21:14:08.000Z"
kane201,"0xa9707A1fC52bbCB60A36F804264e8032b35F4eF1","kane201","","2026-09-04T21:15:35.000Z"
kane2305,"0x9cd395f3D68faf6E78F7C0f50562DF950Ee8Fd21","kane2305","","2026-09-04T21:17:27.000Z"
kane2501,"0x296b6c915C0c4E0C76C3c18331B9FB9F1B6b1D2e","kane2501","","2026-09-04T21:15:55.000Z"
kane3304,"0xC29BE2d59f6df0A1f4Ceb649f1c75e369F8A4D9E","kane3304","","2026-09-04T21:16:53.000Z"
kanekiweb8,"0xbd3021fa06f4bda7804d84Ab3Af6AaF86a43339b","kanekiweb8","","2026-09-04T17:25:42.999Z"
kang01,"0x47E65089f03521c1C3f7CFc1542Fa677C62ceb98","kang01","","2026-09-04T21:19:35.000Z"
kangmutan,"0x3e542ae21C32562853BB4c008692120538E22963","kangmutan","","2026-09-04T21:20:10.000Z"
kanishkraj1535,"0x10E189B527D04DD1B575e2FD59f60FB98B584168","kanishkraj1535","","2026-09-04T21:17:55.000Z"
kankarbok2,"0xbb655415Cb58DF2660B6aE941A897aEf5f9E6963","kankarbok2","","2026-09-04T22:04:48.875Z"
kaocQUrTlhcBahpxbAKzn5UymxD2,"0x6046d41d8F2229f86e37730347F06241Ec0B96b0","RBradshaw31721","","2026-09-08T16:59:14.002Z"
kapinvest,"0x4A32DCa6b0408cD17dddd8F4A0851080aE06f21A","kapinvest","","2026-09-04T21:17:25.000Z"
kapolove,"0x6ab7C2b81d9F9cBA69E78C471D3CE2b8aa9be6aD","kapolove","","2026-09-04T21:20:45.000Z"
karaage,"0x7b5F953e7262681dcE3DebEB0ce559512a8886Ed","karaage","","2026-09-04T21:21:22.000Z"
karazawa,"0xc813Cf414e37d2D91dBe1d91d1577f770Dc670cF","karazawa","","2026-09-04T21:19:55.000Z"
kari,"0x00D28EfFd41dE8F48A7003815D0fFe2408D1dD32","kari","","2026-09-04T21:16:27.000Z"
karigan,"0xBe50699434654e3808e8bf0693B2421870797d7a","karigan","","2026-09-04T21:16:42.000Z"
karinaqubee,"0xc1f8d7391b3692c5369be360bb044581bd5ca13d","karinaqubee","","2026-09-05T05:29:06.761Z"
karinasafitri_,"0x7300ae87580757Ce993C449DF6707b05237a6eDb","karinasafitri_","","1788588402959"
karlnick3on,"0x93Fec9CF8b7BC794aBB303EEAD67D04C3129EfAA","karlnick3on","","2026-09-04T21:14:13.000Z"
karmaabd,"0xF09bECa13B36eE170C7C6836Af85b33b47981a62","karmaabd","","2026-09-04T21:17:44.000Z"
kartik,"0x8254d28f9346194bce91B19662894CD9656B458b","kartik","","2026-09-04T21:20:50.000Z"
karwan,"0x3f22ae68bA913dfB47C009953A42Bb884BE9CF95","karwan","","2026-09-04T21:17:06.000Z"
kascon,"0xa09cFd9E5E97Bca169b73A6E5A27bb72B335A8EA","kascon","","2026-09-04T21:17:34.000Z"
kasiano,"0x63B71aD2a353C112d28C7F0D66d6692165C86D83","kasiano","","2026-09-04T21:20:11.000Z"
kasxlCLBobaP8yPTld0T2OV9zti2,"0x63c297512ad72005b43437865760167Dcb63f7ce","LTrng217779","","2026-09-08T16:39:15.562Z"
kat3,"0x3d5C2B403B2903b6792CFA4aFb5D811BDBA59bf6","kat3","","2026-09-04T21:18:35.000Z"
katonijiri,"0x015d91f373aa649351589959b658ac14d73198b4","katonijiri","","2026-09-05T05:29:02.287Z"
katsuoth,"0x4562E92dc6eB4696050A0D9A09BEBc5BC5bAb408","katsuoth","","2026-09-04T21:18:35.000Z"
katsura,"0x43179113486a3bF969FAf11d78fc6aA48ae3304d","katsura","","2026-09-04T21:17:24.000Z"
katuvintik,"0x307304d8D6312802F345782F66da3275CC018231","katuvintik","","2026-09-04T21:14:48.000Z"
kaungkin7,"0x76573ab4153a33A37483C9a7885BEE5Fb7C61c9d","kaungkin7","","2026-09-04T21:19:42.000Z"
kaupernick,"0x92D27bb06E506Ca582C830232734e001548C589B","kaupernick","","2026-09-04T21:19:31.000Z"
kaushik,"0x3b3F746505b94Cc7D2c040145A89fE1377bCA945","kaushik","","2026-09-04T21:21:08.000Z"
kavpodolsk,"0x2F973Cb9009c2963D7fC1DFe9028BA4B0CD9F166","kavpodolsk","","2026-09-04T21:18:08.000Z"
kaz0403,"0xE10cb93dFCA04eCF7081d497b379622DE2521fe4","kaz0403","","2026-09-04T21:20:36.000Z"
kazama123,"0x1D886E182B773E11652EF44B48D99Ad6C7DE960a","kazama123","","2026-09-04T21:20:29.000Z"
kazukiz,"0xea6A102aF7Fe06103431e641071683C9DB641352","kazukiz","","2026-09-04T21:16:30.000Z"
kb_1,"0xa825AE015427Ad8FB2fC63123e0A9Cf73676c758","kb_1","","2026-09-04T21:18:55.000Z"
kbzk,"0x35A8fE4C8e9a8B9b88cFA3bfaEb1ebc23E9a876d","kbzk","","2026-09-04T21:19:35.000Z"
kdFFcvbWJsgfeapilkaIYRfPDX03,"0x1AAAE977A580259E8f6421dacE75DcD7663a111e","yen_minh67232","","2026-09-08T17:12:01.603Z"
kdkkiqO6X1d6PzWdEuzknrAzh8F3,"0x86576c96D2c5068483dc1fa7bCD09502d1d60457","KhoiNha57433","","2026-09-08T16:43:10.340Z"
kehmb,"0x91Cf760948Db7BDbcaD65E80ED732092d0BFE4ae","kehmb","","2026-09-04T21:18:00.000Z"
keiterz,"0xadF7A8b92E98bea5eEDBbF3bf20652d5B4083FD8","keiterz","","2026-09-04T21:21:02.000Z"
keithchristian,"0xbA982Bd05ae05Be9D7C15515277676717B59d95D","keithchristian","","2026-09-04T21:16:19.000Z"
kekk,"0x6130ddbc37f141516059C08B3d6f9639872f8985","kekk","","2026-09-04T21:15:21.000Z"
kemg,"0xdB1091f74C8A0322053b2F9C1B49b8E16b5BA211","kemg","","2026-09-04T21:19:29.000Z"
kempatchi,"0x6979c2096e87aE0f90a593E7791866B87dFbfDCE","kempatchi","","2026-09-04T21:14:55.000Z"
ken808,"0x54D183A8483A8877c9B1D86badeb610e20A23Ee8","ken808","","2026-09-04T21:16:18.000Z"
ken9x,"0x115193D3B2fFc0a4Ecc6228E4A5FDd86Cd6CEF31","ken9x","","2026-09-04T21:14:10.000Z"
kenanibis,"0xd6701a14a219A9afB79976B7526a007FDa27b229","kenanibis","","2026-09-04T21:18:29.000Z"
kenchychwan,"0xCFa06aECa7972276ec6F5074880583c74369E609","kenchychwan","","2026-09-04T21:19:06.000Z"
kenteee,"0x61E2de144EB9442ED02FD8926e8af70e52F8Ba5c","kenteee","","2026-09-04T21:15:18.000Z"
kenther,"0x338613877e9fEeEcC3Ddc98f008dC910152F8821","kenther","","2026-09-04T21:18:01.000Z"
kenzem44,"0x30D6e3Ee119885546B54cd1110e7f05D08Df8497","kenzem44","","2026-09-04T21:14:21.000Z"
kepochnik,"0x8B3CA9258f60cfdADbBd0f4Ec254fE0Bc63bAd66","kepochnik","","2026-09-04T21:21:08.000Z"
kerem36,"0xDE33CFFDe80094547c0811A0019de01EA7867174","kerem36","","2026-09-04T21:15:11.000Z"
keri,"0x26eDeCA75bCF3D27260b7Ce1eeed2F466DcFb371","keri","","2026-09-04T21:15:39.000Z"
kernoff,"0x31369718720f0D57d9e9c72EE4A205f5c7a88fE1","kernoff","","2026-09-04T21:14:57.000Z"
keroman789,"0x4500f57193A56037D9Dd234529A4659e07224567","keroman789","","2026-09-04T21:14:07.000Z"
kesha1,"0x7D19aa46b3F57e5F7eA7E84D6Dca149D3A4C9abE","kesha1","","2026-09-04T21:17:12.000Z"
ketaminz,"0x19aF94d81de2e8e53eB025103a4A75DF0Ba59FE3","ketaminz","","2026-09-04T21:19:00.000Z"
kevinturnerdo,"0xcBC9be5C1bc5f677c38a65d850cccd244DEDb77c","kevinturnerdo","","2026-09-04T21:15:28.000Z"
keyzaa,"0xB619Cc0Ee6DCd7DBdad0fdF6AEB59751f81cC2dE","keyzaa","","2026-09-04T21:16:56.000Z"
kfEAgHxS8zQH2ZRmZ4F51CU5yvl2,"0x9932c6dac54a6490e012ce9cfb9a27776db44c5e","lumao321","","2026-09-05T10:13:24.044Z"
kfQnpysFYtcdA95MAFcuYCaCViK2,"0xA1076a73E6adC70a935A2F70566DD07aD2A6dbA0","lennon_tra9739","","2026-09-08T16:51:06.210Z"
kgywUmamNzWEpIgejAZtmPnw08l2,"0x95b716859004e4211b2d54dEa143E048Bc8b242e","MelendezZa86002","","2026-09-08T17:08:39.866Z"
khabibgunawan,"0x26B0666be0759020B3EBaDBeA101c7f644EC6e42","khabibgunawan","","2026-09-04T21:19:36.000Z"
khacquanitc,"0xB6d68F9DDCfFA2431C926DDAa9C960E8eFe0219D","khacquanitc","","2026-09-04T21:20:58.000Z"
khadeschneide,"0x75EAedC08cBcBa50B886Db973BCE32a629cd07c9","khadeschneide","","2026-09-04T21:20:30.000Z"
khadixbtc,"0x740e8b726b5b00ddac9454bf5785d56a23876346","khadixbtc","","2026-09-04T17:03:57.763Z"
khai12,"0x84C97Fb4188da866e82eE2b71Ca5567208554D7A","khai12","","2026-09-04T21:14:34.000Z"
khairul1121,"0xc5D0B1489C2CD405178Cbf052d95D915F2AD03c3","khairul1121","","2026-09-04T21:16:26.000Z"
khalid44,"0x90B91db282Ec0ff3cCEdC61A40B9Bea6662B59AA","khalid44","","2026-09-04T21:19:50.000Z"
khalidaaaibv7,"0x12564c4054eb2e6b233cc4cd7d611895d6bf136c","khalidaaaibv7","","2026-09-04T20:33:39.753Z"
khami,"0x9Bb207d3f5b1dcCd12D5aa31D45f0FeAF7daAc7C","khami","","2026-09-04T21:14:57.000Z"
khampay,"0xEb4ff32C22fc3943B93A3Ddd383E0d6f47C107a5","khampay","","2026-09-04T21:15:34.000Z"
khariball,"0x2e4f87180Aed6f036ad6b7147c08E40D396DCefE","khariball","","2026-09-04T21:18:44.000Z"
khebotz,"0x37D87C5C64B2c0A6dA5fBA0A3FFe9A8b9168A411","khebotz","","2026-09-04T21:15:08.000Z"
khizarahmad347,"0x9941bF6242D20C2b0E457B9Be5269E415867eF47","khizarahmad347","","2026-09-04T19:19:48.306Z"
khizarulz,"0xcBcFbe43Ba96D68D35E873f7c8627f9a86993D20","khizarulz","","2026-09-04T21:17:36.000Z"
khlly,"0x3607021ad644037f17Cd23FF67CE2fe376630F0F","khlly","","2026-09-04T21:19:07.000Z"
khoban2,"0xD36e52b907AC756d99C9DC4DEAC92364AA1B5cB8","khoban2","","2026-09-04T21:14:05.000Z"
khoda,"0x4063Fd490a3aC3FB9108c4d0E950AacF0F6C42Cc","khoda","","2026-09-04T21:20:01.000Z"
khondokar54701,"0xa345A60bB5F3b378976e434Ae052D65172f7D19A","khondokar54701","","2026-09-04T13:41:52.152Z"
khosbayar,"0x20b4369b10393101D2a182172E3f3c3C1d14B52b","khosbayar","","2026-09-04T21:20:45.000Z"
khrol,"0xE6aE1869beB978c68E83560A51c22860F3E7E3eb","khrol","","2026-09-04T21:14:41.000Z"
khunaa,"0x5693A929c2061D9A7043e3A9A6d18D8ca3ECeCb6","khunaa","","2026-09-04T21:19:08.000Z"
kidnakub,"0x2182659debA53237906AF75d6026CFBBBfc4aC53","kidnakub","","2026-09-04T21:19:34.000Z"
kiemusddonggao,"0xf9A2790E548f7D06DD71FC917B68F97801200Cde","kiemusddonggao","","2026-09-04T21:14:51.000Z"
kientrung84,"0x387C661539BD561D5Dd2263faAE146DF3d3a45b5","kientrung84","","2026-09-04T21:20:19.000Z"
kikko,"0xe82B6F76a69B3d367af5884560205C7F324A7D98","kikko","","2026-09-04T21:20:42.000Z"
kilctre,"0x0Db12b0Bc2dF072617Eda74DaFb1476958CF5202","kilctre","","2026-09-04T18:29:57.770Z"
kill_l,"0x405626910Abe30cF97A5b2e6E15b9F5e83024ad4","kill_l","","2026-09-04T21:18:33.000Z"
killny3,"0xef211a5b0e5c8e02e674231f3f8585ca473a360f","killny3","","2026-09-04T19:14:17.917Z"
killtyraz,"0x931DD5aAf0dde8DC5Cb496aafc12C514D08870fE","killtyraz","","2026-09-04T21:14:40.000Z"
kimberlyturne,"0xC3445D3cd04fde3d96196034B788F88d82d78EE5","kimberlyturne","","2026-09-04T21:14:35.000Z"
kimchau,"0x8247C44a7e829d6f51ba0Ec2000A615BB72d8A10","kimchau","","2026-09-04T21:20:08.000Z"
kimmyrathm14238,"0x9ebf12ab7341374a52EfC6C08997036C3Aa26A35","kimmyrathm14238","","2026-09-04T21:20:27.000Z"
kimsw,"0xc3b3d3D292b87Ea4063e1e2F5eDE33a61170a8F4","kimsw","","2026-09-04T21:20:50.000Z"
kimwei,"0x32666a2d3ce80717cb851a95CEE1b5cD168bFA87","kimwei","","2026-09-04T21:16:23.000Z"
kin_kornits,"0xf5D693631B92B0fcB5a32A6B91a61aCeC39120Eb","kin_kornits","","2026-09-04T14:45:52.700Z"
kinanstar18,"0x445eb0D752BDf92cE1eFFC1F2FcDcDf8a54687Ac","kinanstar18","","2026-09-04T15:32:37.968Z"
kindboy,"0xEFc9a6BF4a5cF46235D2c4D289a833aDF2206378","kindboy","","2026-09-04T21:20:26.000Z"
kinesias,"0x46f95ad8AcED9B2175b89965250E3D3b71F03C56","kinesias","","2026-09-04T21:14:22.000Z"
king,"0xBE0432910082D5200140EEa1174D7B5bf1041398","king","","2026-09-04T21:14:09.000Z"
kingcomrade,"0xc0D808fD41345b5Ae6dD8d08e0fafa2b1674199f","kingcomrade","","2026-09-04T21:16:40.000Z"
kingharem,"0x0182Ee3Bf8cB9d020b3197F117ff4c6d7A795A57","kingharem","","2026-09-04T21:15:48.000Z"
kingin,"0xdE29C926074E1DE985b7Dd26E62575701D2227F4","kingin","","2026-09-04T21:21:17.000Z"
kingkhan,"0x8C36d13E04A1BB3f5B02970405F7128a95c66C67","kingkhan","","2026-09-04T21:15:50.000Z"
kingkost,"0xf0C2D36a6BF073BdB2a297787Df88cA1210a01ca","kingkost","","2026-09-04T21:17:30.000Z"
kingmann,"0xdBbaF8e784752698946302043706727F1B48fd0f","kingmann","","2026-09-04T21:19:15.000Z"
kingsman,"0x4b42f41be4D651d653bfE91468BDC1ED083b5B42","kingsman","","2026-09-04T21:15:04.000Z"
kingson,"0xBaCE3Feb9ef8844451051F61b2c12979B381ecC1","kingson","","2026-09-04T21:14:19.000Z"
kingspin,"0x9A3888557d7550CDe7b1cA60a4b00e0936de3DE9","kingspin","","2026-09-04T21:15:57.000Z"
kingstace,"0x4c78d809ab7cCBBa817825cA367dAF8666247C04","kingstace","","2026-09-04T21:20:39.000Z"
kingtetra,"0xa6D50dfC778f536238C99b0E99F1614317A5121f","kingtetra","","2026-09-04T21:18:04.000Z"
kinya,"0xE03db82A2F7F05FE9304C1e5915D573DC4151d33","kinya","","2026-09-04T21:15:34.000Z"
kiramia,"0x0DdAEB18f2DE9965D0b4d6f852Ec2638a5bE8007","kiramia","","2026-09-04T21:16:25.000Z"
kirito_sensei,"0xA8648c4284D6387df10444F558c862919022c9c0","kirito_sensei","","2026-09-04T21:15:40.000Z"
kirlaki,"0x37E68dDC8aF54d5EB72d29aAa89802Ed8ded3D53","kirlaki","","2026-09-04T21:19:21.000Z"
kirovkin,"0x3696F98e9Bc9F910242b6D65a4bA563E01Bf4F3c","kirovkin","","2026-09-04T21:17:45.000Z"
kisai,"0x1d485d4B737fA407BC3240a0057bFD0443beE2c4","kisai","","2026-09-04T21:18:29.000Z"
kishan,"0xB6bE358D9cE5E9a485853Fd6b1C660ED1eD5e9f0","kishan","","2026-09-04T21:14:09.000Z"
kitetsu,"0xe0B1D1789EA508dBCEd20601AC0401E40175E775","kitetsu","","2026-09-04T21:19:18.000Z"
kizoo9,"0x49214C8A473E985031bB824AE1d1875fb643e400","kizoo9","","2026-09-04T21:20:44.000Z"
kjLZw10qmMOjqhUCuMT8NplADHe2,"0x9df400BDfA5e3120F30C07b8AB7051E14BD02c30","JesusConor39214","","2026-09-08T16:47:00.775Z"
kjjii,"0xA87dA9F9F093D0a84fe300f038DB679Ff1c13C39","kjjii","","2026-09-04T21:19:34.000Z"
kjoma470,"0xA50f48B47335E30bC91Da354E30239DBeca37c7A","kjoma470","","2026-09-04T21:16:09.000Z"
kk7mGYEdo4RosM360IP4DIPsUSF2,"0xd629AC997d1F30d68be9c4C3509e1A1e6705bA1d","CMoore25493","","2026-09-08T16:21:21.754Z"
kkrt,"0xAAc616F517996F86C24a799fd547ce83003D16b8","kkrt","","2026-09-04T21:17:06.000Z"
kksssub,"0x23ACD232780a0c9ED038Cf43F382276EE77251aA","kksssub","","2026-09-04T21:19:00.000Z"
kl4sdzeRwgb3Nfd6RsRF4Moa6gP2,"0xF7253A066acD4766ab4d94c38078ae5a9c8342ec","Eleanor54085052","","2026-09-08T15:38:29.089Z"
klassik,"0x25C24A358BD022Bc09FFA9cbBD7B9d7D5EdC5Cc6","klassik","","2026-09-04T21:14:38.000Z"
klay,"0xe0c9D68AfC73793ee6bc4D0fEB631b84fD2d157c","klay","","2026-09-04T21:19:45.000Z"
kleks,"0xE4ccD6B46f5F5dcc9107E10057A57E4ea3e67caB","kleks","","2026-09-04T21:14:17.000Z"
klevermouse,"0xbfCC05075d33d2C3f552eAB2D389b04185eae8C5","klevermouse","","2026-09-04T21:15:57.000Z"
kliYSSDq97hpYNaeXkM81enlFJD3,"0x815B24336F07F0A2d001429eB2b97B30f99D0DB9","patterson_34238","","2026-09-08T16:23:24.161Z"
klndfj0BogYayAiR6sBHfTtvCFk1,"0xA777daa2b7cD98FE04565A43afC88e9DB4Ad8bA1","nghiem_son86860","","2026-09-08T16:27:10.520Z"
kn3eayExCKUhiDnKCsX2FQoh0iB3,"0xF5091Bc0d832F3B2153b419141499b95F2aD10b1","KathrynRav73403","","2026-09-08T16:45:26.261Z"
kncZnHJ24EfHtAFZcfMNl9Jg5dH3,"0xF84D85cC4f6c06A7057d71dbC7Afa2B0Dfa91EDB","TashaHolme36080","","2026-09-08T16:10:37.740Z"
kndbgTsoBTTp934CrIZfeOMu1i63,"0xb4ccddbc2f0b73df0208b26b0c3d4ae8d497a0d9","midorisann100","","2026-08-31T17:38:50.668Z"
knight_kai,"0x66528B82635307d66d10140A50ab9c7C196a2494","knight_kai","","2026-09-04T21:18:26.000Z"
knight_ren,"0xC6F02B04BE4Dbc72A1519b9dbDa26022c553097b","knight_ren","","2026-09-04T21:18:54.000Z"
knightmare1104,"0x5014c7c59ae000ccf53813796bb96c3960c6c1a6","knightmare1104","","2026-09-04T14:26:36.908Z"
knseed,"0xfBd8D995495219cAC2220366784bB445561B5630","knseed","","2026-09-04T21:19:18.000Z"
koakley,"0x5577886365A2036c6f2D4B1e14827ed24598A866","koakley","","2026-09-04T21:14:55.000Z"
koin_micing,"0x8c63aacc12c822d06a2754e22c1941b17cf9fd5b","koin_micing","","2026-09-04T16:53:25.023Z"
kojiii,"0x6Fa314466762E7AfB789766E5FaD2009A9EDA8a0","kojiii","","2026-09-04T21:17:30.000Z"
kokfong,"0x1814ff786a8a47D7288adc4caB4624dF27cD771d","kokfong","","2026-09-04T21:18:39.000Z"
kokoronin,"0x8f37Caa59CF62d54aD2813A7e5D69c382Be851Bc","kokoronin","","2026-09-04T21:19:37.000Z"
komaro,"0x677cA0Fa344daC769c6FeBC36ccd8b08b810e7e5","komaro","","2026-09-04T21:14:33.000Z"
kond1,"0xAC36F5ef9Eb3837e649B62cB32498829303f5482","kond1","","2026-09-04T21:19:25.000Z"
konnitra,"0x6B278fDF47702863770b846A6ec33aB2272667bE","konnitra","","2026-09-04T21:21:33.000Z"
konopqq,"0x23d1320655eBAF28891951708C11B3E1C4b48C4E","konopqq","","2026-09-04T21:19:20.000Z"
kooe2,"0xB79Da0FBcf2b8ab2909f94459a34c977B41D3fec","kooe2","","2026-09-04T21:14:23.000Z"
koool1,"0x23B82e04F689079B4c69668F2AdA8B53Aace8570","koool1","","2026-09-04T21:15:00.000Z"
kopperfield,"0x67Ac0621B49bDD0c6f4d9B3daDda2969731855e2","kopperfield","","2026-09-04T21:19:20.000Z"
korgonxx,"0x228DF918d79EFd3e18259D123aacB01ac10425CB","korgonxx","","2026-09-04T21:20:42.000Z"
kossy999,"0xCf3B1707209156c1F729cCe9aeba08C200cD536C","kossy999","","2026-09-04T21:16:16.000Z"
kota,"0x1b6debec8C327f42ADe886EF27B39f1E4C9188a2","kota","","2026-09-04T21:21:13.000Z"
kotdimvas,"0x3417C3E04eB74b857f472bDea4925718E733372a","kotdimvas","","2026-09-04T21:20:11.000Z"
koulkou,"0x4315E59AD6862aD35d7A2ff28CDd878Ac061B287","koulkou","","2026-09-04T21:21:14.000Z"
kprEq76DX3SdJyC08xG3lOzJcwW2,"0xc47C521F6D343A5eC838079537ecd3E49c44D5a2","Bernadette99736","","2026-09-08T15:43:47.441Z"
kraj,"0x639E64B8D0127bCcE2A0B6A947e80fE8769BeE5E","kraj","","2026-09-04T21:14:35.000Z"
kral66,"0x179FB71Ab63778e43cc33B60fEA9C177e105c053","kral66","","2026-09-04T21:18:30.000Z"
krayt91,"0xAbaD683A50a7D71b9e772bD9a408Dc1F2B6C7025","krayt91","","2026-09-04T21:15:02.000Z"
krecik,"0xB773D48BE6Fd6034b7E43d929A8d2bbe32Dbe667","krecik","","2026-09-04T21:15:12.000Z"
kresnaeth,"0x2685EB35921708c1F1c64637B224eB1cf9d9EA2A","kresnaeth","","2026-09-04T21:16:52.000Z"
krfNNzB7DFZi9jZI6RN62Qne7Ox1,"0x2E5b7D667fd376013166a343E39237d8Ce298880","ClaraQuint31928","","2026-09-08T16:46:15.975Z"
kribolista,"0xFb47EAFadfcbdAF81eF90a8970A96DE927abF2CC","kribolista","","2026-09-04T21:15:19.000Z"
kricrypto,"0x32f34Ae6ea60d5c48655AaC7F1645Bcab3C64dA9","kricrypto","","2026-09-04T21:20:08.000Z"
kriptoescobar,"0x4FC4761269AC8a55C742a33bfF7CB53f3bE223C7","kriptoescobar","","2026-09-04T21:15:38.000Z"
kriptoloji,"0x516e78a0b6aCe9A5220CcF188B4CEC1c211C2580","kriptoloji","","2026-09-04T21:21:18.000Z"
kriptoyd107,"0x983cfcf3a54a454f3758Bb52Fc04afbdD6Ea0b20","kriptoyd107","","2026-09-04T21:17:48.000Z"
krishanbb,"0x392136D4F6c6af4c3ec46df0A7106597FE1C1503","krishanbb","","2026-09-04T21:16:17.000Z"
krisos,"0xA3f86477300dd2c1Ba52Ab03343b803B67430278","krisos","","2026-09-04T21:16:06.000Z"
krisstof,"0x72323dF2944d832d3E5052A39Efc6cd4c1ee5391","krisstof","","2026-09-04T21:17:56.000Z"
kristenn,"0x70753f0da99C270a215AF48F89c6785893166A58","kristenn","","2026-09-04T21:17:31.000Z"
krisww,"0x5F67bE449777b062277Ab0189Ea94DAe2472BebD","krisww","","2026-09-04T21:16:34.000Z"
krit,"0x967062EA533b6bBDDF6E95116274400EBd5f984f","krit","","2026-09-04T21:18:48.000Z"
kronosaed001,"0x635BB5Bb59b961e514a88e66aFa832c083FAF67f","kronosaed001","","2026-09-04T21:15:03.000Z"
krosh,"0xcFeB9140D18E813c0Ed1B33f61D18f1FCe786e81","krosh","","2026-09-04T21:14:49.000Z"
krtsinc,"0xc892D7A942d9875B9215ead461bF0adacfd41ec2","krtsinc","","2026-09-04T21:19:01.000Z"
kryptotaide,"0x55759edD296B17b1B341a9C3379eDE338aBB147B","kryptotaide","","2026-09-04T21:19:51.000Z"
ksoltani,"0xb8c107596A5a7B52F5339C33c109b57e9Fbd4464","ksoltani","","2026-09-04T21:18:42.000Z"
ktrip,"0x34eA5Af1Fa5C635D6C1Cf645b5B0314bE0Cc3C78","ktrip","","2026-09-04T21:19:21.000Z"
ku666,"0x33f2D5C8EF72f3fE8303E2433c74206A4777E0e9","ku666","","2026-09-04T21:15:31.000Z"
kubatura5,"0xd99888D24ccb094Eef596c74aA7D794Bf2bD44f8","kubatura5","","2026-09-04T21:17:59.000Z"
kuczy,"0xFAe2025bBfBC375C06E2cB70f2a2cAF9Cc97A393","kuczy","","2026-09-04T21:15:39.000Z"
kuiizpeace,"0x5F7b64B63627e85cAea4E5A8Ece1a9c667870b81","kuiizpeace","","2026-09-04T21:17:39.000Z"
kujou_pro,"0x166AD4191F09eC58957B8097d9708eA1E8b8a8E9","kujou_pro","","2026-09-04T21:18:10.000Z"
kukudud,"0xa2DA382cf1e39e0B41C9920C9887A5226935351d","kukudud","","2026-09-04T21:17:02.000Z"
kukunaga,"0x4158382Bc94A69b6B905f56567AD0bc6774A7e3f","kukunaga","","2026-09-04T21:17:29.000Z"
kuldeep757,"0x2a5978cCAF3F1Be5093fD84AC6223e48FC9Be8Ce","kuldeep757","","2026-09-04T21:17:00.000Z"
kulwant,"0xF61294604e9bC429F77A6E5E537D63a0A8038348","kulwant","","2026-09-04T21:14:14.000Z"
kumo,"0xce4a0941065b356fFA0FF12C34bCc3460B9AA22f","kumo","","2026-09-04T21:17:17.000Z"
kumooo,"0xE0Faf74572D4845e3D860C6bb0368009d8ac137a","kumooo","","2026-09-04T21:17:14.000Z"
kunop,"0x5FBD31e05aa7C1B0208bc4A374C3205124BA8F3b","kunop","","2026-09-04T21:20:56.000Z"
kupa208,"0x5A15173F91ECaF039408a087D1C1292cd1b35A65","kupa208","","2026-09-04T21:19:17.000Z"
kuroi,"0x41980E1dc4e5a1F88fB6d9a25F8E2760e953FD5D","kuroi","","2026-09-04T21:16:53.000Z"
kurouto,"0x1Aa0b0CFBFb7eCe378c4CBCC07F303dF2186bD99","kurouto","","2026-09-04T21:16:52.000Z"
kurt42183,"0xc878725675d45bDFB43c03A77F98a3a25213bF1A","kurt42183","","2026-09-04T21:17:35.000Z"
kusuma96,"0xf93A194250856d2a96C2f356E47B24EbFE085072","kusuma96","","2026-09-04T21:19:43.000Z"
kuya12,"0xc11CBc963E3A358c9635e0fb68f28bE589E72B86","kuya12","","2026-09-04T21:17:00.000Z"
kv371RaLk6Zk0hmzymnpsCrDKtv2,"0x3cEecddb8674a08DC7b7DbA3FF220385e42b3F57","QuangAn620125","","2026-09-08T16:35:24.680Z"
kvJBDhgSy9QBoPoRNoiUJ8QeMn02,"0xB1f9DCD9B69d8D44D02e396f7C3798a99D6998D8","LyLinh99207","","2026-09-08T16:42:26.717Z"
kwamd,"0x73f58980F975d78db7b3D0A75238B282A628c28c","kwamd","","2026-09-04T21:14:38.000Z"
kwon,"0x48D5b6D79cd6f923202Cf84ab956cEa4196eB88F","kwon","","2026-09-04T21:21:12.000Z"
kwucrypto,"0xC1403DAC4CC9caCe9195C53d0535c5E21290c5af","kwucrypto","","2026-09-04T21:14:44.000Z"
kx2d5DwIkuP6oSz858vys3uZE722,"0xF25d9a2204F7EbdEeA5fFecc1fB150E622c7301F","BraxtonLue14929","","2026-09-08T16:21:11.321Z"
ky3bka,"0x6c0cb46DFeA4522720ea6506e1Fb8bA96397288e","ky3bka","","2026-09-04T21:20:22.000Z"
ky3bmu4b,"0xbAdaC5C5D16D44467fa9fDcE49Ac25F66b9a70C9","ky3bmu4b","","2026-09-04T21:19:52.000Z"
kyY3hM2E8vey6M34MVbUjuI48Pp2,"0x501AE1A3Ddcc69B573F0f069589898094c3a391E","TThin373117","","2026-09-08T16:52:09.933Z"
kyZZcqQSQ0NrOD3aFtkN128OX7S2,"0x0e056619c73f767a982e0b2cb9ff92734a534266","_solitia","","2026-09-07T03:58:59.820Z"
kycha,"0xce9285D161d267c59Ad1559798438F161aB6b1A1","kycha","","2026-09-04T21:15:33.000Z"
kylan,"0xe20D1c2Bd44ebdd0d6f9B74F2Dc374a92A7Ec204","kylan","","2026-09-04T21:15:24.000Z"
kylan3414,"0x0600Fb5825E5D19dEaf69228eb85B3111738c073","kylan3414","","2026-09-04T21:21:01.000Z"
kyrylo22,"0xBB1aa833D3f6e11682F8b20e5495B20EF087D58B","kyrylo22","","2026-09-04T21:16:41.000Z"
kz1YgYoym9SU4FaLX0zdj93eo903,"0x593288b68eA7cdea78dfD9724973C72c8Fb69987","AddieMiles33424","","2026-09-08T15:55:24.092Z"
kzRhPyBP02cGVCOHmsjk3LVoCKU2,"0x6d0d1197CE2C86750bED8db9E28D9AB03A6f999c","MargieGrac62714","","2026-09-08T16:06:55.597Z"
kzl347,"0x909171C92caC17e246Cadd20214Ee825eb67bE85","kzl347","","2026-09-04T21:19:45.000Z"
l05bQ6O7MDXW2gikghOzJjltBkv1,"0x7Ab03A4C2512D518869858F849139BE3c8B9ec21","BjKayode","","2026-09-07T09:03:37.792Z"
l0tZ0eAhYSOa6ghW1wzq9vh1J1b2,"0x884a2ECD37893093BB3041bA744F4e8eC31f4255","AllenShari33136","","2026-09-08T17:05:49.880Z"
l1qklsx70Icj51ntenNIZEfeYf02,"0x90ca58C22AfE1653E1B59bBfBDa64F7E6044CE54","AntoniaPavel1","","2026-09-08T15:37:21.285Z"
l1yGc9Fjyte4PVxtDkG1a2uXVkk1,"0xc3c887bD1C11c0bC1cb8071dCCAeFCE4173D4dc2","BiT1563953","","2026-09-08T17:00:23.223Z"
l200,"0x9590879e5E55e47Fff64240a34f1E734696D00eD","l200","","2026-09-04T21:14:39.000Z"
l23jseVLi0TPr1wMrUYafpUgfGB3,"0xE05F1e03f41dD2Fdb05a24746dA46FFC7ff1432B","ghorardimm888","","2026-09-05T14:25:44.692Z"
l2LFtSWjP4gDOtKtSTmN8qPz73D3,"0xc26C6902024D9411C9eeCB8a06f18f32566EAd3A","ArthursRon42972","","2026-09-08T16:16:59.646Z"
l2l8bHYLjlgqxgeQWMTXALnFliR2,"0x17A02d85Eb47aC35058A04d5184A08219117aF9A","VNh1465823","","2026-09-08T16:55:11.297Z"
l2ltjfAD62cODEwlVvHHpgTqWcP2,"0xE605Bb80E2F34024230231417Ab796C810b69168","ngVinh1648981","","2026-09-08T17:03:56.295Z"
l2sv6CKt6PP3Vp6g6Wo7sK833S02,"0x00f220f8A1E84c750314272d3e022043E6F77BD9","TriciaLara35141","","2026-09-08T16:48:21.946Z"
l43HHqhk3vRfaXyLmdA71fel8Ag2,"0x2f3093B48e26508cb4FBEA995Ef45A7E6Dc72a5f","tai_ly37721","","2026-09-08T16:34:07.619Z"
l4hhypl7IGPnH9XOo4Oj2UVBLMS2,"0xD17e83F61f340A3d0E6aB1d9a05Cd728B4Da367A","HannahFern67435","","2026-09-08T15:41:29.283Z"
l6RBpi5jKivRn4eixAAbCvKJ0w0c,"0x13544Aac3AbABA4Cdfe62850939DD7e7D99DB803","regina27ss5","","2026-09-04T08:57:39.843Z"
l6kpVyOAjGhh0Q1V9vRjG6E6rZP2,"0x339503E3E2487418dA4683962B8f7BCF1fEC8E0A","ngo_phong62524","","2026-09-08T17:00:24.439Z"
l7bib3,"0x79c11b297032C8Baea9FD18692A92aB56b134d97","l7bib3","","2026-09-04T21:18:19.000Z"
l8wmYznQpjDWzWIinwIWMA1NEPjF,"0x6730519d9c1C4255350D7E11104AA5091369bc9D","SaraJacksot5tr","","2026-09-04T08:59:03.916Z"
lB2nkcDUIFNBtJiDL27tsMnWfcE3,"0x23Cde7C53Bd365d13b74B2d1B2aE0B0f293AC552","hexvyr","","2026-09-06T21:10:09.303Z"
lB9EZ1kuhqTWIe4H9mvjlsC0I9F3,"0x0fa9Cf2b8FC3FdeF57BCf9d77Ec4c2D3A4c47101","phi36465","","2026-09-08T17:01:31.815Z"
lE2ZPuFLlFQNjta8pGpDk7bO9RJ2,"0x63035fb4B7e3d11693d5d5e6aa333dE33acFd871","DapheneV28737","","2026-09-08T16:27:15.422Z"
lFp1QT91CdNQziz3lFJtoxLjTNT2,"0xb16B10b15121fE1c52B5B259fBbA0F608ca7B4c8","VT858363735715","","2026-09-08T16:40:24.016Z"
lGbpNKJqMldE6eae4CBQmVD9BBI2,"0xeC82992023630f7824bf7F4e3612b5ab1Eb4B8a7","QuangLng654283","","2026-09-08T17:01:23.231Z"
lJVpqgu9y8QFWqRqBBVB3u9WoCt1,"0x7566aa32b909672592cBF8fC320C25F634c0cEa9","NoahGoodma98103","","2026-09-08T16:18:40.416Z"
lK7NAftlLYMKly4qjq3RibmTHmP2,"0x6670415ec610A271335b8C7B696b6B936148dB5f","WrenGaye35383","","2026-09-08T17:03:38.039Z"
lKSj4QfZmqObK2ruSI8BNTRcYwM2,"0x44D581b76484ed043502B55f74e4a082A82938Cc","LyLinh85936","","2026-09-08T16:53:43.077Z"
lL1SLHzhLsO1tXtjYMnfsJ95TWh1,"0x81ecEc7D78F352157b486a650c0d571b8C0DC7d7","HKhi426629","","2026-09-08T16:47:50.728Z"
lMyr1lOsYMMax9MuYzF2WiH6t183,"0xB0761258B398f0dB3Cdd890108FB7D47f34361D9","BrendanM76040","","2026-09-08T16:15:40.306Z"
lO4IF4KnxjYfatNkAImBJ4goURI2,"0x93A71BCf219AC8306C76773D8A00a2126d77bcA1","HongLm238689","","2026-09-08T16:47:17.928Z"
lOQ4CdrOdZexzSDCC9zjQHEtyq42,"0x550ccaF0c4Ff2bA7658c458036fBC5967a536b82","GianaSoli88928","","2026-09-08T17:02:16.173Z"
lP5GVNWojzdjvicZxNUxDr206BW2,"0x1f476fE3b067b2eA3278a969150fc9baB6E13c6b","BiHiu1432604","","2026-09-08T16:25:00.055Z"
lPFU6mMH5paSnbygh2UhwxS0FN22,"0xcE1E9B2D0009c752Ed5b08Af8901426e9604dC9b","TAnh26361295063","","2026-09-08T16:38:25.939Z"
lQrMLkcUZcXBUFH4PQmWdm293PW2,"0x2f359b9920736cd75b7f7cd53ca8c3300f42f1cd","Crypto_Aman44","","2026-09-03T23:54:28.677Z"
lRPTt9Z1moZDoXae3cYIhWWn5pD3,"0x57FF2c511d476FcA322D2Bf0e307b68A6f7C2Eb7","VPhng1127157","","2026-09-08T16:46:41.252Z"
lRSTmqLPShNUSz4PRq2lgcyJjfm1,"0x125c58fbB8b49ed0Fecc140D7F8457fEdBf3d92E","KimTrinh162196","","2026-09-08T16:48:59.308Z"
lT0dbH1evqMG2qeUmUKWBCzquB32,"0x8C7BaA1e4C4Ea9B99BF282262054E7623Cf5aC77","ashley_slo45778","","2026-09-08T16:50:28.365Z"
lTCRHWQiCdMVXm2kt0tlyZWxEdX2,"0x840fb94cc95e859642293be2094c2165d5164f29","deija078","","2026-09-07T09:59:07.889Z"
lUpaSR7SgxOCilBUD1afpqqycgd2,"0xba0062d88c637eb983cd7d320793a1f98668c24b","Andyai966","","2026-09-04T03:56:11.106Z"
lVvVLXYlNrdT1DktS2VHhuMlypE2,"0x3F7D923B46122A5176554F8d879205cb50631BB9","CastilloAu44089","","2026-09-08T16:43:17.979Z"
lWGDAsxXyKRreNVoW6xtfBIHcAE2,"0xd3fC0419A12e012c2A238489679d93Aa9418f4DB","nam_quach34268","","2026-09-08T16:40:38.732Z"
lXVToHIIUdQCsui51lpCMGzmjDg1,"0xA12b42dAEc51B206B8D29b54E49EbD61e856e4E2","BernardLee26289","","2026-09-08T16:06:18.078Z"
lZCebKAWZcezk5Smjn2a1faIyKr1,"0x7169b10E04d8e23ffC655C21129f231d83707B91","BarkerMatt41239","","2026-09-08T16:14:10.769Z"
laasyanira,"0x4fbcb46afb60b4c47df8fe967aba199a202c8bfe","laasyanira","","2026-09-05T05:43:18.017Z"
laba8,"0xf5687ea1953A943AE7438d3949354763192127A6","laba8","","2026-09-04T21:14:28.000Z"
labyrinthia,"0xcD21C7a9cc106ec59045DA532D6d840a49569972","labyrinthia","","2026-09-04T21:18:41.000Z"
lacandice,"0x79B3b45E826535b464Caa2eca1B45C99B946eADf","lacandice","","2026-09-04T21:20:24.000Z"
lacerise,"0x7E1E649aFd7B2910FEfEAEb221b91aEe7a7Dba47","lacerise","","2026-09-04T21:18:28.000Z"
laclap,"0x7aa53Ad7BA14A97a56ee7DC56F8102be15282D76","laclap","","2026-09-04T21:14:02.000Z"
ladangcuanx,"0x3C6B098E7802F8a15D2b547e4e197A3F255599c0","ladangcuanx","","2026-09-04T15:29:47.060Z"
laedri,"0xf565A610432CB303850315f1918533EA7D8D78F2","laedri","","2026-09-04T21:17:00.000Z"
laithinh,"0xa5c20C2CF618381eECD992Fdb086EC2fA0CF74a6","laithinh","","2026-09-04T21:18:10.000Z"
lakshya33,"0x76e28BCDb5D95e64d6993daF37F3823316DAe996","lakshya33","","2026-09-04T21:19:24.000Z"
laminthant99,"0xC80f1B72B2620fc2eA449453A188a765F194cAA5","laminthant99","","2026-09-04T21:16:41.000Z"
lamvi,"0x44537f78BA39fA32BaA33022F7a81138f47cc106","lamvi","","2026-09-04T21:15:06.000Z"
lanasui,"0xDA1297b9401D64eA28c527c880E22e53F66E287C","lanasui","","2026-09-04T21:21:01.000Z"
laojiang,"0x8e5e572878C2e3Ab15ea1931d999cBE44F463EdA","laojiang","","2026-09-04T21:16:19.000Z"
lara_hunter,"0x74ba55525Ad5B45299B164FC13F7cf88005C9C0A","lara_hunter","","2026-09-04T21:15:14.000Z"
lara_mage,"0x4306906Cf4CbA6d71181b37230600c13B3B04BE7","lara_mage","","2026-09-04T21:21:39.000Z"
larrizle,"0xF0ebA82b46e55E2028ffbCA1182725243b1B586e","larrizle","","2026-09-04T21:20:06.000Z"
larryone,"0xc96d01De6b596eeD76e10271ab851a844Fb38450","larryone","","2026-09-04T21:17:58.000Z"
laru,"0x23023C75d301D4354b6b775b0A5f43b36cdb5F1a","laru","","2026-09-04T21:16:24.000Z"
lastcall24,"0x0d9FAc20a9F02eDdd119407eD3ffC61Ef8b8Bb29","lastcall24","","2026-09-04T21:15:10.000Z"
lasts,"0x2b67767f1B5C96699B826461838FC60E595Eff69","lasts","","2026-09-04T21:14:42.000Z"
lasweex,"0x4a80D339820281eEf1E9869646a93EB6E7939646","lasweex","","2026-09-04T21:16:31.000Z"
lauarroyle,"0xA11B34C5cA57745296BB090706136477219bc143","lauarroyle","","2026-09-04T21:14:49.000Z"
laurenyounygx,"0x215Fb89E4c3d67CB99D0cb24FA8D9f3a23aE3161","laurenyounygx","","2026-09-04T21:14:53.000Z"
lavize,"0x682D6C9b73F7F6b34B753d21729b847692e80FbF","lavize","","2026-09-04T21:14:43.000Z"
lavopavden,"0xfAC5353BEACfdff6d422470948e0320822C91D59","lavopavden","","2026-09-04T21:21:39.000Z"
lavrovmax,"0x8E15A2ce7eF02e523944194583c337753c963446","lavrovmax","","2026-09-04T21:17:58.000Z"
lawrenceothe,"0x3f2d181a117dAE71F030dB6383a173f4e4B5EE35","lawrenceothe","","2026-09-04T21:20:14.000Z"
layabina,"0x669d6a7f0fc544d935c4a98bffae180cd631e733","layabina","","2026-09-05T05:59:18.253Z"
layla_eth,"0x89586d2F5A81998559b0F0aDDED559967Fc45560","layla_eth","","2026-09-04T21:18:13.000Z"
lazseif,"0x76ba377f0342BB6dC19a520A7f9E491dAf6C29B8","lazseif","","2026-09-04T21:15:58.000Z"
lazy_hunter,"0x1d41E83056dF8dE77328a97C765390BbA35AFE4A","lazy_hunter","","2026-09-04T21:20:30.000Z"
lazy_pilgrim,"0xA4290E8A23c16fFA30F3e6B14De4fCd0b3CA13b7","lazy_pilgrim","","2026-09-04T21:18:03.000Z"
lazy_raven,"0x5e70f32B9EA54cAC6B235425317f1C5310a3A470","lazy_raven","","2026-09-04T21:14:16.000Z"
lazydawn,"0xb610DA291C71B6f800C6546C72151b531CFbd8B6","lazydawn","","2026-09-04T21:19:17.000Z"
lazypilgrim,"0x5ef77cb68420D4A68388024A7eA58f4b67f4Bc99","lazypilgrim","","2026-09-04T21:16:11.000Z"
lazyrelic,"0x43a788E1970B2eaD47C59Ec49B40685B6A7FB3a2","lazyrelic","","2026-09-04T21:18:58.000Z"
lazytiger,"0xE7527584efC218d51250B3f467FF2C839e97fbC8","lazytiger","","2026-09-04T21:16:58.000Z"
lazza,"0xb09EA0Ce69C760D5302e1F0170f45C20c459DcF2","lazza","","2026-09-04T21:15:33.000Z"
lbE0Nl1Edpg9TyG0xBlpBlKAPrw1,"0x3151dD7c3B246e62845DfdDcEAa0021C755032fb","LuBnh979172","","2026-09-08T16:38:29.735Z"
lbara,"0x9e225058979DC3ba5AdbC4D9F0f733278f1b960b","lbara","","2026-09-04T21:21:31.000Z"
lcLKPBkCpJdxARMS7srHgUfkxD03,"0xaed96AB55EC0f72b9b2BA7Be3CB83F4003EaA8b3","MOsijirin","","2026-09-07T19:36:21.457Z"
le290788,"0x08f793cdfbef911424d1a592acf57bffdc563f1c","le290788","","2026-09-04T16:56:02.551Z"
leandro1,"0x5365AEe4f5e322a90D816A3927646D060c9FbDB9","leandro1","","2026-09-04T21:16:11.000Z"
leannonlexus,"0xFb101AB70F8D3AB9b8cACf73498568B025a0A1Bf","leannonlexus","","2026-09-04T21:14:57.000Z"
lebiabina,"0xb0b1fee47dcb18b9c22f133f9358a9b3e66dce8c","lebiabina","","2026-09-05T05:58:54.336Z"
lebree,"0x23BD2c0CE11E457beDc5F885c2644E94ef108331","lebree","","2026-09-04T21:20:29.000Z"
ledger_alex,"0x54E828Ca0f8c89dFAFd54A58e11F5f4F853A49a6","ledger_alex","","2026-09-04T21:18:54.000Z"
ledger_neo,"0x9CbB6F9201EF69490997600F272Cd10e6736a1a1","ledger_neo","","2026-09-04T21:21:03.000Z"
lee610,"0xe3E2d3de4e599124b827c9785634D8b1d9e60Dc5","lee610","","2026-09-04T21:20:45.000Z"
leeleo,"0xe03C6F276F563e3F00220eF3184E65A19f6C421F","leeleo","","2026-09-04T21:14:28.000Z"
leelopal74,"0xDcC131A82DbFec046Ec6ACcDb58be1a8468Db933","leelopal74","","2026-09-04T15:16:25.068Z"
leigu,"0xD050Da1c4C3D8de07578f0De9411F40930ac9217","leigu","","2026-09-04T21:19:36.000Z"
leisawinni,"0x02513bad66d1407b916af0e0715832a3c1408db2","leisawinni","","2026-09-05T05:43:19.165Z"
leminhthang,"0x3fab9FbC3224B96EE7A19829C65e167eB3aa8700","leminhthang","","2026-09-04T21:14:25.000Z"
lensland,"0x4d1b0F1611071E35D8c961eA4a2156F06aFfb1Fd","lensland","","2026-09-04T16:47:34.010Z"
leo1707,"0x4c5fB32763336414EcD671e47Cb1b73cf01CCfe0","leo1707","","2026-09-04T21:15:52.000Z"
leo_hawk,"0xc8ab83c5C56d9d4BD8C0C5ecee343Ce2F426354c","leo_hawk","","2026-09-04T21:19:30.000Z"
leo_hunter,"0x0e95b21a575d3A37ff0FDb0192E845f9AdC20541","leo_hunter","","2026-09-04T21:17:21.000Z"
leoash,"0xE77dFB9FaD69C54e2aeD7f35A5237B87526EB8F4","leoash","","2026-09-04T21:21:22.000Z"
leolantern,"0xe8346Dfb83221CfE3f9ae83D72466CA24891c67C","leolantern","","2026-09-04T21:19:59.000Z"
leomcc,"0xd215A3E0c07369D270f4e0Ff7C66Fe35A489A6F5","leomcc","","2026-09-04T21:19:08.000Z"
leopanther,"0x3CAcd5137448D8bbd2c2e978B5f64679425C338c","leopanther","","2026-09-04T21:14:37.000Z"
leoprism,"0x3703c7B5165547374c40A840900DCaB4fb4f83A0","leoprism","","2026-09-04T21:18:17.000Z"
leryboy,"0xE4899874099b415284a5B8288B39E15D7131bb56","leryboy","","2026-09-04T21:17:44.000Z"
levan,"0x37fFf8b33CA668ed1705ba00e5C42C1136058068","levan","","2026-09-04T21:17:25.000Z"
lexx77,"0xccF311365e31AEAe1Aab3fe93BBc6D91aF6ab797","lexx77","","2026-09-04T21:19:48.000Z"
leydon,"0x1A16dED69763F420a65298c688fEd350683827b1","leydon","","2026-09-04T21:15:53.000Z"
leyli,"0x7668315d330E9d8d811f77B9c82D600176Db0a95","leyli","","2026-09-04T21:18:12.000Z"
lfluse,"0x1d78BfF99D02DC354a708e8f8AF04761A799242e","lfluse","","2026-09-04T21:15:43.000Z"
lfq1a8i2NUZqG7zGTQtcS9sW1bj2,"0xfabaa95afff192e0e515cdfdab4ec4a39b531d6e","tbbooy01","","2026-09-07T09:34:49.495Z"
lgDuvcDaNUf0xlVfMdNcGO3iEU03,"0x8b8c43b909a88f9cc2c79da881bb1696bf4f5fb0","Freetalkfreeway","","2026-09-05T18:02:19.207Z"
lgH4IIc68jMSv6HHmNriIDKdZO42,"0xdF841d624FA174157c96c2434f6336bcA41c54cE","HannyRamir99741","","2026-09-08T16:55:32.433Z"
lhjj,"0x755DEF9eE60Eac2Ac583E3f483e46988F4B45d2F","lhjj","","2026-09-04T21:14:15.000Z"
lian1,"0xFD841E3761733028f34dc2f28Cb83bd2B8dcc565","lian1","","2026-09-04T21:17:09.000Z"
liang1992,"0xF351a3e66d1D251cC745f9C5f2745abBD5C8e9f0","liang1992","","2026-09-04T21:21:07.000Z"
libanese,"0xd98D65374a9Cd04F922aCB6ebe6705731741BEE6","libanese","","2026-09-04T21:15:02.000Z"
libertaphoenix,"0xc3A7a11C185F86FF4EA8d104925eF2f92A32A010","libertaphoenix","","2026-09-04T21:20:40.000Z"
lilacs,"0x8Cb9276Eb6ECA61ba5988576a992F64b22724316","lilacs","","2026-09-04T21:15:30.000Z"
lilei90,"0x4E88CC4717bbE8cB11F335E3F4DD07676cE6fD78","lilei90","","2026-09-04T21:14:34.000Z"
liliji,"0xBFb5DaDbf4bF9f247d4aa5197Ee5f123D8ff3E6A","liliji","","2026-09-04T21:19:42.000Z"
lilkwon,"0x663Aa2758555E8129ABCe36Bb02a3cd34aca1476","lilkwon","","2026-09-04T21:16:45.000Z"
lillaxie,"0x7b24aDaEbe6B7965acDc78b6D9739d3A2F3856EA","lillaxie","","2026-09-04T21:19:09.000Z"
lillywhite99,"0x77eBa232a802D9FBE4c3fC89DEc669f7663abD29","lillywhite99","","2026-09-04T21:16:41.000Z"
lilmie,"0xa05590210DBcbe407Cb76eCc172748A6Cc1F143F","lilmie","","2026-09-04T21:18:36.000Z"
lily5645,"0x37bDad30AFF1F25b6E0102E2bB3599E722D67D7D","lily5645","","2026-09-04T21:20:46.000Z"
lily_2005,"0xDD8fFe1BeE87b88B9d30577fc3541cE0c6C7c949","lily_2005","","2026-09-04T21:21:03.000Z"
lilysea12,"0xB9502deD6BFEF4491A5d44362e54c1793f2b2F52","lilysea12","","2026-09-04T21:18:26.000Z"
limiepeia,"0x78b04f7fe5545a6119a245b0683c9ef8c5c8c319","limiepeia","","2026-09-05T05:28:57.414Z"
limon1,"0xAB5B23Ec5aa409D16180f0D47Bc6ee9596b6F488","limon1","","2026-09-04T21:14:08.000Z"
limoonada,"0x96bB3749782EE951D02D77f13A7f82C0061bE420","limoonada","","2026-09-04T21:20:43.000Z"
lina7328,"0x91415A4884f203aD0326e89A7CC0ab4bEb53fE25","lina7328","","2026-09-04T21:18:24.000Z"
linatran,"0x9b2d936154EB95D37Fd57960f210d2BCd7bC801c","linatran","","2026-09-04T21:14:13.000Z"
lindberg,"0x83fF564934D6D3091165E03d47126228c71a37B3","lindberg","","2026-09-04T21:14:04.000Z"
linhapple,"0xB025F96352eE835EBB9b59C69A7BD2050Ab4A1a3","linhapple","","2026-09-04T21:21:30.000Z"
linhbot,"0x67f251a7AE2441e3E1c6c0211FEf9349645796C6","linhbot","","2026-09-04T21:18:11.000Z"
linhlinh,"0x74f1D8ae19C5B68a68be0273c13b3d7F4A4008ff","linhlinh","","2026-09-04T21:17:31.000Z"
linhlinh84388,"0x7901Ce26Da0f4A098E979c323a4947E3CF733732","linhlinh84388","","2026-09-04T21:21:16.000Z"
linhphuong1209,"0xb36a5538c759F15a638F0c14fd8273ba8C8eC469","linhphuong1209","","2026-09-04T21:18:24.000Z"
linio,"0x7AAa1D34da89f478f567017AAe715716A3432e50","linio","","2026-09-04T21:19:30.000Z"
linsmile,"0xd00f6DE0427d27f154418BC2891eDC5E592c4cfa","linsmile","","2026-09-04T21:20:12.000Z"
linyoz,"0xF0B7CCD84e49e78E09996374282581ea194Ce154","linyoz","","2026-09-04T21:19:18.000Z"
lioncipher,"0x94F2891F506BF70Ba7069f8b3f0B7A2e347DaB57","lioncipher","","2026-09-04T21:15:47.000Z"
lionin017,"0x8cE814f429Ae7CF0a40F5d1d5e6A0071dD1981Ec","lionin017","","2026-09-04T13:28:15.762Z"
lioste,"0xdc86531e7625fFF43ae60ee67b1E9309C9A2716F","lioste","","2026-09-04T21:20:42.000Z"
lirikk,"0x458E090c7C6F039db47f7179356Ff0e6C6F06C70","lirikk","","2026-09-04T21:20:35.000Z"
lisamarlinax,"0xB1CbCc0C346824C7531103E9F0512b5fD1278661","lisamarlinax","","1788588363884"
litra1000000,"0x1366E70420a96e814b643c12A1Fb8d2B03b8D1a5","litra1000000","","2026-09-04T21:16:15.000Z"
little,"0x92F4e8b9D72a91E8A4ef0C6e5beF7Cb410Ae4fa2","little","","2026-09-04T21:21:27.000Z"
littlecat,"0xF33Fa55E025D1C90276ba7019536eA2CC62C7c3d","littlecat","","2026-09-04T21:16:41.000Z"
littlefive95,"0x03B74a58c753df7d19bd50EeBA1B633152492ad5","littlefive95","","2026-09-04T21:15:40.000Z"
littlestone,"0xc9Af756a9e978fACBDF37646172DC92E23Cd0508","littlestone","","2026-09-04T21:16:09.000Z"
liujunxiong,"0x7e3CDb7551c25aFe6f19EBC744b1A3f7c41156E8","liujunxiong","","2026-09-04T21:15:40.000Z"
liulang2025,"0x66B510Ab3BC17385b89BCef80b0DA6c3c72acd6C","liulang2025","","2026-09-04T21:14:45.000Z"
liuxing,"0xf51E2816e791c9256C5F4fc1f12d61d33bef7cBE","liuxing","","2026-09-04T21:16:34.000Z"
livDWeJYvfbmlP14Wy2iLsKlmjy2,"0xCdfaB7491bcF640701D7175DA7Ff7eB9bBB407fd","HuyNgo39363","","2026-09-08T16:24:03.896Z"
lively_blade,"0xc664E4e4c6D4DFa91c9EA59C0A565D24689570d5","lively_blade","","2026-09-04T21:17:13.000Z"
lively_ghost,"0xC40ed4194424F0C4527b918f007Be17Bc24A3565","lively_ghost","","2026-09-04T21:17:15.000Z"
livelylion,"0xB0e517e2cf0D61B90A5e46bedf04ECCfF8041B3a","livelylion","","2026-09-04T21:16:40.000Z"
lixiaobai,"0xf041BB15410b0DC237e866fEC7cB6872F28874a5","lixiaobai","","2026-09-04T21:19:48.000Z"
lizarszie,"0x256DDcC7f5ab09b4F53Cd672A6EAC4cf14ca1a11","lizarszie","","2026-09-04T21:17:22.000Z"
lizzit,"0x6094D1Afb576f4ebE4897a108c15C21A0fdEd1cf","lizzit","","2026-09-04T21:20:29.000Z"
ljGFVAVXdAR1rrZXyGFa5vd1j2J2,"0xCcd1ec42a2C541a7D27a6449426e37d9c085711A","MarkA97119","","2026-09-08T16:07:46.999Z"
ljolik,"0x8154C36FC59C9371655B8A24A6d4581CEF28CD19","ljolik","","2026-09-04T21:20:46.000Z"
lktQvVvfkTY5jwvBNvpaRVv2DfG3,"0xBa3a0fecD1f1689F04eEF23cd0b659ab9D2551D6","HongThnhBo60999","","2026-09-08T17:06:43.471Z"
ll1ll,"0x382c322D7418C6a0929C779719Db199997bf8358","ll1ll","","2026-09-04T21:21:33.000Z"
llZKsAvhjrPFsiQgs1SBuHRVmOa2,"0x3c5C44c72E305119c65d63669a59b612556e379a","JDerrick6111","","2026-09-08T16:20:29.528Z"
llawliet,"0xb30a73683D21C33D8AE1C47051BC7b9337E3999d","llawliet","","2026-09-04T21:15:59.000Z"
llfuoco,"0xe1e4443f1c4444d98c159a28a235f59afcc8cb67","llfuoco","","2026-09-04T14:32:03.329Z"
lloyd666,"0x9A40a8D73F9d4c2EF87537507fb54caC5C507b3a","lloyd666","","2026-09-04T21:18:03.000Z"
llsQNNA1aaWztW53DoIER23hI9F2,"0x1432dfBfF56c65E4DB73Bf15426BaaE9997e2E9b","GilsonNorm5199","","2026-09-08T16:13:56.003Z"
lm6S2w7TKXBSgUrauxkbFvNrZ8U8,"0xe58F01d4719397F058145b36e0A0764bbb06f3c2","t0guze89","","2026-09-01T00:38:40.698Z"
lmGsbqXAdpgZX4dNbCWCX7GFQtj1,"0x34c530dD50388759C9B07e38E3e470a0a0fb9EF3","OrianaMary96485","","2026-09-08T16:30:45.738Z"
lmJ66CErg2edfpltk0z6e6yALHT2,"0x20b50678e5EB32e686a31927c38d376D992c720c","CatPhung125127","","2026-09-08T16:04:34.738Z"
ln9VKDYgkZboXSGusD1h6Uvmq6C3,"0x0a2E7bdcF9A9A26108b13ec22FD6Fc1eDF4bE0Aa","AveryDahli77382","","2026-09-08T16:37:20.901Z"
lnNtsvHBjJAiSH5h7Vt2ocojHT02,"0x738E15B85BbADd546Bca2C5d8F96dd85DA80b87b","melissa58wi7","","2026-09-04T08:58:28.622Z"
local_sec,"0xb7EE8E55521FDf1853d9Ec5f58Ae47F49e7De5c2","local_sec","","2026-09-04T21:20:00.000Z"
lococripto,"0x0dd73c974423cCbAe92A1f8d41B60CFE795C34CE","lococripto","","2026-09-04T21:16:54.000Z"
loe8vHZzfRQ4dBSC9SwUkfAJisf2,"0x7d237986d0d36C6Ff7253D1ceaFB15DED1C44A5f","BootmanCod53036","","2026-09-08T16:03:32.890Z"
logan750,"0xDeEF3485F85A035d0EFEff365B155CCFF7d06D0e","logan750","","2026-09-04T21:14:31.000Z"
loganmalik61770,"0x940401c58B5857c136D08f69Ae30958CECAdA866","loganmalik61770","","2026-09-04T21:14:46.000Z"
loganthompson,"0xa0E6CD69bCffD80c3A8cB9F41cE537F844B428d7","loganthompson","","2026-09-04T21:15:45.000Z"
loic987,"0xeC1448D7Fc3CaC8d04a019Ddd74d7793f44fc30a","loic987","","2026-09-04T21:20:34.000Z"
lojin,"0x72C6338EC553DdD287d6Cd971Df61C8c9EECEBf7","lojin","","2026-09-04T21:21:03.000Z"
lokaboka,"0x6f291D6ed3892e07E75c465B4B5851298B42b544","lokaboka","","2026-09-04T21:21:23.000Z"
loknath2,"0x85F4CD39b5f34238dCf0Bb2Cf044F0670Ab77d62","loknath2","","2026-09-04T21:21:20.000Z"
lolo_lolin,"0x01F3C679223C3cb577aff2f3c62b80e43649730c","lolo_lolin","","2026-09-04T21:16:52.000Z"
lolomh,"0xaB955B7c40b677bd905CfeFC4847D5BDCaB414c0","lolomh","","2026-09-04T21:18:22.000Z"
lom1k,"0x81068AD151f8af86C0b7c7c93AC23c0a8c8FAC44","lom1k","","2026-09-04T21:16:50.000Z"
lomes,"0x3Cc9466287801d34A60E150C6636410c043Af619","lomes","","2026-09-04T21:17:35.000Z"
lone_sage,"0x4EB3B0eF8C679ecE763064D9fefF254B3efB1dfD","lone_sage","","2026-09-04T21:21:24.000Z"
lone_samurai,"0x3FB0C0a0DDF5C9C432570900F70F6A4e9357A2d6","lone_samurai","","2026-09-04T21:15:40.000Z"
lone_seer,"0xB01975c694f001778e40331777a7f13F1010882c","lone_seer","","2026-09-04T21:16:06.000Z"
lonecipher,"0x9F33D0389A8F930b3d770cfCE2Da7e7f4037768b","lonecipher","","2026-09-04T21:14:22.000Z"
lonehero21,"0x745921AD074FF8e753e0CB98b0973a7ee91630C2","lonehero21","","2026-09-04T21:21:36.000Z"
lonemist,"0x186B7249B44A4Dba1259D9BfDe22217C02671C1c","lonemist","","2026-09-04T21:14:39.000Z"
lonesailor,"0x53fC6C62bcEd6981A466547Ad4E24eD6Fd07E220","lonesailor","","2026-09-04T21:20:34.000Z"
lonesamurai,"0xb132e6044E57CC6eFb5751F17b293c6D49cc13C3","lonesamurai","","2026-09-04T21:16:22.000Z"
lonevortex,"0xf62F798C9659715Fe623d1697dd3711d9360989a","lonevortex","","2026-09-04T21:14:43.000Z"
loomio,"0xa4450DA895394Df3261f030EFAc17b10C307B9AF","loomio","","2026-09-04T21:17:20.000Z"
loopy,"0xDEAa9b43e864f3dc30EC71Eff78a619eF894F7f0","loopy","","2026-09-04T21:18:40.000Z"
loorrfsgs83737,"0x532a930Bb39B112D25D712FC60C2FC8412943A15","loorrfsgs83737","","2026-09-04T21:20:48.000Z"
lord01,"0xA5458Ad76f9575b2bbc418AdDe1C8012B59d9149","lord01","","2026-09-04T21:15:45.000Z"
lord_mahor,"0x381633B1Bb70905c82b7E1E256aeB4C7D14DF02c","lord_mahor","","2026-09-04T21:18:06.000Z"
lordjun,"0x1936100BAC09C8E0b2BE97a9ae6eC7B8aaddaaB5","lordjun","","2026-09-04T16:45:38.711Z"
lordslavik,"0xF66D4cda82F9d370002CE2A03D868E7450576A71","lordslavik","","2026-09-04T21:20:17.000Z"
lordsuka,"0x863A7456109B8a85E29c9d82555Ba10907ea3ea0","lordsuka","","2026-09-04T21:18:33.000Z"
lorenude,"0xbd761067695C9813DfBEfD6e8b350649a1DD55A1","lorenude","","2026-09-04T21:21:35.000Z"
lorins,"0xF5F77391b8c17920e8e6F15D718b3A5cD197F9F8","lorins","","2026-09-04T21:16:09.000Z"
loryx777jota,"0x5237a017fA15560350A16B0Cc60C343b9ECe5BBA","loryx777jota","","2026-09-04T21:19:38.000Z"
lost_jester,"0x4b969206680d46e8d3b4F02843a7885eaded1d6d","lost_jester","","2026-09-04T21:19:18.000Z"
lost_mist,"0x2c91Fe28c12471323B54734FF59346F29D47bdb1","lost_mist","","2026-09-04T21:21:09.000Z"
lost_witch,"0x986e30FE054E70aBD0d15D5F2B9030482222afD4","lost_witch","","2026-09-04T21:14:19.000Z"
lostgalaxy,"0xF4568e42Ca6aB4932d783CB1479f3Ccd93Dc4EC0","lostgalaxy","","2026-09-04T21:21:10.000Z"
lostinnftspace,"0x925F611ab514DDC7B66C17fe94a59b57488812E0","lostinnftspace","","2026-09-04T21:20:03.000Z"
lostinnowhere,"0x67C0A68054ce6e0F8c74d7158221D7b8358b695b","lostinnowhere","","2026-09-04T21:16:35.000Z"
lostjester,"0x281c3e54183c23f3C2490DdAbaeAEE22470DDA53","lostjester","","2026-09-04T21:17:16.000Z"
lostscribe,"0x16311ED4bDBF4a96FF3e8135d03481c77739fC5d","lostscribe","","2026-09-04T21:17:49.000Z"
lostwolf346,"0xD934f31B8DFAEa8b370757CAfb6aF572cF2D82F1","lostwolf346","","2026-09-04T21:15:42.000Z"
louis9x,"0xA48f3142cA08d57b5E0A107F9F1a9d207E4dB1a9","louis9x","","2026-09-04T21:15:40.000Z"
louisxl7,"0xe543d1320620a6bd19983a07f7f4b7551ffcd32e","louisxl7","","2026-09-04T19:07:57.672Z"
louiszz,"0xdA87222688b903E2AE671e947c9ff9bA02b248d8","louiszz","","2026-09-04T21:17:12.000Z"
loulou,"0x0D541402654E41cA9576308ca9642493c7B1bCa0","loulou","","2026-09-04T21:15:33.000Z"
loulou1,"0xEA7Abd9DB7EeE67BA74E11ee3D3DC7B087219f22","loulou1","","2026-09-04T21:20:58.000Z"
louzhu,"0x9A01f6570e75903b2BCc5B7456d3326A118Dff78","louzhu","","2026-09-04T21:19:16.000Z"
lovcesh,"0xEFbe82F422bFac3F8801DcBfDfe7d88BBD3B9DDA","lovcesh","","2026-09-04T18:00:25.809Z"
loveqq4,"0x66F144e317E2e52923CBC1a2Effdf301941A6469","loveqq4","","2026-09-04T21:16:51.000Z"
lovesone,"0x87AA74094c20436D5d1a6fe7ab303787b5f5a0E8","lovesone","","2026-09-04T21:20:24.000Z"
lowgic,"0xD30961a15CfD55C060F99b55BE47582b4d2C706b","lowgic","","2026-09-04T21:19:32.000Z"
lpG8lhNaF8bnKIX7K4d30J6nhly1,"0x004F739215D69c7dB5e83522cd476cb8E45b68C5","NhamTien40803","","2026-09-08T17:27:29.310Z"
lpojqmwrfzxg,"0x4a3E1abd7823Bfc8b7e1f25d894a5EDAed971B1E","lpojqmwrfzxg","","2026-09-04T21:18:38.000Z"
lpv2390,"0x31Dc0bEe281D0CE29c0b10043A2a5283Ea877600","lpv2390","","2026-09-04T21:15:52.000Z"
lrGEvOFjnFWKYV3VNkXHMJyuF6x1,"0xB320832C7eE14cf788C1bcAbEb50AEce88111D21","LillianB9238","","2026-09-08T16:11:56.413Z"
lrw6248,"0xa54bdf8d620F95Fe2C3af5167a5c0526883a2e83","lrw6248","","2026-09-04T21:19:42.000Z"
lsb108,"0x9Ff7f2b9f9293c446f8F759eeC4235ABFf6fa10E","lsb108","","2026-09-04T21:14:29.000Z"
lsfc1914,"0xD05Ec10B213f4ffF4CC1AF96018DDB8C0B811197","lsfc1914","","2026-09-04T21:20:54.000Z"
lsls55600,"0xcFb9a6AdECD7fBF461b18711A6E6b4EF0d33C27d","lsls55600","","2026-09-04T21:15:38.000Z"
ltb1YBhp64gG3NqBi6gVtGjLP8H3,"0xD9D75c4dD48244d3b49e395F5415D76D541d6AB7","MElmers44039","","2026-09-08T15:42:30.959Z"
luangsuani,"0x7a1ec1e11688ad8ef44c7a8be642ae5b598bfcf7","luangsuani","","2026-09-05T05:58:53.740Z"
luannq1990,"0xD9db699B03a49D079f2e2994cA747283F9c21EEB","luannq1990","","2026-09-04T21:16:44.000Z"
lucastt1023,"0x5CA1B4c14421D9ef251c150C2c1c0E019541bd6f","lucastt1023","","2026-09-04T21:14:28.000Z"
luciagleason,"0x9EF74Dfa34d71D6C4688AE175f61bce4b4b0a615","luciagleason","","2026-09-04T21:20:01.000Z"
lucipurr,"0x1AbE5b4caC908dE896EF7727A8bE1FD811096a22","lucipurr","","2026-09-04T21:18:33.000Z"
luckiest2023,"0xC6931681243167Da44C3336bCadC5749EEACE72e","luckiest2023","","2026-09-04T21:16:32.000Z"
lucky11111,"0xE4537213c3E40D4dB0CB3DA6259619bF3F55D146","lucky11111","","2026-09-04T21:18:51.000Z"
lucky1888,"0x202fC20Cd72641D6AF7453E211FF5a84959c9A2C","lucky1888","","2026-09-04T21:19:54.000Z"
lucky439,"0x7Cb990265659eAEb0dFb3096d98F9CA3078110E9","lucky439","","2026-09-04T21:17:38.000Z"
lucky7886,"0xa0830afA84DdD8DA701E2759f64a64B35c1d566D","lucky7886","","2026-09-04T21:19:26.000Z"
lucky81,"0xEe7F9c19D78A338c327C7aCECF412d0756E79Ff5","lucky81","","2026-09-04T21:14:18.000Z"
lucky_lucky4,"0x53D9aFe52A10caC8ecf7d7C4EA8B30F71A9f9e9d","lucky_lucky4","","2026-09-04T21:15:13.000Z"
luckyboyvikram,"0x8DDB5202120Ed13933b1239444F919f415E0c9AD","luckyboyvikram","","2026-09-04T21:15:26.000Z"
luckyjing,"0x1A52983C07a88f4cF37779Bd378507D85CCDB4ce","luckyjing","","2026-09-04T21:14:26.000Z"
luckykk,"0xd1141FB224c860E47A8cf44873C6575FD7a21739","luckykk","","2026-09-04T21:20:47.000Z"
luckyme99,"0x2E85F01c6CcF665B25A347900B888a0C69c47FF9","luckyme99","","2026-09-04T21:14:59.000Z"
luckystars1,"0xDdBCc839811E04DeB4940563e6c8f1987c738cFf","luckystars1","","2026-09-04T21:16:32.000Z"
lucshe,"0xCC9854EBA0FdF198A26fB0Da9fE25802B0d2Caa4","lucshe","","2026-09-04T21:21:17.000Z"
ludingji,"0x2143E74997bcE3633c65cC6293a459268a98966e","ludingji","","2026-09-04T21:15:08.000Z"
luer38GxjHQe5SQojkc388krBW92,"0xF6Dbe18114A2D03dfdD88ee6Fc1AD570B48D0502","TranSon28929","","2026-09-08T16:44:50.508Z"
luffy_taro,"0xC81cf808665B87EdDc7Cde04CF08A79111a483E1","luffy_taro","","2026-09-04T21:18:36.000Z"
luisfer,"0x73Fef02b226ed36F9cEb6E2197Fc75D90Bc1E3e0","luisfer","","2026-09-04T21:17:05.000Z"
luisha,"0x4075AFB9456FB5b42dE9BD2642BbE2d193974f81","luisha","","2026-09-04T21:18:38.000Z"
lukasbear,"0x4F41B7D2D66811D8d75A72A6D806499C731cD5Ad","lukasbear","","2026-09-04T21:21:26.000Z"
luke0909,"0xF33E12a0DF26623bDfdD1DF9b24d35F843fB1E5f","luke0909","","2026-09-04T21:18:36.000Z"
lukito59074507,"0x0971ddd4430da00444d1f83c299c2754f592c383","lukito59074507","","2026-09-04T14:39:31.566Z"
lukk_isme,"0x60cb54b4a57ebc733c2003fcc31bfbe6749e3ceb","lukk_isme","","2026-09-04T17:12:36.683Z"
lullyy,"0x135C435Bc17b336652e1aE1Ea9C25d74476C75A0","lullyy","","2026-09-04T21:20:59.000Z"
lulu798,"0x4D8A152021fD6342c79267a1177F078614039D35","lulu798","","2026-09-04T21:15:11.000Z"
lumaheihei,"0x49582F1474BaaA35884165De53e8F16943ca2E17","lumaheihei","","2026-09-04T21:18:43.000Z"
lumoo,"0xf1cfFc49Cc3eF2dFf809EEd2731683D168857896","lumoo","","2026-09-04T21:21:11.000Z"
luna_g07,"0x83697E59A431d975B0Dd22d174173bb83c29a4C3","luna_g07","","2026-09-04T21:21:09.000Z"
lunaglow,"0xF1Bd6d23a4FC9bD5f3B800Ea68739351BdDd353A","lunaglow","","2026-09-04T21:16:05.000Z"
lunaharmony,"0x801040a440520A795A701ADF9b48a60497b3d1EC","lunaharmony","","2026-09-04T21:16:56.000Z"
luoluoyan,"0xB6B5D20776B828f9649dEFB0837Cf013808E8774","luoluoyan","","2026-09-04T21:19:17.000Z"
lush,"0x1aA5bB1a27E9e31819456cc2F7119aBbcF85695a","lush","","2026-09-04T21:17:26.000Z"
lusiameliax,"0x85A607b925F9913066Dd32766b474FC872726285","lusiameliax","","1788588435017"
lusulysadia,"0x01381e392f8baed915082dfdfc0c0622cfa68464","lusulysadia","","2026-09-05T05:59:01.996Z"
luthen,"0xC77707595662ddEFE77557612f86e9D20A8F75fa","luthen","","2026-09-04T21:18:16.000Z"
luvria___,"0x7cb91f9c05e9927adefa9e8b242f2dcd3f4ef5aa","luvria___","","2026-09-04T14:30:15.755Z"
lvBPvwMgqqZknm3fdC3YHI7crob2,"0xBB3795AA662612697957ae6BC85B55e039Ec5475","SierraS64413","","2026-09-08T16:05:55.197Z"
lvSBzf75N5O9RGj48qHLgIHylUn1,"0x0Bd9f4cFC2dC29BfA5BBdd72e755105Ed4BD6572","hang_thy52808","","2026-09-08T16:53:26.920Z"
lvmaoguai,"0x209BAa584d346EFf4E2e121c9f733395e9BE9B08","lvmaoguai","","2026-09-04T21:17:48.000Z"
lvntsv,"0x0F38fceae8CaF1fd0ce78f503a64A6C664F90130","lvntsv","","2026-09-04T21:16:24.000Z"
lvzbAvn6fwZ4EB3Im4dSoUQnvdH2,"0x34Edea71aBdEa488d1afcEf2b64e3D3a8d05fd7c","EvansFranc83705","","2026-09-08T17:07:01.446Z"
lx404,"0xC54a609c2529676d5e1f6A246575d3Af5B88Ee08","lx404","","2026-09-04T21:21:25.000Z"
lybFXxrUUkNhYzfnYPYhczfmjO93,"0x949F01E06b9666d55953A4E1e6c55e4aD3Be5518","HienCao22320","","2026-09-08T16:33:34.974Z"
lydey,"0xb951d83E5D6EF55614A445d8a9AdE1EF4746318a","lydey","","2026-09-04T21:19:12.000Z"
lylyly,"0xE7435C2A95BA747748Ad31Ad6E97E7658B5Ebe8a","lylyly","","2026-09-04T21:14:58.000Z"
lyndsey_overton,"0xf2FAECD02DEe082122a657D6855Df7F6F0539E6D","lyndsey_overton","","2026-09-04T21:19:11.000Z"
lyra_echo,"0x596B7cf4aF43b2B73a2d27348D6De37489F74928","lyra_echo","","2026-09-04T21:17:00.000Z"
lyra_storm,"0x095E0D794a6ab79AAaFf5A474cFEe26D182eaE7A","lyra_storm","","2026-09-04T21:18:38.000Z"
lyradrifter,"0x2b0d587e9bb9e98771ee6EacCD03F68e76dAf7D5","lyradrifter","","2026-09-04T21:17:46.000Z"
lyz888,"0x109da535266Dea71dC5F38bE0849e0a5Dc626997","lyz888","","2026-09-04T21:20:06.000Z"
m0nk3y,"0x6f1bA09216e277D83ff193B63c9acbD6A887e808","m0nk3y","","2026-09-04T21:18:32.000Z"
m1ANPb7OUEZGXuhtvCs4Rro4jye2,"0x383B361622BCF913DdA102CBec70833c82Bea79B","emreEth33","","2026-09-04T06:45:06.188Z"
m1q2u,"0xbf29155c95e5158e51555f398279f912a193823b","m1q2u","","2026-09-05T00:06:27.416Z"
m28nCyWi0rhQqomPwjDlaYniLkN2,"0xD40954D654B357d4eB136D70D717311bA879B447","TimothyCal31827","","2026-09-08T16:17:09.634Z"
m2QhWaxSVEfl0azuXsl75DdlL6F3,"0x67e7ab27bb0ccb3c1d6e315ec5d599f260b2f57c","jambujambu99p2","","2026-08-31T23:39:56.751Z"
m34lDe6TpshANszEPm03atzRnd43,"0x2e49Fdc107befE0715841D681912080493651B6E","SuperiorSats","","2026-09-04T09:38:23.257Z"
m3Gegbkz5OhrvuJHnjWcXrcUcMz2,"0x0Cbe465c3e8e384A92aAf2735a2b74Fb8D41A781","RKiara88103","","2026-09-08T16:36:55.001Z"
m3KcBiFinQMbAE3LUIjzrfwYrix1,"0xDbFe04Cac98c7c6E754f6F4e6AcAdc425465B920","sloan_mia4740","","2026-09-08T16:22:22.974Z"
m3cahit,"0x999b948A16c53b4a324b2b9C6DFd31E0f27c6482","m3cahit","","2026-09-04T21:21:39.000Z"
m41Y2pfvIdwBKOgd6UfId6Doi27I,"0xb9092136E40e97FF89b362AD83808dfFCE2534ea","NicholasPoaxhc","","2026-09-04T08:59:33.803Z"
m7800,"0x31430Ea854fAA90f1262FaC90746B4EFD1D25455","m7800","","2026-09-04T21:18:51.000Z"
m7ixfLZYW1Q5bmW1SOX9HduMcCu1,"0x430Fa89e2e3398ABE9943405FbDE06E50aFfA810","0xSpades_","","2026-09-06T18:41:02.758Z"
m8LT6dBRrQgFH4Kd0cMBzAAhOHz1,"0x85a9B30fC10c9447304979aABE3789a2E48AC459","DungHin180489","","2026-09-08T16:34:55.643Z"
m8i6AqFhQ4Ov0C5t3Ln7vqlZxL43,"0xce1f395A832Fcc55B3C25DCCac518Db633C6f2E3","CamillaPag53764","","2026-09-08T15:40:47.298Z"
m9A1XOICmdgEMNY92Iex2Mras5wg,"0xd2B6b8E685A5C5e426BBc1c545463a84AA4706F2","DennisPetenqjp","","2026-09-04T08:58:53.316Z"
mAJUl9q4P2TcmOYVP56aFAvwYtxO,"0x5293918731d0379F7D4BD30F3644dF2a5fA9D45a","HaroldJackxmmh","","2026-09-04T08:59:02.731Z"
mAgh7xUxDOW5VhrVntHle6zQm4Z2,"0x14380F45B2f97341374C4eD8bE2108673487Cf04","NhQuang1336150","","2026-09-08T16:59:50.753Z"
mB60RJ8VQDmXRNq7iaLDjUafrRaC,"0x969f1de8AD498258101d486ab29813ac426678ef","LoriRobert1bx3","","2026-09-04T08:59:28.514Z"
mBsoNRJgKYgYXAWbvCmdVr4lzSh2,"0x6353B987F961cd3fe7918b61f073aEcb92e0Ce7B","ParkValent84242","","2026-09-08T16:26:18.742Z"
mDqcmdVdmhPMpisvmLVt6KyjutA3,"0x3fDb95F9E4f5b716657B01c76c4C4F245152962d","PaolinaRay11496","","2026-09-08T16:39:53.981Z"
mFAEuob9ATeO1qOLwpmMS3URWep2,"0x2879C59cB087a4D7D6b2F3A506f784D2763e02C6","BeatrixJor70316","","2026-09-08T16:47:54.079Z"
mFqypyKl7XgaT4rnvA5NBTgzysl1,"0x9027e25668ecDAd27859a0B8d87a98F0e0dC3D09","NhaKim79700","","2026-09-08T16:26:00.887Z"
mIF3Kg8OEthvZyfBeonVwPH8Bnn2,"0x0911a9efA7e3B7E01375dA7bc0b4F2C14A1eb46C","MarcielStefanie","","2026-09-08T15:38:00.409Z"
mJrO32zjEoPyaxuxvpkEd2oNy732,"0x8786c576AbD9fd191EDb48579157f5b48e215ED5","MMason56195","","2026-09-08T15:45:30.518Z"
mKZdy1WJ9fZ3yWqhbKonqp1ZHyi1,"0x30F248c96fCB9e7c15AE12E42Ed611D5F4c7A8C6","LeonJohnso66921","","2026-09-08T16:51:59.871Z"
mQX2ynEnQUaajklqqoQpkrLVhCB2,"0xAF5003D3fcd8eae967c6156FAA210b4dec345b2F","AlexaPoole5855","","2026-09-08T16:16:27.729Z"
mR8DrtHGWmVRh4Z2VfH733sozZs1,"0x51b5521c736A378E8fF104ce96709aC5fEBb1E1B","BexleyGene45319","","2026-09-08T16:27:16.893Z"
mReD1K7ZKlWNFeduAEzhE2ZSRy72,"0x0ce08f393613D7D45B76CCC88ff35bCCd4F2213d","hall_karla82365","","2026-09-08T15:43:25.999Z"
mRoYD8rWVIYxkFI7XspO1ODKjIR2,"0xdBc8F461A7Fc71291c72E910e5E077C8be93FD35","hermawanbowok08","","2026-09-06T16:56:31.447Z"
mT10zU4tiZMZ91FeAaQXBhqWWyG2,"0x5FbFe33381A0044649A2D9916C99DEc0bEaB69F9","BelleFaith70325","","2026-09-08T16:41:36.573Z"
mTCt6m3RO7d5Y7r71HrpzQS5HSB3,"0xEaB09447CBa21Fed2D003E559152Fc9eca9f115A","LLinh83450","","2026-09-08T16:59:32.086Z"
mTF6Ni2k3rMi4TNaOaZ3qgH77NP2,"0x7a343f1a6349b64efb8f4c0c37280383aab92126","ZyAhmad17","","2026-09-07T10:15:19.203Z"
mW9DI7jpm1YJ8IySM5u1l0LKLJp1,"0xDBE4d8bc4Eb96d5017B0847DA2997a43f2594888","0xSaraHive","","2026-09-06T21:41:07.047Z"
mXgeBeTixeXU91bG09BQN12b0o93,"0xCF313621e5aA676AeAC664c0c1FEf788ab8CAc5f","CornelaO99525","","2026-09-08T16:55:50.762Z"
mZczCpACZLT4GkMrff4zwdKXAKg2,"0xB0fe245fEe4D87AE0EbA1aF42a279aF6944F4fa0","BrynleePar64888","","2026-09-08T16:37:46.636Z"
maVHR2C21sUiZ7nMbmtYzn4LIc42,"0xE6Dd5C665732B2e09ca6C9f1c41A226A4C7cA15d","3n4Cy4Uiivnenks","","2026-09-04T03:27:02.054Z"
machabee,"0xCD5053A5e1Ad751Ab305CE7839f39424fa391395","machabee","","2026-09-04T21:19:22.000Z"
mackatac,"0xA3Ee27986679979a98fB44Ab4242dff1B57c9169","mackatac","","2026-09-04T21:17:33.000Z"
macmayson48425,"0xBcC5210c1C2e1090f7eED0B4C151739f335Da02e","macmayson48425","","2026-09-04T21:19:24.000Z"
mad_pilgrim,"0xE38fcA5D6a46e7002a6779658b07AB217A0ac56a","mad_pilgrim","","2026-09-04T21:20:13.000Z"
mad_ranger,"0x1D2Cb1dF446a71D8bD08fd526D810cCA41ECed80","mad_ranger","","2026-09-04T21:21:33.000Z"
mad_tide,"0x955a445d04328e06E576c37615D4b0aC0bb767DE","mad_tide","","2026-09-04T21:15:33.000Z"
mad_vortex,"0xA3a24AebaFEEE31122630Aa87E7337fa0c7B488c","mad_vortex","","2026-09-04T21:15:31.000Z"
mad_witch,"0xCAbE8Ad2866f63c3F13302d32A4c7B15648Ff165","mad_witch","","2026-09-04T21:17:54.000Z"
madarame01,"0xa80d5851a5e4fd453BBd75380F68a18681aCB383","madarame01","","2026-09-04T21:19:38.000Z"
madcaptain,"0xCf31607E74a63810364253D243D2AA621C27649C","madcaptain","","2026-09-04T21:18:13.000Z"
maddogssss,"0xF973faB35Fd5C1e6A648E151AfdC1691Aa98802b","maddogssss","","2026-09-04T21:20:34.000Z"
madeleneboi,"0x2531C56E8b944e8054ff15C2853b7d98Adb1D670","madeleneboi","","2026-09-04T21:15:07.000Z"
madfox,"0xe1D3A0e1f16BB1B1f3995ad64152faD7582ec0fB","madfox","","2026-09-04T21:16:47.000Z"
madhawk,"0xb9DE38CD27B257495945800697949e6a0e84021f","madhawk","","2026-09-04T21:21:31.000Z"
madiun,"0xf9fae64d45025c7ee7Fd64f40d1b8454dB01290e","madiun","","2026-09-04T21:18:37.000Z"
madmax___8,"0xaB343fa2dEd228C57Fff50af30CbE03c09C56BE6","madmax___8","","2026-09-04T18:26:48.008Z"
madmaxmdq,"0xA416e31FfB3dF164833D7082F48c107B576A2738","madmaxmdq","","2026-09-04T21:17:36.000Z"
madox,"0x4DaE2bE879198a58b5C8F5247596A156185BF82B","madox","","2026-09-04T21:20:58.000Z"
madpanther,"0x0388Ed3Eec49Fe1E1D104752b84b93cBa64ba6EE","madpanther","","2026-09-04T21:18:55.000Z"
madronin,"0x15fa618919195F67ff235Cb7E146d8cfb3852Fd3","madronin","","2026-09-04T21:19:11.000Z"
madstar,"0xE90330db9a904A1Db1b1Ac4Dbe196e0762438b9D","madstar","","2026-09-04T21:21:02.000Z"
madwitch,"0x8a9e736b5bA53be49d16FBD5ab29438dCbf95930","madwitch","","2026-09-04T21:20:23.000Z"
madyrancabuaya,"0xfcb0c8fa7ba6bec771fd1fc4f4f36666cae09b5c","madyrancabuaya","","2026-09-05T03:12:47.053Z"
maesters,"0x66582AEb67121e0947F23a90284397f894C896aC","maesters","","2026-09-04T21:18:45.000Z"
maestrosda,"0x5147337232b8565A62c84A9D27B98b2B69e8363d","maestrosda","","2026-09-04T21:19:14.000Z"
mafaza99,"0x89980F7cD063eDd9FbE6d06352E4991311042aE9","mafaza99","","2026-09-04T21:14:27.000Z"
mafia1,"0x032d66eB9cB6f12cbe20DaA5928ed62661101766","mafia1","","2026-09-04T21:19:05.000Z"
mage_eve,"0x65Ef8ec1AAC017d33cdda7301273Ec0E85D72FCB","mage_eve","","2026-09-04T21:15:16.000Z"
magejester,"0xffe159Eb94bFC45C51F0800A86CBfed4Bf82A527","magejester","","2026-09-04T21:20:20.000Z"
maggicaterina,"0xbEa60C0e4fDEc2BB35F26b755B18073b2DEC3056","maggicaterina","","2026-09-04T21:20:33.000Z"
maghat,"0x09fAd4cB832E10289d03d978a43662dF8EafbaEf","maghat","","2026-09-04T21:16:11.000Z"
magic5e,"0x962f53d6dF6D5b0778fa06E14Ea8435854FFbc5e","magic5e","","2026-09-04T21:16:59.000Z"
magicalsg,"0x384E3F0A7a6470989422D4f03c3316A8ba76e675","magicalsg","","2026-09-04T21:17:21.000Z"
magicboss,"0x59Af6bC0B66E9C8226A4cAb2FFb18481F30dc62d","magicboss","","2026-09-04T21:18:51.000Z"
magniu,"0x1CD58888320E41932C157178ED4AfAB8D75EFe5f","magniu","","2026-09-04T21:14:06.000Z"
mahan,"0x02248bBcaD6736E2573711899301e4F6208b3419","mahan","","2026-09-04T21:14:57.000Z"
mahdiabbasi,"0xF0B69ca4aCf53e4C1d3EbF1b231509889e4160Ba","mahdiabbasi","","2026-09-04T21:20:01.000Z"
mahdibn,"0x5b3Ab32d348395a81BcCB3563cd06ebF538ff9C8","mahdibn","","2026-09-04T21:14:54.000Z"
mahdigh123,"0x93bc2c7402F33FBf07d67E16132409bf7638b73E","mahdigh123","","2026-09-04T21:18:12.000Z"
mahendra,"0x09f0b3075c4f98C50BfeECBD8a29dCa8B7082196","mahendra","","2026-09-04T21:15:34.000Z"
maherrattahlla,"0x0a31665ff930c9d042fd4d56795bd3814c7bb187","maherrattahlla","","2026-09-04T17:04:27.138Z"
maheshkrsw,"0xB4e2621A340dafaA0EC4e4356Ffcf484D37E7A29","maheshkrsw","","2026-09-04T21:17:09.000Z"
mahir0631,"0xf0bfa984Fa04D224D90c05532f9BA288de5A0B03","mahir0631","","2026-09-04T19:13:55.597Z"
mahirah78797527,"0x19aa0dB9e6a478239b66D80f5bc18079a62CBA16","mahirah78797527","","2026-09-04T19:11:43.917Z"
mahirahmed06,"0x8176AE4a33D90c49bB063C3E565A66480493C0E6","mahirahmed06","","2026-09-04T19:04:53.724Z"
mahirushiinaa,"0x79841A8f650765bd1110f8673703D9965bB22605","mahirushiinaa","","2026-09-04T21:14:05.000Z"
mahiurs,"0x6302c999ED525409839CDA34Ae61ad7d1Af87CD1","mahiurs","","2026-09-04T21:19:18.000Z"
mahmud07,"0x34833CFF803f5a19677bC3E72AD34C50dB043D33","mahmud07","","2026-09-04T21:17:21.000Z"
maianh14294,"0x2feFa35d42CBEA5DD8E65C4dC3cf3d84e9756987","maianh14294","","2026-09-04T21:21:30.000Z"
maidokai,"0x48B7f40Cc4B1736Ff54cCD1c787eE2D605364bEB","maidokai","","2026-09-04T21:14:53.000Z"
maiork,"0x45774A5658207eeCb973703D1FdD922d21F0c0d4","maiork","","2026-09-04T21:21:13.000Z"
majidforoutan,"0x0F16ad8C7D99eeF8E2B5e63125Cc1503D9Ec5cb8","majidforoutan","","2026-09-04T21:14:37.000Z"
major,"0x4AFBD017e5b118fB3a3a8A4968239AED4b183fdC","major","","2026-09-04T21:21:38.000Z"
makanx,"0xAb863b9a78986CbfBc9E8eEfBDEFC6D10919C438","makanx","","2026-09-04T21:18:01.000Z"
makavellt,"0x901078Ca778A7c43a1e3106a25cBb4D52198257C","makavellt","","2026-09-04T21:20:51.000Z"
makh74,"0x5B123D839d7d68EcD9012E3E0148DA57Ba040F88","makh74","","2026-09-04T21:14:53.000Z"
makicrypto,"0x73F7C5a9dd00c8D8378029670401D311eB07EE8E","makicrypto","","2026-09-04T21:16:46.000Z"
maksyaka,"0x2d31285DE2A24a89ea09a3Ec4747dcc8a9b1EF8F","maksyaka","","2026-09-04T21:16:42.000Z"
makys,"0xCdE3ABd730C45D04232A2Fe9F7121A14E9AFd1aD","makys","","2026-09-04T21:17:08.000Z"
malB96ZVCchK148IJPnipnncRo82,"0xDa4ce67b55C1685eed79DdBBbc8Affc1B12778F1","HenryDyson85650","","2026-09-08T17:04:50.265Z"
maldhama,"0x67f48a32068f4431a6B7dDB9ca6F9c3636095d05","maldhama","","2026-09-04T15:46:48.087Z"
malici,"0x951B2D4EdCab140Cd12cF364CE325E6217657988","malici","","2026-09-04T21:16:22.000Z"
malika23,"0x462B3fd5c04c0aFc786F0E7E9570Eda185fb8298","malika23","","2026-09-04T21:14:07.000Z"
mama2726,"0x386D8D76bf89492418458a5bC8151Aa7ddac6ADA","mama2726","","2026-09-04T21:14:44.000Z"
mamamulu1,"0x036E140b099Bb37DB8FA28E76E8fF135Adb126b1","mamamulu1","","2026-09-04T21:19:37.000Z"
mamita,"0x45E5945d9b2fE777bcC16DFaAF65000Ee6895e92","mamita","","2026-09-04T21:20:19.000Z"
mamm123,"0x8Dc53de830b3FEC2d44f8B21651ca2DfF5c1D40E","mamm123","","2026-09-04T21:14:47.000Z"
mammama,"0xe9f6002C4F2E1c3c790d121CC7dA804284f568c6","mammama","","2026-09-04T21:16:07.000Z"
manara,"0xf08b5d557A9d807df48F774EA1b812c44c9713fb","manara","","2026-09-04T21:16:18.000Z"
mand_d,"0xc5Eed7839688e30244e0Dd1433Cc1d3036C30D0C","mand_d","","2026-09-04T21:15:13.000Z"
mangsir96,"0xB43c78EADc4Ad6c332A07768C5E0CFe14fA9D5De","mangsir96","","2026-09-04T18:08:50.240Z"
manhunt,"0xcCB2bE5D729732BA577Ee926C3FD9Ef49Df18421","manhunt","","2026-09-04T21:19:38.000Z"
manhunt09,"0xE673e404223D43C4623C6c87c04256d60E169462","manhunt09","","2026-09-04T21:15:43.000Z"
maninlarie,"0xd69c2a514b892c883b5f064b15a026b0b5873aee","maninlarie","","2026-09-05T05:59:06.058Z"
manishbac,"0x9ef31aa9f2E901c646dEbba3212521de59F9E47B","manishbac","","2026-09-04T21:17:04.000Z"
manishg143,"0x22AbEA4bF036fD969281BC1aCF65312abdB2b9cd","manishg143","","2026-09-04T21:15:01.000Z"
mannn,"0x8C0042469C64eDF11C1C6076F638e131038C4E0e","mannn","","2026-09-04T21:21:17.000Z"
manojnayak87,"0xFf8270f0b3224B09c4Dad20E5Efe8cAD932df3e8","manojnayak87","","2026-09-05T02:54:34.767Z"
manomalik,"0xbf2667Cfe607f53Fd73d7376DF5474C5b7bEde08","manomalik","","2026-09-04T21:21:04.000Z"
manro69,"0x5af8D5E2fF77535Ba06c634c7764896E8De264F6","manro69","","2026-09-04T21:20:07.000Z"
mansonkell,"0xCc138D5B00dF654f56E495faE9501B1d8E0D7ef9","mansonkell","","2026-09-04T21:14:58.000Z"
mansoorndb,"0xA2457D8b4a79cDD51F03F1A41A47c31A8cE3E866","mansoorndb","","2026-09-04T21:20:48.000Z"
mantratantra,"0x3815826eA86CC052d76B4A2Ce3E7A1675f3Ed9A1","mantratantra","","2026-09-04T21:16:18.000Z"
manueladams,"0x8CB81FF498a76Aa0894795BA94d967Bf656F38Da","manueladams","","2026-09-04T21:15:33.000Z"
manukakal,"0xCE2EF26E518071C262B842f9dE8b4cFF8e1c80EA","manukakal","","2026-09-04T21:15:43.000Z"
manzrakhmul,"0x781D496191EB56EC760D3eD666cFF8E260f3606F","manzrakhmul","","2026-09-04T21:17:14.000Z"
maoboyuha,"0x760cb9631c316f8c204c1d4d4f9d3a19d9418587","maoboyuha","","2026-09-05T03:55:46.091Z"
maomao,"0x440F0458A07e595BEaBB02f902fB63220760B197","maomao","","2026-09-04T21:14:20.000Z"
maplehell,"0xd19Ff49F1FC072bBa45a0B83EA82A15F2f185961","maplehell","","2026-09-04T21:17:01.000Z"
maqiuyu,"0x3334dAa597f355583B1b7F52e9ab70bcb8e98bA9","maqiuyu","","2026-09-04T21:20:30.000Z"
maran,"0xAF10944f93175c6d77cd5A755740787a5FB7b8a1","maran","","2026-09-04T21:14:09.000Z"
marcosaru,"0xA4118ef27564C6E76dA734052239d40672baA9e4","marcosaru","","2026-09-04T21:21:27.000Z"
marcus13,"0x540735B5b0cC75867e18814307ee89a080Fd83C4","marcus13","","2026-09-04T21:16:43.000Z"
maresal77,"0x4217a9BAFA62B32aa2cD4b1054F8e0C427Ed32A6","maresal77","","2026-09-04T21:15:41.000Z"
mariabolshakova,"0x444AEEFD162676aDb929490cD3930e9F4098ea6F","mariabolshakova","","2026-09-04T21:20:46.000Z"
mariacampbeli,"0xA074C1212073F19EAb3618F1DBA924A66C47Bba4","mariacampbeli","","2026-09-04T21:20:31.000Z"
mariaheitor,"0x35A9a13717724797B0B9974f4dF9b222b3AA1f6B","mariaheitor","","2026-09-04T21:14:43.000Z"
maribel,"0x40fbCfd2E1606bb835c973e3Bf6533047e5A526D","maribel","","2026-09-04T21:16:53.000Z"
markiwi,"0x5d144322F4b341f35Df51b70C40c7013B1Fe6395","markiwi","","2026-09-04T21:15:32.000Z"
marla,"0xD425d63854Ad21a98C4dCD9879fA7dcd08c005Da","marla","","2026-09-04T21:20:14.000Z"
marlows,"0xA8286024e9B9d095a9eC308b93eC36cC1Fd5201c","marlows","","2026-09-04T21:17:18.000Z"
marpiku_,"0xaA3D6fFBd237ed59f2F1D922a1380Be5D9f4c85c","marpiku_","","2026-09-04T21:17:28.000Z"
marsma,"0xeC165ed7822Ce8B5a494Bb882057411b6Dd1cf4C","marsma","","2026-09-04T21:16:13.000Z"
marss5,"0xf230C405a71b043BAc9C680a164D9e674d4FC6Bc","marss5","","2026-09-04T21:16:19.000Z"
marsuvalen,"0xEd16E37FB9825946Ce7863F80a5E010bEB33542E","marsuvalen","","2026-09-04T21:18:09.000Z"
martimnezz221,"0xdAAEDB67714BA95D7425B52Bea3F911d45AF48DD","martimnezz221","","2026-09-04T19:19:02.356Z"
martinho,"0xdF47fC26Bd84B8d4F3f26F43d84e252E7d6caFFc","martinho","","2026-09-04T21:18:24.000Z"
maruf976,"0xEf182f3252359a89d9Acd529D5De47EF80761f63","maruf976","","2026-09-04T21:21:18.000Z"
marveluniverse,"0x466C2F40429FC9BD718d7288a1f6F311ABeF5cA4","marveluniverse","","2026-09-04T21:14:11.000Z"
marywallker,"0xd1E4aB543b554d387E7A606bE3B89ba6391b3043","marywallker","","2026-09-04T21:19:08.000Z"
masaooo,"0x532b1a6493c4A32d1dBFA6713A5BC7E988433ac0","masaooo","","2026-09-04T21:14:37.000Z"
mashiron,"0xc72177CD498DEAec0f937f88ce04F5DAc3240c79","mashiron","","2026-09-04T21:20:15.000Z"
masir,"0xc9f56379F23c25b341D4459A54Abb5034C927b40","masir","","2026-09-04T21:19:02.000Z"
masteri_t5,"0x91C0b4E4a3427ccd87751F034faA522BAF442909","masteri_t5","","2026-09-04T21:20:12.000Z"
mastery,"0x7048c0Af81B2416130E67610004585e70843E7eF","mastery","","2026-09-04T21:15:26.000Z"
masum58,"0x9A2d41ffAEB3d30EeffCd324aE1134B7a04e1bA6","masum58","","2026-09-04T21:14:22.000Z"
mateuszek,"0xcBc49Ef51Bf78F8B14DAc6E8f05Da2A1878facE2","mateuszek","","2026-09-04T21:18:44.000Z"
matic,"0x8433108Bff2034f94e8947BB9Ea98553f987B607","matic","","2026-09-04T21:17:05.000Z"
matinvafa,"0x689F050B5e39AE07D19bEf92607e5C1e6abC9a2E","matinvafa","","2026-09-04T21:19:52.000Z"
matros,"0xfFF6b009248BEaCa7366609fD255ADB3429a4845","matros","","2026-09-04T21:17:42.000Z"
matte0btc,"0x22B2d59dc85c58214191e38bB71A6659512370BF","matte0btc","","2026-09-04T21:16:38.000Z"
matthewcrypto,"0x7f2c7791Af8ACed448939bb8dbd9F041957683e6","matthewcrypto","","2026-09-04T21:15:44.000Z"
matthewgar,"0xe32B94355a6C5Ea5D74700d4031cF138A5bCC2B6","matthewgar","","2026-09-04T21:20:08.000Z"
matveyav,"0xD523113933D623306cbee432089086643f51D3a6","matveyav","","2026-09-04T21:16:18.000Z"
maureeng,"0x9A463f7f2dC402828a186FD5e362bbBF67D06D4D","maureeng","","2026-09-04T21:20:49.000Z"
max24,"0x5CF5431528Da85c8f8EAD086fb2CcaFa96520B08","max24","","2026-09-04T21:20:28.000Z"
max_ranger,"0xb37b82Ef3722A931213B85D6541AD8E2fF6B11DA","max_ranger","","2026-09-04T21:14:22.000Z"
maxall,"0xC21AeE3e83bC6d288cb41daDc253C0452b419653","maxall","","2026-09-04T21:21:24.000Z"
maxiiiii,"0x9Aa09BE7AeCebE1328Bb1a3e0d9484e455AAA530","maxiiiii","","2026-09-04T21:19:03.000Z"
maximusx,"0x8A1AD2BA00cf8B571578a8A1eB245FC14DBc0CD7","maximusx","","2026-09-04T21:20:41.000Z"
maxistor,"0x25EEA5Cbce711e8375101AE92BcD6D3072A26393","maxistor","","2026-09-04T21:14:06.000Z"
maxong2003,"0x65730a1ED88963EF707bcCba7c3002816A78849b","maxong2003","","2026-09-04T21:15:22.000Z"
maxpilgrim,"0x9471Fee2092085f736f305428A36f0bD6b45610a","maxpilgrim","","2026-09-04T21:19:10.000Z"
maxplay,"0x165D421eB3F52833fE3459B2741dAD78a720Ce99","maxplay","","2026-09-04T21:17:08.000Z"
maxscholar,"0x9c9E3E2c9c8f4462bfD3f4DA63016C46E7eBBf8C","maxscholar","","2026-09-04T21:16:20.000Z"
maxxxim09,"0x5c75236620B90072A00e7E1d53743653ea330f6F","maxxxim09","","2026-09-04T21:15:39.000Z"
mayaanggraeni_,"0x71645062f276ea2AFaC034E4640365823d68F3BC","mayaanggraeni_","","1788588345122"
mayalu,"0x796DA5D72Fc56029A223BFFa8B29001E0aD1E54B","mayalu","","2026-09-04T21:14:03.000Z"
mayankmk,"0x9AB13c7345B38C5e53fA48f2B605557da9469146","mayankmk","","2026-09-04T21:18:09.000Z"
mayarra,"0x7D40A9E0BD6E39E69505B65430530967a900791A","mayarra","","2026-09-04T21:16:15.000Z"
maycongr3,"0xFDC856bf066475Df049c7D4f267d07b5eb93b16C","maycongr3","","2026-09-04T21:17:23.000Z"
maydeng,"0x027a454f01180d53a6a8A8133B8DdF015664D6bE","maydeng","","2026-09-04T21:17:55.000Z"
mayer55,"0xe69c5ADCF5013355aaF6193B2c9A7996E5082d03","mayer55","","2026-09-04T21:14:37.000Z"
maykikk,"0x4dEf67FAE4c17965d7C50F3d29012Af123B721F8","maykikk","","2026-09-04T21:18:16.000Z"
mazay85,"0xE4AE23A7D88F84749ff009FAd247DFE9EaA12a48","mazay85","","2026-09-04T21:19:06.000Z"
maziar,"0x21e7d7340d78D2Dc256C874Cb3cD39b482b5c0B3","maziar","","2026-09-04T21:21:13.000Z"
mbYKvQmO12NsjDVhWKbG7xHbCBY2,"0x08be86FB2B0a91FF6911202806eD0721E1Aee489","FlemingEli19524","","2026-09-08T16:10:27.672Z"
mbdrop,"0xBCA663231CCab58C142A4e20B0aCe0Ecb2A3eE78","mbdrop","","2026-09-04T21:14:44.000Z"
mbmchaves,"0x6A8493D5C605E5E81900a36c5dca982EcD77A3cE","mbmchaves","","2026-09-04T21:14:25.000Z"
mbpoyraz,"0x2Ac4a71DF81e05e574437745cD405ff13eBb330c","mbpoyraz","","2026-09-04T21:19:26.000Z"
mcVPzBdC6cTcQdSVaYxc2Aqni1Q2,"0x72533Ebb02f6095b7dedf0DBD083E243a764AE5B","HTm1383118","","2026-09-08T16:32:27.031Z"
mca1,"0x3D2d3a6DCbf2155a60A30ad1309B3eE45780ed3e","mca1","","2026-09-04T21:16:35.000Z"
mcwar1,"0x8a073d6A3FbAd3a2E611a724de8c226e54d11F7C","mcwar1","","2026-09-04T21:18:38.000Z"
mdashik17657283,"0x346437744c073B72b6653FA911d3d573a412f923","mdashik17657283","","2026-09-05T00:50:24.148Z"
mdbabulx4,"0x76C2C873FBFBBCBeA2e7f3710bCFf551561739b0","mdbabulx4","","2026-09-04T21:19:02.000Z"
mdjubayersheikh,"0xDeD206285C831C8dDf25b7b5D0981B6CE9ddA3AE","mdjubayersheikh","","2026-09-04T21:16:22.000Z"
mdlbqDPXlafC5CI6kNkJ1C1RdKT2,"0x1EC7F4a3d4AD18e10421ED6dE653e60AeE247674","CameronShi89447","","2026-09-08T16:34:47.321Z"
mdrofikul95605,"0xfe17A2662813722D78CeB4e6A99ec01573924033","mdrofikul95605","","2026-09-05T01:42:06.885Z"
meatbagvibes,"0x4d5b3d7fd88c56a865f2ac6bbf393082441f14a6","meatbagvibes","","2026-09-05T03:55:53.071Z"
mechemist,"0x16Cbbb9241fcB561F8c22a0C453fb438609994Ec","mechemist","","2026-09-04T21:21:38.000Z"
mechisl,"0xe170ced2C4374A021732815B041Ce9b7144C1bD9","mechisl","","2026-09-04T21:15:56.000Z"
meganwalkerking,"0xDf46bCD489692cC5bF4A684432D1595C555730a4","meganwalkerking","","2026-09-04T21:15:38.000Z"
megawatix,"0x9213Dd38608a863a0cc43F65C49E38F008B1445F","megawatix","","1788588390467"
mehdinfm,"0xf20d181B62Bb1C00404C69840bAeeB95b4e86c5A","mehdinfm","","2026-09-04T21:17:51.000Z"
meikana,"0xB8a6FbF551160BeF0c93D5761D90BdABFBF5062F","meikana","","2026-09-04T21:21:19.000Z"
meimei1919,"0x4fFe996DE20eEB0C4b11569Ab38808D0387b2847","meimei1919","","2026-09-04T21:19:55.000Z"
meixiaolin,"0xff145abe52056b124e4a54fa5c2685f590383d38","meixiaolin","","2026-09-05T05:59:07.350Z"
mekomox,"0x987571aa3AA739810F07F230e56e60ef797234F6","mekomox","","2026-09-04T21:19:44.000Z"
melatiramadan,"0xC30C49B03a1d3f7b351c65bE3c1213c2b0C18856","melatiramadan","","1788588396593"
melbourneo,"0xa4eD9FBD5d3C6943bcecCc9177Cf32d56d84871C","melbourneo","","2026-09-04T21:17:34.000Z"
meledagg,"0x95928A2eC9bb361F2628ba45B679E174c7e8a842","meledagg","","2026-09-04T21:19:00.000Z"
meliana,"0x245E89e961fFdf17719Cd16842e296bfA5dB93E9","meliana","","2026-09-04T21:19:23.000Z"
melisademirhan,"0x389e3e358838597edD13e5aeb098436530319A55","melisademirhan","","2026-09-04T21:15:32.000Z"
melsp,"0x70212567C802450A5b21815c93ED4e201EF6eCc0","melsp","","2026-09-04T21:16:09.000Z"
melwinande24004,"0xDA3CB5dB2d40f95A6e80614872A15DfaF8179c24","melwinande24004","","2026-09-04T21:15:52.000Z"
memeland0102,"0x1f7ce97949B721A78254736A79ca5322a86842E2","memeland0102","","2026-09-04T14:03:09.220Z"
memo,"0x34C131c9d45aa3bBE3205308D37c4893AF02131a","memo","","2026-09-04T21:17:13.000Z"
mendru,"0xfB07013c7AE22ffAe2594c1c52201A904F300663","mendru","","2026-09-04T21:18:56.000Z"
mengyang,"0xF033F919f1D3426A1274C917336e04Fe084bb7Ce","mengyang","","2026-09-04T21:20:27.000Z"
menpiz,"0x0903726946Ea2e484A7421DA92347F69D1AC81d9","menpiz","","2026-09-04T21:15:22.000Z"
mensifrigard,"0x9293caF120241091FBd4a9CEBeB5cEae81aa30Ba","mensifrigard","","2026-09-04T21:18:26.000Z"
menter,"0x7Cd17140115465341968D6bc68b89F17A9995f78","menter","","2026-09-04T21:21:19.000Z"
mentha,"0x63B97B8Ab02d6B0B79F8e2B470Ad5fd0EF369AaF","mentha","","2026-09-04T21:20:52.000Z"
meobeo,"0x00152509748dE68D5eCba5cC0E72081A6EE55Efc","meobeo","","2026-09-04T21:19:29.000Z"
meomoi1804,"0xa339dE6B8acc31620a47208B2e1491C92d549a84","meomoi1804","","2026-09-04T21:14:23.000Z"
meory,"0xE0c2A30602f0838E6eF2C82b4534B2A46a8aA6AC","meory","","2026-09-04T21:16:41.000Z"
mepoo,"0x4854a5CCEe8F2eb4a36d09d6EB372962A177e722","mepoo","","2026-09-04T21:20:51.000Z"
meraj420,"0xDE6CBe79f672710c1579572d6D91F7fB93dbaf3D","meraj420","","2026-09-04T21:21:01.000Z"
merbuti,"0x2E0359511cF3D1ecD3eE3dDee1c4fcB4891e7167","merbuti","","2026-09-04T21:20:20.000Z"
merida64,"0x21d7A81AcA6A7791657c1c8729c4c4492ee45534","merida64","","2026-09-04T21:21:13.000Z"
metaalex,"0xe77B25bf547B82A17dcC1aE00A6446294cAEB343","metaalex","","2026-09-04T21:16:44.000Z"
metadrophunterx,"0x714C1D5F2368C50cc3282A0e60bB78A021395F28","metadrophunterx","","2026-09-04T14:50:51.505Z"
metagd,"0x35cF5E47B38bb16d7Add9baf9cd8A86372b4aAaF","metagd","","2026-09-04T21:17:16.000Z"
metasound,"0x27b3c4f0024Dc21A2A3c93C34FcD3314e9908c55","metasound","","2026-09-04T21:18:27.000Z"
meticulousmofo,"0xF59af4c1712bD16b4Bd0ffD6Ba82f32E91e75637","meticulousmofo","","2026-09-04T21:14:59.000Z"
metjus,"0xE71f0a629732f02695525DF57fB8e07B6b52EB0f","metjus","","2026-09-04T21:14:03.000Z"
mets,"0x9bA40c85a67B7aa6EFA90cC2E9b457654E41bfdf","mets","","2026-09-04T21:18:36.000Z"
metxNXoYLiNMeJLmUGldvXrXvKn2,"0xfB23Dd1A11b7416F22e16Fa19cb11655435e65BD","SawyerElod99382","","2026-09-08T16:16:38.652Z"
mfUqvD9pIKR8qXiPZV3EfEe1hMR2,"0xD7a48A5e77f82D65F1F61c4070b7a0af358505dC","trung_vu12802","","2026-09-08T16:57:33.106Z"
mfr92,"0x00080A13A59EB2182603B975175aEe43cBD33BDf","mfr92","","2026-09-04T21:17:08.000Z"
mgt5,"0xAAF5FF040997E61D7bd9bf52F43759EEFEF8e619","mgt5","","2026-09-04T21:19:35.000Z"
mhMx9Ng5a8aJVBHOwmh0wNb1Ar52,"0xA6b15Cc81B0728b21C45466a9319Bc1fA37dea19","AngilBrads72807","","2026-09-08T16:44:05.985Z"
mhax01,"0xf39C431d9BDff08e41AF09338203726E317F8A5c","mhax01","","2026-09-04T21:21:29.000Z"
mi3FEo5Antgg0jfz9iNpIrrZYPa2,"0x87E32c36344104a37aB7acb0D3426b180dD82369","SamFaber783347","","2026-09-08T16:06:48.731Z"
miaameliax,"0x32C2695F14B69b24E51D1A8549bC13AbA887538a","miaameliax","","1788588405981"
michael314,"0xE78FbA5BbFaA8824f563F96dC138EEeF980b0436","michael314","","2026-09-04T21:16:51.000Z"
michaelfort,"0x051d018156279f367254De0b58d140E106e53125","michaelfort","","2026-09-04T21:14:26.000Z"
michaelspacey,"0x666bc9ecd43EEAdAF35753A72D517038a4E3A1c5","michaelspacey","","2026-09-04T21:17:44.000Z"
michalmx,"0xA095E9DAc20E225487681768D0f52162cEb3118B","michalmx","","2026-09-04T21:17:33.000Z"
michelgreender,"0xEB27543e9495c19dacd60D9d1A633705b6e2B4C4","michelgreender","","2026-09-04T21:18:27.000Z"
michelinapawley,"0xE3D65bD4D8DfAfA1FF63353c324DAC35cF37fCa5","michelinapawley","","2026-09-04T21:15:34.000Z"
micky5689,"0x01A53855A63b2088c7af3703C7452c740370ea0D","micky5689","","2026-09-04T21:16:51.000Z"
mid24,"0x9de960200cd1C8FF125E54B9aba5371Dc537D6fd","mid24","","2026-09-04T21:19:30.000Z"
mida084,"0x73Cf9032a66EeEfb8e469ACE4D274dE46DDb66E8","mida084","","2026-09-04T21:19:27.000Z"
midnattsol,"0xa87785bD6A9A167dA376170F5cdd0ea926Eb8937","midnattsol","","2026-09-04T21:16:30.000Z"
mido0826,"0xB44b3901e0d42Bf84b6C70336e39f002156Ac6b3","mido0826","","2026-09-04T21:18:35.000Z"
mienar,"0x464c6932431bBADD9C9823D7C25E2e1FFC391546","mienar","","2026-09-04T21:16:10.000Z"
miezio,"0x547975e6bA3cf59EF843210930B0aE761DDcf06D","miezio","","2026-09-04T21:20:23.000Z"
miguel8,"0x9762DFB8eC8a20F83071c915eb4311fE05dC170a","miguel8","","2026-09-04T21:15:55.000Z"
mihaibratu84,"0x957c960E755147d39988f3eE36a5C6bc978f8Cf3","mihaibratu84","","2026-09-04T21:18:03.000Z"
mihanstone,"0x87cE0e059d4063CE269A4Bca452e285e2cB0549C","mihanstone","","2026-09-04T21:15:51.000Z"
mikanoshi,"0xb59D4A78d4EcDEaCb009b71Bea77725A253D3Ec2","mikanoshi","","2026-09-04T21:20:19.000Z"
mikewazowski,"0x115B953fe17e27BAFb3803501c850fb3820db47C","mikewazowski","","2026-09-04T21:17:26.000Z"
mikou,"0xd235BBf7d37a810d238e780323E2A252E905983c","mikou","","2026-09-04T21:17:20.000Z"
mikzane,"0xaCe06b56d9646805631aFbEf727ef7418A301866","mikzane","","2026-09-04T21:20:19.000Z"
milad6890,"0xb081E3A1C9049bFB109737adfd0d1a09efB3f857","milad6890","","2026-09-04T21:16:39.000Z"
milana_tasya,"0x4f8369c41130c59e6a37edfbbbd0262bc1f073c1","milana_tasya","","2026-09-05T05:59:16.896Z"
miles1984,"0x2EC612f6A90251A3947D845f80F841666bD5f3D2","miles1984","","2026-09-04T21:15:12.000Z"
millenium1,"0x0408B325De176422072A09d337E78E57b75A3612","millenium1","","2026-09-04T21:14:09.000Z"
millisoft,"0xbd3a22b9fE98A0830E5D2ecA3fDb448a046fE336","millisoft","","2026-09-04T21:17:23.000Z"
milo_baron,"0x2326e9a69A17FCAaF7997505010929e555910c55","milo_baron","","2026-09-04T21:20:44.000Z"
milopanther,"0x3545E68Acc038a57F68969af80063DC937977687","milopanther","","2026-09-04T21:17:11.000Z"
milotiger,"0x6328bab7268A6F49187D2FDac4B378eA11e1Bb43","milotiger","","2026-09-04T21:20:20.000Z"
minaj,"0x17453aE1F1173Df2061cAF8f84f5B450A260ca03","minaj","","2026-09-04T21:21:08.000Z"
minato10,"0x441C228D8fbA8C7Ae5d87C6509948d634FA7db30","minato10","","2026-09-04T21:15:11.000Z"
mindsetmoney,"0x7c808225B9B6E411e781Ce1f78e9c5a4D7c432fd","mindsetmoney","","2026-09-04T21:15:24.000Z"
mingi,"0x8Daa9060D6b76fcde657d0a9e9E020c1Ce367488","mingi","","2026-09-04T21:15:13.000Z"
mingkin,"0xf823fB5f92005fe7c1Ea032EcCBf7E64439965aA","mingkin","","2026-09-04T21:20:05.000Z"
minhboy,"0x3484Ba22bb002F41CC25902C9186030063213fbC","minhboy","","2026-09-04T21:20:11.000Z"
minhhai101,"0xA4a7048edDC9d541E5C33589D6318fcd3bbc83d9","minhhai101","","2026-09-04T21:17:49.000Z"
minhkhue2019,"0x88bDB7AE344251A275671385653b4078D1794b41","minhkhue2019","","2026-09-04T21:14:16.000Z"
minhminh7,"0x97e22A4517C5Bc82042bb176e7068c22a506a063","minhminh7","","2026-09-04T21:18:56.000Z"
minhphat,"0xD58F980B3231EFBE194F151e7769AEcd99888b4B","minhphat","","2026-09-04T21:18:00.000Z"
minhtri2019,"0x3a66D80690b15082d62576CC4Dcd64750EE02810","minhtri2019","","2026-09-04T21:18:32.000Z"
minly,"0x7A2E2dFe88aB03EC650B23E11D6293029922a03D","minly","","2026-09-04T21:19:11.000Z"
mint_bear,"0xbb401641A6C8d02FCb4427FB69Bb308142E755fE","mint_bear","","2026-09-04T21:21:22.000Z"
mint_echo,"0xd43d6aAa16f715b57D2eb2E75e5a966A774D2c26","mint_echo","","2026-09-04T21:20:48.000Z"
mint_knight,"0x7F12322616bDd7AcDD4a3AcFB51FB6F7C051e9A6","mint_knight","","2026-09-04T21:15:52.000Z"
mint_prism,"0xCe2342c889D740d557c9C5AaD471ea95dA5A6967","mint_prism","","2026-09-04T21:14:24.000Z"
mintdog,"0xf58fa0781db393a2A030cd7A021f8EcD16A4487F","mintdog","","2026-09-04T21:17:14.000Z"
minthare,"0xC0047D5A0171978bAD19dB6c59ea46089B985eC4","minthare","","2026-09-04T21:16:50.000Z"
mintlamb,"0xA709178F3DCeB58965Af8Ae8F8c941C038Ebf998","mintlamb","","2026-09-04T21:14:28.000Z"
mintlynx,"0x76F146E24ED28d3db25e3E253FeC3FD9D85C4c7c","mintlynx","","2026-09-04T21:16:58.000Z"
mintotter,"0xA5A1568DCe1f49553199c7B5260Ab46fa1Bac078","mintotter","","2026-09-04T21:14:07.000Z"
mintraven,"0x4b6a02CC522ba00f148f4dC3419ca062851b6479","mintraven","","2026-09-04T21:15:41.000Z"
mintstag,"0x5873649b6810c921979A9dEb7aDe5b6747fA5b08","mintstag","","2026-09-04T21:21:08.000Z"
mira_dawn,"0xECcEb727dDA5C0E82CFAa145C8C29a47D3430B22","mira_dawn","","2026-09-04T21:16:22.000Z"
mira_raven,"0x1Fc2B0B7A80fEd6fe8796ee40a518Cb7FFd1ba03","mira_raven","","2026-09-04T21:16:35.000Z"
miriad,"0x979ebB7A6B1973e48393A075CaFB36320B6a36D7","miriad","","2026-09-04T21:17:45.000Z"
mist3r,"0x915d2e8b2d57Cf0a1380F6EF8B1E9Fca5B07cFCf","mist3r","","2026-09-04T21:21:21.000Z"
mist_eve,"0xa8f04f36627016c64a08B4655eA24B08420e261f","mist_eve","","2026-09-04T21:18:01.000Z"
mitchharris,"0x1Cee5F8777cbA7620088B4c06FdB9c69824dff04","mitchharris","","2026-09-04T21:19:47.000Z"
mithbuster,"0x9d48E998C4c454152700E0952b5999f1B968bcF2","mithbuster","","2026-09-04T21:20:41.000Z"
miyagisun,"0xd235F0D7323B01aD06f2C8fb14EB098cee13d06f","miyagisun","","2026-09-04T21:15:55.000Z"
miyu_yoshi81495,"0x6Bf4D92B052E35966c807500a0ca9B1D997D7D3E","miyu_yoshi81495","","2026-09-04T21:20:32.000Z"
mizandon,"0x48A94Fc5e1f3EB0D8652e59F0DfB5366DfaAFc59","mizandon","","2026-09-04T21:17:47.000Z"
mizo2304,"0xC9832F932A6bd79FD27850BD99E02bd2F23A049E","mizo2304","","2026-09-04T21:19:41.000Z"
mjd25,"0x9852d303Cd4d830e00596D979D6Ac1F3aAd27aeC","mjd25","","2026-09-04T21:16:20.000Z"
mjhmojthu,"0x97f5A5611FD635eb28F6D7a03Ca3ed15333e1628","mjhmojthu","","2026-09-04T21:16:44.000Z"
mjwgSujCHASrrqelBDhiTeD64UU2,"0x55a2b05Fb8646A90A4577829087d988DC419f343","NOaklyn36784","","2026-09-08T16:27:31.983Z"
mkgmkg,"0xfb0A26ad16Acd9673D58aE37e01214Be41CcD67A","mkgmkg","","2026-09-04T21:14:38.000Z"
mklnk,"0x0CE5ED5E48C22847b729Fd09d98f75E46dF9f2a1","mklnk","","2026-09-04T21:21:30.000Z"
mkn071990,"0xbc18F0Fc19FE0b53BcFc66c3237626fEA4013Ac0","mkn071990","","2026-09-04T21:15:05.000Z"
mlA70lZt8RepiK6baIU7OG21Ypc2,"0xb2727E3a77e35a668df5Afa7d79c1920Eccfc184","billy_agui88141","","2026-09-08T16:42:35.396Z"
mlM4pGKNS0bVVxfIAcMtGsHTi6v1,"0xdd0a8927421Cd33f117Ec69c0a10b190a19D4d63","BrianHardm27635","","2026-09-08T15:43:13.447Z"
mm6UvcywV7ZfWVeqrK5CBcMEtJi2,"0xDD7552e76D11A59f486a27E307ec764912Bca6cd","dutton_mar79837","","2026-09-08T17:02:35.902Z"
mmMBNpkhqxM5tbJR44IoHxfsOnJ2,"0x8D8e42261C641842374995653Fb461ABc52aEaEe","Tnh1180640","","2026-09-08T16:54:49.796Z"
mmaaxxaamm,"0x9ceB41640D6F8D7440F1ca463e85C7C5785146ac","mmaaxxaamm","","2026-09-04T21:15:15.000Z"
mmm0815,"0x67a952d3BAD26DF18Fd2413900502d891fbe24f7","mmm0815","","2026-09-04T21:14:28.000Z"
mmsolanki,"0x6C7DA6287Bc3BB63659302d1B38aDeE79e9945D9","mmsolanki","","2026-09-04T21:14:25.000Z"
mnaved,"0x7644b76D4B4e01782FC51DFB229B7E8eBA175424","mnaved","","2026-09-04T21:14:50.000Z"
mnts,"0x900c480692794BF65c55F79972bEf68c6cf09608","mnts","","2026-09-04T21:21:27.000Z"
mo3n,"0xa091cc1913e52E324FABaCECA6e6B0167F111F2D","mo3n","","2026-09-04T21:20:14.000Z"
mobadel_1232,"0xd3C6960a85140B5117236e1474DBE950c9771901","mobadel_1232","","2026-09-04T13:45:17.400Z"
mochibr3ad,"0x68B16c919df56e234F7B428f616eb78f6cA5b32E","mochibr3ad","","2026-09-04T18:14:04.907Z"
modtea,"0x0B21351a710aC90729E210b8C4805b562453f546","modtea","","2026-09-04T21:17:23.000Z"
mofox,"0xFd7DcB88D4b9C78C825C9bfcE21C09b8774e0626","mofox","","2026-09-04T21:20:25.000Z"
mogukong,"0x4fA5fa869843ac4cf065715c71bC542AAc1436Ce","mogukong","","2026-09-04T21:20:45.000Z"
mohamm1091,"0x14191bc69242eF802E07b271EDcdBA72E6781A5e","mohamm1091","","2026-09-04T21:21:11.000Z"
mohammad22039,"0x3405251F637E05C67Ef1F461057e8B89E2dc6e05","mohammad22039","","2026-09-04T21:18:13.000Z"
mohsen00,"0x1D9Ab8f41733ADCC0A471e34f85D6d07566581d4","mohsen00","","2026-09-04T21:19:59.000Z"
mohsenmoradi,"0x9eC0664d5A202b9a6E9086929A9dBFdA940B235f","mohsenmoradi","","2026-09-04T21:15:30.000Z"
molkje_,"0xA6eBC37E097Eb3Dbc36cB4812Dc5B126bd16E641","molkje_","","2026-09-04T16:47:46.733Z"
momo100,"0xe119c54f2d7C1faB87EE594a0fb72fFAef3a4406","momo100","","2026-09-04T21:18:44.000Z"
momost,"0xF3C8aCc53854792e1de81DD56032Bd62973aD8dA","momost","","2026-09-04T21:19:34.000Z"
moneymakerr,"0xc0F9A9E67C6dafe56dAA8485d2e42589d8cA9535","moneymakerr","","2026-09-04T21:18:36.000Z"
monikaka,"0xF4e4117EB299B128dDF33001ADd47B26E57f8EfA","monikaka","","2026-09-04T21:17:54.000Z"
montecrypto,"0xa2522f9ba7CfA92dDF2649c42B55715fCCE63C1C","montecrypto","","2026-09-04T21:17:53.000Z"
montelukast,"0xb7d9AfF899C70b73A5a02E2F2a2C193fB75f56eC","montelukast","","2026-09-04T21:20:33.000Z"
montytran,"0x00474e9AfB56FC3abE3b368bAb25CEAE78469e7F","montytran","","2026-09-04T21:16:37.000Z"
moon,"0x1f56a084Ac297fAdbE2B2ACf321d2E92ca1E1efF","moon","","2026-09-04T21:19:56.000Z"
moon_leo,"0x0d1b9538bD81BB209EFa3D9A525c6a2B078d26DB","moon_leo","","2026-09-04T21:19:04.000Z"
moracle,"0xd97ad343d5DAe6ad6b662eA91F342E337a0a3165","moracle","","2026-09-04T21:21:09.000Z"
morisoba,"0x84cc01591FdaF1Cc29E9b1b9550A08B76Eac3B6E","morisoba","","2026-09-04T21:16:27.000Z"
morningstar7826,"0xb589705e19e6cE9874fB893c4c41E4Ffce4e6059","morningstar7826","","2026-09-04T21:15:04.000Z"
moscow,"0x079Bd4fD58dF074602d5483753c85C6c21ab8e7B","moscow","","2026-09-04T21:19:00.000Z"
motiy,"0xDba538B574E647D046541510EB4E37E8F974c786","motiy","","2026-09-04T21:19:56.000Z"
motosan,"0x74d20DfD6A0Ad8D7B2857a244937ffB7b1e010fF","motosan","","2026-09-04T21:15:06.000Z"
mouse,"0x539c6213575Cef95649431d55817dB5f4937848d","mouse","","2026-09-04T21:17:28.000Z"
mouzes90,"0x5B7f3C444012E1E0c846AeD7e9F319191eddE41E","mouzes90","","2026-09-04T21:14:36.000Z"
mp5orVBK56VMTJwvoG32IfyTlIf2,"0xa5DfdCb3473b64E667c6F995539B5D7e10032f64","BarlowFeli28641","","2026-09-08T16:49:10.716Z"
mpJS3VNasqGN07At4vkzvLbD3Zj5,"0xfD14DB63aaEE8A4791bFb4815d5E5e716afE8b1a","pamela29zd9","","2026-09-04T08:58:36.951Z"
mplife,"0x35335f8bbb95E4A7bCa0c994FB90f18A6581e4f1","mplife","","2026-09-04T21:19:10.000Z"
mrEtYjDxsXfJ5Gev0OItq63UO753,"0x2663E583dE277f04424aF90F0c02eB0eD24D2Dd5","WatersAili25256","","2026-09-08T16:11:44.811Z"
mr_harfoot,"0x41D5F09381489d77704730304695e43d90AEf438","mr_harfoot","","2026-09-04T21:20:54.000Z"
mr_lee,"0x0F8027752Fa33acBFe2b51AFFB6b76F80F38c284","mr_lee","","2026-09-04T21:19:40.000Z"
mrandom,"0xE12F7eCC5F7804314A75b86E1F2d418F5A8036b2","mrandom","","2026-09-04T21:15:12.000Z"
mrarghya,"0xA402e2071C6fdE4EE355F4208aDe2B9154e4e43F","mrarghya","","2026-09-04T21:15:11.000Z"
mrb1371,"0x1dA1c429e2916aeEc8F233Ce8F00166Ce1844962","mrb1371","","2026-09-04T21:16:59.000Z"
mrcascade,"0xf65a1BE8FdBC9870051EF6f3480Ac80c2c800a81","mrcascade","","2026-09-04T21:21:23.000Z"
mrcrypto,"0xB95e830e9957B9ebc849F2C026DC4462B0516Fb4","mrcrypto","","2026-09-04T21:16:47.000Z"
mrdavid2,"0x2b306b3808c1d16a8B18453aF98af924f13649D1","mrdavid2","","2026-09-04T21:15:31.000Z"
mrehaz,"0x091497f5b2e0fF2a85429C5a9e954f298ad9a464","mrehaz","","2026-09-04T21:20:07.000Z"
mrgodzillaa166,"0xe6abA2868d8e495D64Cb90d6F3a691460597AEbD","mrgodzillaa166","","2026-09-04T21:15:09.000Z"
mrhai79,"0x2D7D5C0F82310CB8E40ba35EFB1c2b3824FB68a6","mrhai79","","2026-09-04T21:15:51.000Z"
mrheromant,"0x514Bb7790C7E8DAC0827fD4936EAFFD0622feC67","mrheromant","","2026-09-04T21:17:56.000Z"
mrhisoka,"0x0f0837D411cc1c8677d5475D25E949B3cd557c64","mrhisoka","","2026-09-04T21:20:35.000Z"
mrkevin751,"0x00762E98f524E92E993C8933D2eB73E870cDaa8A","mrkevin751","","2026-09-04T21:19:44.000Z"
mrkkt,"0x608cc3F0BadbDc4b4E1C4a9385C84F4e2270AE41","mrkkt","","2026-09-04T21:14:19.000Z"
mrkraba,"0x29aa77EdeC1af2a673C74089de3b1D51336a5D85","mrkraba","","2026-09-04T21:15:38.000Z"
mrmario,"0xD16EC6c87deE645C2A3925F00851892A456A0b25","mrmario","","2026-09-04T21:19:18.000Z"
mrmctan15,"0x6c9127F0E04996C648DDfbFBdE3E04A96e5436de","mrmctan15","","2026-09-04T21:17:14.000Z"
mrmojito,"0x19FDD428D0fC25D0695503331489Bd3C36f6C435","mrmojito","","2026-09-04T21:17:42.000Z"
mrparanoiac,"0xBA271dc48A2b7c1F45e6FAC45663a1A938F5ddEE","mrparanoiac","","2026-09-04T21:19:55.000Z"
mrrazor,"0x6606d341e119064B81455E784bB26E1B126aE9f8","mrrazor","","2026-09-04T21:19:35.000Z"
mrtyler,"0xF835322f9f414E9c9A8874F33DCd613201209519","mrtyler","","2026-09-04T21:21:31.000Z"
mrvuphongct,"0x19b8D8B6722dfa6a8b3FcEa46095EE859DCff8bD","mrvuphongct","","2026-09-04T21:14:37.000Z"
mryahya,"0x1fb6301c8bAA4E6fd135Ac9f5543082D457B7ffE","mryahya","","2026-09-04T21:14:34.000Z"
ms0Qgi8c6bNUPcLxbpZIffZJIAo2,"0x6F918C7A75cE018E55C0a1A96309DAFeC6968f99","CerriGracie","","2026-09-08T15:37:53.914Z"
msfdc,"0x7CD7FD839e20226c0dB8992aD2Cc9E1121145851","msfdc","","2026-09-04T21:15:17.000Z"
msihsbsuo84648,"0x1c60F3Fb4cBb2DE706436a3E6b701Be8d0828967","msihsbsuo84648","","2026-09-04T21:14:53.000Z"
mslahangct,"0x5CA0d1403D35FB50AA4256cBC183A3eB65990227","mslahangct","","2026-09-04T21:19:43.000Z"
msmodi,"0x446c6673Ba6C699a7F385A338485598aD59746F2","msmodi","","2026-09-04T21:20:18.000Z"
msnganguyenct,"0x5D84689f848f2863735b63BF1eb9a7C5C07BDe64","msnganguyenct","","2026-09-04T21:15:06.000Z"
mtam01988,"0xee4B75a75436a32aC58a1a52382dC4E37F951Ce6","mtam01988","","2026-09-04T21:18:13.000Z"
mtam222,"0x4622382cA5E2F3dF25592d61aF4d4a42523C7ca3","mtam222","","2026-09-04T21:19:21.000Z"
mtech,"0xF995bD059F0d5ac4967C368091A9fb571C7Dc520","mtech","","2026-09-04T21:17:09.000Z"
mtt_28,"0x41fc9e95B87FEfB6888505184edd6eCEFF44e63d","mtt_28","","2026-09-04T21:16:20.000Z"
mttg,"0x346D5Fbf81134Ff7e334e83d548524274724C194","mttg","","2026-09-04T21:21:15.000Z"
mttleaf,"0xe9F88ac74F2D872174e45cd805F2b4b2abBC4cf5","mttleaf","","2026-09-04T21:15:01.000Z"
muazvarol,"0xA0d2358f1b46e0337967Bfa26D4560289Ac78cc6","muazvarol","","2026-09-04T21:16:58.000Z"
muchachocrypto,"0xCce4c335a2c9F9D2c9451adfeaAa6722F47a3F8D","muchachocrypto","","2026-09-04T21:15:09.000Z"
mufe_z,"0xb089E1005Ad4109b343cAb91B73B3A4434C50E33","mufe_z","","2026-09-04T21:18:34.000Z"
muflih,"0x837Dbe3a1eac8779D1475c5dAcA52F81d8bAa5Af","muflih","","2026-09-04T21:18:20.000Z"
muhamadhatim,"0x7D6fBa6EA3229eEdf8a0C856146892Fc876Da26D","muhamadhatim","","2026-09-04T21:18:43.000Z"
multipulty,"0xBB0f7d220C40845AF7311Df21abc8A3148C73476","multipulty","","2026-09-04T21:19:03.000Z"
mumeido,"0x9A1e9ca1992acB083AC511974f38d082fDe844A2","mumeido","","2026-09-04T21:15:14.000Z"
mumuppi,"0x46127Fd7108bb46ed83cc64Ff6fF751F438fBe8a","mumuppi","","2026-09-04T21:20:28.000Z"
mumuyes,"0xE96a81A1f6447F0e8E9BaE639aCCC3B719e691E6","mumuyes","","2026-09-04T21:17:56.000Z"
munjong11,"0x933bbDdc0dF692672C797F4fA150DcB470cE1cD4","munjong11","","2026-09-04T21:21:38.000Z"
muntaj,"0x304F306E16d56891Aa94f50B404f8Bd052f4779f","muntaj","","2026-09-04T21:14:15.000Z"
muradibrahim,"0x93F77e430b8e43f337f5b3237Ac7D540cB13dA19","muradibrahim","","2026-09-04T21:19:18.000Z"
mursed,"0xfF42c55017a6913Ff0Fe4d16876646779BC7Ea67","mursed","","2026-09-04T21:20:40.000Z"
murshad,"0x87A60Db081507BE2daa8bb751816fd85a5F2FCA8","murshad","","2026-09-04T21:20:48.000Z"
murtgit,"0xBb5a51d7C8846309e0Ba78dB5bdDc0Ae7BDa6845","murtgit","","2026-09-04T21:17:17.000Z"
muskzilla,"0x263905274C7270F96B9a3b6fE9A0a7b20bc86c69","muskzilla","","2026-09-04T21:18:06.000Z"
mustafaaa,"0xA637E2d36Ec2701A85FAe55D833db0340D2FB051","mustafaaa","","2026-09-04T21:20:41.000Z"
mustorm,"0xF79c4F543A4428F51caDdf3134e0caBf6164FcDA","mustorm","","2026-09-04T21:18:21.000Z"
mutD0iVigjfFrcQkRz6ti1FMikq1,"0x2001C1664094082c0010531b77a2AC9592F5dDE3","Vudu22998","","2026-09-05T11:31:35.195Z"
mutex,"0x4dF2b3EEA5B984De6899dBF691cE0DdD118dAd9F","mutex","","2026-09-04T21:16:40.000Z"
muthai,"0x170455Cba8Fa28e186F4e8c72679611eD7aD76af","muthai","","2026-09-04T21:20:04.000Z"
muzaki,"0x7c93738a20cbdc47C07BD9C46d86701290C85586","muzaki","","2026-09-04T21:16:16.000Z"
mwjNhCygroQ0Cuv8A3gvNEusTNb2,"0x448dE19533e0d0788f7a29FdD1803c18EF544da9","BiTi539168","","2026-09-08T16:47:23.166Z"
mx3pFLtclxcuIeIzLAjetoup6e9a,"0x27945b97E8B2c274803E1B83744BBA649a189e48","BrandonGar01mq","","2026-09-04T08:59:06.778Z"
mxcCKZESiYaK33gjtGaIUnevWp52,"0x9906cc2009C39A67572ba1c056805E76167234fc","KazniTul","","2026-09-06T18:53:18.616Z"
mxp001,"0x1961d62493a6a1b724C2376ffe77b09E281202d8","mxp001","","2026-09-04T21:17:29.000Z"
my8Y7g7GhQZajJsFRCfiS5A7TFP2,"0x838B1985C5f311f471e10c16D78Ab4f2a107Bc95","ThyLy20021","","2026-09-08T16:38:41.841Z"
myAAFco1fNUfWD1gFo4nKxnu6322,"0x4B4b9F38bBcb4C8Ff9C100b383688964005a8c15","KelliB95113","","2026-09-08T16:32:47.366Z"
myairdara1,"0x252D0C271479C2F0fD922aC0c87Ea40db25f2D77","myairdara1","","2026-09-04T21:15:44.000Z"
myank,"0xe27Bd1FB64d76d189C84b2d729a21D6eFbEF100A","myank","","2026-09-04T21:15:27.000Z"
myaww,"0x7fe6C1C8331b563176404ee10109295894d5e97c","myaww","","2026-09-04T21:17:14.000Z"
myc1,"0xA8d0bf9c45F36CaC79f12b7714a3854773Da045A","myc1","","2026-09-04T21:17:52.000Z"
myifVyReqwbyD92EGTM7XcmqKEx2,"0x9c12EDdF5E6260Ff4587Ef7d1aa55Ad69b27dF6e","duong_lan29848","","2026-09-08T16:30:22.586Z"
myronyoung,"0x95aFCcAabaFBf45548e3Aa72fC88df8EF2b67044","myronyoung","","2026-09-04T21:15:14.000Z"
myroslaw,"0x8ddC51A4b25a8EE449c8aA7E4D65c3Da54604BED","myroslaw","","2026-09-04T21:20:58.000Z"
myself3a,"0xec609C384e0183538FEb37d93b9562AB8C8A5855","myself3a","","2026-09-04T20:53:02.475Z"
mystic_drifter,"0x43B5321A555328738087a4f841D994B91baAb7DA","mystic_drifter","","2026-09-04T21:18:24.000Z"
mystic_moon,"0x25A32A5d1a2dC6B736d30D3325b6AB00A926A220","mystic_moon","","2026-09-04T21:16:29.000Z"
mystic_shrine,"0x13BA8A9B0E7810D79eE4E91F82564945bFF22603","mystic_shrine","","2026-09-04T21:14:16.000Z"
mysticnomad,"0x432443bf123De3056d00eC6A1848e1f2C21C1618","mysticnomad","","2026-09-04T21:18:29.000Z"
mysticranger,"0x4ADA216231c318f74B54c338E74686b852B10309","mysticranger","","2026-09-04T21:19:21.000Z"
mysticsage,"0xb622902b561d7f3C6044BC05fe0d085761C71489","mysticsage","","2026-09-04T21:19:04.000Z"
mysticshadow,"0xA25354EB52881E8E11922691D7FB736dC3e1059A","mysticshadow","","2026-09-04T21:15:55.000Z"
mystictiger,"0x66e547C971f8a28f7EF8A4f94fD3d606a7b83085","mystictiger","","2026-09-04T21:14:44.000Z"
mysticwave,"0x4c3D23F4809DC7d9bEE33518fA75B753557774fb","mysticwave","","2026-09-04T21:19:20.000Z"
mytido,"0xE7D0eCC8cD91F949dE5C00d6A83df2c4F269e4d6","mytido","","2026-09-04T21:16:19.000Z"
myvy,"0x2868e7a575a05Af5F9D4d6C2bA957E30fAB8C8b6","myvy","","2026-09-04T21:21:00.000Z"
myxZVEGY0sPTGX0iaTNOK97rn912,"0x815Ee377E21F53BC2fe0d0d74493d850d365b3E4","DrusiH56420","","2026-09-08T16:18:18.843Z"
mzestia,"0x7c056671aeb18f96bec0c6ce292a1e4838908a43","mzestia","","2026-09-05T05:29:58.854Z"
mztacat,"0x55bE8117C633e13eD731C70d7d67f18a97aE3768","mztacat","","2026-09-04T21:17:45.000Z"
n0w9BXLQ5QS7LlXOMucumsedish1,"0x83cdAE0b876beB51C85220fCDa598bd927c6e682","sarine24850","","2026-09-08T16:46:11.909Z"
n1E8IpyXGWPiicrDbyfP2JU5bRh1,"0x5B1Cb8c1b384077035D8747F39962eb481fbe516","WeelerZenobia","","2026-09-08T15:37:51.660Z"
n1drclhLOaUF8b97CWFrVfHxVy72,"0x594D98f23182c373E4225F7F8FfF637A8C267aD4","ConorsHunt37440","","2026-09-08T15:45:36.144Z"
n2MBhZgrQcNg3tsiGzaPuHnlVZO2,"0x7eB08730368fc4DC36F858CfAbD2689280bd9720","BeckerChes48398","","2026-09-08T16:06:58.667Z"
n3zKsqQmC7VXQxswBVfQ5FUIh733,"0x651Aa20526f802006bC6159c2f3B3eA8878016B5","RobertsAus76180","","2026-09-08T16:20:45.931Z"
n4dw8kOUBnUx6bgo8BeAILRKm6L2,"0xbf3a750CbfcB75689A3B0A1E0A7ed5dDe676dba8","KennethDon84778","","2026-09-08T16:25:55.548Z"
n4rDdKjXnnhradjPOFp4Qtp92bu1,"0x21ada06E754D6f904b1236B35f8c4B4C32465478","giyu10100","","2026-09-07T09:44:37.288Z"
n5L32tEFsagwmWrpQZDU6sZjfRi1,"0xa9006260d29a1694377be2eF33C9E7c22361c64F","Candy_x3_","","2026-09-07T05:48:14.851Z"
n5NL728pnyXlPFcGslm7CBIk66x1,"0xB2f42437eE6ea2e05c6323249269cC1Bb9613f4C","trieu_quan64060","","2026-09-08T16:33:36.507Z"
n5kiR8RkmngDHQpd3IoYyhuAT2A3,"0x29E41191c70521F76CA0Cfce08a088D47FC7EA14","LCassio_09","","2026-09-07T13:51:45.521Z"
n6k547lISMRx913Wy8X9IxSXfAZ2,"0x4b12B60c6920A48C2C99C82e2b649DDa1a30ccB6","eula_perez15448","","2026-09-08T16:11:52.907Z"
n74wkL2ujvSWXlIxodrbZZlRwTr1,"0x4e273ec27cba6592c0cd7a7ecce8ca9f3329a609","boy972772","","2026-09-03T22:25:37.039Z"
n7FwnY3novPtNpS2cMYh5PjNJYz2,"0xf9a2E510f8573c2bbCb7929Af6354dB86608Fa30","JayceeHele47463","","2026-09-08T16:35:28.046Z"
n7L36qPgl3b3zmc7io4fb7xAmFA2,"0x5350E5826fc7Bf672436775049231cc66fdb2E78","PramodLegal","","2026-09-04T12:41:58.383Z"
n9AGpmru4VQSBMUcEfJhmfdLSCp2,"0x0497520aB629CAaf23CFe217073c8733208615D1","Taiwo07517767","","2026-09-04T09:55:50.428Z"
n9iix6c6nxTClUpo6e1osli5mUs2,"0x3eFFDd834d3a96A0f10D2A50eDe91c7fFDB5cEE3","kifa6370reva","","2026-09-03T21:15:42.895Z"
nB7cSZMn31hCkyfEaQPjN6bpDCk2,"0xA02549cD0b2ED268dAB4B1D8e98Bb6F4a076262B","nannokao","","2026-08-31T19:22:02.563Z"
nDTkDYc2onUhGkiNNB5g2H2Q2FC2,"0x25F39cC1238c92A4993D4a7e3763159217Fc38a8","CarlGalbra56701","","2026-09-08T16:15:56.235Z"
nDfi81BehZa9JuylKnKIDJoiC5C3,"0x9FDE68aD0321098077390C9f11Edf9D81543dFed","BeckmanCol30369","","2026-09-08T16:35:55.234Z"
nDx2HZD8Jrbig8TwsQmoOMHS0493,"0x77BfeAA523c19e2ea6E8eCB88038BB237594fB58","_Austintech_","","2026-09-08T16:54:11.999Z"
nEB87yFRBHQXN2LT6p6FdsYa7Qp1,"0xa33b54cd821688cfA527976b48Befd0D47294bB5","MBootman37834","","2026-09-08T16:39:03.407Z"
nEWtGMAZWygCgEIhQjlpqGZO52x2,"0xf57b3f2F1281Fa57b116398200255da6EEda0f5E","GarrisonMa49404","","2026-09-08T15:44:12.823Z"
nFf069VlOzZTIA2ViMvGq0BvPLa2,"0xbd2f4ABc0eec374dAB6B213CcB5C1e3D8213a342","LindsayM45925","","2026-09-08T16:31:54.583Z"
nGMSULBJd0bgNYjgRKydXJ08Hio1,"0xb4ad761F135124a40b2a98cE39f8fE5Df4Cd330a","WesleyJohn68022","","2026-09-08T16:20:23.734Z"
nIV8jR0xMGSZ3A2nDF7QLFGwCnh2,"0x1b1bad966bB2c026121ea9939D422f23F3370834","vandyke84221","","2026-09-08T17:10:21.373Z"
nJDESE72BBNUZLGMXHy4AUlh1Qw2,"0xb61a958410aC66121C5645cadF0F21C7799BcBAc","evelyn_hei53513","","2026-09-08T16:27:03.946Z"
nJilkYdxuvdPJsUJg7Xe4XCPk2N2,"0x90a194aA8Dfe01a0ab80ef2EBa3442679c0617c3","EmiliaLuel46093","","2026-09-08T16:14:29.261Z"
nJz3IJMATod8agngCoKiuOt4aHI3,"0x61A819C84e0e251EF2311bFad8CF231fC8c013E7","roselle94590","","2026-09-08T16:28:13.363Z"
nLPdfpMB20ZLfbmyAt9zXf6JDdD3,"0xC2020Ffa3D79Cd954C1000D4b6b5363fF636863E","ChuPhng1177046","","2026-09-08T17:01:03.741Z"
nQs75wT8F6ZUtPc3Lm4DK0gZ3t92,"0x8A719238E4928921105Ec5de85fcAd487A2f0169","KyraKinsle11545","","2026-09-08T16:43:38.952Z"
nR9JzDfOhOfRFQieV22JgrFrkrl1,"0x7222B7F0D6d790f4000f5b7C92e41f05196FC0C0","AnnisahSal34850","","2026-09-07T11:31:16.368Z"
nRnZKrqMpRgm8GT4EXzK5mPnQbx1,"0x1d4582768cda10d55d4729fee73dc858fc8e0067","KookoDaily","","2026-09-06T04:24:01.139Z"
nSPY2XiK7yVPL5JA6D4oiIS0u1G3,"0x812233734197D30A8A37e9261991d310e2cdb518","NghimThc133369","","2026-09-08T16:35:47.221Z"
nV5nLBbWOnTaElO2oEbR3INM3h32,"0xAFb62a559D507C574C3c8B98c254F787E64EaF73","SamuelBric84245","","2026-09-08T16:05:27.320Z"
nWOtCaGr9UcpPgjUaFBJ7aVb2DA3,"0x4BA4671040aEF87B6226D5914Ce19dbb1d611159","VTin540404","","2026-09-08T16:30:04.926Z"
nX2FC481T9cP7YnFmnqRJiNlVDm2,"0xa9f75599D768214Ea21A9DaBFcF67B0DCFA30e31","MaiHo95700","","2026-09-08T16:45:24.136Z"
nXIZVd8Oq7Tpa9aNQzG4ySZyjGc2,"0xD1E16eBc41b3Fca0D19902F50dbD592362E78551","RosamundM92429","","2026-09-08T16:07:40.639Z"
nXOaTyIVqldmSMWa5unqz2OUotC2,"0x0f369e96542ED98bDc2C04fFfd583C0Fd0340282","VThy445147","","2026-09-08T17:24:09.692Z"
nYRHKxepjTXzgu59THyd6I5BFg32,"0x2ADef4340Dcbb7d0E8f33695a01Cd3c670FceEc8","ArdeneFraz69230","","2026-09-08T16:26:37.363Z"
nZiCCyFYT7S6SZ0eUse8G5TTT5n2,"0x159FfC631dC75fE4A422056F27d3b6BcBe6682de","CyberdropEth","","2026-09-07T11:39:48.361Z"
nacro,"0x6ea925bFed23ad2D2b3Ff012abD14F5Ae55E33D9","nacro","","2026-09-04T21:20:36.000Z"
nadieprime,"0x1593dCD54e5b5ae3974424325d4e802ee9533262","nadieprime","","2026-09-04T17:27:45.211Z"
nadirah,"0xC7B64E7Be14aC6E1Aa0De508484A00aC1b12E7F6","nadirah","","2026-09-04T21:18:42.000Z"
nafasa,"0x1E0a4ceC4C8af4e3289eF606333BC16357311a5C","nafasa","","2026-09-04T21:15:20.000Z"
nafasiiiiii,"0x206B75efbAE1d086Fbe6F5Ef260c7F59a89A8a89","nafasiiiiii","","2026-09-04T21:19:00.000Z"
nahusha,"0x8b0F059789812040CDCC1761280B4CE09311fB5C","nahusha","","2026-09-04T21:19:26.000Z"
nailsworld,"0x9FA2984A3666329cF0e5676c7AddEA62EAc5343A","nailsworld","","2026-09-04T21:14:12.000Z"
naimulislam,"0xcE379E44FeD631De1d973204441005B102085050","naimulislam","","2026-09-04T17:26:16.072Z"
namburn,"0xc556C32d390F8862a6634C00f3DcAA7696845b87","namburn","","2026-09-04T21:20:27.000Z"
namcangkua,"0x869Aea4421E47aE32502aC40835A52332594Bb08","namcangkua","","2026-09-04T21:16:43.000Z"
nami,"0xf0aaa86335CFCfbB1104EE9e038065b87d844876","nami","","2026-09-04T21:15:39.000Z"
namlongvn,"0x80d3FA2EE298b9530330F39F99151bA4ad12aE39","namlongvn","","2026-09-04T21:20:54.000Z"
namnv1234,"0x41D26b6fbdf8f486D45b6B617c3E7A61A8246Ffb","namnv1234","","2026-09-04T21:16:20.000Z"
namsg,"0xD9676918440B35de2441B49895BF2c994D97d224","namsg","","2026-09-04T21:21:24.000Z"
namsinhdauten,"0x653772ed9db68dc9f85bd216bc36bdcba6e7cbd7","namsinhdauten","","2026-09-04T14:35:32.334Z"
namtsy,"0xFBb069A0d5d7c286d2079CFB70Dfa00Bfdc1C26d","namtsy","","2026-09-04T21:16:18.000Z"
nancy454,"0xbae80dA44Ecab4045402B7Fb7655E1fC34049834","nancy454","","2026-09-04T21:16:43.000Z"
nandapratama_,"0x873f6dD907B78bb1959453C9E2F9a22Ae9267B0f","nandapratama_","","1788588323439"
naporitankyoko,"0xDf824f7Baad11603B38698958F4cC17DfD60EE84","naporitankyoko","","2026-09-04T22:43:46.382Z"
naren251,"0x9F1303d2c79Bf2219d4fAea610aDB7B5966d4190","naren251","","2026-09-04T21:16:07.000Z"
narges,"0x02109644e607175E80556100C56d6cA18287738F","narges","","2026-09-04T21:17:34.000Z"
naseemkashif642,"0x045D0d66ff898b681fff3c5eEcaDFEeD331B38B6","naseemkashif642","","2026-09-04T21:18:41.000Z"
nasos,"0x88a9d62ab094461298Fc768d33bA71F8Cec3137B","nasos","","2026-09-04T21:14:40.000Z"
nasreenkha87100,"0x0552DB124D992E4fFFDdF8a8C00149b3CcC76Dc8","nasreenkha87100","","2026-09-04T15:59:42.241Z"
nastya252525,"0x86c14Fba88CA8EDBB964C0944FDa76836100acfE","nastya252525","","2026-09-04T21:17:37.000Z"
nastya399,"0xab847BDD6206FbB687466C65d87AC5e8cAec4183","nastya399","","2026-09-04T21:15:32.000Z"
nasu003,"0x7119BF3412499C0Adaf5e85Db4F7De55c5155024","nasu003","","2026-09-04T21:16:07.000Z"
natakamry,"0xED1FecD953A872433E7cf8a1d1028ea08aEFa1FA","natakamry","","2026-09-04T21:15:52.000Z"
natakol,"0x27e3b8858a0eC854B3e833CEfad1149c541A9Fff","natakol","","2026-09-04T21:20:51.000Z"
natali,"0xCe8067b7d81980DcF6d3eE4a8620E2ecFE36f223","natali","","2026-09-04T21:18:16.000Z"
natalinae,"0x79CF834ecCBf4d6DAb685C7c65232118E3F32475","natalinae","","2026-09-04T21:20:21.000Z"
natanata,"0x9D689108Be73b2b07Fd56a8825A776204F8eDF19","natanata","","2026-09-04T21:17:46.000Z"
natdrake007,"0x2717Ef7dC18E56ABDE60CF9De9b2494d317D0010","natdrake007","","2026-09-04T21:18:10.000Z"
natzy,"0x2B66EdF69F12Fe86d059826633FB80F58c48163F","natzy","","2026-09-04T21:17:38.000Z"
naut35,"0x7b95383eD7830d39ee86C9A2CCDED625Ae77011A","naut35","","2026-09-04T21:20:56.000Z"
naveen94604,"0xC1461e44db3ee33fbaCEc4DBDfc1F17592A767c7","naveen94604","","2026-09-04T15:01:46.292Z"
naveenk,"0x5d41fE73b961795E8DD804cf14FF8F7e338484D8","naveenk","","2026-09-04T21:15:46.000Z"
navy_captain,"0x1Ce05123C0DA58c1c3362140074A8F507e4d277f","navy_captain","","2026-09-04T21:16:25.000Z"
navy_dusk,"0x137567291aB714Ed5acC3f30F917AF131782ce22","navy_dusk","","2026-09-04T21:21:23.000Z"
navy_harbor,"0x8Da2b80Be90aC6Fe8E0dFA1948Afc3E8AD772d32","navy_harbor","","2026-09-04T21:17:22.000Z"
navycrow,"0xB422c0BD436C1a7341ab5b4d35365561ca663c0d","navycrow","","2026-09-04T21:20:11.000Z"
navydeer,"0xCA52EfAD52514106624dcc8302264Ee016EeD42e","navydeer","","2026-09-04T21:15:40.000Z"
navylamb,"0x072186503405e736B1e58961c72950D56B8043e1","navylamb","","2026-09-04T21:18:51.000Z"
navyotter,"0xF6ad10748F1A4dacC5CD1cc058618ADa2a8F80E0","navyotter","","2026-09-04T21:15:13.000Z"
navyswan,"0x868Ae9273446Be88a2c5C0436D33976A328A9b16","navyswan","","2026-09-04T21:21:26.000Z"
navywolf,"0xD55d13b00F51C4D4Fd18ECd3ce5a5F2F782ADC7A","navywolf","","2026-09-04T21:18:59.000Z"
nayon30,"0xDaB23E78526A0A8f72199af18f4899C9EfF1BC1c","nayon30","","2026-09-04T21:16:35.000Z"
nazgard,"0xaFFea9BD8a0402a98EfD1294aA27Bb0a78bb7C4A","nazgard","","2026-09-04T21:16:07.000Z"
nazimaaa,"0x0587D731D6dD01B1b0A1F6d5C225D9ec03c2ae22","nazimaaa","","2026-09-04T21:16:01.000Z"
nazli_sana,"0x7FCEe93B466d4ECd84b0b42da0d04F0cB7E274E9","nazli_sana","","2026-09-04T21:16:24.000Z"
nazri000007,"0x69750d21bf09EbA8Dc49Ec3d135A2F8D4E3323f5","nazri000007","","2026-09-04T21:20:25.000Z"
nazrin,"0x2e0389f20EF5e8F0A856980dbbAcfCBDbFE25d81","nazrin","","2026-09-04T21:21:36.000Z"
nazzz,"0x36642e69B79bC5Cb030527101A3D7145CCF0De06","nazzz","","2026-09-04T21:20:21.000Z"
nbL8tn3ouaP30SRoN1oJ3LSA1zo1,"0x69877939f7DACD76f06A13101BE27Dca67855Dc4","KimVy524153","","2026-09-08T16:40:13.661Z"
nc8rpSqelkVyXMyQ0fRaEKmbGox1,"0x98c95cD9745D5A88f28Bc88c903b57a9D285518b","gr31584","","2026-09-08T16:51:52.907Z"
ncu0,"0x41f9031261b8B0fcc01423E80D124FE511072fF9","ncu0","","2026-09-04T21:19:58.000Z"
nd27fBjxKGfI69fU4pPqZzRIxvg2,"0x9e7e5Ffb3171d7A47041F74787b6BeE42226512f","ChambersCh97100","","2026-09-08T16:17:00.850Z"
ndRX4m5vLfVf2vw5RORhE6Zlz973,"0xa9fb4789462ae9fDD1cDc629Dfb7586C93Fe9C6B","MaiHu363793","","2026-09-08T16:37:21.722Z"
ndzoObsbO9TZe3QAw4D3alpTNnH2,"0x9aa5D28f1c5c712B700efD60F14533BaAF90D530","parker_wal41605","","2026-09-08T16:34:25.457Z"
neTBGvd2D0gF40Vc8zL0VcRl48UT,"0xACe6fAB9814DEbA033DA6D91B86E0BEe28008D07","maria16lx0","","2026-09-04T08:57:56.866Z"
nebulosity,"0xb228ad72C66123dF40aCf5eA6Da9fAda074D71cd","nebulosity","","2026-09-04T21:21:14.000Z"
need45,"0x5fcEbC69a9fE046AC0bdaB598DbeA0cBDd4c59ff","need45","","2026-09-04T21:19:41.000Z"
neeraji2it,"0xc9ce62971aBE04a3Bb7F3320eb9dD5CdeF25c094","neeraji2it","","2026-09-04T21:16:15.000Z"
neglet,"0x6D7254127eb0A80610D2384FeEb0BFb091BF1caF","neglet","","2026-09-04T21:15:56.000Z"
nehludov,"0x2bE1Fef07b5CEB2752BB7de5a6748f9D6A38CA79","nehludov","","2026-09-04T21:19:55.000Z"
neipo,"0xf349038db24af18860EFa448f0d321e98ADF79B0","neipo","","2026-09-04T21:17:12.000Z"
nekojatuh,"0x2852b081F6542f6a48C9cB110a49d706bbCa3B37","nekojatuh","","2026-09-04T21:20:08.000Z"
nekopoi,"0x811A8Ee13cc80C0ecACb7D018FbB80b219a409C4","nekopoi","","2026-09-04T21:20:30.000Z"
nekotaro,"0x9095101a7924B3dD27BCdec52D02Cf04C847894D","nekotaro","","2026-09-04T21:18:49.000Z"
nelo,"0x06e5e57cf5Bc7593Da5c1366dA888619EdF687e6","nelo","","2026-09-04T21:18:18.000Z"
nenejung,"0xf2322Fa26Ff5d25863cCB15fd699a22C57276319","nenejung","","2026-09-04T21:14:14.000Z"
neo_ash,"0xbDeC9ef0b6a5580Ee5bF1cb613a8358579C1FCd4","neo_ash","","2026-09-04T21:14:07.000Z"
neo_cipher,"0xC4752c023f1670A40BFA4c62a0F5236F4422a993","neo_cipher","","2026-09-04T21:16:08.000Z"
neon_ghost,"0x54950e14d1d2C34BE6F24798508804E558c631dB","neon_ghost","","2026-09-04T21:20:07.000Z"
neon_jester,"0x4DF60a8d14F99401ECAe1980CFdaCdA829dd74C5","neon_jester","","2026-09-04T21:21:00.000Z"
neon_ledger,"0x6B8e448fFB863C31F1880CB145F66A8969130309","neon_ledger","","2026-09-04T21:14:53.000Z"
neon_pilgrim,"0xf6Cdd7081bd5283c77168464E1EE7A9d4f58D5B3","neon_pilgrim","","2026-09-04T21:17:38.000Z"
neon_star,"0xE17761A2Fe27D19B1E10A122A45Fd546da72d55E","neon_star","","2026-09-04T21:14:17.000Z"
neondragon,"0xb6194cAe449D7FA4Da9ac4DeB67fcfb0A7907c27","neondragon","","2026-09-04T21:14:04.000Z"
neonhawk,"0x44150f56bcCA55d9D62dB9EF544EF217e9BD3dF6","neonhawk","","2026-09-04T21:21:19.000Z"
neonmoon,"0x39DCdbca6170F570cE6AccCD95Ee52d5cDCFde30","neonmoon","","2026-09-04T21:14:34.000Z"
neonronin,"0x50ad26400A9a2013715eA24729a02DC84B432404","neonronin","","2026-09-04T21:21:28.000Z"
neonwraith,"0xC7F63322659dfB7AA26959817A68f1bcC7dF19Bc","neonwraith","","2026-09-04T21:21:10.000Z"
neophyte,"0x77aD957fAD08ae57B6783a9ac0BE501910b405Bb","neophyte","","2026-09-04T21:16:28.000Z"
neovortex,"0xFF505D06E707d8B3df0863a95d9cB1C6e04e04Bf","neovortex","","2026-09-04T21:17:04.000Z"
nerb0,"0xC20Ec1D9c11dB5C616bdB49FbF9A9352FEDE6D2F","nerb0","","2026-09-04T21:19:25.000Z"
net_sp,"0x6563B43F4f8bbD5b83f7bad5b65011251C48FB84","net_sp","","2026-09-04T21:18:07.000Z"
net_sp1,"0x285D465ffaC15fF4b835086786c224d48a7E7047","net_sp1","","2026-09-04T21:19:39.000Z"
neun,"0xAFe651F6AB06E739142e24f6ae3a924f9E1e0027","neun","","2026-09-04T21:18:01.000Z"
neuralium,"0x5A0524e1fF675d4B88dbAB9dd52f2AF30af25F8d","neuralium","","2026-09-04T21:15:46.000Z"
nevesapncr961,"0x2079aFacBCdcEfD9a19B11195B5aC2Bcc9ab9Bfb","nevesapncr961","","2026-09-05T03:43:58.555Z"
newairdrops,"0x63263ce4dB9BE09f40dDd84F4Ea317A3508515F9","newairdrops","","2026-09-04T21:21:26.000Z"
newmu,"0xaa2d80FC3304F36C393B49D474739CA5edd7FfC9","newmu","","2026-09-04T21:19:06.000Z"
nextcigarette,"0x63b00a594f833034A8E99F4f316c6e81F1561300","nextcigarette","","2026-09-04T21:15:00.000Z"
nexuslight,"0x2E8f163aa80032C503df1e57e5Fc07a84644D7Fb","nexuslight","","2026-09-04T21:17:33.000Z"
nfkZYXTW0rb4YhUDiVWLpswQgJg1,"0xe9b0475eEA4C42D61568e52dCf28eF90F376d011","LucasAdria25676","","2026-09-08T15:39:57.007Z"
nft521,"0xe9A64B97F5EA80d4CA56ffE760076D261eC4d505","nft521","","2026-09-04T21:17:56.000Z"
nfthappy,"0x5Fb3C19A0717f1F6D803279e1535ef0E900c3d35","nfthappy","","2026-09-04T16:39:59.920Z"
nftk,"0x6E296E13415d732b44E9bd019DB0EE1f81dc9C98","nftk","","2026-09-04T21:17:16.000Z"
nftnoob,"0x79A1f0544A434c134a5895B3EC65b934298742A8","nftnoob","","2026-09-04T21:20:16.000Z"
ng8HrRQ4vWcPCbAiFPvZnBIJwud2,"0x2D4D6264e0B1E79bb014069ce0218b56d77DbD12","RebeccaRya74053","","2026-09-08T15:46:40.042Z"
ngFrXUdgjhaeVLE1DIRAYIJzDZu2,"0x5d1F4F1E99a9d0866Be15d7300b9ac2970E232D4","icechog","","2026-09-06T23:15:35.477Z"
ngJLytY921ddF6JS8onQ5DWGgnl2,"0xD10a28040Fc0EfB61332964206ba0b9bC35Bb2d3","rzkyunchhh","","2026-09-06T03:57:35.862Z"
nga5,"0x08aFD4C52a35849319263F35C1cAd7390CfF967F","nga5","","2026-09-04T21:21:37.000Z"
ngangoc,"0xEB2993EE311baDb7F8892459A839C67c194f1739","ngangoc","","2026-09-04T21:20:43.000Z"
ngbaoadp397,"0x7DeA3E2Dc7F372B555729782abeC52c1209e2d42","ngbaoadp397","","2026-09-04T21:20:24.000Z"
ngocanh,"0xe8745E2f732c23EcB85742ebfaE3b23E9E5B5af8","ngocanh","","2026-09-04T21:20:44.000Z"
ngtalkthematter,"0xfB710c8930D87e81cc213B449fdB4f696514B132","ngtalkthematter","","2026-09-04T21:19:12.000Z"
ngtuan,"0xf66f6aBdD8Ee700CC67C23641C72083eaB5a4110","ngtuan","","2026-09-04T21:21:31.000Z"
nguyenduy85vt,"0xd1e454be2F2Ac24e68213f05d1e3Aa674B8d9FbD","nguyenduy85vt","","2026-09-04T21:18:23.000Z"
nguyenlinh6789,"0x3dab789013026c395cA045ca14133286a5525C9b","nguyenlinh6789","","2026-09-04T21:19:38.000Z"
nguyenvantu1983,"0xd9De20E7EF17837f69A30592aDbd4FcAc44a36F0","nguyenvantu1983","","2026-09-04T21:14:37.000Z"
nhanho,"0x03447b892240D32f4D777Ad7e5aCc6d3d8e577A8","nhanho","","2026-09-04T21:15:14.000Z"
nhat193,"0x45691Cc98EFf8985e2176a2EbDE77A50DB9f92aF","nhat193","","2026-09-04T21:21:03.000Z"
nhatkhanh,"0xFa52C1120FCeF1d287692a10db0476F59eF4732E","nhatkhanh","","2026-09-04T21:17:45.000Z"
nhatlinh,"0x27100EB3b4555e9A5B9786528b6761226B75D9C3","nhatlinh","","2026-09-04T21:14:51.000Z"
nhattc,"0x7aCF555a404d901199aB3860da0b0bA22f766F6F","nhattc","","2026-09-04T21:20:08.000Z"
nhuguse,"0x996dBc4CEeAb30ef7163a53E70ff8B8d241993b7","nhuguse","","2026-09-04T21:15:26.000Z"
ni07nyS8o7WYoFyxFiYbYkx3ukZ2,"0xBf2187933276AcCfc79F2a85e84593F748799dbF","KimMathild74523","","2026-09-08T16:14:25.714Z"
niceaccount,"0x7e662a4AFfB58a83d72014BC861F472ba0AFdb88","niceaccount","","2026-09-04T21:14:57.000Z"
nichollelukow,"0xF074c37ea18d27e395f13Bcb52776740C5b3C11F","nichollelukow","","2026-09-04T21:21:12.000Z"
nickdabull,"0x43E7d8D31C1f9DB31a157B4df2F7609578726dEB","nickdabull","","2026-09-04T21:21:05.000Z"
nickhuang,"0x9c520C7f441BabF11c914879fA3628ec78230D8C","nickhuang","","2026-09-04T21:17:56.000Z"
nickiqueenofrap,"0x90c90221e722fBb1f754157827079C3Bce9619DE","nickiqueenofrap","","2026-09-04T21:21:27.000Z"
nicoi3,"0xc109D00a9600507076E2BEAa460024B23783A857","nicoi3","","2026-09-04T21:15:36.000Z"
nicopanther,"0xF3a0Ea262Bb6A6e0644AdDDa2Bb4E979f0eE82aC","nicopanther","","2026-09-04T21:18:51.000Z"
nik22,"0xd9a5b0a13A1aEB535f3774B15Cf409efFC7eCDFD","nik22","","2026-09-04T21:21:01.000Z"
niker,"0xD6205e52920d6F1c6823b5964B1e6A0A73d14929","niker","","2026-09-04T21:19:03.000Z"
nikhiljindal,"0x4863D6500686C9a614113b12D8Fe9AF7E065a270","nikhiljindal","","2026-09-04T21:18:11.000Z"
nikita2000,"0x59D4e0251Ec344aeFB2954374E033e49b48cDa62","nikita2000","","2026-09-04T21:14:21.000Z"
nikitaq,"0xD3B3C764e76D1EE26d7c2F410078d565810e8719","nikitaq","","2026-09-04T21:19:57.000Z"
nikki312,"0x393cd375011E9138AC63DbCF985fA37210bF782E","nikki312","","2026-09-04T21:15:08.000Z"
nikkytos,"0xA17ffA75505883EC1d287DD242a902dDe694b827","nikkytos","","2026-09-04T21:17:48.000Z"
nikoariya60,"0x6D222659D93168Dcaa0ef1b4312F0b7FDAF14ea4","nikoariya60","","2026-09-04T21:19:45.000Z"
nikoo,"0x6F012b5518dc7818F0ef205CfecDc0e40Cb12E31","nikoo","","2026-09-04T21:16:34.000Z"
nikuniku,"0x83E9229aba1c0f12F58d7E60F9a467D09f953d34","nikuniku","","2026-09-04T21:14:33.000Z"
nil315,"0xe995517A6A472D4B559134C49CE55456afDAf3ED","nil315","","2026-09-04T21:16:19.000Z"
nimagin,"0x501b7C9C1741df1692AD66c73A7281E7dBAA8CB1","nimagin","","2026-09-04T21:18:45.000Z"
nimingxx,"0x838bfC0F6EEC48145fdc802C272418739937D26C","nimingxx","","2026-09-04T21:18:29.000Z"
ninakartika88,"0x89Ae876949331EBe939e7BF3135E8014e8C3EF64","ninakartika88","","1788588376175"
ninhnguyendinh,"0x32CC6413a2572Cbb6B8c3f10d010B8076588D045","ninhnguyendinh","","2026-09-05T01:28:49.804Z"
niniao,"0x0baFbaecf866DA47d463F97298A45f2B8118D2FA","niniao","","2026-09-04T21:16:21.000Z"
ninoo25y,"0x387872A9b54a1B35BCEe5679583C49C1e911CC52","ninoo25y","","2026-09-04T17:36:45.681Z"
nirimiaj,"0x1212440655fbfe51a4b8064e9386faf14c3409c8","nirimiaj","","2026-09-05T05:43:22.393Z"
nizamudd,"0x6bEAFe7e1311CAc463A83D8dce1058d2875418f0","nizamudd","","2026-09-04T21:15:15.000Z"
nizzammalik,"0x9e40628a901CAfC525f4e0AF547D7E59F87AC21A","nizzammalik","","2026-09-04T21:14:40.000Z"
njgj,"0xA95E093636e1C5e39eDf91ff1f74DF6cEE1d0804","njgj","","2026-09-04T21:15:44.000Z"
nkoclun62,"0xc2CD854695893F160119C090247E015fad42064e","nkoclun62","","2026-09-04T21:20:59.000Z"
nmgia8e7aaVJj9MTyMLpjciPsd83,"0xdb293784276597e8F637536f0608036054B7E1F6","TashaPotte96780","","2026-09-08T16:21:22.777Z"
nmslojbk,"0x8F0B661B69861796341dA590E11Ed42571eff449","nmslojbk","","2026-09-04T21:14:25.000Z"
nn_ceasar,"0xeddceaac850cca81e82ccc0f04e065bb49595d4d","nn_ceasar","","2026-09-04T20:42:55.815Z"
nnnn2,"0xfaB099eA3aD5b77Ef32e42184d5ba81Fa3744224","nnnn2","","2026-09-04T21:20:48.000Z"
noah_g03,"0xC28B5Ad3C782F643aF55A72650009945B3798547","noah_g03","","2026-09-04T21:15:50.000Z"
noahjones,"0x7FE71839bfb30369dE7a63a57fFd76C3a6b90616","noahjones","","2026-09-04T21:21:09.000Z"
noahmontani,"0x18c014d5F5A0EeCe8F2B27167db389f50D0612cD","noahmontani","","2026-09-04T21:19:41.000Z"
nobenli,"0x9291331a91f6aC7C06c68070717B1516976F3F7a","nobenli","","2026-09-04T21:16:40.000Z"
nobi1,"0x08b85E1422768e99728ef47c0C1aeBb7f77b0634","nobi1","","2026-09-04T21:14:50.000Z"
nobi2,"0x20e23B4000b7Adf21968B268c603B74FF2471A07","nobi2","","2026-09-04T21:20:14.000Z"
noble_tiger,"0x76C7D043D5Ad61CfF0B800D57497311ff6c9201B","noble_tiger","","2026-09-04T21:19:06.000Z"
nocamer,"0x1D77939C152c5e2482F74A865d72B6d6d675415C","nocamer","","2026-09-04T21:15:12.000Z"
noelmi,"0xF2E0F27Ba7d0e285eE057CB20Ac646Aab1CAeca2","noelmi","","2026-09-04T21:15:17.000Z"
nomad_leo,"0x842a244B9b3f6d5eA16e9f981049Ab3398179200","nomad_leo","","2026-09-04T21:18:26.000Z"
nomadyam,"0xa1B42c552D32bF0c8260604079C7c75B12218470","nomadyam","","2026-09-04T21:17:18.000Z"
nomadz,"0x1A7ADe23648131b88ac5Aa4eE2BAB1574edeC23F","nomadz","","2026-09-04T21:18:41.000Z"
noname9272,"0xEec75e9D6531AB31A96a4A3cbd3C578999778981","noname9272","","2026-09-04T21:19:58.000Z"
nonamerequired,"0xcFb704512d3BF6Ef4AB0ef59C8c0A9a389A959A7","nonamerequired","","2026-09-04T21:14:44.000Z"
noni41,"0x4a15851eBc7f3beE0f5220A47093CF1734687802","noni41","","2026-09-04T21:20:38.000Z"
nonoao,"0xA5B475f66E11E4F3F10cDC25721732ee4C77007E","nonoao","","2026-09-04T21:19:18.000Z"
nonstopstory,"0xC2C05A9083854B2f47b80A49285e90e81b267594","nonstopstory","","2026-09-04T21:15:22.000Z"
noobop,"0x5AF207d26b358f4FFD4a9C1DF24C1A2b0C735FcB","noobop","","2026-09-04T21:19:31.000Z"
noobsaibot,"0xc1065C746480CecA03F83A09c19b9c4E2846960d","noobsaibot","","2026-09-04T21:15:10.000Z"
noor_ash,"0xCB77846fEFD594C94959a6B2E28E16597fd30eE8","noor_ash","","2026-09-04T21:20:35.000Z"
noorag,"0xf0399B9CDE767F56DD1B85175d9a761fe56B0344","noorag","","2026-09-04T21:21:38.000Z"
noorfox,"0x4386E559116E085Aa2b4924CD59Ab974a7E80384","noorfox","","2026-09-04T21:19:08.000Z"
nooroozi55mh,"0x3F7fbd2699d3968FbdF9a735F0664b4D8DCD099A","nooroozi55mh","","2026-09-04T15:31:03.580Z"
noraa15,"0xC1197A333A7Fd83A8F387D8B8ff4bd61D8215314","noraa15","","2026-09-04T21:20:22.000Z"
norabard,"0x01A852Ba1c81A427Db8fb7323C94e45d5bd9D7D7","norabard","","2026-09-04T21:17:57.000Z"
noramonk,"0x2c586492390C7B27817b48e2364fE95Df02461c9","noramonk","","2026-09-04T21:20:52.000Z"
noraraven,"0xf60e49988Ba4ee3D085fB157B854cB25BeAef88F","noraraven","","2026-09-04T21:18:32.000Z"
nordau,"0x15F44BCb4e49e3024b41826d11Ac73aFa2be701c","nordau","","2026-09-04T21:16:55.000Z"
norevelation,"0xA3c7F4b88A903e63272AfFd31d5741ada7964224","norevelation","","2026-09-04T21:18:56.000Z"
noriaki,"0xF5618D3Ae9297d78De7144002f584cf42E6684e0","noriaki","","2026-09-04T21:14:40.000Z"
normaca,"0x68356ec63651B0a76d1879cf844709DEfe0AD484","normaca","","2026-09-04T21:20:18.000Z"
notintruder,"0x21f6e6B124031e5966c68aB26893cf8CaE9b30E5","notintruder","","2026-09-04T21:14:33.000Z"
nouhau,"0xF0C1B691A4bb29672D1bCaE5B62AE96dA373a354","nouhau","","2026-09-04T21:18:51.000Z"
novelp,"0x8a0E1393952Ef03085c7E2696E5616c1A925397C","novelp","","2026-09-04T21:15:30.000Z"
noviceborsaeng,"0x7E71bCC333688dDb2BC5996F7ec260CB8D90C2a0","noviceborsaeng","","2026-09-04T21:19:23.000Z"
novin,"0x00A9f3eBA2181fcdF496FB74FFeE3f7fFe98B151","novin","","2026-09-04T21:19:47.000Z"
novisusanti9,"0x0B09Bdf98d26e767210e4DA966942B5eD9a4513d","novisusanti9","","1788588409037"
nrk8,"0x95Bdd49A4e2FC5b01db33CAd9c53CeeAd93BA19c","nrk8","","2026-09-04T21:15:50.000Z"
nsZvefdpJxWbvdmtmqYlzDmubcK2,"0x61ce4bbf161f98a036c3566723ebeb589203b41e","DamlaAtala29369","","2026-09-04T00:21:12.034Z"
nshuntr,"0x53a081f00ce2de9404e8775acfb69ace1d6ef409","nshuntr","","2026-09-04T21:13:07.674Z"
nsociety,"0x753fe672d02E1430b69043a2006C7c2480609819","nsociety","","2026-09-04T21:16:13.000Z"
ntien,"0x6424EC79c3cC3345Ef41e6Ed77dBB4a20AAa0d9C","ntien","","2026-09-04T21:16:11.000Z"
ntl_linh251,"0x5b8bb73d20C49D963508492bF786DBc592CA5B8d","ntl_linh251","","2026-09-04T14:55:05.598Z"
nuel7x0,"0xAcD2E966b232807d5Ef98D965C908a45978b8436","nuel7x0","","2026-09-04T21:17:43.000Z"
nuibari,"0xdb480De2c8AF453c55548A12E281bff011c7E623","nuibari","","2026-09-04T21:15:36.000Z"
null1401,"0xC73A4C4959FD9D15A5E703fF8A9f518F690660CE","null1401","","2026-09-04T21:18:35.000Z"
nurel,"0x2DB09B371560b49E94452E1B4018458cFd613485","nurel","","2026-09-04T21:20:27.000Z"
nurulhida,"0x847CC2902394e2b1cfD834c774Ab1b84C11238A2","nurulhida","","2026-09-04T15:15:16.016Z"
nv158,"0x5b7d2B8E5BFb87d02A9b05433Bf2d25292652785","nv158","","2026-09-04T21:18:11.000Z"
nvBaUdI9CAPYEpEsNFz9XtUvEsiN,"0x581b83eADc65dF9B1Ee9758E25c8bf3d5A5C518e","elizabeth46as6","","2026-09-04T08:58:09.200Z"
nvYfrYW934eyocTsDZ2nGGD3Nrv1,"0x9e90eA5ed44D6464aC5bb7FE03D2D9914e999ae5","YnThi282343","","2026-09-08T16:52:19.614Z"
nvn9999,"0x4133c86a2A9bf7b16fd406521d88fAB4a75Ed89e","nvn9999","","2026-09-04T21:15:24.000Z"
nwI1g8BnPMUmyWBdENvltM91W3M2,"0xc64D847863Ab10Ba945c30661598CbA1fAdebF77","RCarter53943","","2026-09-08T16:55:57.890Z"
nwQR8XYXxZaHE92DSAopkI4XzI33,"0xa144579E6c0f2c99C11281D85659163bBB58b55c","FinleyTiff50355","","2026-09-08T16:29:16.708Z"
nxxrdn,"0x32EB57Ef2a847F5D45e20B4f818a5E30Eb1f17aE","nxxrdn","","2026-09-04T21:20:01.000Z"
nyKlpFZyu4W5jn9KYsQYNRBtj933,"0x85DB44Ada62535d9c3b928E371a5e8Fb27b7C24B","BeatriceDo13534","","2026-09-08T16:44:45.346Z"
nyimak,"0xFF5EaB39a64946599939c7e9758842965989B343","nyimak","","2026-09-04T21:14:42.000Z"
nz1BdrEjGTTHgsGNGmnk8rrP3VI3,"0x4E0778a20da56DEB9f8Cea6995494b7f5A7029DE","MEDIVEL2","","2026-09-07T12:54:06.142Z"
o00jVfbUaAUJPjtFixNIAbAGOUh2,"0xed36d437979d7cFC49C513A55D3978E5e4CBC2F0","daisy_eden28302","","2026-09-08T16:45:35.554Z"
o1lZtsROdYeVnjwx2sQ7CRXB1o33,"0x5EecF9C5e80d0290392eaf0dC2e978B3B58842D2","CBurton72163","","2026-09-08T16:28:21.851Z"
o1pDg37ZvtSDqWRRWRswlRFolSr1,"0xF8d29f39e6b7C79F9E376a364E754A919B2B132a","vls55","","2026-09-06T16:42:51.995Z"
o2GmJ0FpmCQQQhwlZXG9rjpHEQG3,"0xbbF3BF9D54f7EEf975A034DDB2931830B7Edf4BC","GilliWilhe8707","","2026-09-08T16:25:05.516Z"
o2SMsJY4aPeyF47gmfF7PiIgFgC3,"0x819665963C121d649E836ba0f07914211Da91cD8","EdnaCar00086716","","2026-09-08T15:38:34.317Z"
o3UmnEFgwiUIGHfVOnBHAO7DqEh2,"0x01c3B9A686D2deEA38E707243ba49C247ff7EacB","BillHailey89203","","2026-09-08T16:18:21.415Z"
o3fLLKM3DZgEm1xoPyBhilu0qnY2,"0xeCed233eeEbf87C3E9d2851c89F079d313F5f526","LaraA50459","","2026-09-08T16:28:23.033Z"
o3fmmLeHqrYYkpDiGewSynweohx2,"0x26603841Ade991fe1CCb2F70060940E9dB8145B3","ChangLynne406","","2026-09-08T16:17:25.311Z"
o4nXZlGb6cPlmqS2azeKdXkGrK93,"0x216f8CB46da3CFC736aD7B4E35B42AA5dd150Ada","J9469Jacob","","2026-09-08T17:06:23.155Z"
o5z6uInntgTzGjsIVRXOxrg5dif2,"0x82B6420e6fec90e13bbA6eC911a5795A38B290D8","IngridAshl66857","","2026-09-08T16:10:51.601Z"
o6LANS5LpCNBnnCoC6lvxBbqsX43,"0x38515E85e425801312610d90c7A6Bd1DFCF2930c","TaThien24094","","2026-09-08T16:32:05.207Z"
o6YeIcBZKuUL8hZl7do6b4cuL5C3,"0x29fF3b997b0b6a945a35AD9e08D2A190B8c29C0d","FloryHutch46633","","2026-09-08T16:30:40.803Z"
o6zfchujOAPiNnFIf2VAuEewQZp2,"0x5A39A6A87B36246e3FcdA61308249D06d4b7446d","Roberto20GT","","2026-09-06T20:06:35.735Z"
o7RhTxKCz8J7dMW7HbGqqX9j0RwA,"0xccc06c57bD8bF931bbC1B2Df483C7a6fDb80d680","LisaBrowncmfj","","2026-09-04T08:59:13.136Z"
oCBC8oQNqdgN3885Awx8Pzv2KWj1,"0x96EAc20eaF7D53C29Cf80d3b68F0Eb5B7236EA58","IngramVikk47918","","2026-09-08T16:56:49.509Z"
oCHpoDzBERRWgfMPQB7OAl0D4I52,"0xdE929DE229FeadB1Ea600fAA9f6a85A6df0983E3","KathrynKir92382","","2026-09-08T16:29:41.455Z"
oChsStCrCkaqk20OWCXsuZ8WjX32,"0x7A07b0A32e690B43cfF4AE6c2e37D95FDff21b6b","JeffreyBus22240","","2026-09-08T16:02:35.832Z"
oGDbFHIMa3WUuw3enfhhSVsuMwk1,"https://x.com/Fadlilamr/status/2096807979945525417?s=20","Fadlilamr","","2026-09-07T03:49:56.887Z"
oIUIqI6yIlMrhEtpfd3pNhyktSr1,"0xdbEFAdf756330B01ce1Fb05eE4165b04dEc5E8a8","GiaVn94936","","2026-09-08T16:52:14.603Z"
oIVD5wOzaz2KxbpFJjQt3tIIhzsw,"0x008a88177a36bE56e24cf59595D92C66aF10a16f","AnnaSmithx1y4","","2026-09-04T08:59:32.254Z"
oIXa3Fxv8RW7M5iOLMa5J7EVXrw1,"0x335d4780Ea20A6524A8CF703CAE8063e44d22C80","HngKim1055647","","2026-09-08T16:54:57.607Z"
oIgP6wBfAYbLBpMOlMYZGAhFo853,"0x6c0d5DE2d737fC3A07B15ABA7BbC555B929436c8","SethDean496501","","2026-09-08T16:20:19.325Z"
oJGcnUEb8jf02vw4QgSX3JQXSDs1,"0xEC8316231B2B9C2EEDac4b5337889A07705083eD","IvyGloria539755","","2026-09-08T16:51:31.954Z"
oJGyrAASxlSQOGmJS4MW6mxqmz82,"0xFe754F079556fb9D46b4975948adaa0B85aD81C6","CharlizeMe38815","","2026-09-08T16:46:28.437Z"
oJKTKnpiY6WPTHMpoqQsSYWis513,"0x29431D469e0e22d7FD97cb992a20351A16C009da","thomas_dar7219","","2026-09-08T16:11:48.797Z"
oJoRxNJEBpX5AQBvVIY4Ksg1cL72,"0xc06ad023016E6B145B1bce8694A58e2D708A8192","MadelineWe53135","","2026-09-08T16:50:49.652Z"
oL0fugw4EzOtXTcUJeh6g7F1FaT2,"0x11d9098720f065ADC2c2c6a37f4503F56525F413","YenVan20027","","2026-09-08T17:05:42.530Z"
oLGIiSl3REQoWRdVkpBjSBeBI9E2,"0xAe8689F9aea4c9eD4317bae5dAc54A03d40627EA","BrynnAshly31662","","2026-09-08T16:13:46.642Z"
oMjTnBxSbXTgYZOWZf14PIVnN0G2,"0xb0b8fcb74d7961505922a44df2137b55705b9e3c","ShegitQ","","2026-09-05T18:14:31.482Z"
oQ2RYaVfyHpnoDS55Z2BI6Czo4EJ,"0x2365B1Cb6dC44fc90B30e70A44Bf882778D2Eef5","EugeneMillpl53","","2026-09-04T08:59:14.959Z"
oVVfZYZ5tvXbfMyCkwLfFtb8h5C3,"0x17e53556FDdA3bf5E53b73AF1b68cFceDaDD6B1c","LlamalexNFT","","2026-09-07T13:49:50.990Z"
oWnZsURgK0YZkA4jdVIVACTVJX02,"0xed23dadceb303eaba2ec1fad0d3cfb09730495b1","swaprum498","","2026-09-04T12:33:53.040Z"
oZcNEt59kucvCwQUAemmEgo7mWvG,"0xF3707d3adda69E2ee147FeF2696849E7C7F615C5","lori18gd2","","2026-09-04T08:58:07.662Z"
o_brian,"0x689f20333D87937aCa9e393Db34E5667681D274E","o_brian","","2026-09-04T21:17:02.000Z"
oasi,"0xC5B457c621cA84Ab597C9004a8E4C0daf63772cB","oasi","","2026-09-04T21:16:00.000Z"
oaymZaNFYueWiEtGE1IYKNuJlWB2,"0xfB27D4FE598c7730C5EE7F3A547d081d3B935F75","FlorriWilb43593","","2026-09-08T16:45:14.688Z"
obOYiCMaSsV3pyL5NsxPkyz6MNg2,"0xEa8E0EC5290A5438F330d11Ab6c862033682fa82","HanAurora77498","","2026-09-08T16:48:26.534Z"
obitoooo,"0xFd8CDB5359F4935a138Ab9E556B96aD3A5d707f0","obitoooo","","2026-09-04T21:17:56.000Z"
ocKnT3oZrrWjXvycEC91qb6sIoy7,"0x023820a844f9d214EAf6B3edFfD5F731E423bF53","LouisGutiezods","","2026-09-04T08:59:05.322Z"
ocdp,"0xf5EC0bac11B47708a1A72628319Ed279a10e4DE5","ocdp","","2026-09-04T21:20:12.000Z"
ocean7,"0x86Bf7a3CDCc1B41E6228F93f42048691d9556354","ocean7","","2026-09-04T21:14:29.000Z"
oceanbreeze,"0x106F8F6f08e589fd13Fe1eF0F846971960482c7c","oceanbreeze","","2026-09-04T21:18:17.000Z"
oceanicoracle,"0xF1472a266203c40571b63798e0F41A635A3db021","oceanicoracle","","2026-09-04T21:17:44.000Z"
ochi_,"0x0BddD8489D85613Fdeab5991233a93622f526B61","ochi_","","2026-09-04T21:18:46.000Z"
ochre_fox,"0x1B063B45178cB51476f070969675a06a1a43667e","ochre_fox","","2026-09-04T21:16:29.000Z"
ochredeer,"0xc40c2B04682Ae13a8dA0C8Bf935C88d85bEE256f","ochredeer","","2026-09-04T21:14:21.000Z"
ochrefox,"0x94Ad5309f943cF22aCf8BD2cD224f28c52317A06","ochrefox","","2026-09-04T21:21:20.000Z"
octaerne,"0x47b8D7D4f729CD25880a6071543a2388fea9aF24","octaerne","","2026-09-04T21:14:26.000Z"
od8xl9v4FbXiVz0s1vbpCn6dSsJ3,"0x8d0ac02d3df1f4eA8991C488D757dCa2a78fA5d9","VYn535297195507","","2026-09-08T16:30:06.689Z"
ode_star,"0x30F715699b606d796CB82Cb3e1d737D3Cc13A41f","ode_star","","2026-09-04T21:15:27.000Z"
odichi,"0x7FEd90947Df164f590689040352A13987E1169E3","odichi","","2026-09-04T21:20:18.000Z"
oem0fZR7GWb1HO82HlXTXxR9Ceg1,"0x8e046165E9A4BC21043e38d85C62aB07FA768b9f","BateAmye3453","","2026-09-08T17:01:40.290Z"
official480,"0xB691E3A8cb37EA6c308A66396B8B720B262e1509","official480","","2026-09-04T21:18:06.000Z"
og_sandip,"0xAcbAd3992e1512Dc4f46F40A0645b10fe116fc1C","og_sandip","","2026-09-04T21:14:27.000Z"
ohf6u2tuwyS8hxFxDY3GoTh1vG43,"0xE1819E07119774D86Cb947da2DB7e74A13625E32","OllieAllen8938","","2026-09-08T16:15:15.935Z"
ohhhh,"0x83717Ea96E399A3b30507834CE8B17b2E9c0462f","ohhhh","","2026-09-04T21:16:29.000Z"
ohhstl,"0xf744b161f6cf24a8743f9f43dbd162636221e175","ohhstl","","2026-09-04T14:59:10.153Z"
ohyeahmaster,"0xfB4dF722122b5F077093743E1163632919EA88E5","ohyeahmaster","","2026-09-04T21:15:57.000Z"
oipl,"0x7c9D52887C4EA36AfcBB29aC1284173c360226E1","oipl","","2026-09-04T21:14:08.000Z"
ojas,"0x6d73408b25F81aC5C7b40c8Bb854d3353049c845","ojas","","2026-09-04T21:19:42.000Z"
ok1XkWbLOIc1ijJ8OJ0ACpPxRMW2,"0x38076F0d7bb843D06AF3e50B0a0563Af89B0A5E0","bao_ho85024","","2026-09-08T16:30:26.499Z"
okabe,"0x0E36C2f0b4F3E233541569E3c8089c4eC4F0169a","okabe","","2026-09-04T21:19:41.000Z"
okawari,"0x15CEF34433E5f7537a08FE3ef19FdCdC12AbAc6f","okawari","","2026-09-04T21:20:30.000Z"
okfly,"0x36431481272b0D29EEfd921BeAF2cd943165fdc4","okfly","","2026-09-04T21:19:35.000Z"
oksex,"0x82968B72B527d063AB9b01459b2EE093427306d7","oksex","","2026-09-04T21:17:21.000Z"
ol5NsVGQIfOn1igKB1M6lOpRhnB2,"0xc64D2b890754161bA318DE092D33e60B46383566","ThangNha83846","","2026-09-08T16:26:57.105Z"
olche,"0x9102238B067509c3DB5C9315Fc41A9285fc1A750","olche","","2026-09-04T21:21:34.000Z"
oldboy,"0x7C346d2A84C60bC7e0a04716708D1BfEDEcd7303","oldboy","","2026-09-04T21:15:29.000Z"
oleg1997,"0xbA9c285d9da046644B8fB104AE70c8c28ddcB784","oleg1997","","2026-09-04T21:17:47.000Z"
oleg27,"0x763905Aa4760aC5b108Ad81213886732e85BC8d7","oleg27","","2026-09-04T21:14:30.000Z"
oleg887,"0x49c1fAcf35EbF56fF813B1a51D54aCdDA80A4DA3","oleg887","","2026-09-04T21:20:33.000Z"
oleg_kelt,"0x80C0b72cC80461E84E7Af83b480Ec229Bac3530E","oleg_kelt","","2026-09-04T21:17:14.000Z"
olegt,"0xBC9E578762A605Bb9702099b33617EF7CbAf86E3","olegt","","2026-09-04T21:16:08.000Z"
olgagnatenko96,"0xEbBd1B97591080Aac99772fF4f6feEfb0a4901a6","olgagnatenko96","","2026-09-04T21:18:59.000Z"
oliusz1,"0x7C6bFe079e8f58C247BA29728DE211cb90424ADa","oliusz1","","2026-09-04T21:15:46.000Z"
oliviajohnsonn,"0xB47ba6573d79b2cCacaC3AE912D6D3000B248653","oliviajohnsonn","","2026-09-04T21:21:29.000Z"
olnTnNjVfyXpT8qHsshpmJDmJoP2,"0x9b2149a7D7607BBc5f20Bd2Fce08f6533dbA245C","XCollins6325","","2026-09-08T15:43:30.242Z"
olsPNBsp2Sck8CTVauoIH1dHCam2,"0x920e02A37338a5e44513c708adE4385F36CC1359","ValenciaSe38062","","2026-09-08T16:06:40.110Z"
olumide3367,"0x6B82959f0EB08186C34DBa181db336E3F50E83D0","olumide3367","","2026-09-04T21:19:24.000Z"
oluwagbemi688,"0xB0B3f724F5DC38D488ECCBf74ABdAB0d99575528","oluwagbemi688","","2026-09-04T19:58:32.629Z"
omJO7lwcz3RtivNkvcVPdV8qvhz2,"0x025513f680036ba886828c6aed1e4500e1ecec06","narayala850","","2026-09-06T12:54:16.120Z"
omega,"0x5155F027ED4b89FCA9Cf27c48eE606498bA39513","omega","","2026-09-04T21:15:54.000Z"
omehan,"0x55C1Eb6d06b016dF0e0314dece3273753245b38D","omehan","","2026-09-04T21:17:27.000Z"
omeljan,"0xb317bDd01AC2Be3990f81136f6E20c965017f035","omeljan","","2026-09-04T21:18:35.000Z"
omi1293,"0x89f8ac33E794A81EB5cC414f5fB0018b35aBb691","omi1293","","2026-09-04T21:14:42.000Z"
ompi2512,"0x60932344d3c9126662F0B1B1dbE50605d5dD9a3D","ompi2512","","2026-09-04T21:14:47.000Z"
omsai,"0xEd808a10Ea6674730aeB83AA3b8546e2b6A23f2a","omsai","","2026-09-04T21:21:25.000Z"
onabodu,"0xC68dB7f1CbbFF70Db0b61317aEafcD3876FF74F1","onabodu","","2026-09-04T21:16:34.000Z"
onchain_fiend,"0x8ea9eac20b7b17d0a4f02af1d198dbd50893bdd9","onchain_fiend","","2026-09-04T21:48:32.280Z"
onchainrangga,"0x41378f50fA0b0980C346E9C45D4861C865e1b84B","onchainrangga","","2026-09-04T19:08:41.195Z"
onepercent,"0x247f21D4D5b2583F74d4B36Bde56518f19CB53F9","onepercent","","2026-09-04T21:15:24.000Z"
onizukas,"0xC8364dAFB8FC5b76DF5C2eCe8f6bCE69B029389D","onizukas","","2026-09-04T21:04:55.000Z"
onlinn,"0x1f90a970D3a90b2F9a6A258059a47c58Bc0473c7","onlinn","","2026-09-04T21:15:08.000Z"
onlyms,"0x86C1755Da8ceBD2052232d394a9f7515eBf682f3","onlyms","","2026-09-04T21:17:35.000Z"
onyx_bard,"0xa16A2eF27FFa4e47038DfF16Db55c63DE8D97b39","onyx_bard","","2026-09-04T21:18:54.000Z"
onyx_dawn,"0xa80cc4122a42067Fa796273bb7d43128fb359271","onyx_dawn","","2026-09-04T21:17:24.000Z"
onyx_hunter,"0x51fDCE084F83676D678a173396CC0dF448E66245","onyx_hunter","","2026-09-04T21:15:19.000Z"
onyx_rogue,"0x2A321E9df64614a0A48bf8150655579935ae0C29","onyx_rogue","","2026-09-04T21:15:13.000Z"
onyxfox,"0x39E77De5D8134855207DF9EB58B1e5EB9363c8b5","onyxfox","","2026-09-04T21:21:32.000Z"
onyxhawk,"0x31927E131d1268e23350688d51F5A1019CdeE2D1","onyxhawk","","2026-09-04T21:18:54.000Z"
onyxraven,"0x6F7a863BD8ab7F42a61E4fedCc9b18Dcfc146813","onyxraven","","2026-09-04T21:17:30.000Z"
oo1IoZnz6vQSeH98oz73zYvHiyx1,"0xF27976D2C90a7EfF0d33Ed073414d7E21414E0ff","WRoxanne1427","","2026-09-08T16:27:42.839Z"
oogwaycrypto,"0x55689958d51248DDD6c2326F71A29929C0bFdB94","oogwaycrypto","","2026-09-04T21:16:50.000Z"
oooooyoung,"0x900482631C4DAC5471D0BA059D75ad3188B5401D","oooooyoung","","2026-09-04T21:15:14.000Z"
oopss,"0xa1b4F196C1c1e89a6b303EC1317CfAAd7e4BDA04","oopss","","2026-09-04T21:20:17.000Z"
ooyY6GbUpVUKlOApONOGW6vPtzL2,"0x193bd8ba03393c158c34784f3b87d312f0effc6b","Oxyudiant4_","","2026-09-04T10:26:26.932Z"
op25589,"0x0a2da3a95fbdb3c0bd80a8ce676ad90ec0b59276","op25589","","2026-09-05T03:55:51.942Z"
opHXtMmdwPUjeYcZy4IJf1A2fIE2,"0x35803aB9a0929b51ADcC15A97b6070dF672B60fe","Matchhamuuu","","2026-09-04T09:35:14.916Z"
opajas1,"0xe05a3fAa5c60C8e1771F2af62ED2a4Ba7e640e4E","opajas1","","2026-09-04T21:20:41.000Z"
opebear,"0x4E4eAF81f2A2fD7F474E22A2Cd5D4d9387D8AadA","opebear","","2026-09-04T21:20:51.000Z"
operaman,"0x99A4ADbC7B00d8f034E2125E22aE71b9fAF9D1c7","operaman","","2026-09-04T21:16:20.000Z"
ophelia_oc26581,"0x6f0758D344FB0Bd759D6A9aB3F7844E16c2D24cE","ophelia_oc26581","","2026-09-04T21:19:54.000Z"
ops000,"0x875501240a03d94b28140ddd532ff0edC562A94a","ops000","","2026-09-04T21:17:38.000Z"
ops03,"0xD63d69CA427Ec2EBD27045d71e92Cbc88a993702","ops03","","2026-09-04T21:20:24.000Z"
oqPf1cjU4PZDdiP6txDMvcAZzqx2,"0x1b225dc86dfB8Ce3F8BDBfC53adA431ebB882D41","HiT2092926","","2026-09-08T16:35:29.420Z"
oqcVTuuCp5XssOqeweDAqkn4rC73,"0xFdC8fD2b31D140Ed7FD977b7718da29D8E5Dcfe7","JeremiahGa56493","","2026-09-08T16:04:26.410Z"
oqyCkxyxeuc2ZCtN4GpJ0FzNIgi1,"0x132b5ba49d82E126421F64866A5C3D0D39Ed3e92","MaiChi826442","","2026-09-08T17:01:13.957Z"
or71UE3KYqSSIdxyeyI1BxzA1BS2,"0xA13F45cfE7C2250bfCd997625F37fd770A5233B2","to_krus","","2026-09-06T19:11:56.797Z"
orZltUqmZrbNV9JpIS5eBtuZelX2,"0x68CA74CF694f385EAd2d2a65113F3c2bd500Ea23","hue_xuan22076","","2026-09-08T16:35:25.980Z"
oracleprism,"0x89A89005E9bd2F6834C938d7d09a06448efc0c93","oracleprism","","2026-09-04T21:16:58.000Z"
orange,"0x1375109D6805Bba4e583f3103BA7a7D4E70d40B5","orange","","2026-09-04T21:18:05.000Z"
orange2203,"0xcF841AC4EDe0953EdB67Fe043D2CCb78Fc7A966F","orange2203","","2026-09-04T21:19:43.000Z"
orchidka,"0x55571c28b7716762a5E50CD9adaFB8e226AEec68","orchidka","","2026-09-04T21:14:03.000Z"
orcounter,"0x6f63438F1e1942004eB8DA1F452155655d0d9A18","orcounter","","2026-09-04T21:16:00.000Z"
oricon,"0xf110f44c52e21989277294e6543F28277b0bC4E6","oricon","","2026-09-04T21:17:09.000Z"
orion_nomad,"0x717aca844551286c7431216E746B72C760F7f48b","orion_nomad","","2026-09-04T21:19:41.000Z"
orionwu,"0x0EE8073bd25A2A31c40098bA95BF36Cf90dfA5D1","orionwu","","2026-09-04T21:20:29.000Z"
orvelith1234,"0xff7C7766E01123b37DB0731D456DC5d02846963b","orvelith1234","","2026-09-04T21:20:55.000Z"
osa3,"0x3A28ccF75762441463Db86d6F811762bF22eFbCE","osa3","","2026-09-04T21:20:03.000Z"
oscarpham,"0xD2DEdBdeE09DB8F2508eA19eAf12F7D0c737F069","oscarpham","","2026-09-04T21:15:37.000Z"
osienl,"0x57a4f95eaa58ea5e299e6bcf8d72267ab483e6a2","osienl","","2026-09-05T05:29:08.130Z"
otSV1WPL2yO8j9VqJBkKrowikjn2,"0x110b1d40dB197b4EdbE39f7Be3BCdBF29338DbF8","RonnieDona62197","","2026-09-08T17:00:14.427Z"
otc1,"0x7AF24051DFe68C1C314210bAB8cCc793900388B2","otc1","","2026-09-04T21:15:28.000Z"
otis,"0x6a43B32aA26820f4c39d27340995a1066ba49182","otis","","2026-09-04T21:17:36.000Z"
ouB2kfZBChOl5fqcaWZYWaduxQm2,"0x6Ff41715c3DB870069b14e0F8855cB8e8CBcD733","melinda_wi2992","","2026-09-08T16:56:50.603Z"
ou_ln,"0x7AA78A9863Ef7b77F1991a382e917fC2894F8289","ou_ln","","2026-09-04T21:19:15.000Z"
ousama,"0x614c3b1DCC2c65C1ac0655e6a321bC24aF061139","ousama","","2026-09-04T21:15:12.000Z"
overcute,"0xd25d8F13bBc1146c079F4802A3cE3996A5754087","overcute","","2026-09-04T21:14:49.000Z"
owHjrYepAIPMyMB9xNLfyx0Cu4n2,"0xac68E58E5bfE1B5907361D033bE743c9D05dD407","carter_dom77268","","2026-09-08T16:15:27.218Z"
owl_eve,"0x064f2CC1B6d4b8d56ecde86Ff9A0eD490F8ff0f3","owl_eve","","2026-09-04T21:17:19.000Z"
owl_finn,"0x0a93ca722a4478A783190D596363f72c6C7497a7","owl_finn","","2026-09-04T21:18:06.000Z"
owl_nico,"0x28D89FD874e5a44f40183E87f3FFF565228DF2D2","owl_nico","","2026-09-04T21:18:03.000Z"
owloracle,"0xb0529D73d8693fD4eE5aeaEC5852BDd6a2702Af9","owloracle","","2026-09-04T21:14:07.000Z"
owlwraith,"0xa2bd0426225daB1905e71834Fef787592D3A5693","owlwraith","","2026-09-04T21:14:09.000Z"
oxalis,"0xad07a4d73C16de81848C9367c5fdAddf353F7Be6","oxalis","","2026-09-04T21:20:17.000Z"
oxhulk,"0x78f6f242Afcb64a7B47921F1492862D30ce2ebBc","oxhulk","","2026-09-04T21:16:37.000Z"
oxl3DgspfsgVi4wrXklCwSzgPam1,"0x2f4dDDF85f1c0b020a1327d84e68879DD04E2Da2","JohnnyKing78981","","2026-09-08T16:09:23.172Z"
oxleecs,"0x3634072a1585ae71e6c2529b8a028c31e5adb42c","oxleecs","","2026-09-05T03:31:10.396Z"
oxrazo,"0xfd524f0274510230B72D2c7BeB6EA07EBc4198D1","oxrazo","","2026-09-04T21:19:39.000Z"
oxried,"0x43E6688AA08549bB79330645083b8d8Ca1b1CaA2","oxried","","2026-09-04T21:14:13.000Z"
oxsaii_,"0x67ebd1d620ba7c58e0755e6c6e6fd947ff8cb5cb","oxsaii_","","2026-09-04T14:42:54.110Z"
oxshm,"0x7A65Fe9ACc8666CaE35886D0863965C7017ABF74","oxshm","","2026-09-04T21:15:16.000Z"
oyL7EIAAqDRTRtpg3ACVYOXV0uF2,"0x05A94731F3dc405eA6C0a8DF751049AB7B9d9597","HattieTary65476","","2026-09-08T16:15:55.381Z"
oyV82YQMssNTaXMmO1290OvVnJv1,"0x440c2Ce5ecf6b57567B5705B6707d0c22a72a668","ford_troy23377","","2026-09-08T16:13:31.520Z"
ozdemir49,"0x9e000Bc9c0D95DDC18b770aE231211950C30f7b2","ozdemir49","","2026-09-04T21:17:01.000Z"
p0SMaiAPFsbIWQjmvaBX67nbtJs1,"0xb1EB4AB3f001FC6812c8D84c438A2BdAd1c1B1bE","LindseyMel57499","","2026-09-08T16:52:42.472Z"
p3pcZynKP8fbITKSBp4U8Gz9hhiW,"0xBbF084FEF62cBE7dC62Ddd079CB1C821222C5453","ki7ei5pq","","2026-09-01T00:38:40.698Z"
p3zm5eYQBib5U0FTUoKAfa0QZiX2,"0xe2f6e13A20D42f6376d1D6a8Ea61ed4F27CCEf3F","NDickinson70611","","2026-09-08T15:42:09.778Z"
p4ela,"0x028a8037B6Ac56e12aeDec31d72cE2738df970c5","p4ela","","2026-09-04T21:18:32.000Z"
p4w02B1IBjNutt87wc8rBu3hq5c2,"0xa1f805C54F093DA368FDB79c976812C31d632eBc","BargemanJo50565","","2026-09-08T15:42:37.688Z"
p52MCP4wKXRDTTdDOpgWoxdJcuC2,"0x969865B94C13561039aE474e80a2eE1002a25A97","AinsleyMae78180","","2026-09-08T16:31:36.987Z"
p77j0u2z2ETJEsuMO5Npw8L0Nqt1,"0xFA9bcAEfF45bd347C6d639C9213154E77F518F99","BiCng173298","","2026-09-08T16:56:14.346Z"
p7SmIEwXMfRJwNM1vSvTszseEUl1,"0x5E1b21Ab69549417beb9a277e24A8a230230B9f7","MLong1680835","","2026-09-08T16:33:05.465Z"
p9iATa9qrbWovg1xkEVKyUZBNPz1,"0x31A19f0141D08dC1F13a1a781C9058568985070b","DBerringto67331","","2026-09-08T16:19:43.468Z"
pCszE6qMRQVuShd5V4Xt10nVS512,"0xc428A85359740C906A8c8253565e7f76CDB906Fb","Collins27373342","","2026-09-06T19:30:08.708Z"
pDQ9iRywOLW4oG8i5gN0R6Wjbbq2,"0x0C54C33501796a2Af478525D7AB0B8ddaed578bF","BlairNelle22143","","2026-09-08T16:12:25.064Z"
pFaiqAWqUtWV32bkKWDMFWbKPiz2,"0x6e5E7298109F82881C8A64603561F5C328bA45C6","NgKin898071","","2026-09-08T17:06:07.196Z"
pFh7ORY0tkSmROL9PjAjD6yfKQm2,"0x135fddCF23631358B31201de0A21c476dBBaab14","ShannonPal19287","","2026-09-08T16:06:27.935Z"
pHTp5Ue99Hf77TZ0v4jRzC3wrO93,"0xF9d8F5BDA426365E3A2501Ca22BCf822F693d94E","huy_hang69141","","2026-09-08T16:27:34.475Z"
pHdKW5ysqDQwjzhVtOkRhLcZXXj2,"0xA3F9D5e160e2Ee2FF29CF31b77a2a8B2F571f65D","hiFvASUnvqDtv","","2026-09-08T15:40:00.621Z"
pHv2QYX4HLYXSvXDx3LSp1iO3kU2,"0x08C04B545D50796C05e5D84cAFC53768c435A900","SEmersyn75428","","2026-09-08T16:50:22.191Z"
pI08ZEEzOBPNF13gpRWCf3fC9Sv2,"0xA024A341445FbEBbe265e0099AA826713E8A3b25","MaeEmily373513","","2026-09-08T16:30:03.371Z"
pI4D3fw4MMTJ0gQx6PHhdQi2o0G2,"0xA570070D75e0939b2FbBD956B7aB2c3CB1060CdB","GabrielGil69518","","2026-09-08T16:55:24.724Z"
pI7utD3xoPXPJNyVoAs60SVSWwb2,"0x1DC21c35B49376C74dFABAA1D2cE6E067Ae6f845","KatherineR66533","","2026-09-08T16:42:41.844Z"
pIX3217sm2cq1WUGqzg4b1y1lay1,"0x41fF25E2F756784E4b8B6b96ab5f0b7c30879d38","trexman7313076","","2026-09-07T13:54:05.883Z"
pKJbASL88oeLpRhHmOQ67UoQptt2,"0xd30aa30D51E846617745e67D1b1813eFab73500f","HHi339083688717","","2026-09-08T16:38:44.083Z"
pN8gzGh3pbWz6oQHm3fVNpci9ji1,"0x6d8C49C4DeE3495e0193bb0276561022804f2301","LQuc11284","","2026-09-08T16:38:35.144Z"
pNySJEkkwwRp4CnH3OuNDFXkBrX2,"0xBaCFec1d8724f031dA530571b523Da4A9eC727fC","CgweMAmNJOhst","","2026-09-08T15:39:27.011Z"
pQeos8vcKWXssWJzCcgZPD0TgT03,"0x318f78B383515f3Ab956Dcda1520b754b668793B","andrews70891","","2026-09-08T15:42:01.043Z"
pQkqyhiEU3QOIsfAypHQDPdB3Mt1,"0xb5F4C0912C2709b225C23047027626475dAE5EDc","PhungTruon51573","","2026-09-08T16:24:18.713Z"
pRirWVq2R1ZA6WoIsqXUqN76Gdh1,"0xdB3Cd32280f375b2B7eB95081D1F87c8DC225c4A","CeceliaMil32279","","2026-09-08T16:21:26.590Z"
pSkYhptssGUkvAqfbyrNG3W2EGl2,"0xd11481804388E63143375aFC17993b57cabc3d7B","michelle_n18581","","2026-09-08T16:50:20.289Z"
pTZR9n55Vhgd1D1V4vrYoIysLWZ2,"0xc9059789Be45f86EAC2152A186ba286F5F804d1A","TangT55326","","2026-09-08T16:34:15.389Z"
pTlZNj9wFbZJpuhqO3QGGVQi5PUy,"0x2acEe18ff58b3eAEE74C8d973319D1339dc50b16","8tm00uyq","","2026-09-01T00:38:40.698Z"
pVyjXsd3wYejfmbOq1OKFFjlxzg1,"0xde39dFeFCdd0eea2889363bF0773Fd5937D61002","trang_o76913","","2026-09-08T17:04:00.121Z"
pXUVAyuFxvNzml09IbOeEvuhm393,"0x5E36E7fDC6EFe384c4539aC01C0E907ccC7EE9E9","LTyler87489","","2026-09-08T16:18:12.066Z"
pXiWOZyFnvbaMKFX1wUh9EXy5UE3,"0xe20C2b59E27354e0C986dD177aC996F5d4a1cF44","Botek499277","","2026-09-06T17:51:35.673Z"
paPq6moX4KWUD395ros8UTT9Xl13,"0x15Bde9eBB51578d0b3E4D7499aeD9103b0A61e4e","AdamYoung187869","","2026-09-08T16:08:29.248Z"
pablo1nzal3s,"0x63c0Ee54bEE199712D57Ceb00B4cd7301CcE2EAE","pablo1nzal3s","","2026-09-04T21:14:29.000Z"
pakhaji,"0x9422C4a1D6F405a17833A3de03c1D58498A85DEc","pakhaji","","2026-09-04T21:20:10.000Z"
pale_fox,"0x8021FB64c1C5b081Ab1F79da4cB4CaB9e2E4d600","pale_fox","","2026-09-04T21:20:38.000Z"
pale_scholar,"0x5EA43716AaA8a462A8c3EA9F4A7C73E970fDF7Af","pale_scholar","","2026-09-04T21:14:06.000Z"
palenomad,"0x5666e91E681813976D0aFFd908Af9CF2726d7AEe","palenomad","","2026-09-04T21:16:30.000Z"
pallada,"0x4f13a0a32f5A3f019fD3cd3CC893B43CAa30cC18","pallada","","2026-09-04T21:17:03.000Z"
pamplune,"0xf0981c90ed192192ea7B4951bb59D57Caf3eF611","pamplune","","2026-09-04T21:14:25.000Z"
pancadewanto1,"0x5838e7F62dAE5330a59Ae486320D2d1E21453E70","pancadewanto1","","1788588412044"
panda0909,"0x542656e9E517e7b222Be4fD5c09E8da5b4594687","panda0909","","2026-09-04T21:21:05.000Z"
panpan122333,"0x418e68Ce904ecB078d4EA72F2e726792E3Cb0724","panpan122333","","2026-09-04T21:17:32.000Z"
panter,"0x7d4B22998d623C07E1b8B27Ac81976477ab89cF1","panter","","2026-09-04T21:17:31.000Z"
papat,"0x8D035f7878472abA35fd202c99b4Caf924C7D814","papat","","2026-09-04T21:16:29.000Z"
paradiuk,"0x6c14f89cF49Ad316facE4d8fF7DE72575bCb9DF2","paradiuk","","2026-09-04T21:19:21.000Z"
paradoxe42,"0x906Bae0026c70A5a7cb626612c0e43b711b9316a","paradoxe42","","2026-09-04T21:16:00.000Z"
paralon,"0xbE7C7768EB3AcCad3E7e1567319098B957C9dB01","paralon","","2026-09-04T21:16:07.000Z"
parham,"0xEa2e1Ad2cA8dc60945dd0D7f5a09F9374ec61C62","parham","","2026-09-04T21:21:22.000Z"
parianne,"0xd7F7E3eE4Fa945340CF16768C59E43376a907Ac5","parianne","","2026-09-04T21:17:03.000Z"
paribesh,"0xC2392CfCf4f66E24ffBc804c078BBC31D4AA0895","paribesh","","2026-09-04T21:14:04.000Z"
parkchihyun1,"0x851C2902bFc0Ff63084Ad59Ef25a68539f8f8D90","parkchihyun1","","2026-09-04T21:19:18.000Z"
parker_w,"0x726D0430E7F6e80BA93afc00DD5E7E5E14348D8e","parker_w","","2026-09-04T21:17:39.000Z"
parthgo0,"0x4ed2d229ede78a3418b8f4314ce88d8047bf1b30","parthgo0","","2026-09-04T14:34:00.490Z"
pasifgelirtr,"0xF2D7e3460820eCb42fbAa5CA9887466d2a3c5c47","pasifgelirtr","","2026-09-04T21:15:09.000Z"
patagon,"0xabE150cC82eC22884a55eac484212521BCbA4a8a","patagon","","2026-09-04T21:19:27.000Z"
patatagzoey,"0x1ef3d0332d36928e97d7abb141734098b062543e","patatagzoey","","2026-09-04T14:55:22.847Z"
patli,"0x8494f1bd476B2736a89eCeA02C19c8D714CF7966","patli","","2026-09-04T21:16:57.000Z"
patmetax,"0xF03eB0d8894fFccC68a8292b4b94f5823A6dAC62","patmetax","","2026-09-04T16:24:40.493Z"
patriciasatoe,"0x15fde1c753c4e39b8fe9043736393b51a68e6066","patriciasatoe","","2026-09-05T05:29:04.700Z"
paulchoi,"0x610FA61000e7F10E897a38b3117474266d84Be3E","paulchoi","","2026-09-04T21:19:13.000Z"
paulie,"0x091552971BDaF975b6D18460f521F87682cdE829","paulie","","2026-09-04T21:15:52.000Z"
paw3el,"0x91Aa3C88B967B041863480587E33C18c67bde8e4","paw3el","","2026-09-04T21:17:12.000Z"
pawelk,"0xAf68Fc222328fe9aB21b993a62A62c76812D0923","pawelk","","2026-09-04T21:15:30.000Z"
payboxxx,"0x5957B08BF22c2e5A167ED71b1AeeBEf9738c0E8C","payboxxx","","2026-09-04T15:12:56.844Z"
payitaht88,"0x14c79Cb7847d65Ad5E443B98f5d78Fe83cE2f206","payitaht88","","2026-09-04T21:17:37.000Z"
paypay,"0x6Fd5FA99A96f66F7A58820E85269aBC6Af85FF3D","paypay","","2026-09-04T21:17:28.000Z"
pcD6PmbNNHYzcHaQjjcMIQzegB93,"0x3a7eF574dDb2fC6f48Efe92Fcd7B0Ee3497145Ba","HiThnh267639","","2026-09-08T16:32:12.158Z"
pckingin,"0x77D8cf23462D77d653985317ab5E97c2323bA7B5","pckingin","","2026-09-04T21:20:46.000Z"
pcoke01,"0xb343C8589e7FfFEeD845770BC757BF62308fB48f","pcoke01","","2026-09-04T17:04:49.299Z"
pczUzhtabBd4HxNFgk3f3Q77V9I2,"0xaB25b633A89AaafA1a8Bb250092092CBfb8B61c7","BraelynnPa93484","","2026-09-08T16:29:12.612Z"
pdBxUWyE2FUhU6NJiY8Ur9jAZ563,"0xd62408A5fb7b815b13b802f154a54d16b8cAF1b2","NicolaT7881675","","2026-09-08T15:45:17.741Z"
peVuOw2N9jhw2DE2Sytc9Tq8oe42,"0x4EB9F423d9Cfeb42A31D6312b28Fc07a1354c9c5","farmer_sam82535","","2026-09-08T16:09:13.859Z"
peace223,"0x3408e5b7B81B164d733e5064E8F8FaE3923Db284","peace223","","2026-09-04T21:16:26.000Z"
peakboy,"0x48F29f2127e044394EA0B1B33AC2e533bb12F147","peakboy","","2026-09-04T21:17:51.000Z"
pearl_blade,"0x7106f5909d4E71F037EFA604004F612599177d54","pearl_blade","","2026-09-04T21:14:42.000Z"
pearlcat,"0x5Aab5a5FD9A20501e0FF163230a099a3B37c74BF","pearlcat","","2026-09-04T21:18:40.000Z"
pearlhawk,"0xA550c10ED074B723518942399814630b3C8dE390","pearlhawk","","2026-09-04T21:14:08.000Z"
pearlkoi,"0x9B6733B7353c4532441C0B9B6Cc10ff4a7c7e640","pearlkoi","","2026-09-04T21:16:39.000Z"
pearlmole,"0x50Cc8FFA4B024b14fa6ECA2c3595E0f8f457Fd21","pearlmole","","2026-09-04T21:15:29.000Z"
pearlowl,"0xCbE9A5E5C67227144AA100a6F1B64331951A8E22","pearlowl","","2026-09-04T21:19:58.000Z"
pegasus,"0x81Bb9203Cf3805294dd7a6C1f00a9Dd7831f0951","pegasus","","2026-09-04T21:18:59.000Z"
peideluo,"0x7C18AF93a2756518217452E081770d93281a4F64","peideluo","","2026-09-04T21:16:25.000Z"
pengon,"0xCf34A465f448D4A80a5aba12D115e2C766C9fb29","pengon","","2026-09-04T21:15:10.000Z"
pengzhe,"0x966ed569aE5108B588C75c92c6edA9aB1bF1bD85","pengzhe","","2026-09-04T21:14:44.000Z"
pepol,"0x99f6050F38fbbd21934E6a609214c085C1650cc1","pepol","","2026-09-04T21:14:38.000Z"
perPxDxLO4aoYfFKRMSiV9nIsqx2,"0xe7a0c8c00909d0a381615e2fbc84f09ec6ab970f","tonysolano777","","2026-09-07T10:53:58.919Z"
perdibaiq,"0x3eaf10E831578fc4261587Df455e596eDd430854","perdibaiq","","2026-09-04T21:18:25.000Z"
pereslavec,"0xEcD22E5c65B57e357433706E6D65e0340CfcB5Fb","pereslavec","","2026-09-04T21:17:11.000Z"
perf,"0xEa871D91881751BE9208dc9b32FD619Ab43051D2","perf","","2026-09-04T21:20:57.000Z"
petersan,"0x24037980A5B16a1490390f2EAcD84D0A443461bA","petersan","","2026-09-04T21:20:03.000Z"
petroivan,"0x930Aa81200AE8E4C7387f91801c7B7948ec344b2","petroivan","","2026-09-04T21:15:25.000Z"
petros,"0x06359075afB28814e6A038d047Ed296AB3cC0C30","petros","","2026-09-04T21:14:20.000Z"
pewpew23,"0xB637529154d62a2cD7f9e4AE368684ea53099CA2","pewpew23","","2026-09-04T21:17:04.000Z"
pey67,"0x47697575DD2B9ff6Cec060c241efDBfA16F619eC","pey67","","2026-09-04T21:20:38.000Z"
peyCrm82euVv9QrvXxs6Z9aVpsD3,"0x73334c6436c9eB444f18bF9828E0F61a2eAC1970","FinleyKayl31800","","2026-09-08T16:12:13.186Z"
pgM3ya69BoZ5sjyeTyJG1LMH6EJ2,"0xEF8DECda5f5E44e34D842CA802b70488F6ef209b","BerylBrewe37031","","2026-09-08T16:05:24.855Z"
pgaarZ1DBRT4DvAyF3AWCarYXnC3,"0xF1Ce378Be7667EA2ecF59f9e5bf5454bD10005A3","JosephE43439","","2026-09-08T16:54:51.692Z"
phAdaPKIUueaWwAlzgERAIY3Alh1,"0xec614Dfd8Afeb466942d9d3761d9e889C62c9477","bawerman84882","","2026-09-08T17:06:58.010Z"
pham_toi,"0x8886cd2ca58C313120F2A756865962B7B9114b5C","pham_toi","","2026-09-04T21:20:01.000Z"
phamhung9853,"0xDBF0Bc56fcD5483E0e5A9d6Bc877469B526096ed","phamhung9853","","2026-09-04T21:14:10.000Z"
phamtoantn1,"0xBB4f77228d0EF8f29B4769F969146dEf633cB0e7","phamtoantn1","","2026-09-04T21:14:53.000Z"
phamvancuong13,"0x5ac5E39142bD507927B3502EC8b759277c958739","phamvancuong13","","2026-09-04T21:16:22.000Z"
phantomldm,"0xd4DEC5a9d3b7023E3460e80e4A9dF49Cb1d82AA9","phantomldm","","2026-09-04T21:18:02.000Z"
phantomnel,"0x594D503cc426BA4EB434747Dc9D02B90Bd5ff624","phantomnel","","2026-09-04T21:20:51.000Z"
phinguyen,"0x4209888E39151771a0f727aCF4eAAAC7efe7dc90","phinguyen","","2026-09-04T21:21:33.000Z"
phoenix2rising,"0xdf456294546cec0cF02c4dE0d59E4F4a5DD8eFe7","phoenix2rising","","2026-09-04T21:16:36.000Z"
phoenixfrost,"0xb8f8c1ba70402Ca0b903F8dAb2504A2215be5B1b","phoenixfrost","","2026-09-04T21:16:45.000Z"
phoenixhunter,"0xdc9437CF2C0def87D5E83C1AE4E618d08b558b9c","phoenixhunter","","2026-09-04T21:20:43.000Z"
phoenixprophet,"0x8D1977FE3B8A6D8Bc39b48DF8dF436e5B5EaB3fC","phoenixprophet","","2026-09-04T21:19:06.000Z"
phoenixquill,"0xF2da8efC8E52b1Ec76c31b10d9E79Da1dccea448","phoenixquill","","2026-09-04T21:14:18.000Z"
phongdn,"0xb31D1cfc03f7341Bac794C6CA04B2896BE5cA2D1","phongdn","","2026-09-04T21:20:30.000Z"
phongvulam,"0xF9247c1fB84795569970B5728Ec041098C56b47F","phongvulam","","2026-09-04T21:21:18.000Z"
phuocchinh,"0xe3e6f98Dc931d521a680E290e60FB96C83ab7Da8","phuocchinh","","2026-09-04T21:17:27.000Z"
phuongbui,"0x4bb1aD2306AEc87199471Db1bFa64E4b2eFda607","phuongbui","","2026-09-04T21:15:06.000Z"
phuongvuy520,"0xEA98b835b6F75431912821f351728a568A70B491","phuongvuy520","","2026-09-04T21:20:00.000Z"
phuy,"0xc48b1D604b231eEBFF9A80C1F7d75aB4b52A9ADe","phuy","","2026-09-04T21:17:34.000Z"
phyllis,"0x813525EC3082260A160f89f34CF5Bb990Fddc08D","phyllis","","2026-09-04T21:15:24.000Z"
piaobo,"0x1E51C625786C5aFEb10572842032941230FAf367","piaobo","","2026-09-04T21:14:23.000Z"
piblockexplorer,"0x0cb1494D44F883D03D231698F74e19Fb8154c264","piblockexplorer","","2026-09-05T03:04:02.482Z"
picka,"0xa57fF73aADaEf5f46e9bc72CaecE2a9baEAEFEC0","picka","","2026-09-04T21:15:31.000Z"
pierrejaxson,"0x0D79aC22f8EE661B2e7237Aa961E0D64d70Fd56D","pierrejaxson","","2026-09-04T21:16:49.000Z"
pierreneter,"0x621c5546e15CC84C361FcAbeABEE26f7983676B6","pierreneter","","2026-09-04T21:15:29.000Z"
pikasu,"0xcBCe7E1C7E5cB7a7E8eeF4DDd00F7CFC186F910B","pikasu","","2026-09-04T21:21:25.000Z"
pilotkh_mi171,"0x1d2De082A7d68EEC62817596a96a0d2A808e304d","pilotkh_mi171","","2026-09-05T01:41:25.371Z"
pimpim,"0x4290668FDcCD439CFc3Ae73598Ee76E9C39605e7","pimpim","","2026-09-04T21:14:25.000Z"
pimswart1,"0x96b7bc1ffcee34775c855f09f1038e903b1ba356","pimswart1","","2026-09-04T19:41:34.193Z"
pinazista,"0x3643d1cff2915016c95764a1658bdecc04512ee9","pinazista","","2026-09-05T05:59:10.729Z"
pinchuk0909,"0xD4F7E4707386fBcfcd139885F003Ce011DBeDe81","pinchuk0909","","2026-09-04T21:18:27.000Z"
pinkpinks,"0xcDc1E09C4Faf739dea2332AFb414b9b67f74819F","pinkpinks","","2026-09-04T21:15:33.000Z"
pintudhar3090,"0xccA069F5ED8Ac1d585D90217FE17Ed21010501dC","pintudhar3090","","2026-09-04T22:10:34.626Z"
piotrek,"0x8f348833471510959DD0d2487d2Acdf6A912e968","piotrek","","2026-09-04T21:19:44.000Z"
pirate_rey,"0xA0CFEe0e68e21D3E8683273eb70454bb268Fc476","pirate_rey","","2026-09-04T21:16:16.000Z"
piratescholar,"0xB85D172A99bb2401146aaF592f9a51F9Bc3DA1aA","piratescholar","","2026-09-04T21:18:46.000Z"
pirez,"0x81368be475EFbaCCD8D080d9958e8Df7Cf8416c6","pirez","","2026-09-04T21:19:37.000Z"
piselli,"0xeEBE15035525Da68BF57e77D7b90c83819d817a6","piselli","","2026-09-04T21:20:44.000Z"
piu2045,"0x4e0e433eaB1A94ED0830d5307b08093Cbfa9C992","piu2045","","2026-09-04T21:18:23.000Z"
pixelscape,"0xc87949b4fBC7AA5FE3616C131F5FBa960322076F","pixelscape","","2026-09-04T21:14:10.000Z"
pixelsinker,"0xec10700fbf9027155a6d815a9bed7313a3741240","pixelsinker","","2026-09-05T03:55:44.243Z"
pj3EzFC48TfrIepeSPufm8rEmEm2,"0x04Cf3E974eB1f80817BF237A1aC67Db605E9bb3e","GinniPark22301","","2026-09-08T16:35:02.783Z"
pkL67SxGMhb3c3tmUY6itDah6Xg2,"0xa3e5Fc80A6fc28051AB06d7c4A5fe3be919c4539","fred25779","","2026-09-08T16:57:55.996Z"
pkhemapet,"0x65668BA3507D5070b373F2C76Ee5bC5645188c23","pkhemapet","","2026-09-04T21:20:05.000Z"
pks03,"0xe82Ff4a92293B5C4220A3317DDE4181503BA1a8a","pks03","","2026-09-04T21:16:07.000Z"
plO3vD5ljdQAzkejYnwc0ErWE2Z2,"0xcf0293aB041897DD96a1F22DAAD58bf51F0cE424","LngTrung1620997","","2026-09-08T16:32:59.566Z"
plakes,"0x077247134812aE8B6F084F3d4AA41e95ed128856","plakes","","2026-09-04T21:21:36.000Z"
planetq,"0x1E94A120545EDC22AF0A2E389552a7145f449091","planetq","","2026-09-04T21:21:07.000Z"
play_quickmath,"0x34fD43591C55cB21268f9b6457BD00d426cE1F82","play_quickmath","","2026-09-04T16:51:04.453Z"
playboyo776,"0xf4fa7e866F9F645CedD4233C94dC7586fDC02377","playboyo776","","2026-09-05T03:06:54.847Z"
player011,"0x49524EaC38EE402Ae15b362f3Df950829A51E7Bb","player011","","2026-09-04T21:14:39.000Z"
plnty,"0x90edd04Ae345CfE9602793ACE1CA4dbc055d4D89","plnty","","2026-09-04T21:19:27.000Z"
plotva,"0x80720F6FE9dA45e5EE6F2B969dA2c8341f9e3531","plotva","","2026-09-04T21:20:34.000Z"
plutoh,"0x9cfA00e83155a8a786C4f386DC23aaf7D457eFCF","plutoh","","2026-09-04T21:20:58.000Z"
pluton7,"0x97A58Fd79a60742DcDeDEf152Ad4312C25B33324","pluton7","","2026-09-04T21:15:50.000Z"
pmDcyhFY4IXiR8Kx6jSwSpya7oh1,"0x654c96Bb1De956EDeDE54983f5F5279b3179E18F","CarolineK92943","","2026-09-08T16:17:02.420Z"
pnoyJ3OSgEXcY3vf4ET2prlCFAt2,"0xC50F47761fd5aCFD6848463F221707a54e094cF4","louisa_lis24665","","2026-09-08T16:18:16.022Z"
poets9177,"0x304B3BAF0f3e18c76B6d3Ef51b00b7eb86Ed1bd3","poets9177","","2026-09-04T20:21:30.184Z"
pokkynakano2nd,"0x25eB788199C064Bb4f5aDce5396C506d85a1c399","pokkynakano2nd","","2026-09-04T21:33:42.360Z"
pokrek,"0xd5ac1109c28508c22F6A85b806625275C57A5717","pokrek","","2026-09-04T21:19:47.000Z"
polashpaul218,"0x37335F7C07f5d1a7c8Fb29a044e99680864d8720","polashpaul218","","2026-09-04T21:59:15.319Z"
poligunda,"0xFe2aA6624dAbB4ADC70A43937A1Cdf5652BDF18B","poligunda","","2026-09-04T21:21:35.000Z"
polli,"0x86e191836D3056963BC75E0e17365EBb6C94485f","polli","","2026-09-04T21:19:53.000Z"
polmoeye,"0x04a56Dafb85F443B7a54479AA670d78AD72410B4","polmoeye","","2026-09-04T21:19:01.000Z"
poman,"0x7A97d0c332A672EEd14e3Fe09A079076AD149fe5","poman","","2026-09-04T21:18:42.000Z"
ponzipolice,"0x48898aEDd490F4b431415703007A7Dd8a24ce9DE","ponzipolice","","2026-09-04T21:20:41.000Z"
ponziscam,"0xceeE5e2b8C51699a0B7711aca4238d6347cD34Bb","ponziscam","","2026-09-04T21:15:06.000Z"
pooriakhp,"0x037449f9A45A80D421085E929EE1D36FBe287F2c","pooriakhp","","2026-09-04T21:15:43.000Z"
poppinwindtw,"0x01b6e97865B6f835442CcE7440c1C73865Ed9F0e","poppinwindtw","","2026-09-04T21:20:23.000Z"
potatochip,"0x7d8982fD451D0Cef8d81527befA8b3b1b7938EE0","potatochip","","2026-09-04T21:18:20.000Z"
potison4ik,"0x6b4F38F577ABb4e7a86cFe2eD0c2EE574E8DFDAd","potison4ik","","2026-09-04T21:21:29.000Z"
powerful,"0xd1D0D6c6fD38ea2d69fCbE048Dab5383c64e0177","powerful","","2026-09-04T21:16:38.000Z"
poyol161001,"0x278024DF49AA041E6894852b6e3Cf42c0120fe2e","poyol161001","","2026-09-04T14:42:38.537Z"
ppkk473,"0x9d41fc664Dd79CEcB4f1567059630AA5D4FC4eB5","ppkk473","","2026-09-04T21:14:04.000Z"
pqfWKlztrrd5kWvkkMISEx5lRtH3,"0xB1f35b88056F7353d15579824F552D8c7052a662","PhungQuan40533","","2026-09-08T16:53:52.460Z"
prabal10,"0xb17bBc615A80b6d1dE95Db863dcbAf1fB118eA61","prabal10","","2026-09-04T21:17:03.000Z"
prabathlas80972,"0x8cbcEbfa785b4c39c6aa9E04410F696E11F7dc89","prabathlas80972","","2026-09-05T02:46:16.625Z"
prad003,"0x59f65B3bE23d5A4640D67d7718EF1632404447E1","prad003","","2026-09-04T21:15:56.000Z"
pramodlegal,"0x5350E5826fc7Bf672436775049231cc66fdb2E78","pramodlegal","","2026-09-04T14:26:57.481Z"
pranav,"0xa3408eecbBcEbE04232cc2fe740Ffb2207A73C4e","pranav","","2026-09-04T21:19:48.000Z"
pranjal,"0x731DcAAbAd10b4108aC5c906D334583145Cb3d60","pranjal","","2026-09-04T21:17:39.000Z"
pratik284,"0xb6730Fe1Aba26BD6b4D960Da193aF04f878eaC96","pratik284","","2026-09-04T21:16:31.000Z"
praveen12,"0x8661a0bA86692f010FAC811317707C659768a2e4","praveen12","","2026-09-04T21:16:56.000Z"
prime,"0xA264Bb6B65B5f230F6B4C77e46317eab8Fb81333","prime","","2026-09-04T21:14:04.000Z"
prince134266,"0x86571CabF7045817E80521160Aa1E248EF9282CC","prince134266","","2026-09-04T21:14:09.000Z"
princessa_linda,"0xEFF4eAc0E5247eAB113164adD913244fdD42CEAF","princessa_linda","","2026-09-04T21:15:18.000Z"
priy4nshu,"0xCf69CeB9f89281EFCc71E535715974f18B573Db7","priy4nshu","","2026-09-04T21:19:45.000Z"
priyadarshini,"0x49dde2F2E95B6e62d8fC927fcb8209D7d2b55222","priyadarshini","","2026-09-04T21:18:37.000Z"
priyag,"0x40381C7DfEb3e4B64DA3aFbf61b69dc2ed933c27","priyag","","2026-09-04T21:18:08.000Z"
priyankaoff,"0x00Db57B43B8354208e78E6026B671F2970cCdae3","priyankaoff","","2026-09-04T21:15:45.000Z"
probin,"0x5b366be4dc73ea67E8d6dB39F3528f60aA1f69f3","probin","","2026-09-04T21:16:37.000Z"
prok27,"0xF7CbD0bD22F13f77B4ecaB5C664908A5F691e28d","prok27","","2026-09-04T21:19:34.000Z"
propav,"0x2E1bF8986508d3357c770c6eA4C5f64c3886db32","propav","","2026-09-04T21:16:02.000Z"
prophetphoenix,"0x89dD3D3f03Fac8939Ed6d154205f96c7197D4df0","prophetphoenix","","2026-09-04T21:17:28.000Z"
prosasga,"0x46411efD063b1b53439Bfc8474Ba8AD40F68ab4C","prosasga","","2026-09-04T14:56:52.753Z"
protopioneer,"0xFF24fD3750Dd1089702b6031f377ce6728c0bf23","protopioneer","","2026-09-04T21:18:35.000Z"
provikid,"0xB3E62d8E99C912dD8885D8F3B8d6C0d12b8607eE","provikid","","2026-09-04T21:17:09.000Z"
prsneaker,"0x34cC126EF08787C79804e9684B86E0990bAF6589","prsneaker","","2026-09-04T21:15:18.000Z"
pt6XKR45LYRH1RxPKaGNk84YBKs1,"0x9F6440566FDf8e7880F0b09Da21B6f55a516ed4B","gail_eden81615","","2026-09-08T16:37:41.360Z"
ptwmv7FrF9fWvgajkUTJheJ6F3b2,"0x12Cb72cc8861ABE4826F7095d4DB35eB24DCc26F","AyerAshlei82162","","2026-09-08T16:56:02.596Z"
puMwVbpEMIOZkb4kXL2fF606LkL2,"0x912B68C66F470ccF8c72aB9637eB2eD1390CB0Ba","NConors63622","","2026-09-08T16:17:22.436Z"
puffxj,"0xAcB958C6658537A9e0A5c1F769533c5EdB8f4a54","puffxj","","2026-09-04T21:20:51.000Z"
pulebedev,"0x9DA4e3D28335ea5a37CA36ca8a360669c8f8A54b","pulebedev","","2026-09-04T21:14:16.000Z"
pulthach12,"0x195D981d7aD2a4B98880F9Cf5BE9E8E1E8cEcA89","pulthach12","","2026-09-04T21:16:37.000Z"
pumpdhashii,"0x5627aB6C22dA23aa5B74d5893b30721E052626E7","pumpdhashii","","2026-09-04T21:14:25.000Z"
pupupohap,"0x911b23461Ae808888a8C176d19bD9247E3261c9E","pupupohap","","2026-09-04T21:20:19.000Z"
pure_bear,"0x3e2e053784DA3Ed8e71Fb672Dfd438442889f3DD","pure_bear","","2026-09-04T21:17:20.000Z"
pure_captain,"0x77C468732f5f06f38800c8a4F270C7421DC7ADaF","pure_captain","","2026-09-04T21:18:41.000Z"
pure_moon,"0xCd8B948F08Eac126c0c0cC05d133Ba4041820465","pure_moon","","2026-09-04T21:16:24.000Z"
purechaosenergy,"0x2c4d892121b1DB129BbF79EC7EAbCBc4db6562Ae","purechaosenergy","","2026-09-05T03:55:50.142Z"
pureraven,"0xeB91fd32ced4d228f64E68139E9705248d192d09","pureraven","","2026-09-04T21:20:26.000Z"
pushdabutton,"0x9B84dC48a7609A0c818444f76F390DC1caFd6343","pushdabutton","","2026-09-04T21:15:53.000Z"
putriangelina_,"0x688D07959e8404D8572975e1118Ca0A2221aB02A","putriangelina_","","1788588339950"
pwKqb9TaYShA1zzAVKSFM1B1c0M2,"0x889d3dD85E1E20cb0f156A23F0EFE5ec3528972a","HTm135368","","2026-09-08T16:38:04.425Z"
pwi3Bn3TMSWnUJd1nEhe8MjULFJ2,"0xBdA1d87fCfAB27759B4d6466f85407ED14eeA32E","JackCrypth","","2026-09-03T22:09:19.620Z"
pxDT2vL6GvY6nWTRpQ6AGmXn0GE2,"0x8b558F38343A14E76c4B828F71AD8b6685517a8c","emonkhan4675","","2026-09-06T20:12:10.674Z"
pxRdN0eXDSblPKy6Ko9tdv4lZ0J3,"0xB26b831Dce02124Fbd570cBd567B665d325Df8bB","LynetteWen11221","","2026-09-08T17:04:09.832Z"
pyiEvK1wttXo5Qrp8themkrSe3C2,"0x21674FE525248E023f4Df164F308D5e88BBD63D9","AmberBoone69090","","2026-09-08T16:23:03.120Z"
pzMXSoKuvWN8dWJygPVfgSQLwmy1,"0x8C81F542548f779D80E957DEec4CA8c47e8e9A41","TranMai15725","","2026-09-08T17:06:06.087Z"
pzVnuTeNqjZYy9QNgwQHnlOodQQ2,"0xD76e7ee6Bbb17484615fAca038406F83b7A98d7e","BiQuang648442","","2026-09-08T16:33:21.905Z"
q11h1RYDdLRTbvrCJ5uqoeR7mqp2,"0xfBece11F5715254601575b45C8809D6585dc7CCc","ArabellaDy18146","","2026-09-08T16:28:09.052Z"
q1sahpbdVTYoL5DSwaMIl4KPcFd2,"0xe542104dd664cFbBE1f0BDDE227E1987f44dC8e2","SchultzAng91597","","2026-09-08T16:11:59.360Z"
q5oLOPOBe5PmAut4Gm1rDqgXJxi2,"0xA43873CBf005a7Eb848af37EDEc9835C81f1117D","PhngTi710138","","2026-09-08T16:31:56.460Z"
qCGAoUjTdBRiuZyi8BnQlP3FSpn2,"0xd2191b169c5B409E9Fe5a1f7fBdfd883B7EB3560","TngKim174321","","2026-09-08T16:44:11.143Z"
qCZRquZabrVXCHYZCgGSZJuAhWv2,"0x3ea940Fa2a562a9173c753279E310a5b59d02acD","DennisAnde67383","","2026-09-08T16:03:01.736Z"
qDmfVFM1yhZO7Vj0KXU2a2ISPrH2,"0x17C80B60b3620a8258f70DCe6B89d5D91d760a3D","TracieDoan20787","","2026-09-08T16:17:26.718Z"
qEFOIJLiOaegqLQOI2pUBLPeB0h1,"0x6702545ea17a99bE32F9b2A87815258EC3bDd9EF","BiKhi928095","","2026-09-08T16:48:54.195Z"
qEI3QjLirUbgRAUAh0MidVLNbwu1,"0xF43F87030da7118213421e279131D2E068bA6FB4","JaydenPaig2389","","2026-09-08T16:05:21.899Z"
qFFlaP2scvQ1FdQdhFhRxWZ0AcI2,"0x63a6494fE9164305FF8f808e12E3315062763EEb","PhanQ63904","","2026-09-08T16:34:10.827Z"
qGYUjGcy8uRaRk6ejKNZEI8q4ch2,"0x8eb9cd40A2C96B79cBF7860471aB97E80DbE20f3","PaceQuinta55917","","2026-09-08T16:21:02.789Z"
qGsxuJ6I2WSZ2O1jPrV3AQvd8h02,"0x920c10EDdfAEf8De2722d691A40C3E85a9da13ef","crazy4alphas","","2026-09-08T06:32:13.451Z"
qHPvvtbrrNY6H5f8kd2Nd0fzvS33,"0xaB0158941761d3eF83B5F4bBeeC10623eaeEbFfC","OFinley91221","","2026-09-08T16:17:50.591Z"
qHl5B6UYuvgJnDt7GN7rxkhhPuO2,"0x46B305A9Ada1dD8577e648e4d4A9FE6E52830370","JaimeRicha40803","","2026-09-08T16:19:00.182Z"
qKAjkrpXDMOBLmetX5AWPO0rO4E3,"0x3aB3B7BFa564f610fc953E39FE9e9980F2E12a19","jajang_win","","2026-09-05T18:47:28.078Z"
qL58KKpYOCej2mJQBIfTCaXzm2k1,"0x5dAb66Cddb79771Ae34F4EaaccBFe1898793d50f","0xNkLv","","2026-09-06T10:41:21.863Z"
qLeXTUnIUtdHJj8sbQ8fq7y0x233,"0x2f6e64089eAf9a2328d438A453Bc328F2B1129b7","NBenson5722","","2026-09-08T16:44:04.581Z"
qPPOo9yknYXTLLAwnQAS126SRGR2,"0x5369e8002745eD5A041F20a5D363aC0B63428A16","Derachukwu__","","2026-09-04T12:44:44.188Z"
qR9ZXViFv2NDJ5TWOLk7PI884le2,"0x3186eE3759a81Fd805D86a0AF4822e25580c87A7","ChloeReyes1751","","2026-09-08T16:14:26.721Z"
qRtykTm3CnMf6SUrq0pwAm41IHj2,"0x8b3Bcbc77dB9D06Eee441611dC25A65882Eb06aC","BandyRicki59029","","2026-09-08T16:55:12.902Z"
qSosOBbzgHePigaqq7OLPLGXYHF3,"0x76989c3f909545bBfF08232339063AFa694A08f6","MauriceAtc34528","","2026-09-08T16:18:15.286Z"
qTpxajOJ9QNHYwjVqwkHc9BhN5r1,"0x0F36B87eBdec898F9f95f5e5CaB1059473Ce9888","LngTin1186810","","2026-09-08T17:06:48.648Z"
qWVY6dh8xdNTigMuAIP9C0Rqdmy2,"0x8fD6D13c9776FEB7E834EF89f01d0BCef1cF8558","OliviaF67193998","","2026-09-08T15:38:41.143Z"
qWsXMvvbkpfPpQWXBmfRdr8XVsx2,"0xE55357675C45a744304f7AFa298C6013480963Ff","psTZSDqUnDZgi","","2026-09-08T15:39:21.959Z"
qaFGaGNef1Y0OEkFeCad1sxEbozQ,"0xc0b6CA9Ef77A62A26578F13096cBf02e3D3d4e21","patricia43wx0","","2026-09-04T08:58:00.236Z"
qaaba,"0x01fAbF3B9cc67ad8770508a48C87C07282aFEB5A","qaaba","","2026-09-04T21:17:09.000Z"
qalinat,"0x77ba647929a9d7962e7c30b6b7a1da91c4865cbb","qalinat","","2026-09-05T05:59:04.381Z"
qazzaq,"0xa690F3981D4D1fe060124879257B635920213dcC","qazzaq","","2026-09-04T21:20:56.000Z"
qcWDuQ8XWNSBoxHtdKyKBqtsQua2,"0xacE9C80fb870aEa75fE354673341f00d3FD05c1c","JaydenDyso78114","","2026-09-08T16:22:58.503Z"
qfKzro4FTJfV9CKgfo9VvC4HvC13,"0xd9a025606c547c0060a754bf4f3b062780aa64ec","Quan270905","","2026-09-04T08:58:11.395Z"
qfNgSeWbhCh17d0i4Hk1XuskVP73,"0x6d8051e0e12246ee53f2540b48cBF67a2781e966","VNam644190","","2026-09-08T16:41:40.821Z"
qg6Weq8OzTgwEdp7pswJQAGOpf12,"0x42ea7295fF2728f22910D1D02B84D9c2986B67e6","GabyWomack5838","","2026-09-08T16:41:59.385Z"
qhX0pKKEVqa45y6spZebZOOhNpu1,"0x82280f55E1C3b99dEFB2a21b90aa28E2311402C7","NhamC24420","","2026-09-08T16:54:21.491Z"
qiWALb4Ab7WuR05ToMZ6aTyWRit1,"0xb3fa1950F2559586B328F61c3dC571D606fc1BE5","TNam144239","","2026-09-08T16:36:16.062Z"
qingfen,"0xd39f9671F68B2c797d39720793C0885ab524412C","qingfen","","2026-09-04T21:15:14.000Z"
qiun,"0xc8CE914c6Be6154baf740D4763CfCbE4fBAda70b","qiun","","2026-09-04T21:20:54.000Z"
qkDnbjdAK5MBwQG54ZQVO4kHT7o1,"0x2e169f8339966ce7a6b900c88595976bA6DE6e20","TrnhLng180645","","2026-09-08T17:11:18.608Z"
ql40RMpzQENlzYfWGtLEttfKzT62,"0x336BD807309e54311D1b353bCCcb57ee37dEdcCd","JanelleAli71428","","2026-09-08T16:06:42.569Z"
qoXBi6Nmi6SBMeFTGGFwTnCrYuB3,"0xAA54064FC6d30Ab2987796fFCb5c4aF123C69d3a","BchHin1121568","","2026-09-08T17:02:11.412Z"
qrsofficial1,"0xD6716cEa9cc43E47CAE53C05CE8a1e3d50b038fd","qrsofficial1","","2026-09-04T21:17:58.000Z"
qsfsf,"0xC49794d689f58bc8baA104131933c0A2c673988F","qsfsf","","2026-09-04T21:17:19.000Z"
qswS8TlFBfPLYapMXrSAOkSRSe23,"0xe460cA09b19aD8E9D1e006C3888937ba416565ae","BrandtFrei67463","","2026-09-08T16:48:20.985Z"
qtee,"0x1a42bdc71C6e39Fa85b3e34736dcE272AdC4c9aa","qtee","","2026-09-04T21:15:50.000Z"
quWPKhXv5JSe6s9Q7siN2yMn0lT2,"0x69bB78dac86b15FCCdefC77ab3d8A853b202cE22","DuttonWalt44694","","2026-09-08T16:13:12.055Z"
quacam,"0x9C6433731B93591C5b743448bADE06Ae32b3aA7d","quacam","","2026-09-04T21:19:08.000Z"
quangbui6789,"0x0a912228e94dE80BEb2a8f3d3C1688E5Fa1742CE","quangbui6789","","2026-09-04T21:14:18.000Z"
quduoduo,"0x1647b911d3cd40557095B080aA2821BCDA479Ab7","quduoduo","","2026-09-04T21:20:06.000Z"
quenas7,"0xcDbB84A31a9c8BED4015Bb7178C9e5905a005A8d","quenas7","","2026-09-04T21:19:21.000Z"
quiet_ash,"0x4fb18dF9bceF6dF74BBc69253488103B890D491D","quiet_ash","","2026-09-04T21:19:40.000Z"
quiet_frost,"0xa1b27c9a5f07ceb037DCF43B67a1f7B0369B40c0","quiet_frost","","2026-09-04T21:18:13.000Z"
quiet_lantern,"0xd6f10129FEf7abac7004B4228398eDb41D5bF536","quiet_lantern","","2026-09-04T21:20:23.000Z"
quiet_mage,"0x60b0FEA6F629F74ba316Ed38a9703Ab38D58603F","quiet_mage","","2026-09-04T21:17:56.000Z"
quietpanther,"0xbcaae9E1782058526bA6ff97b92b1e429345810b","quietpanther","","2026-09-04T21:21:06.000Z"
quietscribe,"0x2F15bfE9182B1171F2A495Bd41354299DEfcda85","quietscribe","","2026-09-04T21:19:56.000Z"
quinlee,"0x34d7C938b98AC98900f39Ec5fA0298fB2FBE2D52","quinlee","","2026-09-04T21:14:23.000Z"
quinleen,"0x7d60140120Bd081205a7298b70a91B2821b379E4","quinleen","","2026-09-04T21:16:40.000Z"
quixotickid,"0x97ACc8410b190b6ebcF3dd49865782a147479C31","quixotickid","","2026-09-04T21:16:12.000Z"
quoc1,"0x8E8D200e239f173F009e47777E561d04E8Ff3231","quoc1","","2026-09-04T21:20:38.000Z"
quocanh171,"0x9e8C53305cB248c0b73526FE5f74B5660D776228","quocanh171","","2026-09-04T21:19:26.000Z"
quoocsbaro,"0x7a36ED7FCb43F7eb3118516a3D39b505A332f383","quoocsbaro","","2026-09-04T21:20:24.000Z"
quraq,"0x2e3F8E1E0e7bb124Af5928322FB512C9df63f7db","quraq","","2026-09-04T21:15:31.000Z"
qutem,"0xbBB207741611A43B68156D5a678EBc98c636036d","qutem","","2026-09-04T21:19:32.000Z"
quynh48,"0xBF8388b5a3aAacc1BDab2767cbEDe73FF9608D9A","quynh48","","2026-09-04T21:20:08.000Z"
qvtdycWf3RYfO29Au2IFkPCgmbE2,"0x615AC281AA8971940907b18c7a2317d344E203Ca","dung_my14003","","2026-09-08T16:37:48.438Z"
qwer,"0x3a2302D85c8dbDe96Bc8167aE1466D5133c6d5F3","qwer","","2026-09-04T21:18:27.000Z"
qwertyjes,"0xf7400B30043B588526889FB7B15174C80eE61ee6","qwertyjes","","2026-09-04T21:15:34.000Z"
qxjB0ODL5bOod1HsV2aBsLUsVJF2,"0xe76E53EC84dDb01CcE85FE684668Be731b448f7E","AidenBacke37239","","2026-09-08T16:54:24.716Z"
qxkFOygnW3TPW3yMsUamZlBxbqV2,"0x764ea091dD37f657d001CCDa531a9fED27cFed71","PaisleyZel30468","","2026-09-08T16:38:14.399Z"
qycG6N02qTYh1A1NeeySS6ltLdC3,"0xF639b0ddde6D7228e98645ebD7E59818b303abEF","POwen54176","","2026-09-08T16:03:13.422Z"
r0b3y,"0x05A6d4333F58948AAA6fD1d99b8c8Ba364f4d6DB","r0b3y","","2026-09-04T21:18:23.000Z"
r3cmk1H9lfNTionWwIZxH1uJEWl1,"0x50777D8dec3886Fae8A953c3256ba2dea50d283b","KlarrisaA59523","","2026-09-08T16:35:20.865Z"
r62pml1Kv6cZUdnsjq1Jp0036NV2,"0xE7ad499D0a9Ed3F9570c843BF137a33BB8a5dBF5","VTrm396458","","2026-09-08T16:30:42.285Z"
r8P3oxHJl7ZkhyPST0zMpgJtxxA2,"0x33d32a4F7278EE5Be4d7eD49180915d5D8c42E01","VivianStep86693","","2026-09-08T15:42:19.704Z"
r92repsITaf4IR5EpNod7Oreakx1,"0x99346aD480DD62cC182c50Df024Bd60AAD26B542","hoang_quan32988","","2026-09-08T16:36:40.430Z"
r9UtXCBd03QeFK6Y0SlGHDJGGFf2,"0xc7F8Ce8167Bb0A92e79891AFEB52D506B4c4Ce16","KimVy591896","","2026-09-08T16:44:09.171Z"
r9V3tRGxOFQ1bghxfpenZJjqh9g2,"0x05Db83162731a88FF833e4C71BbE74e7724D6Cb7","SheltonLor79327","","2026-09-08T16:21:27.857Z"
rAlrEG8q58Ro10aw9yS2ixsqS2q1,"0x6977b9a6aA30583CE7A4B004bC5E82D8D58522C0","LatifureMd","","2026-09-06T16:45:35.221Z"
rAopm1yXBXU1S8VawCZA8g3DsYD3,"0x441Dac0C13278F01B0ed8dAD4d880c4F5C48448B","Mac6204Macon","","2026-09-08T17:00:02.934Z"
rBdzkcLWyfc1YmlBHgblOKNmOp22,"0xC17D45F523751482b7Cb5cF87814C72eF738Ec35","GiaThi324365","","2026-09-08T16:44:13.162Z"
rCZK6RkishQOXuFvFeRf2tRfQ3v1,"0xd30e9Abb10E8c2E5E613b47376F1D5aAF324014A","MckaySalom31677","","2026-09-08T16:31:03.242Z"
rEq0lQiEuUW8ruAiqRp9dIIMRIZ2,"0xfe6B0cf93d95E44dD04CD85c78dAe0e7749feF0E","JBradshaw68710","","2026-09-08T15:42:20.712Z"
rHcAVFFjxqeTrIpeJIcQtnpdvyn1,"0x0dFa84C3F3845b4B845bA93F58C517f4bd526440","CamilaKira28397","","2026-09-08T16:31:06.253Z"
rJ0WTMxqtjYb4DmVfLK4kzeVnFB2,"0x8E850219203d54AcAC51C8e8a088f5d37c307432","NancyWilli48399","","2026-09-08T16:03:00.146Z"
rLVl28Bb5EWNKhf0Fo1UrjNjlpt1,"0x3150aE10cAD92701C321656b5C345Ab4C459e900","HQuc27946","","2026-09-08T16:41:41.516Z"
rMVfbfNw9rQpzF6TuKlVxnawlk73,"0x79094F0511777b8381D073C6cCff4F7d16732A6A","BrianBrown16774","","2026-09-08T16:09:27.501Z"
rNFv7ytTCDc3Ocs2FytRKa7J2nv2,"0xD10aA25B0F592C5279426717ed101dB2acBb7737","JaredScott19920","","2026-09-08T16:52:52.848Z"
rNOJTfbcwzR8xlOXHeayYLlZUrym,"0x70B576340ce9F9EA0F01ee6a37DE1C10f9cdD132","jennifer64vj8","","2026-09-04T08:57:57.115Z"
rPT7VdizmnaQxwzQcAYKwfUJzMH3,"0x3a552a215A8Bb4E7e4d37d0F00bb41b218C11d63","chau_quynh63615","","2026-09-08T17:05:15.922Z"
rR8yttSYHoRh01GWKZ6KdLPfXzp1,"0x0219faCC297D9602bF8fAD06E43E41F80D3042f7","onlyonegodalive","","2026-09-07T18:37:55.590Z"
rSARw35EdGUBUp7lC0RLScEUO9v2,"0x528F022C20f5fc0982E6B544993841e33f872454","JulietteGi35562","","2026-09-08T16:06:43.455Z"
rSwWXyzngS4pymuYDTRFAv5UfDHP,"0x0ea8202EeA62201d13eCFE04C4a15F7A14921F84","JesseButlelclb","","2026-09-04T08:59:16.265Z"
rWsRPB8vBEXbW7SOftHwQl0ZXne2,"0x1A89EEb630f02731B6100B365Ba1378b69D02ef8","TangT99844","","2026-09-08T16:47:01.496Z"
rYeg6Wr9ZzgXMnfdetOeQwzHINy2,"0xa3157e592Dd80dE40f58455c83285f398A31edD9","KissieWing3925","","2026-09-08T16:50:37.351Z"
rZCSYuN1hmYqQdjk1tWP6JkGJzA3,"0x9f1ddA9aFe96dF5cEe5d6069bF27F54eDf5A43be","LukeBrown56232","","2026-09-08T16:13:05.699Z"
raYr38dXE0MgpDdRI9jiSspbpir2,"0xF8E35a19Bf14471e4D4537f3504296521E913c25","nga_bao93567","","2026-09-08T16:51:58.615Z"
rabbim,"0x6342BFB854Da896A2B82eDfD7914bA3c4776ADe9","rabbim","","2026-09-04T21:15:33.000Z"
rabbit2140,"0x05aDa75cae9ED7D1522EDD933821B8192dF29525","rabbit2140","","2026-09-04T21:21:22.000Z"
rabbitmq,"0xc9C4302ae67CF533D7e52a52AccB99a94Da39E7f","rabbitmq","","2026-09-04T21:20:00.000Z"
rach44510,"0x178798462e049098365c3e0623db04e1eee54517","rach44510","","2026-09-05T03:55:48.766Z"
radihs,"0x880Ba20fC14B869aBd86F4454226dA1C7c433142","radihs","","2026-09-04T21:20:32.000Z"
radityabz,"0xE0D29a99552F9F10bEF6EDca3f8f1a870013380b","radityabz","","2026-09-04T21:20:23.000Z"
radroz,"0xAEE2A185CcD6a42A36A25E12c818E1a94C3f9F6f","radroz","","2026-09-04T21:14:50.000Z"
rafi55,"0xF502C17ADF3AC108A03b5Ed1407806A2309896FD","rafi55","","2026-09-04T21:20:15.000Z"
rafi7zz,"0x9A88Cc24febBEa1D5fd5Fe816b2d10068eD71270","rafi7zz","","2026-09-04T21:16:15.000Z"
raggarwal60276,"0x5d1a4bc8A1209B23C0F6510A188077a494026610","raggarwal60276","","2026-09-04T18:34:03.490Z"
rahmanzain,"0xf685e680B070F092ca0f4ffC02Aa32eE7244d154","rahmanzain","","2026-09-04T21:14:23.000Z"
rahul1406,"0x66d1382202AAa4bD4Bdd96B8ba3Cf7a816c162b0","rahul1406","","2026-09-04T21:20:13.000Z"
rahull25,"0x1804c5C64C2A2ADf28219bC999dB8637942802F4","rahull25","","2026-09-04T21:18:21.000Z"
raizana,"0xc4Db77af40B4170c477dE924b8B80e75c0C847E1","raizana","","2026-09-04T21:21:23.000Z"
rajas,"0xCD2AC6F0c6d62453e71b19278F940CCEcD87A106","rajas","","2026-09-04T21:16:37.000Z"
rajkumarbhai,"0xF11B8d81CFC7382ef29c65b297C32A1827e95eAa","rajkumarbhai","","2026-09-04T21:19:53.000Z"
rajmansnz,"0x5eeab2e6ad5b5a38f908D0190BFfD4dc98c61FDd","rajmansnz","","2026-09-04T14:37:04.858Z"
rajugu143,"0xcdD18E8Ae6074723F4C6d844f965D34C96D60f84","rajugu143","","2026-09-04T21:17:55.000Z"
rakibur2,"0xD7aE65aE239E59f2c7D8957c838BDCCA98B57bd3","rakibur2","","2026-09-04T21:16:32.000Z"
raman08,"0x006b15bad0588cdd9B82b9f622a89ce6D888dB61","raman08","","2026-09-04T21:15:44.000Z"
rana01,"0x185779e535aA7537380015cB645f15aCBbCB453D","rana01","","2026-09-04T21:18:50.000Z"
randiprohaska,"0x3da122ECE25860abAa48596cd2668a81A7856E0F","randiprohaska","","2026-09-04T21:15:24.000Z"
ranger_ren,"0xcf1C13A7De6F4c58d9b231D10E98a85Ea4501704","ranger_ren","","2026-09-04T21:18:47.000Z"
rangerfrost,"0x0Ff63fC0e55775F7d3A489211005C81BFB357C6A","rangerfrost","","2026-09-04T21:15:18.000Z"
rangerknight,"0x3ec33af44eeCb277e75c04c0fF7f02a908c53d18","rangerknight","","2026-09-04T21:16:49.000Z"
rango,"0x5e2cA3E51E89407Aa027A8c8a5960Fb0f370B1bc","rango","","2026-09-04T21:17:42.000Z"
rangoli,"0xADC4e9ba3c73a192ed219Eae8315062762f83eC5","rangoli","","2026-09-04T21:21:39.000Z"
rani222,"0x75e13CCf3FC104861c7C59eF7FCAC9cc2d37b401","rani222","","2026-09-04T21:17:12.000Z"
rani992228391,"0xFCB68fb5a20A61a57d2F13c909ed191E0359fAE5","rani992228391","","2026-09-05T03:09:58.197Z"
rannnox,"0x56cA41c53652Ce755fc518AFE135575ad47eea3e","rannnox","","2026-09-04T21:17:00.000Z"
ranza,"0x8a32B1E789629ee44fb05bb6a09AC938a27F0B3a","ranza","","2026-09-04T21:17:10.000Z"
raphh,"0x84A3C8BEe0c9e10a78473cB5c1183bED76561B84","raphh","","2026-09-04T21:17:41.000Z"
rarrozaqu73172,"0x9D7F1598320e14D320C5bb50A9B5d38347B8cDB1","rarrozaqu73172","","2026-09-04T16:10:59.000Z"
rashidnem,"0x98bFAA34CFFAF97Ad1Ac25D0C872fb33aa8CE984","rashidnem","","2026-09-04T21:18:20.000Z"
rastad,"0x6B214af3391882c2b399562aa4a3A874ede26eE0","rastad","","2026-09-04T21:17:53.000Z"
rasyaaa2122,"0xA4bE994D6d721734c48655231f43b121F4C90E63","rasyaaa2122","","2026-09-05T05:43:46.844Z"
ratihanggraeni,"0x7F78FAc2fa5e24f6Cd9594Aa700A36FDF34e4653","ratihanggraeni","","1788588426623"
ratnasarix,"0xCA0c4855DE8af9937C54A98B30EB2Ab3c3878dF1","ratnasarix","","1788588351373"
raven_ada,"0x7c621a5E618b344D84E8F3ef56FBA381A10C63DA","raven_ada","","2026-09-04T21:15:47.000Z"
raven_finn,"0xFc13797A52cFb4fB1De607e425BAAd953Dd7293F","raven_finn","","2026-09-04T21:19:31.000Z"
ravennomad,"0xF4E2cC8572Eea2dFE178C2B6225c0C30EfE5dCB6","ravennomad","","2026-09-04T21:16:34.000Z"
ravnica44,"0x4E42C9a5B917FdF562Ae3EDde46026DB2067E062","ravnica44","","2026-09-04T21:16:59.000Z"
raw_echo,"0x77bD21eC9606947e04c06D6e014c9b988Ce04BF7","raw_echo","","2026-09-04T21:15:21.000Z"
raw_tide,"0xDfa987541EC65Caa5f83D0D3a82224fC0BB3327f","raw_tide","","2026-09-04T21:17:51.000Z"
rawcipher,"0xe9060Bf67Da71A8d9C6e322E416290c9F14e2ed8","rawcipher","","2026-09-04T21:16:05.000Z"
rawmist,"0x96CEA619feC642Fda2C11E000e1A805e0D71Cf6d","rawmist","","2026-09-04T21:21:01.000Z"
rawoodsumiko,"0x7201F364e9e7736d2e3d7b1caa4cAcCc6da69608","rawoodsumiko","","2026-09-04T21:15:51.000Z"
rawsavon,"0x68bE2568Ebbcf63195DB905725EC91D7AB0f3B7C","rawsavon","","2026-09-04T21:17:50.000Z"
rawvortex,"0x47de2811a6BA9b4F3b021fD0503A2F69388F748F","rawvortex","","2026-09-04T21:17:42.000Z"
raykyo,"0x3b28EbbEA0BBBC8A4b3Bd0434F4cDD6Ea5560B5F","raykyo","","2026-09-04T21:16:10.000Z"
raym86735,"0x71114BC94A334E7Ab28582cf08fB5074d5EE0Af2","raym86735","","2026-09-04T23:12:10.527Z"
raymarzerpa,"0x4912517ce190BC1f77Ef7B28e775db5E0A65806C","raymarzerpa","","2026-09-04T21:15:46.000Z"
rayrenaldi,"0xf26281793659138E00223331b0aF3A934c8AD688","rayrenaldi","","2026-09-04T21:15:31.000Z"
rayyz27,"0x5047A60134C0ca99D0fd528A33f7b310c6eE0c05","rayyz27","","2026-09-04T16:29:37.002Z"
raza_masruf,"0x9C2C207CCd4D40Fc44d4264DaB745C3775F4A938","raza_masruf","","2026-09-04T21:17:58.000Z"
razumsv,"0xaB9d137Ed5b3a0Ef734bBE92645b8a5d882201fD","razumsv","","2026-09-04T21:14:34.000Z"
rbd1924,"0xa4095f44FC7A7c9f37ffe2B74635bb8946Db49D8","rbd1924","","2026-09-04T14:27:22.652Z"
rbmb5g19cFXkf39K1P6Er1627P32,"0xe077b484ebC47B89A2a0eE8A2448356CfEE0448E","BTrng937505","","2026-09-08T16:26:33.670Z"
rc6J458HwaUCbIw4eRUDlEzD4UI3,"0xcBBeb1CAd25e96EF213EfFbbcA682a6BD8AB249b","LAmelie16440","","2026-09-08T16:19:18.967Z"
rcczQ4CpSyb3UGOGNi9tvLyk2Ok1,"0xFE7712B507D94310ca2C37E0cb33410F999AC646","HTuyn1178688","","2026-09-08T16:31:34.048Z"
rchdjaNaz4hJAuJdt10A4nCPxlj1,"0x5d945573c7AEB6A83FD7995c584BAdaa804D3671","VDim178008","","2026-09-08T16:34:16.734Z"
real09,"0x56E35945eB04D1677d33484d6A7Eba1AC20fe7D2","real09","","2026-09-04T21:20:39.000Z"
real_legendking,"0x724692DB7a35A14987d5cBBc27ea27145Ea29bA9","real_legendking","","2026-09-04T15:56:55.639Z"
realdropforge,"0x94F2Fee70cD52Dbe0B7998963561F60B0bd080EB","realdropforge","","2026-09-04T21:44:20.474Z"
realmethod_16,"0x93b134e6c479c25b3255009ade17b4ff7ce67c10","realmethod_16","","2026-09-05T00:25:22.303Z"
realworld,"0x3793875FdD693D9d17fA366A5e592381D2CD63Bc","realworld","","2026-09-04T21:15:00.000Z"
reaper1,"0x76729e55348EC23EB13FC04442F1DBF50243489e","reaper1","","2026-09-04T21:19:09.000Z"
rebekn,"0xd12F93Da034B404fE7480039c5dda07bF3FD362d","rebekn","","2026-09-04T21:20:04.000Z"
red_lantern,"0xB4480811e554Eca06BA172a253c84af3EE9b5DD9","red_lantern","","2026-09-04T21:14:22.000Z"
red_monk,"0xf60e8e9e0CF276Ec25c24ED1b25038A3Bc7eBF99","red_monk","","2026-09-04T21:18:45.000Z"
red_oracle,"0xA2C883b0096Cd2da7D05853e644847c572E1f2E6","red_oracle","","2026-09-04T21:19:05.000Z"
red_owl,"0xFE59B5973Bc169a9cE23EbD3Cb48AE4D0e02cfAF","red_owl","","2026-09-04T21:19:01.000Z"
red_spear,"0x4737BAdE6ed4760D8f1e5f0C11758C345E80E42b","red_spear","","2026-09-04T21:15:27.000Z"
red_wave,"0x56d6D520e11C4cF311f7CE46b330bc17570aEB97","red_wave","","2026-09-04T21:17:41.000Z"
red_witch,"0xd773A40f238aa5564Bef58c3A9753ACC5677dBe0","red_witch","","2026-09-04T21:17:21.000Z"
redbridge,"0x198bdb18afED6095F45A78864e91050384b07D3a","redbridge","","2026-09-04T21:18:31.000Z"
redcat,"0xeE96Bb4373C523F750D8F8D3Aa4BC7Ab02D634a0","redcat","","2026-09-04T21:16:18.000Z"
reddragon06,"0x318AD15e955bbAD7e9638220b18ddBF1A6EeF70F","reddragon06","","2026-09-04T21:14:15.000Z"
reddyyuko3226,"0xA6cEfF8985f4030ec0863111316cEbc5073aFBd0","reddyyuko3226","","2026-09-04T21:18:04.000Z"
redhawk,"0xDf93B1B1B36e453Aade8bac8543E5fe660C09fCA","redhawk","","2026-09-04T21:17:26.000Z"
redibis,"0x3d68FF6282d45A1B212f78A2E13b2B796356d8AD","redibis","","2026-09-04T21:19:29.000Z"
redm3366,"0xb96962a860AC5925746f46EB8E74FC06Ef2434A2","redm3366","","2026-09-04T21:17:27.000Z"
redonnie,"0x5B1C888a67885DEEeCd54199b73719273aaD2eB6","redonnie","","2026-09-04T21:21:18.000Z"
redrat,"0x81ad2990A49E99e4685e4755d7b42F7FD86D4564","redrat","","2026-09-04T21:20:41.000Z"
redraven,"0x2e726335a12e21A523604160Ca5Dd94FbF428C40","redraven","","2026-09-04T21:19:55.000Z"
redriver,"0xfFA14ecc078b5AfbBE492A6F30CAa16dDA31fdAF","redriver","","2026-09-04T21:14:02.000Z"
redsmile,"0x055D11298D499CEdd5b7c73B2B16051378eeebA0","redsmile","","2026-09-04T21:17:04.000Z"
redstag,"0x903fEb606d9845953ba43d096fd42E21A6645b84","redstag","","2026-09-04T21:18:16.000Z"
redswan,"0xdF2dB20f6F3173846b2c6a04bC8Cb63639928f02","redswan","","2026-09-04T21:14:36.000Z"
redwolf,"0x3A52bDB4C7b7aB60908a6DA0926f8B874DE8EeCb","redwolf","","2026-09-04T21:15:05.000Z"
redxhunter,"0x2e87C0659A14306C31B276E02f0D7c5ECC8dB741","redxhunter","","2026-09-04T21:21:03.000Z"
reed_moon,"0x61973b549F9d4ebFA777Be0DbDd2De71c9F844e8","reed_moon","","2026-09-04T21:15:01.000Z"
reed_sailor,"0x5b68B2817fe82409C92C771313461b0ED721A42A","reed_sailor","","2026-09-04T21:17:52.000Z"
reedash,"0xA2cDEc88529691b7945317dd228bd8fb8f27BC08","reedash","","2026-09-04T21:19:52.000Z"
reedlantern,"0xC27C8efc5CD98d2Dd879d90630c07CCB840ED1D6","reedlantern","","2026-09-04T21:17:06.000Z"
reem,"0x6883e8E37839b31D5962f204602f7B95c2E8b3aF","reem","","2026-09-04T21:20:47.000Z"
reeves,"0x610E0fAb470253918b7Aa73f083980402eC99875","reeves","","2026-09-04T21:15:09.000Z"
reeves09,"0xc3eFc14F1e1B67443C0d0c5bE4A2085e6f89eCC0","reeves09","","2026-09-04T21:19:28.000Z"
regina_rere,"0x40B93eD460087A74b066e3D6963f20accd8A9Ea0","regina_rere","","2026-09-04T21:19:05.000Z"
rehan4,"0x1E9D409b262134326d7E68eA577d258847c3e312","rehan4","","2026-09-04T21:19:42.000Z"
rehmanali,"0x14475701DEb66343208eD82B9b3b636AE4e1573a","rehmanali","","2026-09-04T21:19:49.000Z"
reinayamada,"0x3e95154636BB45b69335EBe97386FDE1879B39BF","reinayamada","","2026-09-04T21:15:38.000Z"
releasejohn,"0x89715840166f16A67F2d398CC2659C12E8a6851e","releasejohn","","2026-09-04T21:15:56.000Z"
relicknight,"0xEdF2063814dDe85D25C40952Aae477604814CE22","relicknight","","2026-09-04T21:16:04.000Z"
remyhan,"0x09bc3b9572e9BFAB17B1041C5225c4DDAd86d5ab","remyhan","","2026-09-04T21:14:01.000Z"
ren_bear,"0x8Bc5c3C8F3752198F7C078E2a3Ffebdc872df44e","ren_bear","","2026-09-04T21:15:23.000Z"
ren_cipher,"0x6D2F6be6272c7ce261a1E03eC1610E039eD4324c","ren_cipher","","2026-09-04T21:20:21.000Z"
rendykurniawan,"0xaDF28986Ec734D0cE408a3E1C14163B7DcA8FE73","rendykurniawan","","1788588438144"
reni02reni,"0x08D531f9e27190Fed60dae66a81e150029dEd5Cf","reni02reni","","2026-09-04T21:18:33.000Z"
renmist,"0x47c84B5aa77f713eE0F5D263b7F52BfA99171d89","renmist","","2026-09-04T21:20:18.000Z"
rennegade,"0x133b16EfC2a2Ce72052A1F63800a08E4C4D42198","rennegade","","2026-09-04T21:18:54.000Z"
renshrine,"0x5Af5B694cab0d466D0EB598202Da90cdFa4b446f","renshrine","","2026-09-04T21:20:16.000Z"
renspear,"0x1CA9344e14A9fD403228f41D9080bCE571D4a67A","renspear","","2026-09-04T21:18:54.000Z"
renstar,"0xd793aB556957312fD9Cf2114f27C7B7d0D774ebf","renstar","","2026-09-04T21:20:14.000Z"
renzz,"0xA4B335e75cd6AeF97E320467AF568A0DD3b2C8be","renzz","","2026-09-04T21:15:21.000Z"
resilientebtc,"0x30c46588ba6927536d9522136F4Db47d50fa89C0","resilientebtc","","2026-09-04T21:14:31.000Z"
retterxyz,"0x1ed5b6b62f00461ad7adf4e03e90490161c0cc1a","retterxyz","","2026-09-04T19:18:33.434Z"
rexnear,"0x070723BF5632a216C522d05f44F57ceE518659b8","rexnear","","2026-09-04T21:21:02.000Z"
rextez,"0x2fF9032fcD65783405f6B36452Aa05D00C330614","rextez","","2026-09-04T21:16:28.000Z"
rey_ghost,"0x497768B9263212e528FC0aeDe9a4e90c8aB238F0","rey_ghost","","2026-09-04T21:16:19.000Z"
rey_jester,"0x0aCA87fB4E016CD580DD9700cB0B15BD9b852fa6","rey_jester","","2026-09-04T21:21:39.000Z"
rey_mist,"0x4F7b2a7B0D356a413F110CF818fC05EB9Dc56B88","rey_mist","","2026-09-04T21:19:44.000Z"
reybear,"0x14af3BdeB181087503D84fD0c940022525AbF52d","reybear","","2026-09-04T21:20:38.000Z"
reydawn,"0xDA603557cd1F3389113960835f83490Fcafc838c","reydawn","","2026-09-04T21:20:56.000Z"
reyhawk,"0xa8e71969E08529f0be7F685dcD7fB070eBbc61A6","reyhawk","","2026-09-04T21:20:04.000Z"
reymist,"0xDaCA6bBcFc8D6D37C2db38C90618400A8F81Cbd3","reymist","","2026-09-04T21:18:14.000Z"
reywitch,"0xC29c836DFba403eD9c2cd34abBbC9A1Da82479AA","reywitch","","2026-09-04T21:20:26.000Z"
reza_rasta,"0x2FF0Def1B4bf2107292F6b444Aac9410E74125A1","reza_rasta","","2026-09-04T16:10:59.000Z"
rezadeli,"0xdBA086d3Fd769C6859335ff146Cd03B423ECAc2A","rezadeli","","2026-09-04T21:14:23.000Z"
rezavn,"0x5eD5Bc312F1383aC6191088D499b99162D1b7dB2","rezavn","","2026-09-04T21:21:19.000Z"
rezha,"0x4b0D6428f0bdF4BA17c73bB89C737e70d1d613b2","rezha","","2026-09-04T21:15:13.000Z"
rezlenv,"0x16599FFDfaA22e94e9c91afF7142535534D1aCE9","rezlenv","","2026-09-04T21:21:15.000Z"
rhNa5qjhw3cHafVNAXH4j5ZlM1E3,"0x872A6f973a17a54f15F0734CC0e4215F29F71749","WilliamMar1174","","2026-09-08T16:10:38.915Z"
rhixian,"0x35b94BbFD06D3CEAe03d2e94e24d19f3024C1Bce","rhixian","","2026-09-04T21:17:57.000Z"
rhsha,"0x3190d6a1EF3153BC8f965F1dC3b3B51B8353381f","rhsha","","2026-09-04T21:14:24.000Z"
rhytmic,"0xe5b36b3cC16D5380AE9d3bAa0cD893E9f3F4Dfdc","rhytmic","","2026-09-04T21:15:20.000Z"
riRQGkLQaDPS8jFUlXGzu8Du8r03,"0xcb128379a9607073a8229b284a36fe2c6a7d4ed3","Haunter_001","","2026-09-06T16:31:38.624Z"
riachofu,"0xB471F8d412Ac66970481bc220d76C969aA046cF2","riachofu","","2026-09-04T21:15:13.000Z"
riaz_pak007,"0xb599bc3dE8c86D9f0e643f3Fb68d10aAbFCc1F53","riaz_pak007","","2026-09-04T21:15:01.000Z"
rich_blade,"0x41b593Fd44fE01cFcEe520FCEf1Dd72F6Fcf364e","rich_blade","","2026-09-04T21:17:52.000Z"
rich_falcon,"0x6F102A69afe58471239e0a7CbFa8b91bC605AE3a","rich_falcon","","2026-09-04T21:20:28.000Z"
rich_harbor,"0xeCae24f264cd950A6CD4C1afdd1047cEeC4B670f","rich_harbor","","2026-09-04T21:16:15.000Z"
rich_hawk,"0xA926345738D9878772B6CA8D6967c168643503b0","rich_hawk","","2026-09-04T21:15:48.000Z"
rich_hunter,"0x708C2328c21892a9eb1F5214050023B4770624d6","rich_hunter","","2026-09-04T21:16:11.000Z"
rich_knight,"0x7f430350B00353739D264b36a2560056ea84B339","rich_knight","","2026-09-04T21:17:37.000Z"
rich_owl,"0x968d62272650b9A2884279C00c56b82d43aAC0DC","rich_owl","","2026-09-04T21:20:15.000Z"
rich_prophet,"0xbBD176d9f3286CbFf541608Fa9756f665a1C1ED5","rich_prophet","","2026-09-04T21:18:09.000Z"
richard2024,"0x7D0aEC54eeC97DbBd12F81c5c7aa7A46648a5fB8","richard2024","","2026-09-04T21:18:36.000Z"
richblade,"0x90DF0Df236058B791a442Fdf2A43Fa0f4fC76d02","richblade","","2026-09-04T21:20:40.000Z"
richieboy,"0xcc1aDB287B0728770fF586f2d173449bD8273541","richieboy","","2026-09-04T21:15:49.000Z"
richjoker,"0xEcb2d3e35fc9e8FD5BfCbE682ec8D629685f15a7","richjoker","","2026-09-04T21:19:15.000Z"
richknight,"0x60ecC043227946AcfE6E08Ab007a2C95D842CFB6","richknight","","2026-09-04T21:20:06.000Z"
rickygg,"0x23977141DeA2C703A50b7f742Cf2Dab6E3C2E3A4","rickygg","","2026-09-04T21:20:18.000Z"
rido,"0x83dFAeB108F0641B215d64e05Ca32989f606eD96","rido","","2026-09-04T21:16:28.000Z"
rido1,"0x55eFd95FD19606d685ecEb26DDF1C078D19a0b56","rido1","","2026-09-04T21:21:30.000Z"
rido3,"0x3383090d9E9ec5c33F3a463181FF2BF7680f7047","rido3","","2026-09-04T21:15:20.000Z"
ridokid,"0x15DAA99D4b3c235047B8fCE03635513AB9F49712","ridokid","","2026-09-04T21:17:40.000Z"
right4,"0x5D3DaE04026d23E8eaDa1515f554D5BB5b6aE7fE","right4","","2026-09-04T21:21:07.000Z"
rijulraj456,"0x883900F73788658f435AC3C0CC77f076233AbEfB","rijulraj456","","2026-09-04T21:17:22.000Z"
rike,"0x5f9CD0450A3F3484456Df3fCF6046171D49Fb674","rike","","2026-09-04T21:19:26.000Z"
rikibrilian,"0x82E8141e50E3ff930E13D3287EA574c5b41cD900","rikibrilian","","2026-09-04T21:20:35.000Z"
rikosaputra12,"0x90Ef493825Fe7740A364aaf8117523A5BAa9d419","rikosaputra12","","1788588373108"
rinku,"0x68FE1854c63238C927457734687d2397221026Ca","rinku","","2026-09-04T21:17:09.000Z"
rioshi,"0xdaC9f424878169740834160Ff3457bE4f207071e","rioshi","","2026-09-04T21:18:26.000Z"
ripe,"0x6832ff19a28ee83c5dabd1c5f555b599554d8e57","ripe","","2026-09-04T21:14:07.000Z"
rippstellar,"0x8AfcbE2d29326cCf2Ba5cDa3dBA9E684D211a694","rippstellar","","2026-09-04T21:15:00.000Z"
ripxo,"0x28Ef0405293c48cFFBC84a4394C8AF96ef66A958","ripxo","","2026-09-04T21:18:53.000Z"
rischa,"0x6b99C795DA8e2E279e60fA2Ec8F1d09026Fc317A","rischa","","2026-09-04T21:20:52.000Z"
rishabh86,"0x099E0600F630530580A40290AAef8742a5E5fa41","rishabh86","","2026-09-04T21:16:59.000Z"
rishu27,"0x8F5c25C623727d0c8c9133b4BF6B3a9eA478a74E","rishu27","","2026-09-04T21:15:41.000Z"
rising_fox,"0x681A2B5F15Cb27e5a7bd1e2fC3e340f1a749Eeb1","rising_fox","","2026-09-04T21:17:52.000Z"
rising_lion,"0x4D4292c334213384Ff0bb8066461D62124a962FC","rising_lion","","2026-09-04T21:16:35.000Z"
risingbear,"0x1b201d4997DF741472CB8d9259a9Be5B53cB6aD9","risingbear","","2026-09-04T21:14:56.000Z"
risingmonk,"0x5F6F0f3Fc366202ba0b5e6e989739F06B9220f9b","risingmonk","","2026-09-04T21:19:37.000Z"
risingraven,"0xa085F2D2a1c2aeD8b09DAb96954B2996aA8494fb","risingraven","","2026-09-04T21:17:32.000Z"
risingstars,"0xbDeb8E73AE0d995cF22927c20fBeAFa16ec486a7","risingstars","","2026-09-04T21:19:04.000Z"
riskirp,"0x8a3486D4eBb994E5fE126cf49274e5aC2E143952","riskirp","","2026-09-04T21:19:15.000Z"
ritm,"0x90b6A6bCb370605938ac8209EE3662926115e8F2","ritm","","2026-09-04T21:18:36.000Z"
river_theo,"0x41C3671e9C63d42215Cc7ABAa805429D5B811665","river_theo","","2026-09-04T21:18:27.000Z"
riyanpratama,"0x1e319f07A07426116FC2782956BC9e4439c8b3ce","riyanpratama","","1788588456492"
rizaaaaa,"0x0659a6aF6AadfD92F650668E4699bC6e21eD5869","rizaaaaa","","2026-09-04T21:16:49.000Z"
rizaldimas12,"0x6831661bbE997D5C509f8Ad0b231DD527179A77c","rizaldimas12","","1788588316208"
rizax_fauzi,"0xf7861C0efEBE8a0f8bA2F465f392168D4A3b0a56","rizax_fauzi","","2026-09-04T15:18:08.030Z"
rizkipratama99,"0xeAB60782166a21cD880A35B3e1E727B7210868eD","rizkipratama99","","1788588336809"
rizwanansari,"0xd0A99D122A8DC7FD50A5909F25Ed74D1A9DEF5a1","rizwanansari","","2026-09-04T21:18:05.000Z"
rkaay9,"0xe53a62ca69a7f665b382e079949fa94e5206e048","rkaay9","","2026-09-04T15:41:13.264Z"
rkcsc,"0xfA44795DC0101172d82aB5d620Ac8E9b2E23057f","rkcsc","","2026-09-04T21:19:01.000Z"
rking,"0x261E53dBe25Cf38770d0EA167A4C17282256b963","rking","","2026-09-04T21:17:20.000Z"
rlytrue,"0xBA7e827aa4f68E24aDa5145Bff7904b1073F2044","rlytrue","","2026-09-04T21:16:14.000Z"
rmFc5s0Zu0erTobTrnJXRkndchi1,"0x307069aB4482ae7A78401EA36Fe4ea3fd2A367FA","EdwardCram11664","","2026-09-08T15:45:58.256Z"
rmGn2wGVw3QifQf0mpgbvF6wNrQ2,"0xf6D19B5a4AC7d1FDE4bEB4c894E470865a8Cd006","TangLuong650","","2026-09-08T16:57:45.262Z"
rmb18,"0xe71f59fdE0849c16287f793f6DF038F3eB5F6C81","rmb18","","2026-09-04T21:21:26.000Z"
robbyrobertooo,"0x497dAA833faa172498c5f201647FEF898d3B041B","robbyrobertooo","","2026-09-04T21:17:18.000Z"
robbyzzz,"0x474F1F44e86E7Fb67E8a90231b4c47C863E78f74","robbyzzz","","2026-09-04T21:21:35.000Z"
robinhood21,"0x72a99bBA7B6e96D5e5E8Cc1917436d9fa44333EC","robinhood21","","2026-09-04T21:16:36.000Z"
rocka,"0x80a35305DfF97948526186ACd0406443F538145b","rocka","","2026-09-04T21:19:11.000Z"
rocking_star,"0xdE341dC62bc2aF63c17C5142256743b71cF1492a","rocking_star","","2026-09-04T21:15:16.000Z"
rockytinh,"0x030bba2DC4D51D690272d112E6AF406B2f3dbA11","rockytinh","","2026-09-04T21:14:48.000Z"
roge1234,"0x4c4120F26Cc4B7088434a2c984bfa03b9C3a862a","roge1234","","2026-09-04T21:16:38.000Z"
rogue_soren,"0xc49D92Cf6FfC98230844689bd1B0d56929eBC22c","rogue_soren","","2026-09-04T21:18:20.000Z"
roguepilgrim,"0xf35a083dA9b8D6C8c01eBe88a3D07dD349d4d93A","roguepilgrim","","2026-09-04T21:21:26.000Z"
rohan70,"0x727Aba6Ac58eCca34f6031999f36852836462018","rohan70","","2026-09-04T21:20:48.000Z"
rohannft,"0x02301d63dc997f9279F1aCF5f2A970F20E8a17dC","rohannft","","2026-09-04T21:15:09.000Z"
rohit,"0x67720c2E0AEBb832bA13A3Bf47393b12254BE44B","rohit","","2026-09-04T21:14:45.000Z"
rohit90,"0xfBb567185BCec881c10b9DE890AcB158A6B975B1","rohit90","","2026-09-04T21:19:15.000Z"
rohit_rj,"0x59972E105679Ca5B98FE4464458a757666ACad2e","rohit_rj","","2026-09-04T21:18:42.000Z"
roker,"0x8089b83Aaa9C190721a7e3879B2ee90e8dC8181A","roker","","2026-09-04T21:18:55.000Z"
rolex24,"0x93bb6f6A0D1c28F027573ab5c3061bA48518e591","rolex24","","2026-09-04T21:19:19.000Z"
rollya,"0x12aFDDadc50d798Dc0f4422F6C579f6f587cE9Fa","rollya","","2026-09-04T21:19:05.000Z"
rom_max,"0x84898211f89490BfC440548034f9CBca844Bc570","rom_max","","2026-09-04T21:20:58.000Z"
romanul10,"0x653Fca49DABb51bE88d8B4aC435Fc0b847A6e9Bf","romanul10","","2026-09-04T15:24:01.985Z"
romario88,"0x8F3CfD811Daf11061cd22028574A83Ec179BaDC3","romario88","","2026-09-04T21:16:55.000Z"
romasmirnov,"0xFFeD6a1930bDAc1450D6AAEAaEf376E86f624980","romasmirnov","","2026-09-04T21:14:54.000Z"
romme1234,"0xeB1c417CF87bd5FD110fAd7C0122BDD7357B80f8","romme1234","","2026-09-04T21:19:50.000Z"
ronaldo_31,"0x76752f1F429AfaC56211997733f44De8685F1c36","ronaldo_31","","2026-09-04T21:15:55.000Z"
ronboxmining,"0xF8bf5936DE8a5Cb4017719Cfb1E3E13D3150E3AD","ronboxmining","","2026-09-04T21:21:27.000Z"
ronnelsargesson,"0x7F095111CbcF263BABd06D9C0874F1f98329762B","ronnelsargesson","","2026-09-04T21:14:41.000Z"
rony85,"0x0ed6f1f30D192b6E1c0Fe755427A65574BeA1923","rony85","","2026-09-04T21:21:20.000Z"
roogue,"0xe37AdfEc29AD645E9673829fB2518010b27B015a","roogue","","2026-09-04T21:14:37.000Z"
roop99,"0xEb1Db72C733217841c3e58B2D84b5b1C88FE7b86","roop99","","2026-09-04T21:19:12.000Z"
rose_ash,"0x429d47E430e1c809A2e9622C6bd9c8436EcAC259","rose_ash","","2026-09-04T21:18:33.000Z"
rose_blade,"0x4D2f70De5113FB486d32f644A612865DC826138D","rose_blade","","2026-09-04T21:15:23.000Z"
rose_compass,"0x84712e759c3A1cD20f938108590Ed24966740695","rose_compass","","2026-09-04T21:15:02.000Z"
rose_dawn,"0x9A9FB6c3Fa184F00454fbBfa8928857c5f1657C2","rose_dawn","","2026-09-04T21:17:24.000Z"
rose_moon,"0x6e699c5a30C3af5bd136f891A8a5D58816Df809A","rose_moon","","2026-09-04T21:17:02.000Z"
rose_panther,"0xbAD80eD3DeA2e12aCf95599504C14b9cD9Af60f6","rose_panther","","2026-09-04T21:20:26.000Z"
rosecat,"0xCC14adBE802d6f12810Dd1E972D06c90E3C974B6","rosecat","","2026-09-04T21:17:05.000Z"
rosecrow,"0xa8137Ba728F038675704B248aE1Ed27619AB93e8","rosecrow","","2026-09-04T21:16:52.000Z"
rosedeer,"0x317ddEA31967736BF43f8869f6722B83ff43325a","rosedeer","","2026-09-04T21:19:00.000Z"
rosefox,"0x3c3589e081096116A94F0DF8D52ff8229D5983a2","rosefox","","2026-09-04T21:21:14.000Z"
rosehawk,"0xbDA1448FCAD60C6B2727c8874E22114ed8DEE51B","rosehawk","","2026-09-04T21:16:52.000Z"
rosekoi,"0x1102BB871025C3a6aAa34F1EA00f9863a8424D67","rosekoi","","2026-09-04T21:15:17.000Z"
roseraven,"0x6ccaA4C574D34Ef2fb94fA4Df030cef04d7bF8e0","roseraven","","2026-09-04T21:15:50.000Z"
rosestag,"0xC99ea04B377d4fDf04d4bED1489F01d4E3D1108e","rosestag","","2026-09-04T21:18:22.000Z"
rost,"0xA5169676fB955Aa3e11843adf2e2919A7894cc8b","rost","","2026-09-04T21:16:31.000Z"
rough_tiger,"0x6E776640154Bffc72c166557117b277044C937C5","rough_tiger","","2026-09-04T21:15:20.000Z"
roughmoon,"0x49F5100F9240CE32661B6d93976356Ddd51BB4EC","roughmoon","","2026-09-04T21:20:45.000Z"
royal_moon,"0xC9dEfFC41Cca232702671930156bbc5294427fD1","royal_moon","","2026-09-04T21:20:20.000Z"
royal_rogue,"0x1afD10100709884b9641662bcF861F0227DC3D2C","royal_rogue","","2026-09-04T21:20:32.000Z"
royal_spear,"0x82D453B24919A21312DdFdA44156c5c84CC807f2","royal_spear","","2026-09-04T21:17:24.000Z"
royalbaron,"0xEE7480ac2ea47AA799CDa33AcF9d745697CD7B36","royalbaron","","2026-09-04T21:18:09.000Z"
royaldrifter,"0xd61C5841FCad0C4e8C289Fc311Ea584aDA8d9CC6","royaldrifter","","2026-09-04T21:19:22.000Z"
royalherald,"0xd9F6Ef4aA2D6466AC62c2aD90f18729B23e135A6","royalherald","","2026-09-04T21:20:27.000Z"
royalknight,"0x2a3B76ed443bB483e068183547E67B704A44EA6c","royalknight","","2026-09-04T21:16:40.000Z"
royalmist,"0xe30CbFB74D520F091CCf02952d7C5E9c5e632Bb9","royalmist","","2026-09-04T21:16:19.000Z"
royalscribe,"0x4d6e3Ae6756E5c8593c8976657114a93c4c7670d","royalscribe","","2026-09-04T21:14:58.000Z"
royalwarden,"0x5bC4384753E48E53c78baF205cd08e821bed938F","royalwarden","","2026-09-04T21:19:24.000Z"
royelzone7,"0x059C8237696c4A08C2B541Ef1094D4ea60c6BEFa","royelzone7","","2026-09-04T17:27:55.700Z"
rozrx,"0x5219E811F8C401969EA71B0282fDf7838b853E22","rozrx","","2026-09-04T21:14:25.000Z"
rprp,"0x5ed7FCcc6f1A24e5d23eBda7A518b7221D2F470c","rprp","","2026-09-04T21:15:47.000Z"
rqu5iEUXCLP6IhJjyiyDNLTC8Jz1,"0xBFcEb39C2201e91EAdA5fa7B76a14318bcB3f8e3","JBradshaw99783","","2026-09-08T16:24:22.407Z"
rqzisHMxVgZHzowpFgKob7Dze9y2,"0xEE88B2Fa7b105eF4d65edE3BB1910835CDeba936","moore37403","","2026-09-08T17:00:40.416Z"
rrrr11,"0x879f50092bae40700AF16CB189F17b9ca6b28aeb","rrrr11","","2026-09-04T21:20:15.000Z"
rsaif5856,"0x7f8691bd09b3F9B14cd73d7D438882a07d252E35","rsaif5856","","2026-09-04T21:16:30.000Z"
rssjTNQXy2gGsbvtQQuHvBOd4mm1,"0xa480BAdD6bf94e4c66D603646c15Fe9DbCD14be7","KhoaHo25347","","2026-09-08T16:58:04.236Z"
rsvltn,"0xff7809329d27544CB2c86cA5556d20a8162F60b0","rsvltn","","2026-09-04T21:15:38.000Z"
rtgcf,"0x5f14596AC97e78ac1aa0ccDeD364a67575070b0C","rtgcf","","2026-09-04T21:14:22.000Z"
rtood,"0x73870D0023d77eE506bf9FEeDA9e0048ff6546eD","rtood","","2026-09-04T21:18:42.000Z"
rttjj,"0x75849e85ab891A22aabAF0526eaf17D7c44fD65D","rttjj","","2026-09-04T21:16:23.000Z"
ruangnode,"0xE4272EB0de02FA74169b99f17EdD3191752B1949","ruangnode","","2026-09-04T21:16:02.000Z"
rubens,"0x4b9bde23D5cf26D0B865eC438513A2036638d178","rubens","","2026-09-04T21:14:54.000Z"
ruby_fox,"0x8aAC3E79cE2E65C638354c23a00666337DF82557","ruby_fox","","2026-09-04T21:17:57.000Z"
ruby_oracle,"0x263a279Da9c9a2053E279d416313F6419b650B5e","ruby_oracle","","2026-09-04T21:19:19.000Z"
ruby_owl,"0x3eF7Db06349A9403E6C5675492ce3624409Eedaa","ruby_owl","","2026-09-04T21:16:18.000Z"
ruby_prism,"0x4736913da3d23A802Fa5b77AD81989AEd6c1A134","ruby_prism","","2026-09-04T21:19:23.000Z"
ruby_raven,"0x01E6586c09D9d67430396B960E278EdF4E0A0B42","ruby_raven","","2026-09-04T21:15:23.000Z"
ruby_sailor,"0x5D9ECc031318E3Aef22c50EfC88f54D38d1dD232","ruby_sailor","","2026-09-04T21:15:10.000Z"
rubyhawk,"0x90b3426e6E18f5772FB94498be300cADA59a39F3","rubyhawk","","2026-09-04T21:18:24.000Z"
rubykoi,"0x7Cfa17b72649E939D458AD94d9B366A0e3fca438","rubykoi","","2026-09-04T21:19:36.000Z"
rubylamb,"0xFDb6f8274A2AF624547306a68617955665FF23ED","rubylamb","","2026-09-04T21:20:23.000Z"
rubyotter,"0xB65E6a9BD9BEa99f9ceE4774a252123Fa46eB12E","rubyotter","","2026-09-04T21:16:05.000Z"
rubyowl,"0xDf5bd7a30a01AAAE145148e6C58Ab7906e91EdF4","rubyowl","","2026-09-04T21:21:21.000Z"
rubystag,"0xab7Dc85069F168b8F774d7B320Bd3bE5f48c17a6","rubystag","","2026-09-04T21:21:00.000Z"
rubywolf,"0x43eb30eeB323d879000aa0519c733F7966649Deb","rubywolf","","2026-09-04T21:21:15.000Z"
ruchuchu,"0x5Bf176aA6Bf6D0714b46393ddc8Ee3f9ca3Da8fc","ruchuchu","","2026-09-04T21:18:08.000Z"
rufath,"0x110AB93e217fF46295A9cb3d542bb4ECb8C70B00","rufath","","2026-09-04T21:18:53.000Z"
ruhul7080,"0x354e4B24D8F8adD4ae9202B65C323E25B374b4aA","ruhul7080","","2026-09-04T21:20:22.000Z"
ruhwPhu6aySlnkZmjzb0AFzN4zH3,"0xEA9D20Ec1a0d613B805C2DA07A7fF6a02733a09c","MaritaPenc35291","","2026-09-08T16:24:32.867Z"
rukhsani,"0xdEe3bc8100fD36350655B1F15acf326154fe00c1","rukhsani","","2026-09-04T21:20:10.000Z"
ruliana,"0x8EF956E7B09415B8F5115d28A2bc391e92DA962E","ruliana","","2026-09-04T21:15:25.000Z"
rumark,"0x1259905aedcE3790C0B60AA1A3F71e0CF1970817","rumark","","2026-09-04T21:14:49.000Z"
rune_hunter,"0x1882a5E5872d8dB4d84e176A32E58dB043b4Aa74","rune_hunter","","2026-09-04T21:21:25.000Z"
rune_knight,"0x09bceb2545C1ed93D6901BA51520D03E0437A8B0","rune_knight","","2026-09-04T21:16:20.000Z"
rune_saga,"0x3be53df0Fc9DfC3926F7483c43E6279d813d943C","rune_saga","","2026-09-04T21:14:03.000Z"
runedawn,"0xc2C32E113d0edbb3D401a5bfbe6a04339C0b610f","runedawn","","2026-09-04T21:17:50.000Z"
runedusk,"0xca85650e26df7d57369B417cc7685c2bc09C9c9b","runedusk","","2026-09-04T21:18:30.000Z"
runeeclipse,"0x1a3cf057458c914d9023B919DF7e7154131BF6e0","runeeclipse","","2026-09-04T21:16:42.000Z"
runeember,"0xcCE2DB9e85D194D4C112ADcA7501dE93430ca3Df","runeember","","2026-09-04T21:14:40.000Z"
runeronin,"0x01CB6F23948Cbb7F031EAF4d897f3d2D1405581e","runeronin","","2026-09-04T21:18:38.000Z"
runiu,"0x45c39DA89e7A0100AEA5730585a752ce09F4354D","runiu","","2026-09-04T21:20:41.000Z"
running_bear,"0x0FE96DBc0d774a03aeb066d1452a5Eda65C3D6Dd","running_bear","","2026-09-04T21:17:52.000Z"
running_star,"0x2B4BC87812F7b2e0B253F0BEf37b5a35A4B9277C","running_star","","2026-09-04T21:17:17.000Z"
runningscribe,"0x3DD29587678938Ac0819d7E7743E97E449B9fB21","runningscribe","","2026-09-04T21:14:32.000Z"
rusanov,"0x0fD787F56A34CDC59D850F997cc551DDdD0f5D70","rusanov","","2026-09-04T21:19:09.000Z"
rush,"0x28B3A727B2b677D4f00bE61F7724a989a3c7f6a6","rush","","2026-09-04T21:17:17.000Z"
rusni_pizda,"0x3f6CA8764B3415446Cb22D30196bD644678eE557","rusni_pizda","","2026-09-04T21:20:05.000Z"
russam,"0xfd2DD2B4806b5FACC3020A7C992d76B6D4AD901d","russam","","2026-09-04T21:17:11.000Z"
ruteam,"0x2CAc32c604aF83416939753cC83C5cF1d73C7b90","ruteam","","2026-09-04T21:15:37.000Z"
ruwai9119,"0x28da39088c6487e4162a78bec0E97F760758FF60","ruwai9119","","2026-09-04T20:29:05.909Z"
rvrTXdDH9MS4G367RQXtbz7M5Xw1,"0x197b6E7a2744da3DeC9FB3daC5A68Ec3b0e54125","NguynThng123920","","2026-09-08T16:47:42.784Z"
rwAdqt0zGaU2gldN9wPgxwuudQ62,"0xf853Ec3C80fE1439fF73F36b2DE4E673Dc7534F9","hien_hoang11","","2026-09-08T16:50:06.369Z"
rwai,"0x88330c4305df34AB3487Cb67685C4c28b88d79B8","rwai","","2026-09-04T21:16:36.000Z"
rwstorm,"0x1b02f0f705298a0145Bb7959f4004b4ebBd45c31","rwstorm","","2026-09-04T21:20:46.000Z"
ryangaler,"0xFde50246495C01D8d4ccEBBe8D40eBC685A7c95d","ryangaler","","2026-09-04T21:20:46.000Z"
rycc233,"0x10FfF86C844daE17428DC725422FaaF42E075C37","rycc233","","2026-09-04T21:14:25.000Z"
ryo_migawari,"0x07fD97bD1e4672a882303C4374090f21Ea214E6D","ryo_migawari","","2026-09-04T21:17:55.000Z"
ryuken,"0x491751a780F0CfDEcD5Dd1ea2EE30D63daa2FD04","ryuken","","2026-09-04T21:19:48.000Z"
ryuu_real,"0xE0715f7B1181FEBacC01fa5CCa1B5595ac837610","ryuu_real","","2026-09-04T21:18:08.000Z"
rzed,"0x976d47132De300494d3Ba3C26b0A9ddb3c6B2ba2","rzed","","2026-09-04T21:17:14.000Z"
rzon0gucpWUTfNPHEVtvBQOYljO2,"0x3A4E716F06A9197B2Af1587E227356F035dfff4a","CarlJones9186","","2026-09-08T16:13:57.606Z"
s1Zd3R238aRlpEfnNbkH2ZfDQ6r1,"0xF52E4cDd33637b7766f94D0Ed18C015C0986C653","TuyetTo90502","","2026-09-08T16:40:16.886Z"
s1ms1m,"0xF22ED906935489db05FB70B23310bB3697D2d150","s1ms1m","","2026-09-04T21:20:05.000Z"
s1n0fgr33d,"0x074466ee957880ce5cE1fAD9DEdeC8D954cAf335","s1n0fgr33d","","2026-09-04T21:19:26.000Z"
s1ngle777,"0x45F1A3033DF444875d5D9237CeaEda12cC1BE162","s1ngle777","","2026-09-04T21:19:54.000Z"
s2KLtf7YDQUHq1u9vkcUOVXsfFu2,"0x71b26302c9cE042B2c20fdF082b3b14dD72A18E1","PhngLc194949","","2026-09-08T16:32:15.670Z"
s2RuFY6eqSQ6GDzaY6WDkuskQUD3,"0x9DD40ed2c13Fc428bC8c4870A25F375A079dF270","Jabirsidibs","","2026-09-07T09:55:50.087Z"
s4JPrmUgJ5XCrgp46Wc5EQcbPZS2,"0x537750D7E798037345E965162cb7DEa141DB4c35","fred_wayne48368","","2026-09-08T16:40:47.548Z"
s7KpwOApCeSJ82yJoymLhk7cg0u2,"0x3C54890dA19dD42369eF757dE976eEF4dcd24204","MElise94176","","2026-09-08T16:20:09.628Z"
s7pKq9lRRUPGJ6FQUcjpnrDQPgb2,"0x5dcbEBfe0CA4dE91f5C7D395Fdec2bd602eC3321","KFinley35822","","2026-09-08T16:26:10.930Z"
sAEJzAfU4TM6HFab32KcSLiCmy02,"0xC71120cfbd31f182CCB29f68D2F0b5A14105e35b","MaliaPenny63661","","2026-09-08T16:24:45.457Z"
sBtv9y1VxmgjpKbRQQUDgdnTEjj2,"0x669a5DD548060729733481494FD241f9552a8da6","NguynHongC55967","","2026-09-08T17:00:32.091Z"
sCgmMYWIbRfZpmeAFKxXS6jQRiy2,"0x4adf562ff75d6ac213755902582fcE3CF1C374D8","HongYn1922434","","2026-09-08T16:56:53.900Z"
sDNNbRjtZAj9DbjCJYTWQNlmBkzC,"0x6e5B78bc9773F4D2459C14AD2aaB526965202baA","lisa76zn4","","2026-09-04T08:58:30.145Z"
sEJp5btPbBhVLbzlmqzvdpHonxx1,"0xC27f5171ACA3d8466162EaFf40D79deA06Ae23Cd","NguynHng567244","","2026-09-08T16:26:30.137Z"
sHQDe1lqfzQOhdEXourY03GmZqX2,"0x3aDdAa2115B0A2E8E0Ca811Db452a0d9901Fab30","LeonardG22530","","2026-09-08T15:40:27.436Z"
sK26TEUlW1UEoyTV0OVQqzgklmB2,"0xE68df3D55Cd6edEb4D4Ed7f1b70Df2313Dbb2b4d","SatuWeng63","","2026-09-04T03:34:04.727Z"
sL4MamzR1kYeALSWsJpr3IujZFb2,"0x55875fCA4CB13f1d3C4eB5166e4Df27a8048dFc1","HunhHngBnh39925","","2026-09-08T16:57:21.526Z"
sONBIxMnSLa1J7x6E6iMTb4Pp8c2,"0x7EDfB2807567B733534Cc7A378B01C63A052E8A8","LKhnh180405","","2026-09-08T16:55:08.283Z"
sOxlaB7U8NOATCxv4ouXQrLgZXh2,"0xC170f16DCfe7DB14EA6ebb7D83C1bD16fF3A8567","binh_pham9226","","2026-09-08T16:43:56.775Z"
sQ1nCmU7emQbTOht4VHHVPKAIRD2,"0x2FCB51DBA4b467421e8E5994711F82A20782e05e","AustinJohn34153","","2026-09-08T16:12:49.731Z"
sR8lddsHP6aXn5WJnKNMvrbb6VH3,"0x80586Aa863DbB05b998C251e8398Be6c26e77703","ChuPhc118081","","2026-09-08T17:03:05.066Z"
sRIa1pt3UKXh3JlDL56ctJa4svA2,"0x12b861e3577Dd1a7e7dE5Da7724a405454931FA8","carmen_rox37379","","2026-09-08T16:19:20.876Z"
sSi85s25HyQXPETVVVV7KAfrixD2,"0x5d3E98fB28B30A145d62a0b441a54ac82cd197B8","HongThc783933","","2026-09-08T16:37:25.151Z"
sY6A0GdrIKkMxw3Y1HdpRx7pOzl6,"0x732b2CF38485992120ac0DfCe4bc8c78FD8F5aEe","denise18hl6","","2026-09-04T08:58:32.007Z"
sY73qS94nZbUBjkYhbJlPMVIkW63,"0x006D0B30c4Bae84dC3831Da05477B9a3bD953E11","SusetteV61725","","2026-09-08T16:58:02.729Z"
sYTg2vBZmseGFgtF601B27E8ZWT2,"0x173FD76F84635126A0720bfc39c5d5d0BC8237E2","tracy_dani58345","","2026-09-08T16:22:33.829Z"
sZ9JLyNYEgYwWPuWURJLe2pJ5kj1,"0xcECAA89879cfc3A911522764804B7bcF0D792Cd3","DngThin536826","","2026-09-08T16:43:53.845Z"
s_flash,"0x07DE4240448e218cD8E93f04E6fb141160E08fd0","s_flash","","2026-09-04T21:19:09.000Z"
sa7cez,"0xc33147376714499D013A11de832780f4fa913d8c","sa7cez","","2026-09-04T21:20:39.000Z"
saP4pwEAppACJNF3ea64gVPqyJtc,"0x1BD7Baf31A87f714eBA128fd11D0EDB21C2BD779","d6tz5qxt","","2026-09-01T00:38:40.698Z"
saRC6pd00FXgqP836jQgkdsqRmS2,"0xf0F93C24826bE326DEEbddd98Df2242FB8d6A290","AyrtonLest39331","","2026-09-08T16:21:55.950Z"
saaho,"0x32aDa94eE77df619dF91b75a5E96898BE5E840F5","saaho","","2026-09-04T21:17:51.000Z"
sacfa,"0x1B5F7b6f5fF42ab26DcFc5c0E582c441b119597D","sacfa","","2026-09-04T21:18:47.000Z"
sachin2312,"0xf5797F75c2351d24bFe57a7EEA2d3E39b2DE85A0","sachin2312","","2026-09-04T21:16:46.000Z"
sachu,"0x7e26a56Ec630FBb36D4bd293660860d1eb86DFE8","sachu","","2026-09-04T21:20:01.000Z"
sacred_raven,"0xbdE2BaED1798d8bd3D92575D5DDb90d0D38801aF","sacred_raven","","2026-09-04T21:18:06.000Z"
sacred_witch,"0x61eacF722393d2a9a8E51E2d9527Fbc510448Ab1","sacred_witch","","2026-09-04T21:20:21.000Z"
sacreddawn,"0x6A2A64deAC788bDa030a6c324b1dcE150671a8BA","sacreddawn","","2026-09-04T21:16:02.000Z"
sacreddusk,"0xF6416715325309a3Fd4f7121c5b08CEbb3A53996","sacreddusk","","2026-09-04T21:14:26.000Z"
sacredvortex,"0xc5F43Fe922fa3c5C8714f8B7ef9d3653D689feA5","sacredvortex","","2026-09-04T21:21:12.000Z"
sacredwave,"0x0dcC1335478991647AEe6AE17e2d151F40566c1b","sacredwave","","2026-09-04T21:19:05.000Z"
sacredwraith,"0xD17825cE933504bfcCB0A9c7DA280BC488f1CCA0","sacredwraith","","2026-09-04T21:15:03.000Z"
sadgemfer,"0x88EcB46cBb38997c279cB9d49D53972A1900fe6D","sadgemfer","","2026-09-04T21:14:19.000Z"
sadik770,"0x512Ee1F87cCC803970e0E8D234e3eB366909cEc3","sadik770","","2026-09-04T21:21:12.000Z"
sadisusham84409,"0xde378B6f2A7c132DB37d57DE3232B4f837513657","sadisusham84409","","2026-09-05T03:27:52.745Z"
sae3d,"0x2f0FEcdaFc143A7447658b6849927F2AF3c19f34","sae3d","","2026-09-04T21:16:08.000Z"
safc,"0x90a0AdFe2b9Aed932e08e3dd78adB62837fD5687","safc","","2026-09-04T21:19:33.000Z"
sagar,"0xdBe9a9B6616d458A20f376C0367Be473c9ad4aF1","sagar","","2026-09-04T21:16:02.000Z"
sagasamurai,"0xf4F088D7E07a9ED2470263b2BB922236C09D15D0","sagasamurai","","2026-09-04T21:15:41.000Z"
sagascribe,"0xe082C4983905263695536Cac64cAf5AF5BAE6562","sagascribe","","2026-09-04T21:18:09.000Z"
sage_june,"0x6D34a7aA46f73e9A18970301896CB487Bbd1F86F","sage_june","","2026-09-04T21:16:17.000Z"
sage_max,"0xe9fbbd79e281B7EcDfB589F5017102c4f999c63E","sage_max","","2026-09-04T21:18:19.000Z"
sageairdrops,"0x96A05141A9AF464eDB09843c00871dD552083c4a","sageairdrops","","2026-09-04T21:17:31.000Z"
sagor345,"0xbD2EE58403b9C7658A2575bf51F35CDE5E41336b","sagor345","","2026-09-04T21:14:02.000Z"
sahadisha,"0x2607e4dF50685778B8Ce19c5bdB752519d6bEc08","sahadisha","","2026-09-04T21:19:54.000Z"
sahilshaikh9,"0x948D958611868581b4367eFF4092F9271184640D","sahilshaikh9","","2026-09-04T21:20:23.000Z"
sahriyar,"0x94a298E96C216846F35B6043fe83182Fe9beB64d","sahriyar","","2026-09-04T21:17:30.000Z"
sai1215312,"0xe8ee208b1c58dc164ec2b6feea249012b75c8734","sai1215312","","2026-09-04T19:42:20.262Z"
said1988,"0xFB675A2bfB9FA589771093A0F3089b4FbF14D486","said1988","","2026-09-04T21:17:39.000Z"
saifulweb3,"0xE76eB4A5B1DafFE7d3E7bd7Bce557f541704b9E5","saifulweb3","","2026-09-04T21:19:27.000Z"
saintmagnumyumi,"0x71a70c87feb377573e93c39797c075ad5bfc6736","saintmagnumyumi","","2026-09-04T22:38:34.459Z"
saiponpon,"0xbFc465DBeDa4ff92d62b8629F07457EFdeE4DC66","saiponpon","","2026-09-04T21:18:15.000Z"
saisolana,"0x3302e107989BCD6f857Ae6c87fC9d04132Cb4a45","saisolana","","2026-09-04T21:14:35.000Z"
saitamaone,"0x51e21FF1eD00db7E8A6600ECe1812d6EEDB0008c","saitamaone","","2026-09-04T21:18:59.000Z"
sajawal152,"0x23a26ed03795e2c87df7186b0f1550626a552bf7","sajawal152","","2026-09-04T18:41:51.046Z"
sajidpk,"0xad2bd1919256DDD16f90dBBB794D6cc72fCdaA7a","sajidpk","","2026-09-04T21:19:25.000Z"
sajqxGZGSoatvSspc4Ua4q9WUQW2,"0x9a56bB0C954b16cb1735C314ec80dA0Cc949B931","LaverneTuc4793","","2026-09-08T15:43:45.671Z"
sakai,"0x1682370821F243AfE3Db042a69A13b72016a79c3","sakai","","2026-09-04T21:21:27.000Z"
sakysob,"0x29602A47f574Bc4661212C41EDf5d8A670807d74","sakysob","","2026-09-04T21:18:44.000Z"
salarala,"0x5e5A0cb29063BB068b9164e7d71BaB4Bea8A4e28","salarala","","2026-09-04T21:18:59.000Z"
salengkpaskog,"0xB911445d4a29FC8458c9381300A660A9Cfcbb27B","salengkpaskog","","2026-09-04T21:15:28.000Z"
salihguresken,"0xDD19faE84C60c9A0DEeB1B503503e1e03411cC14","salihguresken","","2026-09-04T21:16:28.000Z"
salimy93,"0xc53e4a808f4F5529b4605B0B17f3F3eA2c57E164","salimy93","","2026-09-04T21:16:20.000Z"
salis,"0xc374AB2273D650dF63dF7f273dd8cc11Cf6E7485","salis","","2026-09-04T21:19:03.000Z"
salliewarburton,"0x70f6a015d3c6966074cE20696C3e24DF65520337","salliewarburton","","2026-09-04T21:14:53.000Z"
salta7,"0xbD2fbf03885C452430132e395c90Df63dd8616A2","salta7","","2026-09-04T21:19:22.000Z"
samanam,"0x077C7CBbee4Ab2fDddc4014D04593E7dE7f3827c","samanam","","2026-09-04T21:19:04.000Z"
samaxe,"0x96A6c195Cc496D7709DEF639E30AaB8931D0cD34","samaxe","","2026-09-04T21:17:17.000Z"
sambatokisie,"0x33af6462c1d713ec182e11296b114c59a66ea200","sambatokisie","","2026-09-04T15:24:59.101Z"
sambodoh,"0xd76EcB1D803eDe78AF43BEb5c3C5991DAe833219","sambodoh","","2026-09-04T21:20:33.000Z"
samboii,"0x7E8d3AE2034Caa9Fa630d33c43a0cAA62Ef4dB98","samboii","","2026-09-04T21:14:50.000Z"
sametalpi,"0xb6082fB61329187a326A8d28236a530161Ef12EB","sametalpi","","2026-09-04T21:20:08.000Z"
samferry,"0xc16D91fc996283a022256BFDa9689f205D793a8D","samferry","","2026-09-04T21:16:36.000Z"
samin518,"0x68d930462A0364BC2f7fa269aB8157f2b3Fd6b88","samin518","","2026-09-04T21:19:24.000Z"
sammyolat79076,"0xbeda63484ec85a2ec99e91d44bd3b9184cf45392","sammyolat79076","","2026-09-04T16:39:03.275Z"
samsa,"0x6fbd17E37e554797F00514aE719b7bb2900A5505","samsa","","2026-09-04T21:20:01.000Z"
samtech833,"0xEd0434D5Ac91e1b2Fd0DA789e9534964E750C34C","samtech833","","2026-09-04T21:16:54.000Z"
samtyler1678231,"0x5CA01C9b90876babFA326EeBcFD08B953E7858B4","samtyler1678231","","2026-09-04T21:17:01.000Z"
samuel_,"0x3c183f9A897a87B65d79F38Bcb45042bAD425eec","samuel_","","2026-09-04T21:14:56.000Z"
samurai_neo,"0xe80F3F7B4f3aFF845Ce5eA75635E3B7061233ad4","samurai_neo","","2026-09-04T21:18:11.000Z"
samykn,"0x5c5e4142d2c16b7cFd3e356cF26aBc018BEe5C76","samykn","","2026-09-04T21:17:13.000Z"
samzkie123,"0x68d990AF833ac05C2709636e0f3330c7A736F0B0","samzkie123","","2026-09-04T21:20:39.000Z"
san4ez,"0x8B622a1d96924AA88aB18B2Cde7E8Aa9FF491eE3","san4ez","","2026-09-04T21:19:35.000Z"
san888,"0x5C1e87b624041451a1657d48E701e5A4f163348d","san888","","2026-09-04T21:16:46.000Z"
sandeep9799,"0xfc053C0924aa6dDB183a6D3C8a205fce4332c2f6","sandeep9799","","2026-09-04T21:14:47.000Z"
sandip124,"0xb7596f20b34aa667e7F397B83243a36cEaF01b63","sandip124","","2026-09-04T21:20:01.000Z"
sandr0,"0x944C5CDc4b26ebBdC51239D0F5128E9BcB1375AF","sandr0","","2026-09-04T21:18:03.000Z"
sanjaysaharan,"0x2Edff01c3b24d92ccb554214A33E0918238FFFE6","sanjaysaharan","","2026-09-04T21:15:45.000Z"
sanjayv,"0x95E36638187215F789300b3ca547dEdDe8829215","sanjayv","","2026-09-04T21:15:00.000Z"
sansskt_xyz,"0xf7228a4da2e1906af156cd4038e9b5d4c0d31708","sansskt_xyz","","2026-09-04T15:11:57.598Z"
santino82,"0x68fe7ebc7C68c69F4F25a4C55Fe2A6cf1618490B","santino82","","2026-09-04T21:16:50.000Z"
sanugupta,"0x64A431a4047457495B0Cf6751629b83db06657d9","sanugupta","","2026-09-04T21:19:48.000Z"
sanushi,"0xD67477aE481B1b34BC702495B734f87b3256C64b","sanushi","","2026-09-04T21:18:21.000Z"
sanwin,"0x936D4407bf8E54949a85CCb6eAa0fF1c83930381","sanwin","","2026-09-04T21:14:32.000Z"
sapo,"0x2a57aA50A9e4b9A33c4646e7E42CA78eA45fA532","sapo","","2026-09-04T21:19:52.000Z"
saraaas,"0x4a12Da48D6ACDF7dE16d204Ae1eFA9B2596982b4","saraaas","","2026-09-04T21:15:54.000Z"
saran_v619,"0x9f7d4b7cac7543cd5098265209ed4a2b7aa43626","saran_v619","","2026-09-04T15:11:26.521Z"
sarfaraz07,"0xd567C1E0bf52f0e263006746834d08F22Ffbf96c","sarfaraz07","","2026-09-04T21:16:15.000Z"
sargun,"0xC0cAeb984c478059c6699d8Ba3d1ff02c787ca40","sargun","","2026-09-04T21:17:16.000Z"
saridamayanti,"0xCE7a3afe20545dBB54BE801701509CDce8B20FB5","saridamayanti","","1788588393484"
sarim,"0x4eca60E77B6755505e1dF81855c9Cff0cb205b0e","sarim","","2026-09-04T21:20:35.000Z"
sarkermita9,"0x3B2D4a6624b05eDa0Df9C322B1D02cbfd3343F2d","sarkermita9","","2026-09-04T21:53:06.601Z"
sartawii,"0x39b0733a56922D00720BA36F66aB813b2AD64991","sartawii","","2026-09-04T21:18:09.000Z"
sarucrypto,"0xf9a496bfbd94688fE20C3b8F0Fe6974Fe1F5cb2E","sarucrypto","","2026-09-04T21:15:53.000Z"
sashaarg,"0x4010D4Ad708328CBcfd699bd7eDa7CDCe9137BA4","sashaarg","","2026-09-04T21:21:38.000Z"
sashass,"0xc619A34902DE4AB41c124C57297Dba34A7B7f5C5","sashass","","2026-09-04T21:20:41.000Z"
sashawin,"0x33a756d415E2B697abBaDe36387b2C8dBAeaB2CA","sashawin","","2026-09-04T21:20:23.000Z"
sassadsad,"0x19720AC92Faa12513D345830e24541C4Da8312EF","sassadsad","","2026-09-04T21:15:27.000Z"
satanael,"0x94d8134CD8b8122995DbEb8d713a31bfeCA22729","satanael","","2026-09-04T21:17:31.000Z"
satanism,"0x22bcfB35D6F4035A076391f57F819368aD8Fa038","satanism","","2026-09-04T21:19:45.000Z"
satoshi2008,"0x0785AfA093a23144Da2FC54e2DF8D8CC323112c6","satoshi2008","","2026-09-04T21:14:11.000Z"
satoshinaka,"0x7064b6741da53ed5Ef024905BdA70bafddB9BD2A","satoshinaka","","2026-09-04T21:21:34.000Z"
satrio67,"0x2894dF9740DC1A2474114F815B29Ccddbc10D84F","satrio67","","2026-09-04T21:21:13.000Z"
saulot,"0x5B71b151241C9E924587c36c5bE49362311Ab7Dd","saulot","","2026-09-04T21:15:16.000Z"
savegasd,"0x08c0833752Fe2c27930dafdF1F0d48BFe5fa7903","savegasd","","2026-09-04T18:29:55.906Z"
sawxxx,"0xABc96368199CAe29Ad254464B93119be8024576B","sawxxx","","2026-09-04T21:15:38.000Z"
saydur231,"0xDfDa5ed13703F94DBEfB7356184CDb70c7dddcD6","saydur231","","2026-09-05T00:23:10.319Z"
sayu3in,"0x6268142fc14CC2Fd18B105a7C6c7Dc14d0a61E2f","sayu3in","","2026-09-04T21:15:14.000Z"
sbkazzYIoxZ4y4CjERaO5VUZEWo1,"0x39ce191dBD707aFC0681687806df5D3e61A52228","TrieuC62451","","2026-09-08T16:27:54.623Z"
sc_wangg,"0x546F54edcb7C984cB4E4F089BE89F7A2962a15ae","sc_wangg","","2026-09-04T21:18:04.000Z"
scarletcat,"0xFEA5C7f4CEf2F1f6a68A5f21a2b97b5a42409a55","scarletcat","","2026-09-04T21:15:48.000Z"
scarletdeer,"0xfE72ed0dFa7C3D310374758F83ba2856A2d54632","scarletdeer","","2026-09-04T21:19:31.000Z"
scarletfox,"0x6BF1CB506A79FD55F672d85b3246179EfAe05aEb","scarletfox","","2026-09-04T21:17:40.000Z"
scarletlamb,"0x0F7D458D4ECaFf5CC87c3c35F48f7c0769C0e01C","scarletlamb","","2026-09-04T21:21:29.000Z"
scarletlynx,"0x3B23beaA1A528C16a1cEa5a89a5251E9F8E3a26b","scarletlynx","","2026-09-04T21:21:04.000Z"
scarletowl,"0x261814158556382f63E78c35F77393C80d2d741D","scarletowl","","2026-09-04T21:19:14.000Z"
scarletwolf,"0x1d71a98b9C995878d67291d163082061c4285Bb7","scarletwolf","","2026-09-04T21:17:22.000Z"
scass,"0x463C30a3e2Cf35e0879257EF574DC699FBeB3FD1","scass","","2026-09-04T21:14:52.000Z"
sccv,"0x1F4418ed0fc26B853cAf4059CA6D3863056900Eb","sccv","","2026-09-04T21:18:44.000Z"
schna,"0x07D53B6983FE2f7E5f8804c1253400b78306B636","schna","","2026-09-04T21:21:29.000Z"
scott0001,"0xfcF782905c7fc1bfc309085fEca6E98a075AFb8f","scott0001","","2026-09-04T21:19:41.000Z"
scribex,"0xB23fb1D6058A34Cd49cf3D626ed058076de91A18","scribex","","2026-09-04T21:17:15.000Z"
scrubbb,"0x8f471F6872984cD53821F996E96F095b615a8AC7","scrubbb","","2026-09-04T21:16:16.000Z"
sdfa12,"0x4A2D08FF70f5EF01ce11684aA35D2b10D6b39F6F","sdfa12","","2026-09-04T21:15:15.000Z"
sdfsf,"0x5F4ce2cD4Fb2cCFb3859e677749205f85964554d","sdfsf","","2026-09-04T21:15:42.000Z"
sdtyer,"0x3DDBa4a05A9A972302aDfcC26F3f06f5EE8c7e7c","sdtyer","","2026-09-04T21:18:01.000Z"
sdudrhddlf,"0xA488e62bF8532E0E5E9E465f00929bcA0f326e9F","sdudrhddlf","","2026-09-04T21:21:10.000Z"
sdv76RokF0Z6JVozo79MVCHiRxw1,"0xa96f9431Bc56A61f1271311eD73a10404d37df79","CollinAida29781","","2026-09-08T16:38:18.336Z"
sdw4,"0xC9E3BEca35A9326159B64087fE6D3D09Cd386e72","sdw4","","2026-09-04T21:17:39.000Z"
seOYOnnMFxdlLCzKZYOIxVihL8x2,"0x14aa71b260b303f975df314c8b0c32909eb0e68e","bogelhrmc","","2026-09-04T12:40:49.510Z"
seanruan,"0x9e7685B7C08341105E4f7d21A3758244F4FF640c","seanruan","","2026-09-04T21:17:30.000Z"
seasky,"0xc5C6aAA434141B875D9aB446fDa2d74cfa997D5c","seasky","","2026-09-04T21:21:15.000Z"
seer_cole,"0x6774Ea80F78a8A9331EcF92468DbdacF018aaf24","seer_cole","","2026-09-04T21:14:52.000Z"
seifish,"0xD5333744FEa19119Bb8a7D30d200738853b0d66F","seifish","","2026-09-04T21:19:43.000Z"
seii,"0x33F144b9E14567A41d2Abfa813D131d5b7b60893","seii","","2026-09-04T21:19:01.000Z"
seivn,"0x4aFa0Ef3A830c05aD1E6779B344f6D5213a871B1","seivn","","2026-09-04T21:21:29.000Z"
seker,"0x6bD67a45a930c0eb08F2eaAA621a3b633971315F","seker","","2026-09-04T21:15:05.000Z"
selayma,"0x48bDd5bd93E92A2D42F3d43f60B5168d13b536b9","selayma","","2026-09-04T21:14:54.000Z"
selinna,"0x6BE2D1A02c5a463c1B35d6313bB09A1709c3EF9b","selinna","","2026-09-04T21:16:03.000Z"
selivanna,"0x0909a4400170f38030EF4D87550F5a23d647Fda7","selivanna","","2026-09-04T21:21:34.000Z"
sellawijaya01,"0xE468Ade2fd652c78F2629b1992A4BEF1786512C4","sellawijaya01","","1788588441173"
sener844,"0x74AC100b734Bd6c46E646E9B4824b4531B001F94","sener844","","2026-09-04T21:19:53.000Z"
sensen,"0xacb05c9ce589E3E2b59fBB68348c3058d0D7715e","sensen","","2026-09-04T21:19:57.000Z"
sephirot91,"0xd0136Ae9E0680291c6F6D474Bd2Da13371B4a71C","sephirot91","","2026-09-04T21:17:32.000Z"
seque,"0x1BE35AE16268f1994B78ED48Ca27f4199c19C8F7","seque","","2026-09-04T21:15:44.000Z"
sercan1907,"0xF3dED6ca38fFE098c0ed3C09a8E444451d6D7ee7","sercan1907","","2026-09-04T21:18:28.000Z"
serdar5252,"0x9B90a4c842c0b24e32820cBF86812B554c5b48fc","serdar5252","","2026-09-04T21:18:51.000Z"
seregks,"0x5EdCb549a5Fa7aDfaA21Fc1D7E3855Db6F25bE04","seregks","","2026-09-04T21:19:15.000Z"
sergale,"0xbEac04938c5b605472831794C8Ad95417ba99d61","sergale","","2026-09-04T21:17:52.000Z"
serge69,"0x6F68848D449712b9b30A53Da047C8AeF7968233a","serge69","","2026-09-04T21:14:44.000Z"
sergeiklu,"0x2600cEA53F33815260AF59f6751e76776c5671Ed","sergeiklu","","2026-09-04T21:17:27.000Z"
sergey,"0xb7DeE7E51BE4c7077C01e10847422F6502814e52","sergey","","2026-09-04T21:15:43.000Z"
sergey314,"0x179e2b27D383870031CcE43C05e656F21cAdA003","sergey314","","2026-09-04T21:19:00.000Z"
sergkap,"0x4D95bd647f672a518C81f3775803aae846da6539","sergkap","","2026-09-04T21:18:56.000Z"
serhiofernandez,"0xF458fC1740e9EB129eCFa0C318A36cF7b2CDCC6F","serhiofernandez","","2026-09-04T21:20:17.000Z"
serhiov,"0x3a46c85BC910E4A9380514be33e2399a808F27f2","serhiov","","2026-09-04T21:18:39.000Z"
sertip,"0xbaC2a2120300A2E90cCc45Cc45B412141b5bd21D","sertip","","2026-09-04T21:18:11.000Z"
servandowarry,"0x05FDAC8b9D7CD39bF18858daDA90c925099225f1","servandowarry","","2026-09-04T21:18:19.000Z"
setyamickala,"0xc765e115c37003A0e7566e1EDB68eB87F771c38a","setyamickala","","2026-09-04T21:18:30.000Z"
seungjae,"0x89c4bdD414FfdB8814c143a6919cC126a59fC10d","seungjae","","2026-09-04T21:20:22.000Z"
sexyama,"0x85d1C5742D4B437174A86011e2423849E0D3F776","sexyama","","2026-09-04T21:18:10.000Z"
seyyyed,"0x6309fae29AbD8778E0263B6e165785870C0A1A07","seyyyed","","2026-09-04T21:18:02.000Z"
seztek,"0xa1B33AC738999be8C86D8cCc93B36ac207355331","seztek","","2026-09-04T21:17:14.000Z"
sfera200,"0x7d0d2aF521dc6dfe2eF19C33Ec8A4aa5163A7A48","sfera200","","2026-09-04T21:17:02.000Z"
sfswe,"0x7E722e5740Ee1edCf94a765AF07622bfF99d0443","sfswe","","2026-09-04T21:20:45.000Z"
sgfs,"0xFEE7482cEC995D44A77Aa5AAd13aC5D64c84bFF0","sgfs","","2026-09-04T21:14:06.000Z"
sh1790905940,"0xE565816e217b12f3F706A3E0BE889Faa677bA300","sh1790905940","","2026-09-04T19:07:16.915Z"
sh_akthi,"0x3b2445e113631eEE9fACcbD4aBf12c485F745178","sh_akthi","","2026-09-04T21:19:56.000Z"
shablya,"0xE3d9B55d97b40414093AA51a6fdfF734eaD77fDE","shablya","","2026-09-04T21:15:38.000Z"
shad007,"0xb076b4E5B009B677166116d567C7049Bb29462bf","shad007","","2026-09-04T21:18:16.000Z"
shadow_blade,"0x650B7C5C90e297109c6c379b3A598000046657bf","shadow_blade","","2026-09-04T21:20:42.000Z"
shadow_dawn,"0xaF5e9386183FA87bfEE9b28A5C48816BF4F1bE4e","shadow_dawn","","2026-09-04T21:19:49.000Z"
shadow_moon,"0x33F8606fDc8995Be9ad745288B89e67Bc9A9E803","shadow_moon","","2026-09-04T21:20:23.000Z"
shadow_seer,"0x49A998a240D6ec4D29c96C00EF7A1f300d1EfD82","shadow_seer","","2026-09-04T21:19:02.000Z"
shadow_tiger,"0xaCf7F86D744aE070a767705ee74221aC498609d7","shadow_tiger","","2026-09-04T21:20:08.000Z"
shadowdawn,"0xA5d8bf9022F48706029d2e00Ec7ccaE8A3768aA2","shadowdawn","","2026-09-04T21:15:20.000Z"
shadowdreamer,"0x45F18f6ee2f02834180579B0e5Fa2e82b48589c2","shadowdreamer","","2026-09-04T21:18:18.000Z"
shadowranger,"0x588453608dA9Bb2Ef86aec70889e6e19BBf186a2","shadowranger","","2026-09-04T21:20:57.000Z"
shadowwraith,"0xCbc85Bae1985A318BeF51BD572a0Bf91F0B458f4","shadowwraith","","2026-09-04T21:18:00.000Z"
shafiqz,"0xb124cb15b239c2BA78362848fDec1A66cA139d01","shafiqz","","2026-09-04T21:14:40.000Z"
shafiul,"0x77b0350BA0E4D02217759FDe3bE66ad7E26208f9","shafiul","","2026-09-04T21:15:47.000Z"
shahab,"0x0AA8C5060eA237B04f84013f160Fb27C9611652d","shahab","","2026-09-04T21:18:21.000Z"
shahrah22,"0xeff49efd62403af32fa4372ee0db8292f2cb5c09","shahrah22","","2026-09-04T21:31:47.978Z"
shaikbablu,"0x37B3642034a0aA67F6B5628B88DE690885f2fFFb","shaikbablu","","2026-09-04T21:19:37.000Z"
shalom2001,"0x6fA735f36fd1eAc750C7cA5A868729d627639F41","shalom2001","","2026-09-04T21:20:19.000Z"
shalom2004,"0x7d5E4f77923dcB15Cc177288d8D0d718BC404390","shalom2004","","2026-09-04T21:15:35.000Z"
shalom2010,"0x2b19e12EC36339B1a931B8311c56b8aF59eed1F5","shalom2010","","2026-09-04T21:17:54.000Z"
shalom2021,"0xD29D5d9Bae3e3392471d7773e9bF5F3903Eac1aE","shalom2021","","2026-09-04T21:14:56.000Z"
shamshu,"0x0c419cD655fA8eCc5cAF11eCc607EC2bcC9a9d1a","shamshu","","2026-09-04T21:18:45.000Z"
shane06083,"0x555136D75A8730fF5Df98103f2527DeEe5b1D93d","shane06083","","2026-09-04T21:21:05.000Z"
shankala,"0xA37d3118B9963Cadd1A1e4d44E5f4259ee5183C3","shankala","","2026-09-04T21:21:02.000Z"
sharks,"0x2044662929a45c97962d9B6547a2afbd536766A2","sharks","","2026-09-04T21:19:51.000Z"
shavedhamster,"0x252a4dB8ffA09Fba7f8609dF552C4703a7c0eB1d","shavedhamster","","2026-09-04T21:16:37.000Z"
sheikhsohanq,"0x7583dFEDdCC7f68BB4B31429cb2bF5B01B36AE41","sheikhsohanq","","2026-09-04T17:48:37.829Z"
shekari3916,"0xcd4477299C84470523a01fC446E584F91003e700","shekari3916","","2026-09-04T21:20:24.000Z"
shemul,"0xeFab173F9Ba12223761c171251C54eA88a42Ea6B","shemul","","2026-09-04T21:20:55.000Z"
sheng888,"0xe68a02688eC0B7f8D900dEC297Fa9f3b3F9Af761","sheng888","","2026-09-04T21:16:04.000Z"
sherazi,"0x7f276c7520Bbec73d55F1D90F9Ad8FA52E606258","sherazi","","2026-09-04T21:19:55.000Z"
sherilllongley,"0xc1097768128d365b664dB69906AC7800F0778ab8","sherilllongley","","2026-09-04T21:17:50.000Z"
sherylan,"0x0d28F55b7d1A4F9B5c77205d3cfa8403F5cB1032","sherylan","","2026-09-04T21:16:37.000Z"
shiba_maru,"0x8fFCCeF2BfCf4E8de93B86F76d701506124Fd958","shiba_maru","","2026-09-04T21:16:47.000Z"
shibafever,"0x170faCbfF3d7B591a76885e7F0FF878d7Cb70Cc3","shibafever","","2026-09-04T21:17:37.000Z"
shibun,"0xcFFB24725FFbf25601DAC3BE6756D3C6EbeB9849","shibun","","2026-09-04T21:16:11.000Z"
shikyo,"0x824f3c833B9b233fC6F391ad7F36350540740e9D","shikyo","","2026-09-04T21:15:05.000Z"
shila92,"0x3a9D4c9cbb9798Bad86fEE441067a6185158045E","shila92","","2026-09-04T21:14:29.000Z"
shiller78,"0x1b55b330E78FFe3Dd763cBc9a2C98c89642578b2","shiller78","","2026-09-04T21:21:36.000Z"
shincan,"0x6477D858536eBa2550e6C978D29000f112a442b3","shincan","","2026-09-04T21:18:32.000Z"
shinichi89,"0x85Bd7cD231de43A2b0f91FaE207d1FE0ec45696A","shinichi89","","2026-09-04T21:18:19.000Z"
shirakabesick,"0xe1ff3Ca0817F49Ad62dA0bCede89271801078bB4","shirakabesick","","2026-09-04T21:19:44.000Z"
shirinka,"0x79C8291CB35ba692A9f7F7d1eDdFb406f590059e","shirinka","","2026-09-04T21:17:43.000Z"
shozin,"0xd3e8d13a126d1f3f8346520c168eD3b684ea5A0a","shozin","","2026-09-04T21:17:53.000Z"
shubham46722943,"0x84f426308263CA6f8Fc6d819c3cBa075D234b7e6","shubham46722943","","2026-09-04T21:18:14.000Z"
shuvoahmed,"0x57A70Cdcb4E6a00e31b87EFF828a205751c2cd09","shuvoahmed","","2026-09-04T21:20:05.000Z"
sifons,"0xe9197Bd91d970E1685EAb7112D40cEb1b15A4762","sifons","","2026-09-04T21:18:21.000Z"
sigiz_archeo,"0x62C070aEDcbdD5291D4F0850D62E3d96096cB360","sigiz_archeo","","2026-09-04T21:15:32.000Z"
sigma,"0x679b544BF4a8a7263AcECE416fff80AF346a3979","sigma","","2026-09-04T21:16:02.000Z"
signal_jay,"0xeb662397b596DEA32Fb82f2Ed57B20a9fAFf8638","signal_jay","","2026-09-04T21:19:02.000Z"
sihite,"0xF5e52ea9f6c58AbD7D5F89158BA862097eCAd6f5","sihite","","2026-09-04T21:18:04.000Z"
sijintmm,"0x12ad32a75ea9aa846696fcf3a8db861ef63c356a","sijintmm","","2026-09-05T05:49:19.575Z"
siksik,"0x7B907801f451Bc154a10753097503c4C433E9DaE","siksik","","2026-09-04T21:15:24.000Z"
silent89,"0xC6deC72B4AD2BC80509a1Ee369F66AF8DaF0A9d6","silent89","","2026-09-04T21:18:38.000Z"
silent_herald,"0xCbc7D607FacF753A6A4495Ab53eEee95BEa6D63C","silent_herald","","2026-09-04T21:19:07.000Z"
silent_ronin,"0x2cee6bA146abe4A17C0080a18594585B7288dA31","silent_ronin","","2026-09-04T21:16:11.000Z"
silent_scholar,"0x3BC3535F68909E9330Ae7B1148E88F336d90249C","silent_scholar","","2026-09-04T21:14:56.000Z"
silent_scribe,"0xbd7E12707e472BC39A7A87De69B5C32f8AC1B298","silent_scribe","","2026-09-04T21:20:08.000Z"
silentledger,"0x8387F776d75CA519a545aC2f4003534E358fB105","silentledger","","2026-09-04T21:19:24.000Z"
silentmonk,"0x06C4C758182666178fe5A4B5918eC31397162d8e","silentmonk","","2026-09-04T21:14:03.000Z"
silentowl,"0xe62f0cE95E8DFD571297214b96Ed6155d394BaCa","silentowl","","2026-09-04T21:15:24.000Z"
silentsamurai,"0x8B719245Dcd3402DC364C83d290f258ed0369A68","silentsamurai","","2026-09-04T21:14:31.000Z"
silentshrine,"0x629Bd1E16fa21A1c9359477b0Cce047976F49377","silentshrine","","2026-09-04T21:21:00.000Z"
silentvault,"0xFb7855Ae0d2628B1AAA9944470eD18f11C465e01","silentvault","","2026-09-04T21:16:12.000Z"
silinahh,"0x83f4a1775c11f883a4338332ca8212df31e3e180","silinahh","","2026-09-05T03:55:55.571Z"
silver_drifter,"0x6C320ab30Ffd70f5e9ed316155776486E3bd6027","silver_drifter","","2026-09-04T21:20:30.000Z"
silver_mist,"0xD195A8759d86E1385a92DC8721011d897B9976b6","silver_mist","","2026-09-04T21:20:56.000Z"
silverfrost,"0xc632a258E894A5e5e9D34ca870F786Fc8B44996c","silverfrost","","2026-09-04T21:18:17.000Z"
silverjester,"0x463599cEA97d1C1565dDC8250Eb97A81009f71Cb","silverjester","","2026-09-04T21:16:17.000Z"
silvermist,"0x295BC81feAA19544ea66E017427D37Fa9Ba61792","silvermist","","2026-09-04T21:19:54.000Z"
silveroracle,"0x1edF517e1a8f507B1699d7F44e82BAe950b8dB72","silveroracle","","2026-09-04T21:19:56.000Z"
silverrelic,"0xCC6F4531B28EB04681F94f7e3e36DE822DD879D6","silverrelic","","2026-09-04T21:19:28.000Z"
silverriver,"0x5B4001A5007371E6ea8F8A2827F5A54866109b98","silverriver","","2026-09-04T21:16:44.000Z"
simanalagi,"0xf5fE8FFC5208D99c293cd8269Ca3bF51F4289063","simanalagi","","2026-09-04T21:21:20.000Z"
simon_kot,"0x8dDF31D9f6bF064169e28D718b88A6C12bb27B9B","simon_kot","","2026-09-04T21:20:27.000Z"
simonsg,"0xc3a9F7f15FE830a8D809aaF55c16fFEe13714e84","simonsg","","2026-09-04T21:14:05.000Z"
simonshea,"0x2A35b73306e58E1016f27Cb01DCd2fA881eBDD60","simonshea","","2026-09-04T21:17:05.000Z"
simplexm,"0x382aD235ff4cAaDEBEFd8F23175C443b7286ADe5","simplexm","","2026-09-04T21:16:02.000Z"
simpsonlindsey,"0xE17857b76e8a1C2809Ae706B3A4bc4876C05e54B","simpsonlindsey","","2026-09-04T21:15:04.000Z"
simulhasan00,"0x30112938125dA38BeC5f789a13e212D177af7eED","simulhasan00","","2026-09-04T21:16:16.000Z"
sina_yiyin,"0xf5ff6e904adaca2d2b0eec9985fff67045ee29f1","sina_yiyin","","2026-09-05T05:43:16.192Z"
sinafrr,"0x89652307C82f4104f8693077E3Ce623f81740b83","sinafrr","","2026-09-04T21:14:27.000Z"
sinarh,"0xeC56eA9ae38f67526EFf0363056C6AF4c5d38C0F","sinarh","","2026-09-04T21:18:38.000Z"
singor,"0xC1C03ED3051f87F5ed86C37C6bC5483D51521c96","singor","","2026-09-04T21:17:06.000Z"
sir_mm_i,"0x2d7d0547B0ed7F76A038c6A8a22f47B1499f7925","sir_mm_i","","2026-09-04T14:38:42.838Z"
sirajabc,"0xeB0174dF5c94825E6f3E290833bDd1b4cE260B71","sirajabc","","2026-09-04T21:17:34.000Z"
sireadel,"0x40b03f1E26DbD097DB91067782aF5EdA05bFB8Fb","sireadel","","2026-09-04T21:14:09.000Z"
sirgamerz1,"0x6566fb3F74B0611271f4cd279A840ca72AE913E6","sirgamerz1","","2026-09-05T00:41:27.596Z"
sirkhilon,"0xB4862bBDCC651bfBC6C4Bb0B061637B2d29c624A","sirkhilon","","2026-09-04T21:20:21.000Z"
sishuangqiuxie,"0x4E5fD2080108564A28AC8bDBB3cF7208dcc708C1","sishuangqiuxie","","2026-09-04T21:18:25.000Z"
siskaxxx,"0x0b65E6701ee583B4bAb17c8eE171d6a3F8825764","siskaxxx","","2026-09-04T21:16:43.000Z"
sitinurhalizax,"0xF77792B56837d213955005eaF435d98743b10d77","sitinurhalizax","","1788588334687"
sitirahayux_,"0x164c42bd5275AB453763419eD69f62B56eCDE16b","sitirahayux_","","1788588417126"
sito,"0x4fBe771d59B7ae6B654d87713ad79831809F0acA","sito","","2026-09-04T21:16:32.000Z"
sivaavis,"0x5c0EeaB6045675d3766E76E5F1399699C3DDcF34","sivaavis","","2026-09-04T21:19:13.000Z"
sjl5tJYufWPKSGbscyzmAWFXPp13,"0x235d51b046C19e55603E6b617E085b7B6a4B5207","QuchMai196570","","2026-09-08T17:00:38.448Z"
sk112,"0x20c4d2962c07Cfc2F8fd5C6708593ed37FF403B0","sk112","","2026-09-04T21:15:50.000Z"
skamir,"0xEE5896790b86Ef83a45eeC2B8c27567bd21F8A4f","skamir","","2026-09-04T21:16:35.000Z"
skbiswas450,"0xA9b6bEA25967dB8f9f63a38C63C8aEBdD19F1cFE","skbiswas450","","2026-09-04T21:42:37.098Z"
skitzopizza,"0xDAD12C721F9f30B1A882AF8E3D2603676D81F345","skitzopizza","","2026-09-04T21:21:21.000Z"
skking,"0x976b3260B6e5D08F95eBde3B813EDA087D78b3AE","skking","","2026-09-04T21:19:17.000Z"
skonner,"0x29c16C0cf8d1b01B9603c804796566d721DfE378","skonner","","2026-09-04T21:17:39.000Z"
skull234,"0xf514Cf82162B29f55d10859e5B1457A693C5a7c5","skull234","","2026-09-04T21:19:37.000Z"
skurat042aa,"0xFAec92Be2C8600C7D0901275977D8dF5665bD7Ef","skurat042aa","","2026-09-04T21:20:53.000Z"
skydrop,"0x3ab0583493413Ba5Ed36d54728cdEa7533819e04","skydrop","","2026-09-04T21:18:19.000Z"
skymagic,"0x658297413c2dB755f340ace2a3aBB05c22EBFaFA","skymagic","","2026-09-04T21:20:09.000Z"
skyrocket1,"0x7aA212896de34aE7127383b037a3Be22fc73Eb75","skyrocket1","","2026-09-04T21:21:32.000Z"
slPhbN253VOPyeNK4PUXGX9MxcT2,"0x322217C10b381331C0adD05eD0a211A74C60bd57","luciana_se5085","","2026-09-08T16:20:56.687Z"
slamlatif,"0x58cd492e3Ef1856D75e6eb7A77148d6443d67373","slamlatif","","2026-09-04T21:16:57.000Z"
slatecat,"0xE13568f77c9c10fe49eFA8EF7148881f4384F90A","slatecat","","2026-09-04T21:14:14.000Z"
slatefox,"0xE2Fa9dde13628c41aA6D3E428a4EB390273D40Ba","slatefox","","2026-09-04T21:17:31.000Z"
slatelynx,"0x127109B03E9Ee634b58B2EC2F7Fb83a98Ac9Ba5c","slatelynx","","2026-09-04T21:21:32.000Z"
slatewolf,"0x187674AbF93C79b5229ff2f21a02AC9DA6B8f193","slatewolf","","2026-09-04T21:21:08.000Z"
slayn,"0xcb3C479505913a27F8078101067e71DdDdC37FF7","slayn","","2026-09-04T21:17:39.000Z"
sleeper12go,"0xe49d5a9cd639E01E393Fac06A595046df2eABA48","sleeper12go","","2026-09-04T21:14:25.000Z"
sleepy_bear,"0xf8Cf9eb0E5697109Ec058E95E2E0578b843C6da5","sleepy_bear","","2026-09-04T21:18:05.000Z"
sleepy_eclipse,"0xd30A58DfD7CdE4f65527ceDE03227F1ce63D73cd","sleepy_eclipse","","2026-09-04T21:15:20.000Z"
sleepy_lion,"0xa7547E2a3e4FeB1f6bfdb3956bA1c5C868dDb57F","sleepy_lion","","2026-09-04T21:19:50.000Z"
sleepy_sage,"0x18Eef550cE88588C771517290f5364febB15E5Db","sleepy_sage","","2026-09-04T21:17:51.000Z"
sleepyblade,"0x62DBeF05d836bc230798D2510906Fbfd234b72D7","sleepyblade","","2026-09-04T21:18:17.000Z"
sleepyhawk,"0x43FEc5E5c1b4B58bbE22f8e613716c6B9Aa13553","sleepyhawk","","2026-09-04T21:21:36.000Z"
sleepymoon,"0x0D4B664A0EDb80148867fa12a8FeCA5268a6Ce04","sleepymoon","","2026-09-04T21:14:49.000Z"
sleepyrogue,"0x0db48660f43E595972a581Cd6D8A6Aa741540FBD","sleepyrogue","","2026-09-04T21:18:08.000Z"
slghanchi,"0xd9401561a812A3488Ae0fFbfDB8e3A6d3822e852","slghanchi","","2026-09-04T21:17:41.000Z"
slothify,"0xa6AE70478aD3aA05bB5781489fdf60E29985837D","slothify","","2026-09-04T21:15:25.000Z"
slowsure,"0x74CbBfE0946EaD23A8a4d01454ea7B2ADE4e4F68","slowsure","","2026-09-04T21:16:13.000Z"
slyrpp,"0x36245B2bcf8eaeBd9668630E0083489177F8571d","slyrpp","","2026-09-04T21:15:02.000Z"
sm7mdROv9iTUpvy1Ci3lCebTggc2,"0x6989a282efcc5AbBaDaF496663a10eb562231760","PhilippaWh76986","","2026-09-08T16:31:39.351Z"
smallball,"0x5f3be1c81532E64Df5883846D0a36e23abB41D8e","smallball","","2026-09-04T21:17:23.000Z"
smartcomponent,"0xe9822d5652aa53A54d73c439Ba073bD529469D36","smartcomponent","","2026-09-04T21:15:27.000Z"
smartneko,"0xFBb31b5C0fDa11E086d1627098Cc6c7b40326C4B","smartneko","","2026-09-04T21:19:47.000Z"
smerch,"0xc6645A55672757612a06b225CAfD6256f5C26356","smerch","","2026-09-04T21:17:23.000Z"
smin,"0x946033806c5aF8DB9859C5B74ca8C0e1da3BfC18","smin","","2026-09-04T21:20:29.000Z"
smuWSOnPPuh1PHLa6jsEepfUwwf9,"0x84612B5dc3AB9FF5dE82aC5b290537556d54F386","spnp9tow","","2026-09-01T00:38:40.698Z"
smual,"0x93B03598946ef28d8d31bc941fa32FDdcC3E5384","smual","","2026-09-04T21:20:42.000Z"
snP6WWaq8YQejnt3B11Z7qaZcIm2,"0x056D3c9CAA3368cF1F91Ae23194fD38E67D3D45f","DoreenM86787316","","2026-09-08T15:39:08.423Z"
snailprincessch,"0xb46Ed2A9EFC0b82Ea9E3aFF982b74f0da455516c","snailprincessch","","2026-09-04T21:18:16.000Z"
sneba,"0xCB3A28AEa6A6A65A75E6ab6d510142C4fD0a465D","sneba","","2026-09-04T21:19:45.000Z"
sniperwolf,"0x8F18Cc2694D93438bDA17671080B8fF22F2026Fa","sniperwolf","","2026-09-04T21:14:50.000Z"
snoop7,"0x56A1b9D409019ee3f62020BC58CC2d6Af6374D25","snoop7","","2026-09-04T21:19:49.000Z"
snov1n,"0x993f2A4Fd2C80f83A8537ee19293E456985485C0","snov1n","","2026-09-04T21:18:47.000Z"
snowaxel,"0x3f08982Ef76278e483458Ac9DcC831aA1995334D","snowaxel","","2026-09-04T21:19:05.000Z"
snowid,"0x829002bfD9106EBe2e84efB0A993a18f670798d1","snowid","","2026-09-04T21:14:02.000Z"
socratesre,"0x0bB541Bd1B07D23eeaEC0Ad59e956398FF053C1D","socratesre","","2026-09-04T21:19:34.000Z"
sofixime2,"0x017B1d524f1e1ED6f1c0e8d02Ded795c17391e96","sofixime2","","2026-09-04T21:17:09.000Z"
soft_oracle,"0x4CD40746FE16950Ff95C34d867Fa2cCD7431cCE6","soft_oracle","","2026-09-04T21:14:35.000Z"
soft_samurai,"0x0B932A836c4cDF015656C0635B8825acDEB26A31","soft_samurai","","2026-09-04T21:17:53.000Z"
soft_star,"0x317846998AF60B23865B2a0525c2b4680BA79142","soft_star","","2026-09-04T21:17:33.000Z"
softlantern,"0xC033153C7FCE80732D0205676099320125F5bc7a","softlantern","","2026-09-04T21:14:36.000Z"
softmonk,"0xdC4A2419e489c788De7061a9Fd37D854b6f5A3B5","softmonk","","2026-09-04T21:19:09.000Z"
softraven,"0xe78793d074336eaCD561926dA572B9126f08AcfF","softraven","","2026-09-04T21:18:46.000Z"
softwarden,"0x40d1278190968ECa6041dA1451031320ed5c4db5","softwarden","","2026-09-04T21:18:37.000Z"
sohanmadbor,"0x4Cd28eD228214783135Fb9a0614bD0112f5fA485","sohanmadbor","","2026-09-04T21:18:39.000Z"
sol100usd,"0x21d99906F284c2Fd4a875606Aa5AA173B9B05fC0","sol100usd","","2026-09-04T21:19:44.000Z"
solegon,"0xD4CE737a62141953DEBf8B6E69F9Bb91111914bC","solegon","","2026-09-04T21:17:22.000Z"
solfly,"0x755025b59fd0319F06B68a081c87Db2B09c57529","solfly","","2026-09-04T21:14:36.000Z"
solibie,"0xB53b3bfb16Cb3c68338e16bBa67df2372Cf61D20","solibie","","2026-09-04T21:18:58.000Z"
sollpie,"0x7C3474966F59dCb3163d6b95f9Ad4C3eda2C6Fd6","sollpie","","2026-09-04T21:18:36.000Z"
solochuks,"0xb702e65Cf45c2786c33AE150659506b8b628ad2f","solochuks","","2026-09-04T21:18:19.000Z"
solodka,"0xCB7a087145D9e4D1716c88d563F94fA703Ab46Fc","solodka","","2026-09-04T21:20:56.000Z"
solomon,"0x45a166127B7164adA2b5868B110EE5D58182FB27","solomon","","2026-09-04T21:17:13.000Z"
solosoul1121,"0x22D2B08BCf63716462A1bE68bB956c91A360bE14","solosoul1121","","2026-09-04T21:19:50.000Z"
somayememar,"0xA6015514E1306C31DB07dFAcF18E4296444CA27B","somayememar","","2026-09-04T21:15:05.000Z"
somewhere,"0x07b7d6E42AEFA59406348Fe42D1D233Fc68d492d","somewhere","","2026-09-04T21:14:43.000Z"
somtoochukwu21,"0x44E21ABB493c9402a44e5223a7abcB95e7463CF6","somtoochukwu21","","2026-09-04T21:18:48.000Z"
sondoka,"0x3b8c0411C1958D3117DFC87F6Df9D3d85f18c5B1","sondoka","","2026-09-04T21:19:54.000Z"
songen,"0xCfaA12c412940F472bEcF7729f8DCe768a713a3d","songen","","2026-09-04T21:15:52.000Z"
sontran1102,"0x6717AAb8bbFf57dD7f7a9d1f66b56b9Cd56aDEDd","sontran1102","","2026-09-04T21:21:19.000Z"
sonu852,"0x22ca792E6543655e5D1BCFE43a027e7cCE8459C9","sonu852","","2026-09-04T21:17:17.000Z"
sonueth296,"0x8856bd3Bca84a64A56C28e85703a61F4733C6C18","sonueth296","","2026-09-04T21:16:53.000Z"
soolater,"0xFB9118a658d5630f2975053672D44Ed4F1375a6F","soolater","","2026-09-04T21:14:21.000Z"
sopranoman,"0xF7E66629C3727f227F5A75D7a8436F2d4f9D228d","sopranoman","","2026-09-04T21:16:56.000Z"
sorenowl,"0x7C1e0cB057e640B623BD43a751aa846022FA1bd5","sorenowl","","2026-09-04T21:15:55.000Z"
soribao2,"0x428092D3d90a4BC378A20e215E2F65fBCAFC282a","soribao2","","2026-09-04T16:17:09.282Z"
soribao_,"0x8DF60c1AAAD93562DDde418514955B5f84e10d14","soribao_","","2026-09-04T16:11:30.235Z"
sormat,"0x8AEc7ed56A9B67a4d6f139F31cFa575eC1f6237f","sormat","","2026-09-04T21:21:23.000Z"
soto000,"0xb08229E4cC162f23B5fb51C6978Db165f374771e","soto000","","2026-09-04T21:17:36.000Z"
southzz,"0xDBDcf076b6D55aDbF56Fc5Cef3B294b112F3DffC","southzz","","2026-09-04T21:21:26.000Z"
sp4rks,"0xb434d19C62cFF0e3478498273806958dB1ff22a2","sp4rks","","2026-09-04T21:14:31.000Z"
spI66lANVCUHLsXHjVQWYhatgMD2,"0x595702FC8205CAa629675949d0503eCac3cB6140","MargaretZe91307","","2026-09-08T16:45:42.604Z"
spade,"0x2cD5c2813fBd2B84792ca028CE372CA48e8fB7e0","spade","","2026-09-04T21:18:29.000Z"
sparkle4ever,"0x451e5e4F1C3D331605d2eee8cB393bb60b6Cc118","sparkle4ever","","2026-09-04T21:18:27.000Z"
spd3294,"0xc54140a55032e9EFf7a8D16A1e3dB3a55331a369","spd3294","","2026-09-04T18:09:07.044Z"
specux,"0x38968D8aFDBE446c9FF2914c4cD14b3D9BC9B577","specux","","2026-09-04T21:18:32.000Z"
spgol25,"0x33943A52606E400b20A116693b9aA6F67a72e26c","spgol25","","2026-09-04T21:20:10.000Z"
spickspr,"0x49F5808D2dF3AA5f66A8ac3C8c21d527BE955724","spickspr","","2026-09-04T21:15:15.000Z"
spilivilli,"0x699d1D0eb98D4c1fA1f812010f8e712B5955ecE5","spilivilli","","2026-09-04T21:17:08.000Z"
spongebob2002,"0x4c26a3AcD4624efaF4C34e7F4405b8DD0AA9CF65","spongebob2002","","2026-09-04T21:20:05.000Z"
spopo,"0x58831C433D1cB99807e072C77EBd04DFbbE26fa6","spopo","","2026-09-04T21:16:56.000Z"
sportified,"0xc955F6E32d1Fd135aF9223be0289D6391a4df8Cf","sportified","","2026-09-04T21:15:38.000Z"
sqquirrel,"0x8c4134C17C8687d0ce8E0932C0d1740932BEfB26","sqquirrel","","2026-09-04T21:15:31.000Z"
squeezybreezy,"0xd93a25DC49fC4A43F82EF3FF013D47c75800b1BD","squeezybreezy","","2026-09-04T21:20:32.000Z"
srNC6AQkMOSMFXWWvRCtI8aK9sk1,"0x725f33f1984BE638bB5EdB50740c5D815e2Ee4ca","MarkJoh35083632","","2026-09-08T15:41:56.168Z"
srTkixRuRPezUkmnzEsGBUCK5Cy1,"0xA7e3aE212422144fac9b896c4f973405B7403F10","austin_moi66921","","2026-09-08T16:46:11.319Z"
sreekant133,"0x9C03E2E5287E3B357abA7d5327f1A87EcCB4E861","sreekant133","","2026-09-04T21:14:16.000Z"
srikantae,"0x36775796342374f457bE5D6163fb50e1F3D3Ba0F","srikantae","","2026-09-04T21:15:10.000Z"
ssQt1j9w7CPPfe93DxB5h5FgPQz1,"0xCB57a6d58c453BDbb2e371A0331f53B42edAb7cC","CramerEddi21113","","2026-09-08T15:46:01.236Z"
ssaqua,"0xa5A7ecc7e7880AB532f5b067Aa0D50d8884e584d","ssaqua","","2026-09-04T21:15:39.000Z"
ssense,"0xcBB0932B910437208fa41c638964dF0EdF764177","ssense","","2026-09-04T21:21:11.000Z"
ssmZvZj2VWWSrLPva7rBmP9M6452,"0x6B3b6A046128826073C6b082d776A43e1e591E92","JewellePro69561","","2026-09-08T17:06:53.173Z"
ssssdddxx,"0x2e5A55c01B01fFc55D5E84eA5306d442a9fF2214","ssssdddxx","","2026-09-04T21:15:51.000Z"
st3u1,"0x3DD70bbeD0090d0FBF68562DBF5a2D8839D1e2DF","st3u1","","2026-09-04T21:14:28.000Z"
st9VUCmKFqWaPYq7urkPDYCJ2VN2,"0x893A90c5BD05D5318a510854B9789e907f853131","BriggsVeri99281","","2026-09-08T16:08:39.647Z"
stand12,"0xC4a0190E211BCaa5Ef1cDb566E39Cf15339E9a0E","stand12","","2026-09-04T21:20:51.000Z"
stanleymorgan,"0x2886F93Da0e8ba76b90113b7f28Fb1Ff821B7837","stanleymorgan","","2026-09-04T21:17:25.000Z"
stanvl,"0x230EC500191E2C9a27e13046f9dff9Bdf09B5D3f","stanvl","","2026-09-04T21:15:41.000Z"
star_neo,"0x33db547448204A9F8B2014839da3D105926B82F6","star_neo","","2026-09-04T21:17:36.000Z"
stardust1,"0x451951b324903205Ef04C3d3e6159f8cad8ccb5D","stardust1","","2026-09-04T21:16:01.000Z"
starkzk,"0x2cD30a943708635b47A3AC3E7016D2E92313a7aa","starkzk","","2026-09-04T21:18:11.000Z"
starload6570,"0xb030593Ed2C3E365832C42f00DF2Bef3B20B5b18","starload6570","","2026-09-04T21:14:13.000Z"
starlove,"0x38bb86E4f876e92E37Ea7E4FF3cA8EDC6b065d1C","starlove","","2026-09-04T21:15:57.000Z"
starywuj,"0xf9196a112AD3079b1b94C7f045392C6Da81e6e3a","starywuj","","2026-09-04T21:18:35.000Z"
stazzers,"0x94b3CDE06113F92c7f1b2F9c3361EBbf57D83F79","stazzers","","2026-09-04T21:16:42.000Z"
stellarscribe,"0xe2F6e82200BcDD197b8989bAe7786908D3F70b9C","stellarscribe","","2026-09-04T21:20:16.000Z"
step01free,"0x3609e4E6b00e1406C648a40027F077607f316E74","step01free","","2026-09-04T21:20:36.000Z"
steptod78,"0x722803C9A199Bc9328E86F71BE3448014F1bAb72","steptod78","","2026-09-04T21:14:13.000Z"
stevan,"0x0096Ee520FD4ef3A73B09CD537c3C433ef6ac891","stevan","","2026-09-04T21:16:00.000Z"
steven_69,"0x938D86aa82d4c6133Fe9ffE94cbb478196285af3","steven_69","","2026-09-04T21:20:21.000Z"
stevepark,"0x356268f03F544D1F15F3Db28aAf29866CcbF6646","stevepark","","2026-09-04T21:18:48.000Z"
stoic_owl,"0xA8EDb9EdA34EDE201B80D7e47041C9306d76e829","stoic_owl","","2026-09-04T21:20:07.000Z"
stoicstorm,"0xc709d889C232FeA5729F42A16bcA781A757f4281","stoicstorm","","2026-09-04T21:19:09.000Z"
stonestar66,"0xdf3b5462Bb790898f5050d8914c81a2D2E8F2D2F","stonestar66","","2026-09-04T21:15:37.000Z"
storm_ari,"0xBa6Ed952Bb07D60292cF6E8e5E044870F05f2aA3","storm_ari","","2026-09-04T21:19:18.000Z"
stormcaptain,"0x2a97D99070799377a2B79d6eD05dfA585620CDe3","stormcaptain","","2026-09-04T21:18:22.000Z"
stranger3,"0x3635A82Bb4fCCFA5ADB4014Fb5F935b2F9C7CEC8","stranger3","","2026-09-04T21:21:33.000Z"
striker,"0x3c37002C7C597e307C5b7DD40b87F07B3A735566","striker","","2026-09-04T21:20:46.000Z"
strongjulissa13,"0x7d54f8c3b30acE423E542e4d7759cFD6492248FA","strongjulissa13","","2026-09-04T21:14:55.000Z"
strwr,"0xeD6bD6fC48D31F31fcDE2Ebb584f96Fa8B1934A0","strwr","","2026-09-04T21:15:26.000Z"
stucksmore,"0x00e24C0aD06A62bd9b44d656C53e51850898c000","stucksmore","","2026-09-04T18:28:03.977Z"
suad05w3,"0x87E089Cc1a8579fA0A48623F005656a6d04C934d","suad05w3","","2026-09-04T14:46:24.257Z"
suandyy,"0x126C006C2f1A669af9eE55abB245f361B8ddC395","suandyy","","2026-09-04T21:16:03.000Z"
suarez1980,"0x7b8C3297343fd58776a76A78C85eb9C68f1d1800","suarez1980","","2026-09-04T21:14:04.000Z"
subandhab69,"0x11F71D7c64e224bDb77AFe468A6aaEa238c6eB95","subandhab69","","2026-09-04T21:18:55.000Z"
subhadeep21,"0x728dd996FDaEfB06d816ff1f3Fe02C46F2dD7E3D","subhadeep21","","2026-09-04T21:16:02.000Z"
suchitra,"0xA5D1A5028f3267a422E092Ad836503a3CeE48321","suchitra","","2026-09-04T21:19:07.000Z"
sugartop,"0x5A9356D87788DaC45758Ae2BD0026144E75a70e9","sugartop","","2026-09-04T21:15:49.000Z"
suhasdasari,"0xE0Df884352743E9d891B059aa2168C0675e62bB3","suhasdasari","","2026-09-04T21:18:02.000Z"
suicrypto,"0x77A479B83b0aD2D24FbD3e4882f27856Ab78635A","suicrypto","","2026-09-04T21:21:36.000Z"
suksesor,"0x4e2b4E58CeeD9FeA41f9BbdE032c46Da0Ffd987D","suksesor","","2026-09-04T21:20:04.000Z"
summing,"0xFcD70EcC56029481ea7ad91253033F2C0ED2eE21","summing","","2026-09-04T21:20:09.000Z"
sumonaaha,"0x50b78a506D44396Bf66232d23cC86784C18EbAbd","sumonaaha","","2026-09-04T21:16:15.000Z"
sumonrana12,"0x9a195aDA090F05362C20bff5b537cfB3BaDaE4b0","sumonrana12","","2026-09-04T21:21:26.000Z"
sun321,"0x1df6320eb095931375AFf7e613E1cc8a7c9156B4","sun321","","2026-09-04T21:14:19.000Z"
sunbeam,"0xa1021709eE991EC9E1E874BC4C64D81dbc0f9963","sunbeam","","2026-09-04T21:15:43.000Z"
sunil_khudiwal,"0x17Cb9952De80Dba5305269036C460f3450636ba1","sunil_khudiwal","","2026-09-04T14:26:44.087Z"
sunny2001,"0xC179dBcC9dB7B8F757110236a35F6d40E58c4a50","sunny2001","","2026-09-04T21:14:50.000Z"
sunny_vale001,"0xE815FFff74a559398C1Bc2EdD28FD05fc94985a1","sunny_vale001","","2026-09-04T21:18:16.000Z"
sunrise868,"0x48740344E6c07d182AeADAAe48454890DDD5d14c","sunrise868","","2026-09-04T21:19:33.000Z"
superchrome,"0x420A19bff7870cBc22CA5977C950c4aD7E9e061d","superchrome","","2026-09-04T21:18:08.000Z"
superdf,"0x76F079BCE2286e8C7aD98FB11E0e70B7400e9136","superdf","","2026-09-04T21:15:50.000Z"
superiorsats,"0x2e49Fdc107befE0715841D681912080493651B6E","superiorsats","","2026-09-04T22:27:44.134Z"
supernaire,"0xd7711cE875a7E75922A80f9214795fC84C915673","supernaire","","2026-09-04T21:18:52.000Z"
superstats,"0x357A08f1D6c0F20C034F7D87321d7c7e810F786A","superstats","","2026-09-04T21:19:32.000Z"
suqiguai,"0xd5fa9f7EBE532EC8142755C3b7301f94C1e62DA5","suqiguai","","2026-09-04T21:14:41.000Z"
suresh2786,"0xCA5075D80FAe4110BC01D7f0e607F13401Fe79B1","suresh2786","","2026-09-04T21:19:15.000Z"
sureshr9,"0x7D5485B10251Dae8D455E42F3cFe664c247a9151","sureshr9","","2026-09-04T21:17:21.000Z"
sureve,"0x89316437afe5c2c3AE529666F0e5E25c233d0771","sureve","","2026-09-04T21:16:58.000Z"
surjendu,"0xa24f65B352439c0956324a29F37B50A3dd0a1b50","surjendu","","2026-09-04T21:19:22.000Z"
surreptiti,"0xeBf119c5c455589fE6dDD5Bb47592D8fDf308999","surreptiti","","2026-09-04T21:17:30.000Z"
susie,"0x594E437b6dEf98325E3608eD916d3Ce2ceAFf6BD","susie","","2026-09-04T21:15:08.000Z"
suvcar,"0x3c7030397607fD4d564917730309201eAE535706","suvcar","","2026-09-04T21:18:10.000Z"
suwawan,"0xa1EfB898d3817cCfdbD11EB2685b762f3A567a11","suwawan","","2026-09-04T21:20:59.000Z"
suyeoung3,"0x20C9347ff802dED998Cd4dbb785fDd6FF8d832A8","suyeoung3","","2026-09-04T21:20:06.000Z"
svTPnNQ04FMitYfcz8BLtWmnurN2,"0x21D10dd4a6788c89519Dc81A2D9a0F0386Bf20DF","TngQun93631","","2026-09-08T16:36:58.298Z"
svczm,"0x480b89C17bE271ae4a46f194e36f247000926CD0","svczm","","2026-09-04T21:19:03.000Z"
sw123456,"0xf54474FFDeF11492c5c7eDc19dEf4AE28bFdF38C","sw123456","","2026-09-04T21:16:54.000Z"
swadugirl,"0x5fD020115b00e8795c207D65D4273CB40400bA25","swadugirl","","2026-09-04T21:21:24.000Z"
swampfox,"0x157687ebadaf56BEb316A5E9e341a36B8cB562Ac","swampfox","","2026-09-04T21:15:07.000Z"
swapn,"0xBecbA19C16883863350869C95c023237C8D16bcB","swapn","","2026-09-04T21:16:46.000Z"
swapnam,"0x543A3d56b26090c21B19Ab75c2Fa24Ebdf3A7b63","swapnam","","2026-09-04T21:19:47.000Z"
swelas,"0x991150DF61E1427D5a43bAa1cFdBb1403bA36146","swelas","","2026-09-04T21:18:11.000Z"
swift_ash,"0x57bdA252edff40d497c8a9a64336d7d9c0297561","swift_ash","","2026-09-04T21:15:49.000Z"
swift_ronin,"0xEA93fFDb5191683f4544F155284023302464Bf67","swift_ronin","","2026-09-04T21:14:16.000Z"
swift_wolf,"0xb09B789914E3994998EfF2188B82BFcAAC05E3ce","swift_wolf","","2026-09-04T21:15:12.000Z"
swiftember,"0x45feD71110f31E9E10bf4Aa5df115fA329a26CCB","swiftember","","2026-09-04T21:17:17.000Z"
swiftfalcon,"0xD6AaE89510f2a949C45dF90E6F4B92d50f4e3922","swiftfalcon","","2026-09-04T21:21:01.000Z"
swiftghost,"0x603AFB1CEe3A3FFC70174c3B47aCf9C6c5906b2e","swiftghost","","2026-09-04T21:16:35.000Z"
swimgood,"0xA06B571C7730eeDBB0cB3d05FD82e0cc7c130fF4","swimgood","","2026-09-04T21:14:53.000Z"
swtysgt,"0x73Aa7AeFD002C180fB107026715B348E7b8e18F8","swtysgt","","2026-09-04T21:16:45.000Z"
sxbt,"0x84C537b8dFC79E4FAF224918461ff4242b184680","sxbt","","2026-09-04T21:19:29.000Z"
sxin,"0x8BF202eDC2F93f6e307F87C7022Cb301eb4EEf68","sxin","","2026-09-04T21:15:28.000Z"
sycha,"0xb82fEe59321848608178ceDC1C638fD46916c6C1","sycha","","2026-09-04T21:20:54.000Z"
sychonixx,"0xcFb56900D5796C90870BEcCBFE8ad09111E5a091","sychonixx","","2026-09-04T21:20:29.000Z"
syedimran,"0x2Ea8D2BD31faAB4EF4B092A4a0BF785b38d6c849","syedimran","","2026-09-04T21:16:33.000Z"
synergy,"0xCdfc228649999d01BB12cCFa6aD7B63e5728950D","synergy","","2026-09-04T21:17:52.000Z"
syntaaa26,"0xBA47829eAFa77aD7cbA2d889747d2ccF6FD68b45","syntaaa26","","2026-09-04T21:18:43.000Z"
synwonger,"0xE07Ad706D12cB1AabEFb5E85827fc8B2baCb5257","synwonger","","2026-09-04T21:19:28.000Z"
sz8M77UJEfNrRa1SHK3OZWR3DFw2,"0x7b608574D07126a53b146E1D095f96b690f00104","ThomasGard79971","","2026-09-08T16:20:34.662Z"
t0JWGJATW1X41CxfHXABXjDSfxD3,"0x45DA6010D081Fff06Bf0814415680A116cBB5D22","DylanGustm94713","","2026-09-08T16:15:31.198Z"
t0Mi0z9bUWPEGgstyqFKTqesAYH2,"0xc65F9299EA14FA410e3A49FA074c21f493C5be01","RiverDelia48519","","2026-09-08T16:45:18.301Z"
t0qmcz52hGbg9QeXXba4MVPbuuO2,"0x4cba04547F2EB8F9D9A795131975FaE060164afb","HYn1454913","","2026-09-08T16:54:00.726Z"
t0zOB7JnZtZOq3ighxJPXsMvhtU2,"0x6D6DfB11982e2c42d56B0D610A6DF24DeF006503","JenneferZellous","","2026-09-08T15:38:03.387Z"
t15aDl08EvUVFALQE9HC4zO4Cnw1,"0x5cb73120ad854900bd4c66c889c5464db8529c38","vothaithinh102","","2026-09-04T03:44:51.127Z"
t1dori,"0x335141b6BDe09aD9f7ec98c776B88ee17aBC1e67","t1dori","","2026-09-04T21:20:49.000Z"
t1jhII21PRXFnYrq1RlLuJ4uYvh2,"0xC1Ea777Fd260c2FCe46fd13A213bE315E72Eb383","FreytasTawnya","","2026-09-08T15:37:59.013Z"
t2IIUHAW51era8dXyg9OnBAYb9g2,"0x0109E15036502472D3091245FD6f5A545728Ef04","AngelineBe84326","","2026-09-08T16:14:49.692Z"
t34rudy,"0x78c0e5038a746e473CaEdd4e640a4F669bb3bd51","t34rudy","","2026-09-04T21:16:19.000Z"
t3XPxTJxBGg18ayVUGLrls6erPd2,"0x2C53292B17C5B86564dA271EdE11BAb08c2b8c22","MeredithSa84404","","2026-09-08T16:24:08.560Z"
t4BjICeoBXOXOx1ED03u6XFZ5eJ2,"0x4Fb7649a30Eb8DfAE667a7F120a6657d1a27D13c","GateSam47409","","2026-09-08T16:20:03.171Z"
t4wG00wRGggZXtddpLBX7uv6iki2,"0x864689f6870742a98713c9A4802ADe1dDE5F0638","AlbertaPat50556","","2026-09-08T16:40:02.369Z"
t520,"0x2AB29DbC4998d9975AF9a9b9921B09C2A9534687","t520","","2026-09-04T21:16:37.000Z"
t5px54rRalTip2qbSTybaBvQMq82,"0xf2dFF566B4ecEC1a5467993837e76218310e6034","PhngLc115039","","2026-09-08T16:34:33.068Z"
t6d78tKqhHci2cHy4aAv4cewEs82,"0xdBE4aB498f1f1868a699Ab06fDB95f2c0Dc23BB3","GalbraithE12881","","2026-09-08T16:43:19.945Z"
t7M0BVSakCpQKJoDqf5xAlp1oMcG,"0xb3D8401827fC2C0b2F9155FCa4E661E528003501","WalterFlor7lwf","","2026-09-04T08:58:50.089Z"
t7shzhR1a3V8nHf0nfpeyRv6D6F2,"0x49f92a9D9ee5864ac8093E3F3f690E22d39039EE","ti58797","","2026-09-08T16:59:00.762Z"
t8K7nZFo82NoBZpDnTohfNxw0Ei1,"0xD3ef0b409b0590e1567B6753B2f8579A723a3b5F","LNam723530","","2026-09-08T16:34:05.688Z"
t8XmIo0dbiPPWTwKc5dVkAglg5q2,"0x6e14482d7B3780fFcEc6668C6c7C9dE73656cC49","nu_bars","","2026-09-08T15:37:17.441Z"
t8t0EqM71LWuMkrzs1EQ2ek2kIs2,"0x87ACd126302195385dC3e9002ccdf3a5900A7301","GAnat988","","2026-09-05T11:07:18.535Z"
tB3AcIMvHcbAEzcknJPnx5gx9ks2,"0x6A4668160F08200BEed33777aD36479694434Eb2","TravisJohn25267","","2026-09-08T16:07:22.988Z"
tB9fWELTe6RHVCo0ycnFAM3oZvo2,"0x3e8f3c383DF75410018E1275a844f466Df1cD975","TrnNgc154798","","2026-09-08T16:39:27.961Z"
tCW0jchzYqUqRMmitRwNj0gRzKI2,"0xbC8958a5C45D2801b79f82b71D8176E9104927D8","JillianAma88820","","2026-09-08T16:21:45.049Z"
tDmdTpf0ptSHT39NgPDCNzH792z2,"0x275efec3C5923E5c5d12789E3a15a620fdE661fC","SydelWentw84378","","2026-09-08T16:39:31.077Z"
tFOM46rHKgN9YlNHqv19IicXOKK2,"0xC6918741471A278ab93FbdE809bfCF30AA1b11F6","paijosakti92","","2026-09-07T11:49:50.355Z"
tGAfvPyokSTjHm7VlpDS3HLEfUk1,"0xa9D10D716295622806cD7B06417b617cFB7055aA","HickPippa5537","","2026-09-08T16:27:02.900Z"
tHkXvLQBnaZBiL2EJ0WOhQEEd8S2,"0x92Bd50dad99D389F8881e2193E34b98b830cDD40","hanh_phung6065","","2026-09-08T17:05:18.142Z"
tIKgiXnrnMOrMKjpoeHVi8OAYhZ2,"0x67C3c027576B5f5144e9718468aD255AEf734568","AllisonSyb11325","","2026-09-08T17:05:47.116Z"
tJ0lA0JFlibeYrUttQPldRS53fF3,"0x5Cb4fB847Cfe405ad22c071D4b6287FE3A280e67","samuel_fin81842","","2026-09-08T16:47:19.335Z"
tJdAmHDXboYVd9ZESnl06ShXFli2,"0xae3bF31f8e4Ab759cd53aFF3De0c76701319B550","JoNelson16641","","2026-09-08T15:40:34.247Z"
tLdEO7LJZwS7DAd7i1YT24a90Bg2,"0x24079A4D3BfEb4D784c3bECBB534659CbaD1de22","BootmanAnd41139","","2026-09-08T16:21:42.191Z"
tLwWICmHK7ceCWNinovixLG8VeE2,"0x79BdCE0CE0BD95156687ac8Fc020f1044d4dC4a6","AnaPorter48699","","2026-09-08T16:16:11.551Z"
tMOu3dlZ5oV7Lul1rDDkhXRAPRF2,"0xE1d196B9b82B0eE342A882E40672fC614a7095A7","HongThin1347001","","2026-09-08T17:04:55.670Z"
tNqdXCRT2dZM8slJyIshdYViY7a2,"0x3Ddf524c7203aaCd2487Ee1652DcEaE064A78Aa8","SamWhite695387","","2026-09-08T16:05:30.067Z"
tOR4gjF7XNW7za89yqHROMl3rPk2,"0xc87fa3f312EDbc23A72C4eed99324FbCB2434EaD","CristianoM16061","","2026-09-08T16:45:51.916Z"
tOfUjegrbmSfoTmpqffNDO7FAqB2,"0xE0bdcdCD0edE2Ec4Db617511c805699E2ca0B078","onPhngKhan4073","","2026-09-08T17:09:09.988Z"
tP5JRg9QGiNcTRaY3qPcRopniVz1,"0x9977ef1165b22ee5994956cf8bc8bd77ebff24b4","Reyy_Key","","2026-09-04T05:53:43.458Z"
tQ2pMYng31gUek7xI5e4dRYetAM2,"0x2a0e62Db782Ffc8A1dFcBaB38a95EBb2aa9b96B6","VLong23567","","2026-09-08T16:38:06.303Z"
tQkQeXittEUnIdS2fQMFb7QIdX23,"0x7145037ba11FB3fB59480111B670D0CfD4450035","cao_toan91753","","2026-09-08T16:43:57.414Z"
tQmagk5a7Jf9Jo5rQkXs17bplWx2,"0x69118ee16731298ea569e89a2a235dfab87caaca","su786e","","2026-09-07T19:34:39.943Z"
tRrxqXrCAgaPSAEN0WUb1l9bItE2,"0x8759F697080E8d8B0d352Ec138c99776222278B6","HollandH81776","","2026-09-08T16:32:44.703Z"
tTtrHV8LK3WsyhwwY3Yx0HGkLtg2,"0x8E987e77FaFb8ff8F03d23C78abDfA12b9B0153C","BachHuy29351","","2026-09-08T16:32:08.236Z"
tUFsfykEwZQHUZ1EPv8P60eVtU52,"0x50B10d8000515cFDE6E709Eb96F1B2862a1e8143","AlfredYoun44282","","2026-09-08T16:16:43.659Z"
tUGXuzoZlyPwaQtUypQh3nZwX6m1,"0x90300aa8014F1f5D5c0F236DB2b0E3ee303f7f22","IngridSeli79443","","2026-09-08T16:44:42.042Z"
tVfdbT3bhPcZdZuw56WPHEVqflJ2,"0x92d5884261378da9d01835bdd95b49f256ea3869","Blackbot31","","2026-09-07T09:53:54.758Z"
tZeOcrq4GmOPExmcCrTgvhwbdI73,"0xa8822d3EFAD193D17751027CB6cb7869286277df","JohnNelson77937","","2026-09-08T16:12:05.434Z"
tZoov7J9dBQ8rVDbhghxY1srk7y2,"0x3C7d9e33DCeb8852e8Bf5110670b4640061Fe513","fran73129","","2026-09-08T16:54:29.453Z"
t_huong,"0xb2b0780A5ea8e6BaB710f8D3618cb7997cef6212","t_huong","","2026-09-04T21:20:11.000Z"
ta2funk,"0xF8c7Bd04F1986f5C94665bC609fB981BE367972a","ta2funk","","2026-09-04T21:31:42.304Z"
tadipura,"0xF9c9a0aAc94149C6C02645cf28059ec011b12170","tadipura","","2026-09-04T21:16:28.000Z"
tahawen,"0x9673920b8dfe2db6f643454e5a64c888fee78a84","tahawen","","2026-09-04T14:04:39.148Z"
tahosa,"0xE02870a6efb58dB8C9a325FD02a76D064A58c075","tahosa","","2026-09-04T21:18:36.000Z"
tahsini,"0x2679943B8c0F080595Bb6eBa85aa83040E779209","tahsini","","2026-09-04T21:20:45.000Z"
taihen,"0xD34309DEb4c92931A699aB32cEA41596499720B4","taihen","","2026-09-04T21:18:23.000Z"
taikhoan88,"0x99AEeC6271C444C9864d43E3B27b77e548d00D01","taikhoan88","","2026-09-04T21:20:51.000Z"
taka4649,"0x9B1FCB9C2Fdd129353dbB898fdEBc79D323E5f60","taka4649","","2026-09-04T21:17:42.000Z"
take1214,"0x3E19D6E5fDE0C285fFFe32A0b7ACA5EF44fC912A","take1214","","2026-09-04T21:17:14.000Z"
takemaru,"0x6b995F639aeb43215779A58f2AD658Aa9b7333e9","takemaru","","2026-09-04T21:17:59.000Z"
takeshi19843,"0xe7dDA52761560355C323BF78EF4Bb9F9F052A74C","takeshi19843","","2026-09-04T21:17:43.000Z"
takgeo21,"0xA7f8B51f3D74fe48F158374d939c761e954bF538","takgeo21","","2026-09-04T21:15:25.000Z"
taki_crypto,"0x3bC009854d7d0146cc1b9E01943234A2Ba325048","taki_crypto","","2026-09-04T21:19:54.000Z"
talama,"0x9CAdfFF9D2aA029e7eB296A8390f16f73320D1cf","talama","","2026-09-04T21:17:07.000Z"
taliatalia,"0x91A74F0733e6169294D0401E56B44736fBFcAdad","taliatalia","","2026-09-04T21:21:07.000Z"
tamepanther,"0x90e926e40878EE6B8A5461C94deF21C64D7F2449","tamepanther","","2026-09-04T21:15:08.000Z"
tamerelic,"0xa51Ff5E5a9C5F8b802999A8CB02b98b96df06503","tamerelic","","2026-09-04T21:16:08.000Z"
tameryus,"0x614aE893bF11Fd8F0a9D2e6CfD3f0FD677126DE0","tameryus","","2026-09-04T21:16:52.000Z"
tamluu,"0xB017896D661f99887b9941a05038BfdeAaae544f","tamluu","","2026-09-04T21:14:08.000Z"
tammo,"0x3c479694ba952Ef358DA89bCa141524Ec1913e51","tammo","","2026-09-04T21:15:56.000Z"
tanabota,"0x38119A6084b4518d10A01bD5864510F827092410","tanabota","","2026-09-04T21:16:54.000Z"
tanakam31023,"0xB006799D8108C1418A52FE3435637F250810d7D7","tanakam31023","","2026-09-04T21:18:36.000Z"
tanakayo,"0xC9939EF56D3b67e82AdBCEd35B4519E1C7E3854f","tanakayo","","2026-09-04T21:21:19.000Z"
tanatheurs,"0x0F8be7e3620FA9D635d9e22aB2695334cA187c4E","tanatheurs","","2026-09-04T21:14:15.000Z"
tanbir51,"0x6fCEBF343bC898A04b44c63201816017251c08F5","tanbir51","","2026-09-04T21:20:36.000Z"
tanmoypc,"0xf7B47E60B1C77c24344c70316e8B8a5ee8a6A4dB","tanmoypc","","2026-09-04T21:18:56.000Z"
tanxiz,"0xEC58b311291c1437F5f8F6D6fB70A1DFa6e4d715","tanxiz","","2026-09-04T21:19:06.000Z"
tanzilk,"0x8642E4b923481F1b5Ec1c5C858B593D5494Ef1A8","tanzilk","","2026-09-04T21:21:06.000Z"
tapenomh,"0x8bE6E9030D5aF6Af2b4189d29473a639D786FD5a","tapenomh","","2026-09-04T21:14:51.000Z"
tar_an,"0xb5F1059bc0014120Da2b664eB3a2A1816b51edF8","tar_an","","2026-09-04T21:20:06.000Z"
tareq1981,"0xFf1de4244D6B255A69F885a90a995CC165F48Fc0","tareq1981","","2026-09-04T21:19:06.000Z"
tarev,"0x23C89eBE6B6785CF8EbaAd3277744d84Cc57A4F7","tarev","","2026-09-04T21:16:09.000Z"
tarivan2706,"0x255F73cE38a3f50d2A44c8d548Ad76Ba1AD61DCd","tarivan2706","","2026-09-05T05:59:05.338Z"
tashib,"0x75f02A35bdcE4830BaEd7cd91b5b704c56aECEC7","tashib","","2026-09-04T21:17:18.000Z"
tatarin,"0xAE0C7FbEBAFc92ca81a25456Ecbc622562722cbb","tatarin","","2026-09-04T21:20:59.000Z"
tate_prophet,"0xcDe950e6A0e4726Cc53269e35373C76916c0A989","tate_prophet","","2026-09-04T21:19:02.000Z"
tatehunter,"0x8552A6e327096579773500ffeDCD372D4b3C2406","tatehunter","","2026-09-04T21:14:45.000Z"
tatemonk,"0xc5fcc34409F63F65536735Ad0e06D68C60B8819B","tatemonk","","2026-09-04T21:14:20.000Z"
taufeeq,"0x0D76207D49A8a9A96C37eE45454ca9112ebf1378","taufeeq","","2026-09-04T21:17:26.000Z"
taurus_17m,"0x2b5D3739A51d37Bb889F5253B96A772959044995","taurus_17m","","2026-09-04T21:17:06.000Z"
tawgaw22,"0xae4d19FD5B38CdE181a7f41a5822bc21525F4d57","tawgaw22","","2026-09-04T21:20:15.000Z"
tayfuni,"0x550850D7D479E2a31E149dD1831F1258F697905b","tayfuni","","2026-09-04T21:19:11.000Z"
tbinh,"0xA8C0682a3341e03127e9C724b5De0dC48eF8F9c0","tbinh","","2026-09-04T21:17:43.000Z"
tbzmMOaIAGcW0VHKHNAQYVjReCC2,"0x2fd1e07A73D646174aF302096306ED16fF79822D","TrHn745802","","2026-09-08T16:47:20.906Z"
tcJTaJQwhkZnMcwEp6Ky7akZYQI3,"0xde87E9A17C6282925bC79D58f62cDE3a79873441","HerbertPer18743","","2026-09-08T15:40:06.884Z"
tclapadp115,"0x5b756De60713D79FD3F5d0270c29F243F953a4Fb","tclapadp115","","2026-09-04T21:18:46.000Z"
tcnE7Lij7iWdYymwtpSBL4ARM1C3,"0xfdcbfC1Fd1b4814a1185a579CbCe2647Efb2eCbC","KevinBaker16618","","2026-09-05T09:44:26.968Z"
tcommon,"0x3e5Cbfb244B1a835c7B471c7549da21120eDa447","tcommon","","2026-09-04T21:16:32.000Z"
tdungt1505,"0x2215cd48D0492039022CFb455a907422C6580eDF","tdungt1505","","2026-09-04T21:20:14.000Z"
teG5DOU6aVNXWUNTISHUVOKEAct2,"0x958D35719e65C602A217420AF0B707A3C87559a2","SLester46934","","2026-09-08T16:48:40.555Z"
tea1,"0x48251f232Bc7FF77e777Ca5D4a72e41e746fE88F","tea1","","2026-09-04T21:20:31.000Z"
teafield,"0x4f3e701EC2a6807616067425Fc1E4D652f3ec75B","teafield","","2026-09-04T21:18:38.000Z"
teamgod,"0x36F18fd40567bda4a97815E19486511B61762F06","teamgod","","2026-09-04T21:14:31.000Z"
tebh,"0xB84380B618f9d6A3CDff9392dDEea89b8bc0a036","tebh","","2026-09-04T21:14:33.000Z"
teguharifiant,"0x36CcB394Ba2e0dd85d6805c772ae90d3a66fA8E4","teguharifiant","","2026-09-04T21:15:53.000Z"
tehangek,"0x4757Bdb4F6B3dcc565ce6E5950dbB3835D2dDE13","tehangek","","2026-09-04T21:14:57.000Z"
tehbotl7772,"0x0E9077AbA4a52b30b8B2D346e8058C95475c84CC","tehbotl7772","","2026-09-04T16:10:59.000Z"
teiteitei,"0x8fa25c4282c2F837982374d8DA569370c0e13dE8","teiteitei","","2026-09-04T21:16:48.000Z"
tempest55,"0x230Fa18bEf5412C27053569ae13DD8EB161d9289","tempest55","","2026-09-04T21:21:11.000Z"
tenderpoison,"0xACC5DDAc3da47C686b69954B682DC6508C76f90E","tenderpoison","","2026-09-04T21:21:03.000Z"
tenngg,"0x6af3CFDF88BaC719c8C9b77FC7b3AB344e41881a","tenngg","","2026-09-04T21:18:08.000Z"
tenor,"0x3db361BC1EF96EbDe6f39614117026758eF4D86F","tenor","","2026-09-04T21:19:30.000Z"
tenorman,"0x3a4A049b086b83eFF4a57E9eaff5fcfba8305df7","tenorman","","2026-09-04T21:15:40.000Z"
terambos,"0xAFE8012bf38ea76c4B5D46B3855c30016F076A9f","terambos","","2026-09-04T21:14:02.000Z"
terumaru,"0x63c67f51cBea4Fa55d5EB95a6b954214992bC779","terumaru","","2026-09-04T21:19:20.000Z"
tesnetsatu,"0xaa2d78D1ACc75ddbc138AC2674E45A27c8Bb5a72","tesnetsatu","","2026-09-04T21:16:22.000Z"
tess_ferry,"0xde0B1a27202a0370a2188019FF164507B603A5aF","tess_ferry","","2026-09-04T21:17:20.000Z"
tessknight,"0xCcBc704A32D8E737EeAB594636d7eC1218d2C4f0","tessknight","","2026-09-04T21:14:07.000Z"
tessmist,"0xCcf920A113E37c909Fa2cF1596a184a8F44E06C7","tessmist","","2026-09-04T21:21:18.000Z"
testo69,"0x3A744a0b8894ba2bF796E90a2CE45328ddED1fD9","testo69","","2026-09-04T21:15:22.000Z"
tezuA07ZOSIWPNa4t2pqCsp6Ar27,"0x6B1E20c3130713b9243FdBdf5a6124d21c331a4E","AlexanderP68sc","","2026-09-04T08:59:35.664Z"
tflo,"0xBA42E0dEF6bBDf8031EE92B9001CC3d23a27eAf7","tflo","","2026-09-04T21:20:24.000Z"
thakurhouse__,"0x0Ed42003A8b2313f8a93B2641aB9d90B1630e3b0","thakurhouse__","","2026-09-04T21:19:52.000Z"
thambui,"0xe587202a27bbF4B653bf560B92704E260e19D8d0","thambui","","2026-09-04T21:16:46.000Z"
thangleo,"0x48D43ea87EC8F1E7734164b26dAbE0481b9dDd9a","thangleo","","2026-09-04T21:16:23.000Z"
thanh64658279,"0xF5B9DBbC0FA8121722f84A410f279A185a011E5f","thanh64658279","","2026-09-04T21:16:29.000Z"
thanhdoan,"0x000F91cc7ca12f7c82Ff39693328DD465a98B512","thanhdoan","","2026-09-04T21:19:58.000Z"
thanhho1,"0xe5CBa155C4E7dF27F01100ef81F1C1C7F4b48357","thanhho1","","2026-09-04T21:17:24.000Z"
thanhnc,"0xCc25A10C8C28037AEFBbDA88Cc318310dE4E2E24","thanhnc","","2026-09-04T21:21:07.000Z"
thanhttadp,"0xe5c2A8680C6C81244FEFB49E7E32f07B7cF421f4","thanhttadp","","2026-09-04T21:19:24.000Z"
thao2,"0x388CaE1691CE061f0Fc4fDda226cd537dd5EC15d","thao2","","2026-09-04T21:16:56.000Z"
thao3,"0xdF94a3b3A2b26B36Fbb48B129e7947E1Dd6B47F3","thao3","","2026-09-04T21:14:46.000Z"
thatguy24,"0xf253d2816508E864622808E735eABfBb2571c582","thatguy24","","2026-09-04T21:21:32.000Z"
the_anchor,"0x1091b727ff764B71809Dc69f16908Be7f1b5912f","the_anchor","","2026-09-04T21:14:45.000Z"
the_ash,"0xF3Ed21140bDF0170B6FCc6B3100e19f2E1459eFA","the_ash","","2026-09-04T21:21:38.000Z"
the_bard,"0x0637dA5221dc8Ed098E33d3EA7F5bc71bbEC2953","the_bard","","2026-09-04T21:20:00.000Z"
the_baron,"0x5559404F82F8476BD16f47B745D5F871D02D5575","the_baron","","2026-09-04T21:21:28.000Z"
the_bear,"0x12534748E77739f5F1e23eeF5D49E755B4D7Ac09","the_bear","","2026-09-04T21:21:26.000Z"
the_blade,"0x8b4075B79F7B1d3820fc9F508Db595df273C8d59","the_blade","","2026-09-04T21:15:40.000Z"
the_captain,"0xAf31D7f8ee8E2711950F00c281E1C56fB2C3d656","the_captain","","2026-09-04T21:18:17.000Z"
the_comet,"0xFC92332982B3dF044BB6C771c0112a0D84c7F24E","the_comet","","2026-09-04T21:16:01.000Z"
the_compass,"0x7a808C39782Acb5dD9C79C9227464DD7A942Dd0C","the_compass","","2026-09-04T21:17:03.000Z"
the_dusk,"0x017AC4a537349B11286b1260687840B78cD0902D","the_dusk","","2026-09-04T21:19:44.000Z"
the_eclipse,"0x17d2641643aa5d94fEFC3e4D6f894C88a07b7C88","the_eclipse","","2026-09-04T21:19:32.000Z"
the_ember,"0x4f7608a0b614fa66311ef700864fF61e07fDCE1d","the_ember","","2026-09-04T21:18:48.000Z"
the_falcon,"0x0b71d12BB73A557A4e10fC339abc50FA6f754671","the_falcon","","2026-09-04T21:14:39.000Z"
the_fox,"0x854FCc981d9d7314D967eF01F3ecA04845f3D38A","the_fox","","2026-09-04T21:17:07.000Z"
the_frost,"0x76952df81DAcD04363438b1F904d39266D2621df","the_frost","","2026-09-04T21:14:37.000Z"
the_harbor,"0xc58874BC771767C3702A6D5E26fA165D5647f9dC","the_harbor","","2026-09-04T21:19:17.000Z"
the_hawk,"0xf1e1dF3c07aa16b9dF656DE6F095a05A68F50bA0","the_hawk","","2026-09-04T21:16:25.000Z"
the_herald,"0x0AbeFb643bB4bE145664248699ae673684D29311","the_herald","","2026-09-04T21:19:55.000Z"
the_jester,"0x958ABfEbF3A28bA2f221D4D0E37A3ED7703d2316","the_jester","","2026-09-04T21:20:12.000Z"
the_knight,"0x7B16B30327b4741A01796C75D1316D6690394a2B","the_knight","","2026-09-04T21:18:45.000Z"
the_lantern,"0x8d17AAfC6164DEb6E5FCd6FdeA35136EF6A28ff0","the_lantern","","2026-09-04T21:18:44.000Z"
the_ledger,"0x749cE99b1A0F05FfbdEaA5Ef328A1c8e3f0F7D25","the_ledger","","2026-09-04T21:16:44.000Z"
the_lion,"0x24ed9A02c222cA5894b62E7afa7A81efFb086E9c","the_lion","","2026-09-04T21:21:10.000Z"
the_moon,"0x34A4B6ee9c1911f62BfA6405988e285F97255ce1","the_moon","","2026-09-04T21:16:01.000Z"
the_oracle,"0xE1E58B5808154B4618E22fb0db5b21E522C0b60F","the_oracle","","2026-09-04T21:17:02.000Z"
the_owl,"0x552fE5b8a477628066703b84782D689d78635497","the_owl","","2026-09-04T21:21:13.000Z"
the_panther,"0xEC08cefAbAfB38E76977DeC7e7dFbB2F1D4D064e","the_panther","","2026-09-04T21:18:29.000Z"
the_phoenix,"0x400d81c949089E52D1b75585e1d28F95e1C9E416","the_phoenix","","2026-09-04T21:15:58.000Z"
the_prism,"0x08741192BE0aE353cB51273c049e4B3c872F4b9d","the_prism","","2026-09-04T21:17:29.000Z"
the_prophet,"0x973723af499Ad20bEA497a63c6c3eFc7000527bA","the_prophet","","2026-09-04T21:21:29.000Z"
the_ranger,"0xD2348E80d17B9E15B9BDC1b72Ff11bec9610c9A4","the_ranger","","2026-09-04T21:18:38.000Z"
the_raven,"0x5A4c8917b7147035d452AEf12D5FDB3ED9961616","the_raven","","2026-09-04T21:19:10.000Z"
the_relic,"0x545e72Be634F4028dF3cBe34826065480673b434","the_relic","","2026-09-04T21:16:36.000Z"
the_river,"0xDDE13ED15Ac66233dB478185a65B00b92768Cd78","the_river","","2026-09-04T21:17:29.000Z"
the_rogue,"0x292DE0cD5779B6b20E9fbDa7FBBbCd7fDa790cc2","the_rogue","","2026-09-04T21:19:56.000Z"
the_rune,"0x38650477aC3Fc1697BC7477e692B263C8F71cC4d","the_rune","","2026-09-04T21:17:22.000Z"
the_sage,"0xec44920Ed4DB20516BF82D1f97DbebA98BACAA38","the_sage","","2026-09-04T21:17:20.000Z"
the_sailor,"0x5D4F8609F32B1470aabB960344D78F6ab35Eb689","the_sailor","","2026-09-04T21:19:08.000Z"
the_samurai,"0xBABA25d736FE262f87f712b747cB95a5C9023972","the_samurai","","2026-09-04T21:16:51.000Z"
the_scholar,"0xf59F36A46098F76BB8106aa1fe9955C84105b802","the_scholar","","2026-09-04T21:14:51.000Z"
the_scribe,"0xAf5976884620160081d4E809AB87aACb25a24707","the_scribe","","2026-09-04T21:20:21.000Z"
the_signal,"0x05a2d82A7D109474404EE6BC1bd10f55d4e2EcA8","the_signal","","2026-09-04T21:20:02.000Z"
the_spear,"0x7aD60cb2DFA7688162d64D5a17dee4be346E857F","the_spear","","2026-09-04T21:15:14.000Z"
the_storm,"0x75F13514a72A7bBB03CceBF8A2423CEef2E7A988","the_storm","","2026-09-04T21:20:42.000Z"
the_vault,"0x67Bd94506C13a1f18E4542982D9203F38087C052","the_vault","","2026-09-04T21:18:24.000Z"
the_warden,"0x98AB885B5BcDe033c1965C443373ad69724EAb17","the_warden","","2026-09-04T21:21:09.000Z"
the_wave,"0x5FCEb0ac1076eed7212F6aeF302b4c60946393B0","the_wave","","2026-09-04T21:15:06.000Z"
the_witch,"0xe0483a4284aF7EA90A39008335fc594d6d40AC22","the_witch","","2026-09-04T21:20:34.000Z"
the_wraith,"0xbf5aB9D6ee8f1eee5da420719d2c89dabC96F4Bc","the_wraith","","2026-09-04T21:16:40.000Z"
theali1,"0x0AfBaA4eFAD36d756827397FFE2759Ec439C11e4","theali1","","2026-09-04T21:16:23.000Z"
thear,"0xF199946739A8062844245252C44Ea8d99176BB9b","thear","","2026-09-04T21:18:08.000Z"
thebank,"0xF21d6898057fe04ECc44DbB19c9aA49E86B37201","thebank","","2026-09-04T21:19:15.000Z"
thebourne,"0x09d579E5B3a430859cc77A6c03E21f5418e9377D","thebourne","","2026-09-04T21:18:29.000Z"
thegentleman,"0xee231D586da8BF89Ecc1546E635A89944bA58e27","thegentleman","","2026-09-04T21:17:57.000Z"
thelar,"0xba5B8Ed0ef0F0D09f321D77131095d6E698c69b0","thelar","","2026-09-04T21:21:14.000Z"
thelos,"0x77Cc406789e2AdAEBC50EDD6d4704C44FeAC3B01","thelos","","2026-09-04T21:20:17.000Z"
theofficialdrl,"0x150c9ef6E08386c46e7E5e69023a03cDf4F7c595","theofficialdrl","","2026-09-04T21:14:59.000Z"
theoknight,"0x7a19d706a20E3EF80E8D8De82f18a24e954F481b","theoknight","","2026-09-04T21:18:26.000Z"
theowolf,"0x241949eCBeA4C6f7a8Dd3EEdBbc177cF67132e0B","theowolf","","2026-09-04T21:19:40.000Z"
thepanacea911,"0x1491f002CfD1841F6DB458B3fE68909DF7F2C4A3","thepanacea911","","2026-09-04T21:20:49.000Z"
thepandadroid,"0x066c1CdfF456D34f588A753302a77f4749700Af1","thepandadroid","","2026-09-04T21:20:09.000Z"
ther,"0xbb873b31B87229448984E4d6C5a4468337D11719","ther","","2026-09-04T21:20:33.000Z"
thiIXfsUshgTaKZVn78asqsSmyL2,"0xfF70a4b82AD14ee071169eE4642a7AFAA6dEB56D","NghiemDiem16669","","2026-09-08T16:25:27.452Z"
thibann,"0x3EB7219eFfC7c0016613CC7CB028C672d5456819","thibann","","2026-09-04T21:15:18.000Z"
thienhai9004,"0x6F1D1ebfeC53f93Ab63e0787c7834CBe29b12E03","thienhai9004","","2026-09-04T21:15:25.000Z"
thinhnguyen,"0xD2D46259B8306962D8e3eDa2061CF10ab90bEF11","thinhnguyen","","2026-09-04T21:20:56.000Z"
thipham020990,"0x89808ED3402FC0d48Ea5b735B455820cC0a70D66","thipham020990","","2026-09-04T21:18:06.000Z"
thoras,"0x2EC8E5531e815CCFb88186Fb669af6093D4A1667","thoras","","2026-09-04T21:18:15.000Z"
threego,"0xD57F28447abAc33A127B42A584b41C4f6a195796","threego","","2026-09-04T21:16:37.000Z"
thristov,"0x515051A3707A995EB9F4930BBE649ABe2387E452","thristov","","2026-09-04T21:21:11.000Z"
thtblack,"0x5257cC93AB6E45ce657F9CF797Cdb51cd4Abb0b1","thtblack","","2026-09-04T21:15:04.000Z"
thu10axUCFgr9ypnlpaJ71om8cW2,"0x411C4C467D0a6684c0e5a10d06b4cFf3443203E8","EHailey10421","","2026-09-08T15:43:55.700Z"
thu2k,"0xF95f9906Cb4b730D138bd1170E7a28Db0bB8c5dB","thu2k","","2026-09-04T21:15:38.000Z"
thuan2,"0x8fC74C9059dF5BB596A238Bd73880486e9cBc408","thuan2","","2026-09-04T21:17:52.000Z"
thuank,"0xe1B03622c4065443dE6651B1416e6ba44DcD48ee","thuank","","2026-09-04T21:17:55.000Z"
thuseven,"0x34e20D65bD3E3EAef87EBd37a17C6dd094472942","thuseven","","2026-09-04T21:15:28.000Z"
thuyduong12,"0x9E8c955C3C1EBf4ACD6A95c04CfbC11498700415","thuyduong12","","2026-09-04T21:15:35.000Z"
thuylinh25598,"0x7643fD23C6cE6025Ed39A769Ef7D8D53EeEFF0d7","thuylinh25598","","2026-09-04T21:18:41.000Z"
tian563,"0xA098fd70a66527387E6e6f548A34790305EF54A7","tian563","","2026-09-04T21:14:05.000Z"
tian_tian,"0x56B5B3af160b253d000Da9E09094698647392aA8","tian_tian","","2026-09-04T21:16:48.000Z"
tianchen,"0xba0C5d34785D450C9D59Adef7d9D5E5F6A3e77Ef","tianchen","","2026-09-04T21:15:16.000Z"
tiara,"0xaF4e7a88d3346254b7042564Fcb307cAF46fAe60","tiara","","2026-09-04T21:17:17.000Z"
tibaeunila,"0xa36815adea583ac380f68413843dbc35b6842e8e","tibaeunila","","2026-09-05T05:58:55.644Z"
tibia74,"0x213b3F35affa8347d092Ad2309195f249fcE1a21","tibia74","","2026-09-04T21:14:59.000Z"
tidestar,"0x088333326Dc7c738973c7c24013E2140460236b4","tidestar","","2026-09-04T21:18:23.000Z"
tienkythuatso,"0x4be5dA37274865a5Dac31C549edB9b6D5071e71A","tienkythuatso","","2026-09-04T21:15:22.000Z"
tiens,"0xD9e8f9323373cb36CF28B6d80eA11F215056eF94","tiens","","2026-09-04T21:16:19.000Z"
tientran,"0xfbC7c1D63D585Fe615d4B5d63d56085b40714dDD","tientran","","2026-09-04T21:15:07.000Z"
tienzzzz,"0x55E109d43913e1498cC844f6734E1552308af79b","tienzzzz","","2026-09-04T21:18:24.000Z"
tieuhuannhi2021,"0xc8cf09E863DFF7eA664AE85298231DE7d302a583","tieuhuannhi2021","","2026-09-04T21:21:06.000Z"
tigerknight,"0xb4de36476aD73bf7Bd4e775D6a6b33A6B20c7F66","tigerknight","","2026-09-04T21:21:12.000Z"
tigerwars1,"0xef1C3859668C7Ba64D8E65E03D64f3576B3b3932","tigerwars1","","2026-09-04T21:18:52.000Z"
tigre103174,"0x01328e82Fbc87D90fcfE7EE3a7932a6Da3148f5B","tigre103174","","2026-09-04T21:16:32.246Z"
tigreal007,"0x3794a1f980646bb44ffd38af1beed29c6abc6b97","tigreal007","","2026-09-04T17:10:29.365Z"
tihy,"0x2F9D6Be5359eFd3dE701C64623eA0057F868244F","tihy","","2026-09-04T21:16:15.000Z"
timbozz,"0x44c1414fc35dE077e4444427B994585861e5f1e6","timbozz","","2026-09-04T21:17:32.000Z"
timi,"0x8fFeeDec60a33095de3DC83D016AfB11f7fa9DeB","timi","","2026-09-04T21:20:26.000Z"
tistheiassou,"0xBD6Ecf9672B140f59F4688eE94E2ED07Fd57812E","tistheiassou","","2026-09-04T21:18:32.000Z"
titapspta,"0xf7aD6DF5052BcbD85E0A38f1Fae3575d3B039107","titapspta","","2026-09-04T21:20:16.000Z"
tjRbhzxNNJhNf5Ifa9Ih1jtfdzi1,"0xE618D9158Ced653b85bf95f61fE6139148456405","FannyM82831","","2026-09-08T16:18:24.239Z"
tjWmg2kvQOgijouPfF0tOPKuVz53,"0xDd963506f4F432cAC460ddd82c3E6C7C6c7dc31c","StephenDav30917","","2026-09-08T16:25:23.150Z"
tjhae,"0xF96a9Bc538A3E18d688AB92b1D312709D9513E44","tjhae","","2026-09-04T21:17:46.000Z"
tlthtm,"0x63643298b0A9746b10aaD9059348542A6f206bCf","tlthtm","","2026-09-04T21:21:23.000Z"
tmJCPYai0OTqRlZYNEy1FIH2Z883,"0xC8FD3B3805fe90fa9f943490DEfb4EFba53ac57f","GabrielleS7536","","2026-09-08T16:47:51.389Z"
tmchienadp312,"0x319565e8005798C992F6fe5fE04dB524d6fb5CC0","tmchienadp312","","2026-09-04T21:17:50.000Z"
toCHE9Wq7BelvoMT4dL0l04peK62,"0x15987b05c9D4499B89a671e16F04161fE02678F1","BessieTorr40278","","2026-09-08T15:42:51.116Z"
to_krus,"0xA13F45cfE7C2250bfCd997625F37fd770A5233B2","to_krus","","2026-09-04T17:42:56.335Z"
tobywang,"0x275E70d7b6c93c1E457e6e7ECF1B0EB6bC93Fe74","tobywang","","2026-09-04T21:15:30.000Z"
tolea,"0x397a76Fe9Bc5a0c0D6f4d24401e35cb664895451","tolea","","2026-09-04T21:14:03.000Z"
tom1501,"0x244E83Ddc85CFa7839381C7c413c2D7A4a22FC75","tom1501","","2026-09-04T21:14:22.000Z"
tomandtom,"0x5B24539333B93aeF0664039731775416A5d7dd27","tomandtom","","2026-09-04T21:20:01.000Z"
tomato,"0x91e07aA2312bf9aa11cad3cD4Dd5691dCbA77486","tomato","","2026-09-04T21:14:38.000Z"
tomdv,"0x64d6c987A07847295a52E75878ef5E81d117FfB4","tomdv","","2026-09-04T21:15:57.000Z"
tomhang39533421,"0x5A161556CbE0Fed65Ef5a76a63e2169eC2524111","tomhang39533421","","2026-09-04T21:19:44.000Z"
tomor,"0x9dc8985C48ECb7632D321f4b57540C5Eed293864","tomor","","2026-09-04T21:15:27.000Z"
tomt80s,"0xC6846d55494f75bE25a1F3E81ca7f60CB6727fc9","tomt80s","","2026-09-04T21:16:48.000Z"
tomvaleska,"0xc4BFFF49c5237f14aE86461DEEF4e2B12E92A478","tomvaleska","","2026-09-04T21:16:28.000Z"
toni421,"0xfafb602E86934c06a010EAB1c0B9E81Ace2aa91f","toni421","","2026-09-04T21:20:09.000Z"
tonoprasetyo_,"0xa8d278662E40bF1817e36BF540b4aDfa5899148E","tonoprasetyo_","","1788588429926"
tony666,"0xAd249BC61b7B567724C629a8f481d8Aa8340235B","tony666","","2026-09-04T21:16:33.000Z"
tonyc,"0x0898f4CCC1293eDEE3426B3097c8024C03748f23","tonyc","","2026-09-04T21:17:59.000Z"
tonymaidou,"0x79A0A1226e0A84A419F78F8CC71A0dB170c0e4Fc","tonymaidou","","2026-09-04T21:15:13.000Z"
topfly,"0x57e8cD73B72359C005cE643A1b90c28EA2430BFD","topfly","","2026-09-04T21:16:55.000Z"
topgir,"0x45d4787ABf58d2393F3Df1Bb9E06d3265D2d96C5","topgir","","2026-09-04T21:19:39.000Z"
topmatic,"0x15bBf1d2151EFCB315723416C3c55469A12a23aF","topmatic","","2026-09-04T21:20:45.000Z"
topmike,"0xeeEF07fc6Db35a4c5D993a316F7179A4285699e6","topmike","","2026-09-04T21:16:34.000Z"
toponroy,"0x5C165024303202bb01bd9ae5722f400726820FeF","toponroy","","2026-09-04T21:18:27.000Z"
topten2,"0x1daBb7E990B1f51d024E07c14b0496F2a731dd8B","topten2","","2026-09-04T21:19:21.000Z"
toranit,"0xDCFE740A1fa7AaC47CfCDa62bcd953d643FDCcBB","toranit","","2026-09-04T21:21:35.000Z"
torif_adam,"0xD233dc0E5285e0E41Cf746158a29cf2905561722","torif_adam","","2026-09-04T21:15:53.000Z"
torion,"0x172B04e0107448EFf713459Ffc2534677C094E05","torion","","2026-09-04T21:20:36.000Z"
torres,"0x131DC73E29664B99c2C1b7A0Be98B921CdEf16e8","torres","","2026-09-04T21:14:24.000Z"
tory_bergdorf,"0x2646014472558bF134B4113d95095c953603F54f","tory_bergdorf","","2026-09-04T21:19:09.000Z"
tosspeed,"0x266B3D9FdCeEE897927DAc24eFf8BBcE9E11cf6e","tosspeed","","2026-09-04T21:16:26.000Z"
totlah,"0x133035047DA9f030240dd20E263646AA20A88142","totlah","","2026-09-04T21:17:12.000Z"
totomarusan,"0x10d3aa9998B8Fcae13f31e2D8D6E5272979A71Dd","totomarusan","","2026-09-04T21:16:45.000Z"
totose,"0x06Ae1a613dFE53cb032637Eb0666Af12E1B931e6","totose","","2026-09-04T21:17:40.000Z"
toufik2016,"0x863a2C644eE9745cF1f972C015FfCE699Dc3141d","toufik2016","","2026-09-04T21:15:20.000Z"
tp4265,"0x60AB0a399d73214e9169e9B80d67202E3F8911dC","tp4265","","2026-09-04T21:14:12.000Z"
traicodoc,"0x717a65A759a2A6C9CD0959F5dBd40A24732c7858","traicodoc","","2026-09-04T21:17:27.000Z"
tran98,"0x4dCFB24af7245770c2D0127B83c29f49dF4E8015","tran98","","2026-09-04T21:19:27.000Z"
tranbac,"0x10cfb399Bb5bBee1E698a5fd1915eE624ec52109","tranbac","","2026-09-04T21:15:59.000Z"
trangtttadp,"0x436383B9F49a7761822e9F9fb75C4b42fBF13a70","trangtttadp","","2026-09-04T21:21:26.000Z"
tranhang,"0x27FAcb4e4b4B08BE222495aD2E193741E1C86D58","tranhang","","2026-09-04T21:17:24.000Z"
tranquochuy,"0xa68D3dc2Ae1990A8d0D5ccB428F5c63a25dFACf2","tranquochuy","","2026-09-04T21:21:13.000Z"
transaction,"0x58d5596b46554391fe9FB8BC049AD76b9823A112","transaction","","2026-09-04T21:14:44.000Z"
treazure_web3,"0x552e0Cfb595a4F241847967C01D41EA12994434e","treazure_web3","","2026-09-05T00:28:01.268Z"
trekt,"0x4724e228695e4eD126F5eD8F9a3754eFaf89DACF","trekt","","2026-09-04T21:20:44.000Z"
triks13,"0x57AaAD86C6e6bBc11127F3fAF3d204de5Bc22d15","triks13","","2026-09-04T21:17:54.000Z"
trinhpnbadp,"0xA862051C98a4b4835B007b0240f9F0d588AD7dC0","trinhpnbadp","","2026-09-04T21:16:06.000Z"
triniti,"0x13430B55F1528177F5e2c0847F86f73Dbea7972c","triniti","","2026-09-04T21:19:07.000Z"
trishap,"0x5c67fe1D31Cea40241B4DE5B4F2d13c2623834c6","trishap","","2026-09-04T21:17:30.000Z"
tritonw90,"0x6E58bbB1Ea0A8fC5377618c2F3C8a1Fa24Bb42fB","tritonw90","","2026-09-04T21:19:06.000Z"
trizawsky,"0xD4AFa58796cb65897B7dE0a3eC6C55bB05531169","trizawsky","","2026-09-04T21:17:18.000Z"
trong0509,"0x9AFAa22BF63C6b84968D0b6f75F2a9FEc9378423","trong0509","","2026-09-04T21:18:30.000Z"
trung,"0x610B706c7a4F85698274E2e8052eC6995639aeBE","trung","","2026-09-04T21:16:24.000Z"
trung195,"0xb1B1cFAE0eBd856f2DBb80BB71De632d254c87A4","trung195","","2026-09-04T21:19:47.000Z"
trunggate,"0x453A64e3498C73417a47eD79349C69e649D14175","trunggate","","2026-09-04T21:18:33.000Z"
tryluck,"0xD6BbcDd9B8878ac241ab307527f0480FC1f4bE81","tryluck","","2026-09-04T21:14:04.000Z"
tsFsFSQ4lrha2onCFakoZLOdYYo2,"0x1b44c2A805A3a5d30404713Ac6A1eB7f22F52a6f","DemiNadia242393","","2026-09-08T16:24:11.328Z"
tsima,"0x18D081d30Cf5cCDa2743eA82EF9BE47069C0e993","tsima","","2026-09-04T21:15:31.000Z"
tsubasa,"0xD56D9931517f7FF77CE2bcdAE018aE16F21607d7","tsubasa","","2026-09-04T21:18:01.000Z"
tsukapanda,"0xA6Dd5260b32CA5AD4bA4135F14ec0331633D8040","tsukapanda","","2026-09-04T21:17:21.000Z"
tsunetaka,"0x443ADF03b88C860A70f80c99F48DDc93d5E99a58","tsunetaka","","2026-09-04T21:18:18.000Z"
ttgbc,"0x60798AE313492267834CD18e357D0FB8b0E2c485","ttgbc","","2026-09-04T21:14:13.000Z"
ttnhanadp,"0x1b20D71878c3Edcc94Cb9f3e672D4493F00D34F8","ttnhanadp","","2026-09-04T21:15:08.000Z"
ttt5,"0xE9c32B756EeF7a0a53f10Ef017E4a5007f8E7a8D","ttt5","","2026-09-04T21:21:09.000Z"
tttrucadp357,"0x40B34aDa7ff22C9864EE35C5dbAc663F73e45218","tttrucadp357","","2026-09-04T21:16:27.000Z"
tu11615,"0x65431e57a2f9D47980af28558CF9378210414A8f","tu11615","","2026-09-04T21:16:13.000Z"
tuczky,"0x6F42528b44c1Ec8e8e177965c0c6d227b802F8BC","tuczky","","2026-09-04T21:18:42.000Z"
tudy0828,"0xe871F5B08ef2885A38f50b12944aa0228CB53E8A","tudy0828","","2026-09-04T21:18:23.000Z"
tueDCo0DsDeputqgVBhZrne4nUH3,"0xf070ee2edf8f168903412d66ac4ed0ffaa4170ca","Brandelynr10777","","2026-09-07T14:56:17.078Z"
tugayyalinc,"0xC9d1F0C5cA939d0DdeD73Ee149d615Ea9918b8e8","tugayyalinc","","2026-09-04T21:21:26.000Z"
tuhakaren,"0x5ac332796ad3c3357a8c148e45f3f91bec18ade6","tuhakaren","","2026-09-05T05:59:12.498Z"
tujamo,"0x3B51506a2Bafc3B0ee0BbB6687B5060436912e7f","tujamo","","2026-09-04T21:17:13.000Z"
tung,"0xF33B84aC4869A37b69564B6Ba6878fFa29F1104e","tung","","2026-09-04T21:16:26.000Z"
tuyetnhi3,"0x09a6021DBC40Ba5fD2EC5cBC813a14218B78dC83","tuyetnhi3","","2026-09-04T21:19:03.000Z"
tvJf87mKsxVLpJGqZ22CxhAfFj02,"0x34e95D09B3D127B1274F8A03F5c0D74adb13c61a","RAtcheson4905","","2026-09-08T16:07:34.554Z"
tvlsun,"0x6b49ee025175E18526165b82db8981F1bFb11E42","tvlsun","","2026-09-04T21:14:14.000Z"
tvsR5L0ZJWOQrAOsZJyq6XOBFGX2,"0xB6cbD09304dCa56A074c33253869cd1993a69bf2","ammarjaved77","","2026-09-04T05:21:34.349Z"
twZZs75MajWlUjMS0hotWoaAZUN2,"0x4FCB97F4c5C31fFe01931CA82656C37f79b0F5d1","bappi649678219","","2026-09-06T19:59:31.061Z"
twelvecrypto,"0x059Ba7b4f7bEa16C8fa6acEa7e9bafBcD2e17968","twelvecrypto","","2026-09-04T21:21:20.000Z"
twetterx5,"0x65b9ad7C898D6d02dc69F91DeA954E04b5BfBa04","twetterx5","","2026-09-04T14:27:02.621Z"
twiceone,"0x3408dAe40B98aD427d319163dbB44f1ee08168e4","twiceone","","2026-09-04T21:15:09.000Z"
twintbeast,"0x1C713df237cef7350D09C33F85397343Bfcd8f6F","twintbeast","","2026-09-04T21:18:48.000Z"
txKvB1GSUfhUiV0KMyg9V9XF9nf1,"0x82f11bca496604c456619ff125328f37c6c02d6c","MINH16324","","2026-09-07T15:21:46.737Z"
txSp7UCnobRSgYrrPR8WNTsttnB2,"0x63b702950049238388cd125cd8f0207b81a4bdeb","Leyneyzhi","","2026-09-08T07:23:48.875Z"
txdIEY5GHLg4ciBbDXLpTbriMLs2,"0x227EA8dE29b5145E130aFE718B023606aa06dCd2","AarenYamam14144","","2026-09-08T16:31:04.626Z"
tyutyu6,"0xf7bd51C38607036509c057d2A36165F64929bbcC","tyutyu6","","2026-09-04T21:17:35.000Z"
tzUaZHg6PMNxDnGurub5Q6Yw10A2,"0x2c7c642e21CB7DF5da1eD6C50DA93d5Cb0605f4D","WolSam59395","","2026-09-06T19:44:13.919Z"
tzpVFukzyJbjJDc2jdFCyzVzfmm2,"0xE8D085046f56177E51A96346aCca133a7751B023","KristenRog22331","","2026-09-08T16:18:07.535Z"
tzqQaTLaLpcHOiJlVvZN8UHsNR22,"0x6Ff01d818Bf40C937255d19a9C4F7C5D9fB84aE0","ChuThi1186137","","2026-09-08T16:24:36.199Z"
u17ga1,"0xcC5290EDf6315A558f68DeCCD5F4c579009c1677","u17ga1","","2026-09-04T21:18:20.000Z"
u2jX0rHf1xgmnWsUhOBrGKtkOhm2,"0x6810ac2ef57dde5dd2f7d70aa97a0d3396a46b8a","JkRandor","","2026-09-04T12:52:16.234Z"
u3K9vQmjBQSpZ4Nx8EbDxsm4NVK2,"0x81Eff476d029f2C50e8B226c1AC9F58d0969b872","WilliamBra59050","","2026-09-08T16:16:37.716Z"
u45sTzVMRBWqk4OBYrHJzPVW0YN2,"0xfA40135EA145c574166b638eeEff63B5db9A5504","HHu1492925","","2026-09-08T16:32:58.417Z"
u5847554,"0xC50a9553Fc3b203814d80Cf03fC8b3f49782C8C8","u5847554","","2026-09-04T21:16:43.000Z"
u6WlKfRpG8bJLkonl2EVM66gxtE2,"0x4Edf7250AFf04FC3214e3FebA1e595BdEfb218d3","CamiRom83265700","","2026-09-08T16:03:34.591Z"
u6qCXb6e2HapLInw7Xzib79eNL23,"0x648C13F203D13b94F198289C6E6A08B238917d4a","EnrikaB89276","","2026-09-08T16:57:26.183Z"
u8kvyy1dkzZ95eXAqDmNU0dE5oB2,"0xB679D09C36867FA83509DcA79E8759274b251c7b","JeromeDoug82885","","2026-09-08T16:25:39.230Z"
u9YUrpOTKVa2cxsj398qhnwZMV03,"0xd8C42fc42f180A6b7241a2468F9b637f5303CdB9","PhanP45799","","2026-09-08T17:04:37.093Z"
uBHDeSUfcNU8VrcuTt59kG7CtkC2,"0xF06d6C031E34Ac868caf0C5b6745901113BEf064","audrie5371","","2026-09-08T16:14:39.912Z"
uBIXFg7IwWfUsJ5MJWmwUWkwcWj1,"0x449a7C9d506568C5f1BD68f2e003f6F260009E80","AileenShei34277","","2026-09-08T16:24:51.153Z"
uCmybWRRtIg0vnlpVYVK23hpMAw2,"0x165AbDFd42683040fD08C012a1cD73c543e7c6DC","EButler34012","","2026-09-08T16:18:31.442Z"
uDBeHXYrh7eMaWcfdiAw2dUvNgF2,"0x1A7370dCc3f1fADce5BC4024CEC45dd30aFaCAaC","PenelopaW10933","","2026-09-08T16:28:57.154Z"
uFpfzzw9XiaPjpGTqkZGPoVpWXH2,"0x405eafd61e37e459c32f5b521d966b14c8fc3a98","adri4nft","","2026-09-09T08:23:10.480Z"
uGSDlWOXvog8qW09quUJRjykQqg2,"0x3689f1D5e38a117CB41C94659809BfC5640963A3","BurkeVirgi39746","","2026-09-08T16:13:30.421Z"
uLqQYPvt79SEsGwW0Ywlzp9opSc2,"0x4CF885ab089a7F35E61C0EaF577c5eC250255160","ikouwais437386","","2026-09-08T03:39:23.659Z"
uNEYL5IPdUWimtikNjy92TjpyB93,"0x0eDF3503D8f626f0f99681a28c2BFeAfaC3E09AB","FreemanAlf5946","","2026-09-08T16:18:57.773Z"
uNrBDlfPOcNfhuSEqeUDEKSdXXs2,"0xfbA7059fC1F823143E55AA21D9Bf4EBff35DdA2d","AndiniNRrk","","2026-09-06T21:01:16.828Z"
uO4k8XoPtGOpvz6clAjmRUq6JJO2,"0x7c88c1296F6CfC8b5b8102AEd241B347e31c5611","Queencrypto16","","2026-09-06T18:05:27.806Z"
uOOCQrJ8bCYcAkAwwiNgFyTd4l73,"0x2293425D1BbFDC6c9a0942F8369f6A2372a0c610","BradshawCh79309","","2026-09-08T15:40:22.683Z"
uOzQam7AbPKiNduzpQwTJyUrG985,"0x246b9Ae6c987Cf4C1dbcd814e05658Df553afD95","natasha13nh0","","2026-09-04T08:58:02.239Z"
uPRZT6ygJLVdWRoFSw8MbGLDv8O2,"0xc3b880e31e76dEFe46014EC6E59E8F21CE911C40","TrngNam166261","","2026-09-08T17:07:15.268Z"
uPyC3tQULma4vUgNVMikQEVMwh83,"0xbfa2aFbBFC4bB9c9343A992Fac3e46070dE12B10","eraways","","2026-09-07T15:05:17.033Z"
uRmcOJckA9qoFzYveAtIUz2DQ7Dl,"0xd092F8984c3C00C8eEF7903F5235D30066A9B5f0","RoyMorrishcmj","","2026-09-04T08:59:29.040Z"
uTCSv0jsuCBoxhvP78xlTokppp48,"0x049188e8Ad31313D83000A56F21241742cf720e8","emily07tz8","","2026-09-04T08:58:10.851Z"
uTHuOSAqfmVmncZBt2qIb57OB9g2,"0xf1E9DC8793A4824AA47CD3b637B123296B16D800","RMaureen68075","","2026-09-08T16:09:44.581Z"
uULYegJCHaWejrhRFrHn4RRAixx2,"0x350dba8e828daeb4195ef329f65b354683aade34","0xDania_","","2026-09-06T18:14:52.075Z"
uVSbJSrF45V7XzzktFmbRZzKICf2,"0xF2B415273CEAc007D5344E6136DC891d982195e9","HeeTrinity56769","","2026-09-08T16:35:53.782Z"
uXxBzNUgNGNKXVkNJbgiiUMOWH92,"0x06cFe407356150899eff7e4AEeF053199Bf749B6","painter_jo11015","","2026-09-08T16:11:00.168Z"
uangin,"0x6d20862dfdb229b7fd9955763316cac43fA4E4C9","uangin","","2026-09-04T21:19:51.000Z"
ubian,"0x72b53c7A67d0FE7cA1AD480A2f04d59cDc8768DB","ubian","","2026-09-04T21:17:49.000Z"
ucbR6UU3pZRVNozrJbuf7FIU6Tx1,"0xa3B09AAF9D59206361E83FB254cf88bB7964266c","TuongManh77635","","2026-09-08T16:50:43.008Z"
udEC9qwZyMZ1q5HqGu3UZjLGYCk1,"0x2169CE20C678B1d83509B0f38732923De0d30aC1","LKien2492","","2026-09-08T16:44:52.461Z"
udav,"0xF44Be4A8d1392D18150aB5AFc56B5e77386Db061","udav","","2026-09-04T21:16:08.000Z"
ufZAkTBCz8VbOL2YrRHByhsowHI3,"0xa00C35F97aD9e14Fa3DF95F4f1798FCcC38B3f63","MarcieN31046065","","2026-09-08T15:38:31.173Z"
ugRQgw7d2uNbIdfSagxdvlKRmjy2,"0xf6437ceF310af10386690D9aFD3494B5f88b7f88","SEliza59508","","2026-09-08T16:35:59.197Z"
uhOIHRL1IJW4tE5EPTMfkL5EdjC2,"0xc922c58f6581F7E081fD23e9076d53D2CAb92bf9","AmelineBra55505","","2026-09-08T16:34:57.216Z"
uhczwtim3vbvuSBywxoNNjWGben2,"0xbd99D254d8F076847c83546a73E85d08A1A36BB8","AthenaLore35152","","2026-09-08T16:49:42.097Z"
uid0631396408,"0xcc30f390475E91b75556411d4697d9074455BB50","uid0631396408","","2026-09-04T19:01:42.904Z"
ujRAQn2mEbf9DyDh6uOfSGqm4C82,"0x847cc2902394e2b1cfd834c774ab1b84c11238a2","nurulhida","","2026-09-06T04:43:12.841Z"
uje88,"0x04285F18ACfd33d8b3f7A2D509c635619026FC39","uje88","","2026-09-04T21:14:16.000Z"
ujgwQzmgV1UKjfCm2Zb8iWHNWYj2,"0xc8e453bc818D36e75F39A73351bB98D311A263e1","LuTm290498","","2026-09-08T16:40:27.911Z"
ullu,"0x115302dd8ef2d581A223DE1908a340b61dF9a716","ullu","","2026-09-04T21:16:47.000Z"
ulti6074,"0x4F0F4Dd7B52B98ec82dE17fF028B6Bc0205Be899","ulti6074","","2026-09-04T15:12:48.457Z"
ultraleow,"0x3895AD9384BF691DAa60906c592d39a6050c55cB","ultraleow","","2026-09-04T21:14:30.000Z"
um5X0nLv4sc0KpHLvPsXBtVziEI2,"0x888a8ffe549aE0Db8BFcB5A30eA92A1c1dBb17E5","DayKatti33254","","2026-09-08T16:44:33.356Z"
umanuma,"0x53001d32F1931fa3a6Cd6Ee2BFC4e10DDA3A4692","umanuma","","2026-09-04T21:16:49.000Z"
umar116115,"0x1aD12c3d68c81752f0aa110471d8Ae080A4ea159","umar116115","","2026-09-04T21:20:42.000Z"
umberowl,"0x84909C527A1143c18d88c3f18C103413bdD267A7","umberowl","","2026-09-04T21:20:03.000Z"
umrannd8,"0x48bAa46d4C999B74bCf06FfCBff72eDc9a9f0589","umrannd8","","2026-09-05T04:56:29.976Z"
un7HKS8811beIUHFcpdR1oUe6E42,"0xc485ABf7C4E8Ed58f6De88eeB11368DbF9aBC834","KoganShantel","","2026-09-08T15:37:22.887Z"
uncleben,"0x6F26989d35089176C4E1aa7093fCF43106e8752B","uncleben","","2026-09-04T21:20:52.000Z"
underearth,"0x0114c41dD93a0B2cA35Bd561b64F3352F4d03551","underearth","","2026-09-04T21:15:46.000Z"
unga,"0x12a225A04eCE96Ec0DABf2eE6012645E16715ca5","unga","","2026-09-04T21:19:49.000Z"
ungoo,"0x1Cadb6C9b565e4699A8DD4C15DDAE897C1EebAFc","ungoo","","2026-09-04T21:15:17.000Z"
ungupasha,"0x19487d071C63793f03657F879cE2AD70272FecA5","ungupasha","","2026-09-04T21:19:53.000Z"
unisone,"0x2c9162fF7CDB1e10C7C976d1277631ECd5650640","unisone","","2026-09-04T21:17:10.000Z"
universeguild,"0xC60D411dEa90BF1843d78dbc62A60763abB46fB6","universeguild","","2026-09-04T21:20:25.000Z"
unsiii,"0xD458613C4Ae1c06FDD545c852D7aC6D183bF48D0","unsiii","","2026-09-04T21:18:21.000Z"
up,"0xb13c1F24580f1854c66c081915b02Cea65E88752","up","","2026-09-04T21:14:26.000Z"
upc6aOFQ4fRGbutwhiise6hfRWE3,"0xF64D7c48E219E94f3aC120c019B981a11B32508D","FowlerRicc72750","","2026-09-08T16:42:38.469Z"
urIV2KP7PcOtFrPMKN8Ajzvg4yv2,"0x96e4462785A31A801d0124D07Af2580738BB0AAe","AimeeGwyne40003","","2026-09-08T16:19:54.663Z"
urUkjGUNeMfDKDNETHsTYpfstFG2,"0x267Cca9d93cC1Be7d7a98cE3eaA7dfF46121Da6F","adamson_cl57602","","2026-09-08T16:22:07.568Z"
urinamila,"0x6339e9aad3bced73d696d09c0abd21cea849b19e","urinamila","","2026-09-05T05:43:16.561Z"
user0x,"0xab80b238A12D63c9AA32Fc5eFD167B5959e49EB7","user0x","","2026-09-04T21:16:41.000Z"
usfqK52Ml0S7359S5MvPo1rI9xg1,"0xa7b9e2251eb2d9Abe0eBDF4b0359171a5C5DEB09","KBargeman26228","","2026-09-08T15:40:58.559Z"
usro,"0x4Ea11E38aD6bA70C4669eAFBC92DaA7465B70B07","usro","","2026-09-04T21:17:11.000Z"
ustura,"0x7381a14A4D5dD810FfD47EBAf1E76A4dbd839F37","ustura","","2026-09-04T21:16:05.000Z"
utyio,"0xc14bE17c458b08ac55A8721c064eb1AA34CB2980","utyio","","2026-09-04T21:20:36.000Z"
uvdada2020,"0x4cE88e2Dae41169D0d9EaEfeAbAB2033565deDE0","uvdada2020","","2026-09-04T21:20:44.000Z"
uvdada5050,"0x95248aA4d6CD83fB720f489461606Ff054e3a0C5","uvdada5050","","2026-09-04T21:16:02.000Z"
uvihs,"0xb7B212B49B1d4a9bC5872c3C003aD875bde3F703","uvihs","","2026-09-04T21:14:46.000Z"
uwEnsgQnKydwYby6V4QbiUXZLRz2,"0xD8dc632013147e9B255607108ec7aaC1B543EB5b","gia_phong77930","","2026-09-08T17:00:05.272Z"
uxE6KX4Q2xgk54BXum6sGorsOLR2,"0x2a4Ddd631D589204542daAc0c9c74db6488f440B","NguyenTo51926","","2026-09-08T16:34:20.748Z"
uxUxqnCa2TSbEEaILJewzBxDxZ72,"0x0D1e68E1FF3bF435b14e19099E37c9A1D228f7AF","fields_the19436","","2026-09-08T15:43:03.201Z"
uyenuyen,"0x35acEF2E561D6C5f485B7F6236cadCFa36293cC2","uyenuyen","","2026-09-04T21:17:11.000Z"
uzunlardanemre,"0x14caB2e97706AbF0fDaeE32FED525c8fDe7706e0","uzunlardanemre","","2026-09-04T21:14:53.000Z"
v0Gt2iIAaMOk312AB0tiIyY5uYw2,"0x289d762CD6c2371DB9F62B790Fa25745987661e7","SethThomps94573","","2026-09-08T15:45:38.979Z"
v1Wy2VQYhiUAdZ4wamT7LPX4bnx2,"0x36b32F4294C758A381a79E04fb7ce9a54724f516","Rani992228391","","2026-09-06T00:56:09.016Z"
v1t4r4,"0x0fD070175aEC741369f451b005BDEf5106020b76","v1t4r4","","2026-09-04T21:17:49.000Z"
v2yphQPkhsbNNassTiM8UadFZQg2,"0x0a0680A33d7101C2CAF9F35646D4EBbd2693674C","VHng101842","","2026-09-08T16:29:28.075Z"
v3ZI7GRkkQeVPYG3ygSUSmZJlLq2,"0x9977CB634443e9ec78cfC876c4468DD618d13B8F","MandiWilki1910","","2026-09-08T16:30:43.402Z"
v3nnW2MiO5WsPRzSkp7xPu09gtX2,"0x5C8b9DD45eff191E169eb12eF86bD6f7C21C38cc","TiffanyOli2277","","2026-09-08T16:06:00.831Z"
v7cezGQ0obPn6WCkccWxAi9Wwmh2,"0x5d2FdcB1854e0B7Eba0eA3E9ffE5B5097Ce2A8E4","BrittniJim1544","","2026-09-08T17:01:10.839Z"
v8FGldcEiUXZktcm34Kr1G1vjwo1,"0xC8815F61Ed0a139BfA0534b9Bf569c082D474918","JeniBenite65816","","2026-09-08T16:15:12.012Z"
v8rprv,"0xE8F0784436Dc65E75ACF4D8f2E8344E7Ae1fb867","v8rprv","","2026-09-04T21:14:09.000Z"
v9lQPmWIVSUBRuZg0Z8K2KzcvCL2,"0x55ABDcaB172aab430d9112b356CCB6BE952359D0","Ngeteh48","","2026-09-04T10:12:19.410Z"
vAeeg1Ik6GMOMrMf9Y1tieoHOBp2,"0x2058E92844b3855A179ab1d219659c2388E3b226","GiaThin125215","","2026-09-08T17:03:43.129Z"
vDsOTmms7fN0xEWLOxgxM7KTMnr2,"0x91eC031744792B398079Be61d21Ce29140BE3bA3","ta_cao94976","","2026-09-08T16:34:23.791Z"
vF2FEqAzzZRmVXMO6oX87qhVJ152,"0xF418d847BC3f45FD9ACea5b5148750C80afACd60","ISLEA_eth","","2026-09-06T16:45:49.020Z"
vFEnGJOnbFXafs7OecRrjbhGnPF3,"0xb745a4605854cc50fc330f1c531deadd25294930","Adrian9mbr","","2026-09-06T16:27:49.112Z"
vHAlbtbiIYcV4KZNbhardBaur5c2,"0x8130FB63C2a5A03A910F86988B7D0ea215408058","DngTho272790","","2026-09-08T16:40:08.849Z"
vIN3ro1nrmXos2EhgjW5tyxTg5M2,"0x4b10d6bfE752F94a471EbB9494fB51b74388E54e","ChrisCharl693","","2026-09-08T16:33:20.178Z"
vIetToJ6DthqEqefU5CE8tzUx6t2,"0x4ae36292F1d53E399F627b4cE71A7328220C35ad","an_le28728","","2026-09-08T16:29:03.611Z"
vIz7XQXswJbOPm7VIrTDkxKSWDC2,"0xf2f47a08e8972491cc66ab7be21b4fc4a0beb6e4","Tonni11110","","2026-09-06T16:48:18.085Z"
vJM7t6QaFydJsoKeBKVbEmsnhPv2,"0xdF76be130026a693Eb3ad837B55391C229F489fb","VNh1488100","","2026-09-08T16:47:03.150Z"
vLeBxlET3tcJVnigQgsLuYzVUxw1,"0xAcB70CC70dEDC33DcAf62236EA46c1632f82Da6f","SHUVOBD_","","2026-09-04T03:33:44.868Z"
vMy2PPRUXVPYk6RMLvJXBqvzUnv1,"0x51A04a359Bd0cc4832DeffEfA154B8BBd0399501","4nx1etyyyyyy","","2026-09-04T09:42:13.837Z"
vNhtnROg4rekpVnIUl2RQGTkeUG3,"0x389AB49C5bF004C53a36F106eeDf66b2A6879847","EmiliaZya62857","","2026-09-08T16:38:51.734Z"
vNrwcYWFTAdDQ4uWkcV8Po1lv4V2,"0x730Ec89F5e6CdD185fdf3f912F932535850aBB55","ManhHao19019","","2026-09-08T16:41:47.258Z"
vVNBQxPRAMNogigb7sIcLwrp7Zh2,"0xf3F607A98CB5953321CCf1Acfd155a7fFb509BF1","SebastianB52784","","2026-09-08T16:21:51.209Z"
vYQcLsCuuhaYCG1IymQW3ILxeji2,"0x86C45ED9f3a85a7bE72399881E51EBc86316C254","MWolfe43224","","2026-09-08T16:30:30.969Z"
vZWbX1MUFgNLdozUe2H0IpuoC6F3,"0x198A55fF053349e8A871784B6fE8871fa456027F","TangT85331","","2026-09-08T16:39:50.651Z"
vaas,"0xCAAafA744ccf010d06da141e4089CAEC634963b0","vaas","","2026-09-04T21:19:22.000Z"
vacik1,"0xb45753A2586c9922833b2F13C3C3eD805E3d0D20","vacik1","","2026-09-04T21:18:21.000Z"
vagabond9x,"0xd78cf7275dD5E525302239AeF531b1C4d5577aDd","vagabond9x","","2026-09-04T21:16:32.000Z"
vahid,"0xC010812B6e196674a24717231871F95497b9e913","vahid","","2026-09-04T21:15:15.000Z"
vahiddihav,"0xE3C4bf7Ae10d08F7259cBd23e436ed4f0Ec4eef6","vahiddihav","","2026-09-04T21:19:51.000Z"
vaiio,"0xa3FbBF54dad8850B6F7ad890Df6110B18FBabd57","vaiio","","2026-09-04T21:15:28.000Z"
vaikyrie,"0x06a5635b713e0dA11c7c5351639c681Ce0c9e07D","vaikyrie","","2026-09-04T21:19:17.000Z"
vajdaj,"0xEeA1Eb3e090cFCa5Fc35daBA414e54Ac06E62ccE","vajdaj","","2026-09-04T21:18:57.000Z"
vakitsiz,"0xf357FdC99C1BBC69c11415C2c05944Da03a33587","vakitsiz","","2026-09-04T21:15:55.000Z"
valentinab,"0x152850F25f556E844CA6BBefeF13173495b973A1","valentinab","","2026-09-04T21:14:29.000Z"
valeriaanton67,"0x6F09d853D0B5FF52386435E3c9F52c01fa32fAce","valeriaanton67","","2026-09-04T21:16:00.000Z"
valf,"0x2eD72d2a3CbbA25b38dC8BC6062073852C9476C4","valf","","2026-09-04T21:18:48.000Z"
vanadij75,"0x4EeE28c76d77a88fB04221E49749B7e56E797F3E","vanadij75","","2026-09-04T21:20:57.000Z"
vanajaselvin,"0xd30C8625d84095AE7eD4AA290a00BC3ad8F3C3D5","vanajaselvin","","2026-09-04T21:14:01.000Z"
vandersen,"0x38b8bD875496c5FC96B50fbC0C9a989280a4f426","vandersen","","2026-09-04T21:16:18.000Z"
vango0302,"0x70c4294973A0Db3eAC4D42E777D15b2c97601c12","vango0302","","2026-09-04T21:18:57.000Z"
vanmadam42,"0x21368F020D2AEA6D3ED67525408234aDc771b694","vanmadam42","","2026-09-04T21:21:19.000Z"
vannam,"0xe3b4b836F1e8890C33242780c16E4Bb417cfc18E","vannam","","2026-09-04T21:15:45.000Z"
vanpresies,"0xd9c9535dBFCE4b6fEBC72D037Ad9625688C5B84a","vanpresies","","2026-09-04T21:19:03.000Z"
vantao,"0xD9dd6dBC556a0b829e4C92CB7694aee11db5C20D","vantao","","2026-09-04T21:20:37.000Z"
vanvan268,"0x33e74B08Bd484E296fB6d69F1f4bef659b15e0f0","vanvan268","","2026-09-04T21:18:45.000Z"
varyaga,"0x1d0f26beE0c3Bf3b9Ae818BF4984a202e502b9eE","varyaga","","2026-09-04T21:14:48.000Z"
vasu117,"0xfEa46aDFA5B38AFB1Bfb6963882ff109f618D301","vasu117","","2026-09-04T21:15:43.000Z"
vasyaas,"0x75996dd266b1c8f87BD1C0B0e76C399ac9DEA636","vasyaas","","2026-09-04T21:18:27.000Z"
vatnik,"0x93cf8dd26DFba6251e7a0CD3dF94cAf318cFd48F","vatnik","","2026-09-04T21:14:50.000Z"
vault_theo,"0x3c61640AD37eBEa4FD90A01F30161F7686dD19Ba","vault_theo","","2026-09-04T21:15:59.000Z"
vdMaHoknf6CYAsKwyfZ8y5POhjJL,"0x53Ec7E381B091659e8d98EF462Ac497c6169E1EC","KarenJames7zge","","2026-09-04T08:59:06.759Z"
vdXsrNC1j5R3dXwHRNWDuvBjcW32,"0x927b081d608261b180784ea4228afCDc9241ad8e","0xsinchan_","","2026-09-04T03:43:02.880Z"
vdventures,"0x2489E8424D965549dF5252aEfc1962862Dc68095","vdventures","","2026-09-04T21:19:38.000Z"
veHunzDmxrh3nf1YdLVMRvaGV373,"0xe85EeD8E06b4E2d14F037CE519d52399339dEaD3","LmAnhNam176286","","2026-09-08T17:06:45.491Z"
veeky1981,"0x117293aE8B2b18bD2BC74b3e1237BFf447693284","veeky1981","","2026-09-04T21:14:25.000Z"
vega_lion,"0x061d2dBF17944B535EA85BEF991B5668a491d6b0","vega_lion","","2026-09-04T21:16:50.000Z"
vega_signal,"0x74e334d61446Dc3Bbf1B5DA0E763572C0d67792E","vega_signal","","2026-09-04T21:17:05.000Z"
vegafrost,"0x6Af8a01a9675416E1581ae9696D6a06f19374ce2","vegafrost","","2026-09-04T21:14:10.000Z"
veleno,"0x7658CCfa566Eb9848842E514Bf17Db01bD5aF9ac","veleno","","2026-09-04T21:16:37.000Z"
velt89,"0xBaEc2cB7C0dd35DF7b4084a77D9c940933F594d8","velt89","","2026-09-04T21:18:25.000Z"
velvetsoul,"0xaEdBaFA25772557C01c87eFFe50710b8a09662e3","velvetsoul","","2026-09-04T21:17:34.000Z"
vendetta01,"0xA5Cb63b284f1BBAF108f69017d3cDD234aFD20a8","vendetta01","","2026-09-04T21:16:55.000Z"
vengeance52,"0x8f17d5A1FD8C901c68aEb1ef5e991211CbDe54B3","vengeance52","","2026-09-04T21:20:43.000Z"
vera_herald,"0xd87df6427A90dd225fE1f8284343b2407de48cD3","vera_herald","","2026-09-04T21:15:19.000Z"
veraanchor,"0xa55A6067bfC2064e77F9B01C01513516c5E0cac0","veraanchor","","2026-09-04T21:21:09.000Z"
verastar,"0xba4c55bEA9d72f5c93a307128194704848F450B0","verastar","","2026-09-04T21:16:13.000Z"
verdugo77,"0xF867658A48dE5A8443036596b09937c79C0E6848","verdugo77","","2026-09-04T21:19:18.000Z"
vergys,"0xc2237654D4874318b488122Bb2D4e403320811Aa","vergys","","2026-09-04T21:16:16.000Z"
verve,"0x3E58DB627CDe655e31053357988C085450BC6D94","verve","","2026-09-04T21:19:26.000Z"
vesta88,"0xd2a50eC652F869F171dCd168e31B3A06B12EC54f","vesta88","","2026-09-04T21:21:30.000Z"
veterok,"0xd9408618f56f3aF6aDecf549263587b2c17510DF","veterok","","2026-09-04T21:17:11.000Z"
vezdhodd,"0xa7077789434a7E68FD765018E749AaA6F6aeEc37","vezdhodd","","2026-09-04T21:19:36.000Z"
vgd7SprVuDehBoScgYoBQ0sbPzn1,"0xCD9aDcA7949b1134B5480336B12C79F3a7009EB7","MitchellGa42826","","2026-09-08T16:53:34.200Z"
vgophan,"0xA63CeBb67a91C91BddF533961E716647B1bbFa46","vgophan","","2026-09-04T21:17:46.000Z"
vhrTfZcoeQORBiMRghUhzZAI8aDC,"0x7847c7942e4dEA301f8Ae67c2e3E63F9fC124b06","judy12fo2","","2026-09-04T08:58:40.538Z"
vi8GALz22CVtgnPDnuKTn3pSGWC3,"0x0731a266197B4a27217F85299680357975e67E76","HienBa46447","","2026-09-08T16:44:27.858Z"
viQqfiQjttfkEdzfBw9NxYU9QKI2,"0x22Cd4011577Bd924942b724616624aA058dcDfa3","OliviaMorr57747","","2026-09-08T16:22:36.889Z"
vickyb,"0xADd57bc4acc46Fe6CCFC3C6e713300137e834534","vickyb","","2026-09-04T21:16:20.000Z"
vickychong,"0x4c73688dB251eDb6dDa84963139b6DC7832B3DEF","vickychong","","2026-09-04T21:16:46.000Z"
vicsee,"0x3E0d70d7cB1019cb18f465479a55589ac52313BC","vicsee","","2026-09-04T21:19:50.000Z"
victor,"0x2a654A2896cBE73863E504816b50f15206a95A28","victor","","2026-09-04T21:15:41.000Z"
victorin_ox,"0x1f0327E6724D52a76c5D59b1De48CF9ecA0D9c0e","victorin_ox","","2026-09-04T21:17:01.000Z"
victorius,"0x415C68051BAF650c25EA0E672C25d600EcA201dD","victorius","","2026-09-04T21:17:52.000Z"
victorrc,"0x6dD69F67ffF75A7b77BfE463e7C3997D6673bE7E","victorrc","","2026-09-04T21:14:58.000Z"
vidence,"0x208F7C5796B57D52634310436FDABEDA0D43a824","vidence","","2026-09-04T21:21:08.000Z"
viet,"0x6cf53fa6db628fd673f10e523badb02d901e14b1","viet","","2026-09-05T03:22:06.197Z"
vietkyc,"0x2408648223802D434D241E53456DeA51C21Cac14","vietkyc","","2026-09-04T21:14:40.000Z"
vietnam91,"0x2b141C29b5D4e44Aa25115A9ADCa55Fa32F61a3E","vietnam91","","2026-09-04T21:15:33.000Z"
vijaypatel1528,"0xC47B37CE7a5772a21c09F903923DA8cB5706844F","vijaypatel1528","","2026-09-04T21:19:14.000Z"
vijen,"0x0b13E6863d6FdaF5D17158F82A4570e199F8845e","vijen","","2026-09-04T21:14:12.000Z"
villainn16,"0xC19D4F009463c2A26c729465adf87f96a7d3b387","villainn16","","2026-09-04T21:14:37.000Z"
vimal,"0xab819b441E10BcA78bDFf00A2630f3a8fE7ef03e","vimal","","2026-09-04T21:18:15.000Z"
vineakachi,"0x69e8F3D4Db380D018F11c677FE44acB5e7f2e65c","vineakachi","","2026-09-04T21:17:08.000Z"
vinex,"0x00294534e3E1744662E2A9C158332261c78D32AA","vinex","","2026-09-04T21:16:16.000Z"
vinhben,"0x7b879E0848Ae6B1D7F7C337bC0894160C2Be52E5","vinhben","","2026-09-04T21:20:50.000Z"
violet_falcon,"0xa3d160f596FDA148c7cD1e9Ce01f018DEFe0Bf0B","violet_falcon","","2026-09-04T21:16:59.000Z"
violet_hawk,"0xEFb6AA8250185DDd8B5cb6061Df146f441AfE30e","violet_hawk","","2026-09-04T21:18:30.000Z"
violet_scribe,"0xE4e2d954C900DC5d1aBAe79b58872C71a2b9fa5B","violet_scribe","","2026-09-04T21:18:47.000Z"
violet_vault,"0xEE91EC721a6b886a374Ab474c8347f538386ae42","violet_vault","","2026-09-04T21:14:03.000Z"
violetcrow,"0xe8Ed6c7Ae7a728B1F6403b6884F97DF0535B996a","violetcrow","","2026-09-04T21:17:50.000Z"
violetdog,"0x97E94BdFDdb6dF354a3cdE401c3f9CCC7E79de0A","violetdog","","2026-09-04T21:16:06.000Z"
violethawk,"0x012d7e475F3b910b4De4bAf942FD1841c666D67F","violethawk","","2026-09-04T21:18:09.000Z"
violetlynx,"0xb60A0FDFF274d357CCEbF9Dc64F880761b66CB87","violetlynx","","2026-09-04T21:19:19.000Z"
violetraven,"0x5649548dA739233A09F9B01e86F59fd0DFD2CE8b","violetraven","","2026-09-04T21:15:36.000Z"
viop,"0x91f7FFcA0b5B281E0aC730c9a9D7a4E66c783800","viop","","2026-09-04T21:14:48.000Z"
vioty,"0xdF0fc1AF120FB460C3EcC8bFd71b1938fBa60aB4","vioty","","2026-09-04T21:21:06.000Z"
vip16,"0x3C7724228e7a8aAa48bcd69F9688dD34049a1439","vip16","","2026-09-04T21:16:28.000Z"
viper,"0xc73F8f4C174D8652A4540d594ba4d4EA9230D1E2","viper","","2026-09-04T21:18:35.000Z"
vishalpa123,"0xaB5DEee7c20A143d28a5EF2Beb0aD99a4F77eBEE","vishalpa123","","2026-09-04T19:56:29.949Z"
visionxbtc,"0x668611fcf8148930c13fc1c9c11cde5a7422c3b3","visionxbtc","","2026-09-04T17:20:02.834Z"
visud2024,"0x4af6689cec8f13126a2d9b58c323dcb74e9cd568","visud2024","","2026-09-04T15:52:01.799Z"
vitalknight,"0x04d0b3703df698e680D73DF7b78Ce3CD4D8623FC","vitalknight","","2026-09-04T21:16:57.000Z"
vitaly_k,"0x6a7bD718Af3693126f4254148a1a57d6C8216DA5","vitaly_k","","2026-09-04T21:14:32.000Z"
vitaxa,"0xC8eB79b1b83935c7A6cd26Ad8b09EB413a373f0c","vitaxa","","2026-09-04T21:15:49.000Z"
vitiutis,"0x97eE9DD0dEfE191b4Df56faa0624ADd4bF2BAd10","vitiutis","","2026-09-04T21:18:41.000Z"
vividlion,"0xEAaDb3B2b145E7F9E9E2D31A59605B9C0Cc3E0eF","vividlion","","2026-09-04T21:19:51.000Z"
vividmist,"0x25D92A65A5B7B264814E7e20310DDA4E07CD8299","vividmist","","2026-09-04T21:19:40.000Z"
vividseer,"0x52c16daF80824724a1cc86D8387108869F1f8056","vividseer","","2026-09-04T21:17:34.000Z"
vjelfain,"0xe8d8c1c188CE68072f669178c2dc7e3710C19C06","vjelfain","","2026-09-04T21:14:44.000Z"
vk911,"0x9645Cc35aAc89E4377033F832cF36f5Cc42Cf924","vk911","","2026-09-04T21:19:03.000Z"
vladik2000,"0x212E4820AF9E957607681D3b6711ede391e67C60","vladik2000","","2026-09-04T21:15:17.000Z"
vladiklord,"0x7b46702aB25Ea29047BAE0d2c5c2174C8Aa0C78d","vladiklord","","2026-09-04T21:17:27.000Z"
vlog,"0x692CDcEd694E2172033746782006252dBfBF4adf","vlog","","2026-09-04T21:16:33.000Z"
vls8YBRr0YN0VQYuKOyZtrNQJNx2,"0x2041b43F51080c92d59Dadb1480dF2a60593E6bF","LilaRichar65591","","2026-09-08T16:20:04.633Z"
vmsddb1yJ8fsPacDvKUv8DbO5Wd2,"0x17d6F993b60baa939B59790bfd2Ade94Bb56D009","navy_chris49437","","2026-09-08T16:42:05.207Z"
vnguyen,"0x6fbF71615187FB9E40dbD9A653781De6bCd9fB6f","vnguyen","","2026-09-04T21:18:22.000Z"
vo_123,"0xa4733d4D07C09F550b734Df103426A080eF5BF74","vo_123","","2026-09-04T21:14:55.000Z"
void_phoenix,"0x6D3f23A94eCDd61D540701554E19575533e884D9","void_phoenix","","2026-09-04T21:18:20.000Z"
void_pilgrim,"0xE79C5992087910ef958FB1E77080F7b9DB6aD4fe","void_pilgrim","","2026-09-04T21:19:49.000Z"
void_star,"0xe7aDf6bCF286b59A3cb0Ea6C2ff7A7EC9A57Ebb0","void_star","","2026-09-04T21:20:18.000Z"
voidhunter,"0x8160dc80dC5de7eCe517c8CA9De2252506636866","voidhunter","","2026-09-04T21:20:14.000Z"
voidmage,"0x8b08A85740F76B5F06201f28993B41f31f26E778","voidmage","","2026-09-04T21:14:31.000Z"
volcano666,"0x9E3d84D04E89421dA22a24eC0EB10aC669BE62Ee","volcano666","","2026-09-04T21:19:18.000Z"
volg_web3,"https://x.com/Haunting_Hoods/status/2095494665466237398?s=20","volg_web3","","2026-09-04T14:04:06.468Z"
volk,"0x6927911D6f47207a16adc035ed034662E122D95f","volk","","2026-09-04T21:14:47.000Z"
vonsfield,"0x4a86d41644F63FA94a3646Fc22506D87e69237bB","vonsfield","","2026-09-04T21:15:04.000Z"
vp4xPjNE3nTcPpUHWvLxFAHXXeq2,"0x41Ca6acB348177B19e80b169c515FC3DdF0A9436","KenyaPellow","","2026-09-08T15:37:45.019Z"
vpNCixvSdjdl6JitdkFXejjk7c52,"0x26A4CDa0d875cCBf972edfB28903fca96449BCd4","ThucGia31851","","2026-09-08T17:04:54.024Z"
vqfC3jYO3pfaxzZeNI0mWpsmf9O2,"0x042c3108ecf8dDaB3aeb77470d66ae8d3B799fEB","BattlesAdr75571","","2026-09-08T16:18:13.922Z"
vrLtn6PZ6AeA01tJxKJ9HEbOP013,"0xb3755862200e3963d7f75E18f2F8170c612448e9","MaiAn336804","","2026-09-08T16:41:32.353Z"
vrey,"0x5654E0b5167572412A9FdfdC4AE67FF75D8CB343","vrey","","2026-09-04T21:17:22.000Z"
vsHehm2PAQJVThA5MVGdLn8f5o9K,"0xcF6cefD30716C1351190d29b0202758b677373Af","april04yj6","","2026-09-04T08:58:18.071Z"
vuhung,"0x35363d20141aBba0f76e0BA639b214b885bbEA80","vuhung","","2026-09-04T21:20:34.000Z"
vulkan,"0xdb15c75C2F6F7253b22a471eB70F3371Ab901710","vulkan","","2026-09-04T21:20:06.000Z"
vulkan1,"0x328bc0f5886985Eb49dbCA89472A7d9F14FBC63f","vulkan1","","2026-09-04T21:15:58.000Z"
vunguyen3008,"0x6A8A367DeF0F2db674b6790947cCf682aE2322e5","vunguyen3008","","2026-09-04T21:19:57.000Z"
vuvui,"0x4a414eEE688AD321160a12c3e7C9278b9F77137b","vuvui","","2026-09-04T21:14:15.000Z"
vuzzy,"0xCBdd0811272aF638DEDcfCCEa9AdF268ECF7AB33","vuzzy","","2026-09-04T21:19:52.000Z"
vvTVkLPvKWTIJUNIWKBQBKvV3hT2,"0x8352b509Ff9E3FbD9adc4417c60F7CD3aea6665A","LindseyWin70156","","2026-09-08T16:10:11.645Z"
vvhose,"0xDEA9d99b99487f3366853c936CE139EC78903614","vvhose","","2026-09-04T16:13:02.681Z"
vwesd,"0x0Ff84A6f5dBc9045c3d0D78E6367B4d8535Ec02a","vwesd","","2026-09-04T21:16:24.000Z"
vx7ENSZ7U5gf8A8ioJHzZ4r3pIH3,"0xdC1955bF878b245A901dC714f2412bB3c75019a7","CarmineEdw70515","","2026-09-08T16:18:24.985Z"
vxOwBjcDSIhYxSL7Yee3KnrR1G13,"0x1fF642E065BB2526B4bA1EcDDCa29ef7a997FF30","ChuThu11078","","2026-09-08T16:58:29.794Z"
vxrKvScCe4dEx1WScR0s3kDDz2m2,"0xde016e23b73e8a32ea7174122e013782f50d495b","Hotlis26","","2026-09-04T09:22:36.566Z"
vyta,"0x4B364828Bb908fa0611989c30917C98F24eFeE70","vyta","","2026-09-04T21:17:33.000Z"
w1B2Xke8eoXjVuRAP6GkxCX1Qqe2,"0x3AB25e86c2787Dc3657eC088dAD772C6E62DC0aC","kyra_alexa27703","","2026-09-08T16:19:14.156Z"
w3LnFxr0IZMRZPCRfiHYw6XGvVO2,"0x840B1294595B0cc5950e4eb6E00EedF6D52BA744","SamDouglas94582","","2026-09-08T16:03:14.817Z"
w3frV6oayBQcymzRzTaYkZgPMZg2,"0x159d35e8b104C117B9b1bd7E9Cb71dfb1a873626","duong_lan95704","","2026-09-08T16:40:56.864Z"
w4rdy,"0x79c0f6466D425294Dcb16f0A19B158561A0E0525","w4rdy","","2026-09-04T21:18:51.000Z"
w5HzX0WJTZUOhZal3i6TbuiKwiK2,"0x563Cf9e9EDbD42660CE49Cb850C9F6EB40721c98","MarcusBlar4262","","2026-09-08T16:48:13.929Z"
w6x2pYUADHQzvrxRTLBrXxmanyf1,"0x498fC42061B1F8DA88683Bcb8755C878a5317a9b","NhPhng83801","","2026-09-08T16:28:47.982Z"
w8ZNKEgo8wUwU6hFi4ljBvy3elB3,"0xC8147d10097A456855a5459338f4B75426Cc3283","MargaretNe53225","","2026-09-08T15:40:09.645Z"
w9WEg7uwIIeSOQyQjOLFLOdHT8Q2,"0x2DeE5194446Ed1f031A2D72D6F2BD3252777286D","PennViolet94875","","2026-09-08T16:29:20.970Z"
wBFK4cqGP0S6lzNVkIHniltju5L2,"0x1b74b46d39ddbfb7d643dca37d0b4bffde4e28ec","widongoo","","2026-09-05T13:58:44.090Z"
wC1knjx8gOeUy3aerGYlQ2M5iJA3,"0xE52C32aE91e3238711a99E45f93931A0C164d4dA","PotterMyrt36643","","2026-09-08T15:43:11.545Z"
wDDd3k0IDLZDzpPTjLEBV6vFD272,"0x88AfcB5926d979afFd8B5657e666208A0E217d0d","weaver_mon65691","","2026-09-08T16:16:44.399Z"
wDJgIenxmJTntUfLz7qjBZsdw1a2,"0x827d388805bC71c06f0b1963DECcc326a01A804B","DHolloway16936","","2026-09-08T16:39:22.182Z"
wFDCl2HxzkgRMFCKySDHdn6AFaT2,"0x3659081217cb5cd58bab9a11b9cf32e528771809","grandalboyyy","","2026-09-06T16:16:47.810Z"
wIb15F4UpRNsANKKAyGy26ulGht1,"0xF8E54bF3DEC03FE46644B1eA243Ad8040FF2F307","LucasRezen94816","","2026-09-06T02:28:42.120Z"
wJwBEpHQ89RK3aX71MuXamiqgPa2,"0xFbC8b9202C123Fdc639f6cEA028e7CB7D99DBe33","ACaldwell98511","","2026-09-08T15:42:48.959Z"
wKFwlAyAJFTwlQnFTcZaSmSM8Es1,"0xd8f4cffaC5304B99D00b72E85EE11e282b932208","LKhoa67097","","2026-09-08T16:35:09.317Z"
wLi6tof8DwV5ZDB158P34tzd4fR2,"0xC947EA941dc307820185A4fF7bf313052406c801","TrnhPhong236336","","2026-09-08T16:58:56.832Z"
wMCmnnfCGwWTdOb2LpIHgAaUMc02,"0xd4A55877Ee3EA666D067fEBd8645c1374f7aB6fb","BiTon1265250","","2026-09-08T16:42:58.472Z"
wNUY6q38WwX6jLSS0AQ4GifQJ2p2,"0x9580Aed6ee33BcB9f536ACe425326878009115e6","CoreyLoreto","","2026-09-08T15:38:01.530Z"
wSFwCZOjY9ckaOz3jFmELEMtFBt1,"0xa6a00cf7fa1d5d6f5951195275ea3685a09dfabe","anyebazhu666","","2026-09-05T14:49:39.168Z"
wTlXkwEsQcX6xjzdYRHyX8TVGO53,"0x2b607704E9451b30641FED470BDb00bf7B27c8a5","estrada_br50513","","2026-09-08T15:43:16.706Z"
wVYcCTZ6NcbWjmmhxwOjwDtYFfD3,"0xeFFd5a940EcBbd930aaCE3CA1a0b2Eb69a312129","MnhHuy647368","","2026-09-08T16:38:21.070Z"
wWIOnyMNECYvLfpNGfgathqel0l1,"0x8B35B38307Fe1E04aad69958F7765fc0206829f1","xuan_phung60283","","2026-09-08T17:09:57.419Z"
wX7xe8zISNMs2hPqDFPFDZSnKET2,"0x509acf605D06411325aF17f9c9CD8E5817277AdF","Ramdono5272","","2026-09-07T21:13:22.151Z"
wZWkbONrMPOsaMx2eqRTpYI1pbN2,"0x335F7C0CD8B63e7035Efd2Da1042bc4B2A2C3DE2","TMinhCng542657","","2026-09-08T16:54:59.731Z"
wagmin,"0xe4a0187d4BaFe8766aD45332c3D01b3Cac521a61","wagmin","","2026-09-04T21:17:31.000Z"
wahyunugraha8,"0x7355198A9Eb3a7471D983572890018d4673896cD","wahyunugraha8","","1788588432988"
waiyan200,"0xc5D458948505157371fBb4939a6B4cd9bB1C642c","waiyan200","","2026-09-04T21:21:33.000Z"
waldosh,"0x5673F34b7f7F475973600EB96b4267d7C919262c","waldosh","","2026-09-04T21:14:47.000Z"
waletairdrop,"0x8aF8fe9c6b5629AB6C22E6d6a8192B2316501DA9","waletairdrop","","2026-09-04T21:15:35.000Z"
walfigo,"0xF4125A77361c47061AB161717e521d6c5750c0B3","walfigo","","2026-09-04T21:16:11.000Z"
walker,"0xe7959943a48e53ac58e7aFE34788bdb2B97e9c45","walker","","2026-09-04T21:15:51.000Z"
wamah,"0x9eCB63662D7360Ac2FE879b4168A23B96741EeDe","wamah","","2026-09-04T21:18:14.000Z"
wanba,"0x74f5b41fE3489D0C33A7849791F3E098A93f5985","wanba","","2026-09-04T21:15:32.000Z"
wancutri,"0x01880E144eBA7A0c27257419973852F647b99f02","wancutri","","2026-09-04T21:17:19.000Z"
wandering_ember,"0x1bd1E5E39b358Cd12FB24DABE70145223b34F64C","wandering_ember","","2026-09-04T21:14:59.000Z"
wandering_lion,"0xAcFD66C00F3C7103fC99bDA902c3D43a4297E0ED","wandering_lion","","2026-09-04T21:21:13.000Z"
wandering_rogue,"0x34A38940E3a4102C42Be05848c80c03019194ec8","wandering_rogue","","2026-09-04T21:15:44.000Z"
wandering_seer,"0x819875AD3c9813048B58999253D05f51d0a578F0","wandering_seer","","2026-09-04T21:15:58.000Z"
wanderingbear,"0x6C3DBD979CDB0c7c69073B0ba19a532147f21e7D","wanderingbear","","2026-09-04T21:16:07.000Z"
wanderingjester,"0xE0CF0926aeAB293Cd660A1E58E810Ad492368faB","wanderingjester","","2026-09-04T21:18:54.000Z"
wanderingtide,"0x25c0B5543800B39FE8ECc374D5a9D04d1d6E1B32","wanderingtide","","2026-09-04T21:16:57.000Z"
wanderingwave,"0xd268b48E3640f1201256d300DE42f6d7B9759A69","wanderingwave","","2026-09-04T21:16:49.000Z"
wangg,"0xc9eE95c92858d1A769bD9Bb671b185aFd462C712","wangg","","2026-09-04T21:16:58.000Z"
wangyiwang,"0xE1452949D8C1554515a6c56aF34Fb15B2dEB17aF","wangyiwang","","2026-09-04T21:20:38.000Z"
wangzol,"0xD13A6FcE9c98a8Db18f697b98Ee1152F9bEf44c5","wangzol","","2026-09-04T21:16:20.000Z"
want_whale,"0x11544B46E1db22e6BEE93200f34822fe658Ef183","want_whale","","2026-09-04T14:27:10.039Z"
wanwan2023aa,"0x0C8f5a344C95d71d6849d87a13ab1a8C8D34E4b3","wanwan2023aa","","2026-09-04T21:20:55.000Z"
waouzW42GkXg0LrxIgPGqQJWXo82,"0xc7fA9ea4CcfEFF3110a191F38Bf9E58D1565291e","BASE_Apes_","","2026-09-06T20:22:43.375Z"
warden090,"0x9524D1d43ff62ae14A031196bc99f34B65663960","warden090","","2026-09-04T21:18:45.000Z"
wavQau0LizZcyE3CMMYccFWoIPj2,"0xd4C335A92b6a6A5BeD5573051dB1490F51344175","LenaDora26807","","2026-09-08T16:47:15.394Z"
wazosky,"0x1fdcbeF6c8Db44B9843eF91861fF221dDf428193","wazosky","","2026-09-04T21:18:26.000Z"
wazzap,"0xF6478a9E7b1828E7C91A42D21605C9e922d3DEF2","wazzap","","2026-09-04T21:17:09.000Z"
wb4171a2LbWA0orFkzIuJ0EWZzi2,"0x05a76bd3dFCa1D5EE6C471E7f219D6C23e889ba2","WChesterto36031","","2026-09-08T16:13:18.076Z"
wcAqUUcL7xhtEdvmCZjKEK8WtQx2,"0x417353ACf0b31F5484c34813D6645d66e79084E2","GavinGarri78298","","2026-09-08T17:00:51.419Z"
wcNVgR8U0zUPgvq922SG28OULw13,"0x8fcA09D2376DfD7CaB0fD4CEBfF4D944c851662a","AspenBeatr90850","","2026-09-08T16:23:13.442Z"
wcnvPEynP2YmmLnjp31jtzwVmme2,"0x223777697aa5645A5aaA6F637cf8Ed567EAEe3Ed","AngelaRaeg87126","","2026-09-08T16:18:54.150Z"
wdf9527,"0x4e3B19285650FAB7775C1bf3BAE5AEAc2ee843a4","wdf9527","","2026-09-04T21:19:43.000Z"
web3_crypto,"0xB5191f5DE4deC4ca7BF93C0CF034958C5e472577","web3_crypto","","2026-09-04T21:21:37.000Z"
web3_samira,"0xE314C5DE7542B522450b44d3D5e7001BcFBff05A","web3_samira","","2026-09-04T19:25:00.669Z"
web3dapp,"0x8aC9528110c190469F1D91670Dc98a0BCBe028a7","web3dapp","","2026-09-04T21:19:55.000Z"
web3dothan,"0x75404fe152420252909a66a2398e25e2f2c95f53","web3dothan","","2026-09-04T21:53:00.434Z"
web3ens,"0xC1bf4894eac1568D23715bBD4A5421C4448BE6a6","web3ens","","2026-09-04T21:19:44.000Z"
web3nft,"0x6312D619332cDf6c61209C5A087aba193746F79a","web3nft","","2026-09-04T21:14:47.000Z"
web3sight,"0x8951e5729941Fe15e088d5f41e4352e4dB52cdaE","web3sight","","2026-09-04T21:21:14.000Z"
web3swap,"0x71c50C7795454Be79E91d3e92198CC9845DAB710","web3swap","","2026-09-04T21:14:12.000Z"
web3youth,"0xB9c41285AC781feb6bCF1FdC21BC5043a5b8d83C","web3youth","","2026-09-04T21:19:59.000Z"
web4taichou,"0x961887899c3eAc99A8948F5632655a1A6d40425b","web4taichou","","2026-09-04T21:15:03.000Z"
webmakler,"0x9d42588489a45A4E7b6A1238Ac0629c602913F40","webmakler","","2026-09-04T21:15:32.000Z"
wedropj,"0x040767Bd74472f3164802487AF8AF7efe73C9374","wedropj","","2026-09-04T21:14:18.000Z"
wedspierre,"0x2aFbE0dBeA10fA533F88A1671AfD79bD2e9B8600","wedspierre","","2026-09-04T21:15:47.000Z"
weeks,"0x493cD0AEa66E44634c027a2c6e44D1fB039F3E2e","weeks","","2026-09-04T21:18:48.000Z"
weilian123,"0x83F8aFc3874cAB66aB00cB028c45d0f9bEAF64B0","weilian123","","2026-09-04T21:14:18.000Z"
wendikazuya,"0xe1EF4b676e17FFfCF951d543dC91d6debF46f937","wendikazuya","","2026-09-04T15:10:22.842Z"
wendyqueen,"0x5616e8b2287570F47DF84FE3DC7cFacE89109d17","wendyqueen","","2026-09-04T21:16:18.000Z"
wentoken,"0x9257384E74A736b3FBC80470CbE0066B8e9c3Aad","wentoken","","2026-09-04T21:19:25.000Z"
wenxue600,"0xf32Cb287d4Ebcf059E7d1440f13E4786D47aB99f","wenxue600","","2026-09-04T21:15:15.000Z"
werwety,"0xF8FaFe6675B668dff3fCbDC371D6A059a784cFc3","werwety","","2026-09-04T21:16:59.000Z"
wetg4,"0xfa1eA645954c0d8FBC1b5D61dD09464451662E23","wetg4","","2026-09-04T21:17:26.000Z"
wfPTSUnQriaQNzIWfvfLu1uYOYx2,"0x067e126950d85ebf9AaBf9C3B92c9Ab0f691b065","DixonTobey7669","","2026-09-08T16:59:41.198Z"
wfeL66FLLdTTUX5lF7wfqeE7dzp1,"0x6f7de8cdd38c1bf544a3c30185d4df0164557795","xinlingdiantai","","2026-09-06T22:33:30.469Z"
wg2UJP08M2PpKcLZsjEqA6zqiUu1,"0x3a5d74045A04f46C0FdAa9776FbFD317FFa7Ea68","dexterderler","","2026-09-04T11:00:09.891Z"
wgvDEwXDTiPjg08pBxs98sfV3Dn1,"0x80d02a3DEEf1C4241D02758882496ab918c908E2","Moyurr165","","2026-09-07T10:09:50.461Z"
whB1gfaAiAf0DFku5OQlX32ZOhY2,"0x7A2F69d25dE46aEacB2a6e7bAd9D3AdD6d8052C2","alexolaoye7","","2026-09-03T15:44:39.616Z"
whZnCst4M9Rsda0yVmbG9JEhwZH3,"0x4F312748Ff0FE8eA44adcd90D52E153573e9BA2c","0xwaguri","","2026-09-07T08:42:51.075Z"
whatanick,"0x00393d60D9dc0a6CACBAEC09e0131c2d241a801a","whatanick","","2026-09-04T21:17:57.000Z"
whattaman,"0xeBBd87C0133D51822523F89d37Fec506A3657668","whattaman","","2026-09-04T21:19:39.000Z"
whdqja020202,"0x45892a2156D6cA99713dEaD5c7E6bEc1396c523D","whdqja020202","","2026-09-04T21:16:25.000Z"
whisper_,"0x36D746095891ae69a4DeCA4cC052057ACeab2289","whisper_","","2026-09-04T21:20:09.000Z"
whitelist,"0x7E24238AB23F1C6FC3212d351924CF9c7312D531","whitelist","","2026-09-04T21:18:36.000Z"
whitelistxyz,"0xCB53971190e0b1fd4c8826e414466701d930cb6C","whitelistxyz","","2026-09-04T21:14:04.000Z"
whizdom11,"0x374E6C0cc51B4dDD830C4354743529F131ee68C7","whizdom11","","2026-09-04T21:18:26.000Z"
whoismeme,"0xfC540308Af581b17422FD772c3BFd4F4AFA3673D","whoismeme","","2026-09-04T21:20:38.000Z"
widiyaningsih_,"0x3E35c63742CCa3DC40E44BDD5bd261035bED52ea","widiyaningsih_","","1788588370055"
wifwif2,"0x6A48f22f9cFB155DD7b3416a607d7B073684A5e9","wifwif2","","2026-09-04T21:16:50.000Z"
wild_hawk,"0x3163fcB03D3b1135A5303ca8F5b2eF6B251e443B","wild_hawk","","2026-09-04T21:16:50.000Z"
wild_wave,"0x83444D90502Bc67328444009Ef5E652644F317Ee","wild_wave","","2026-09-04T21:19:53.000Z"
wildanchor,"0x8Af57b75ae25F2C06063EE172DfC1C3F60A58CB6","wildanchor","","2026-09-04T21:14:47.000Z"
wildember,"0x1e472a7c12A1b255EE88cC630e2d3426a6019626","wildember","","2026-09-04T21:18:52.000Z"
wildledger,"0xE75EB2B0702e4d105eeC2a8B270aeB48cCE07259","wildledger","","2026-09-04T21:20:05.000Z"
wildronin,"0x0Fcce13b3A7021e4364D9915FDe7744ee4A33C85","wildronin","","2026-09-04T21:21:04.000Z"
wildrune,"0x201919C7627F45a601305b771Ac7Ee00E5c85194","wildrune","","2026-09-04T21:19:34.000Z"
wildtiger27,"0xaA1Cd72E81fCC7a614220e2273414bF32fb9de3f","wildtiger27","","2026-09-04T21:15:53.000Z"
wildvortex,"0xDD1b1aF395dE4EfEF9944EfD84137A70650F9Fe7","wildvortex","","2026-09-04T21:16:22.000Z"
wildwarden,"0x4AA67A5894a9882cdA3Be2d93B7baca74fCe2C78","wildwarden","","2026-09-04T21:19:32.000Z"
wilfredflorahy,"0xEf8961241Aa03Bd3808c0Be6122c6F862Cc6A8A0","wilfredflorahy","","2026-09-04T21:15:11.000Z"
willance,"0x6525b9e7821b9e3C0ad50bE362c5b6825726476E","willance","","2026-09-04T21:21:29.000Z"
willemza,"0x72C32D37C418cd0DDBEdC7f03A58317D6C7FfdE9","willemza","","2026-09-04T21:14:19.000Z"
william7250,"0xcD1a6e67C8537419DB6E495d5Ad7ece2286053bD","william7250","","2026-09-04T21:16:59.000Z"
williamjs,"0xb4270381a1c20c4B96D81dA79529E78877782950","williamjs","","2026-09-04T21:18:49.000Z"
williamrogers,"0xddAaE6F122a4017fb4228b19da1b2a8B3a760a3f","williamrogers","","2026-09-04T21:15:57.000Z"
willjoshua,"0xc0e524109b67C01ae0557F973D130D18F76A7a8b","willjoshua","","2026-09-04T21:18:42.000Z"
winamp,"0xA3a1F118A474308a7878f80c27FB0922EfDF7ce2","winamp","","2026-09-04T21:19:54.000Z"
wind2208,"0x59fE50150D2B8322fEF330F8F066897A9e34c96A","wind2208","","2026-09-04T21:19:14.000Z"
wind88,"0xE29aa382222EaDd58BCc73c9Fe7cd46388462c12","wind88","","2026-09-04T21:18:11.000Z"
windi,"0x58902AD4175cf8fB7027D850526E3A10120fA319","windi","","2026-09-04T21:15:28.000Z"
windinft,"0x400B6F18c9AA9A5f8ed91507eB33CacAE928004b","windinft","","2026-09-04T16:10:59.000Z"
windisurya,"0xce1dE6C087a1645F48df02a614AB1bCEf3664410","windisurya","","2026-09-04T21:21:22.000Z"
wingriders,"0xd4Ef038610F0b223Ec79eA96a177ceDD5A782e05","wingriders","","2026-09-04T21:16:51.000Z"
winterfell,"0xe46666Cb6530aB0278C2AECD82Ff4c42294Fe711","winterfell","","2026-09-04T21:21:03.000Z"
witchvault,"0x42f3893e96e790d3B05E96135af417889D83548D","witchvault","","2026-09-04T21:16:06.000Z"
wizd,"0x4c191718e8f56e07DA2352629253FC039Efa7c7c","wizd","","2026-09-04T21:19:21.000Z"
wj4oDhSUysWdHVChykKDHOZFkrv1,"0xC6f508A8C3F451E4385296A0908CB72A646AD94C","nam_phung28048","","2026-09-08T16:39:29.048Z"
wj8j0wRtnPPKzdFqzEu0iNUAV2B3,"0x12f6dF60cc0E3c18788AA2F33b0c3555910379d3","DinoS2187","","2026-09-06T01:42:34.139Z"
wj99,"0x6450601230554cCb7fB7694D9d7caFfC781242DF","wj99","","2026-09-04T21:14:45.000Z"
wkR4WBBntJV0TrrnAdX8yrZGawB2,"0x5323B8d3B38eB549C4F0dde3A9855Ba525D42c36","PhmThc593780","","2026-09-08T16:33:58.771Z"
wlBcJIk1k2eiFEzqzxUHRGVgV8z1,"0x87e6f68695638393C741efeF23Be80C58E3eae13","bui_son82828","","2026-09-08T16:40:44.305Z"
wl_test_a8daece7a9e2e3bc,"0x3333333333333333333333333333333333333333","","",""
wladimir1978,"0xb75784D526D412E6bBE0365226bAB20f78DA04e5","wladimir1978","","2026-09-04T21:17:04.000Z"
wlzqbPtVhKNN7BJklr3gB76LVoE3,"0x1bbf74581a84d3b21Fd17D35D28650fD6DFF7C8D","AnnikaLola78412","","2026-09-08T16:25:47.572Z"
wmAknJUEQtNUbCnjEQgOiW8xeYu2,"0x4D580b784cFA0898B570336F4D6431EE04d31F03","EthaneCros44759","","2026-09-08T16:54:01.665Z"
wodefa000,"0xEEDf7051459D2d9A2670534c0e6A21b6601072D6","wodefa000","","2026-09-04T21:14:18.000Z"
wohoo121,"0x8575D53e30Ef711937F88655eD89cD66Ed840eeF","wohoo121","","2026-09-04T21:15:58.000Z"
wolfobol,"0xcdC2bb94dc9D59E1aBc8b94A5619f01A6FE0362c","wolfobol","","2026-09-04T21:15:15.000Z"
wonbo,"0x07559237512e6AE868Fe8eA4f70a8971a91448b0","wonbo","","2026-09-04T21:15:56.000Z"
wondrous,"0x565d2e25E452F0970716A0674e812EBDE95cC0Fb","wondrous","","2026-09-04T21:20:54.000Z"
wongo,"0x7f7157FcB6d9Ef7e4Ec4c443c816380d6F69887F","wongo","","2026-09-04T21:19:02.000Z"
wonkcx,"0x81393469D55E48d07Dd0348C5179d35665a83eAe","wonkcx","","2026-09-04T21:19:45.000Z"
wonkra,"0x3EcDDB9052aff732357375086CB761bfBFD059E7","wonkra","","2026-09-04T21:14:54.000Z"
worker996,"0x67dac45Fc8a8132efd1ab18A652260Ea57B2AbfF","worker996","","2026-09-04T21:20:12.000Z"
wowniceone,"0xF6E9cD925F4405c6a4B02673531eb30C7d5F3f97","wowniceone","","2026-09-04T21:15:40.000Z"
wp7T7ou5FOR7YTgZQUuIY5NYmGv1,"0x35c1E58b6D42Cd9fe7f14A870f16FF70605f59B3","VPhong1169430","","2026-09-08T16:35:17.356Z"
wpO05memlBXZxc3nKpdBNZGK3NB3,"0xC7d2a5b54791Db460Ab96DAb296375a6A014E281","TrngTrm376725","","2026-09-08T16:50:38.989Z"
wrLhvbvpXtacvXCQzymo3Tn7OMm2,"0xCdF83588fEbeF31bf4B2335c124FE7F432cEA69B","ChristinaGlyn20","","2026-09-08T15:37:08.100Z"
wren_wolf,"0xAf25F3e0FDa0fe1372A781D11D0b429295a51B03","wren_wolf","","2026-09-04T21:20:18.000Z"
wrenlion,"0xB7E32b32B883a0AfE8cd4EA49aDDD3F0D09a4De5","wrenlion","","2026-09-04T21:14:40.000Z"
wrenstorm,"0x2C63210494137A19448021232d373C1c5E8a9Ac0","wrenstorm","","2026-09-04T21:14:58.000Z"
wrzUyUKV4xg55EJiowQ4ShuSyMF3,"0x700cE49EDcf7c366775a9459c0B3C66bca44F2b0","MargoCassi39593","","2026-09-08T16:05:19.323Z"
wszX79EAPQO3EocopG3RE98EN6C3,"0x878548BfB6721f3FF64c7d24b1423570589de0D9","GoodwinIna41796","","2026-09-08T16:10:18.745Z"
wtB2OETpbOdKZuqm8nQoSzk5Wve2,"0x223d952a10eD0a40dA9E771E20E00e08277036c3","BriarGreta58763","","2026-09-08T16:19:02.359Z"
wtH357CoAmRrGqA5koPoOpamx7f2,"0x0a8b38062173D8aD93238531070Fe1be0e5E497c","MiguelBake61637","","2026-09-08T15:45:09.136Z"
wtf1000,"0xB6F19E00F3A4d127838143630f1523E8e2e734e2","wtf1000","","2026-09-04T21:20:47.000Z"
wtrl9euOjdQObsRxUcBMHOO9ZF33,"0x5aDA06351eA86353316C093eDdb6bf450b072403","drake_made98522","","2026-09-08T16:06:52.825Z"
wu_tang,"0x06935bFBac6fdf311534a22db45287637834f8bE","wu_tang","","2026-09-04T21:16:08.000Z"
wudaohua,"0x0b2f1B4e6022dB2F4FC018985198739E49CD48bb","wudaohua","","2026-09-04T21:21:09.000Z"
wuh,"0x4F38cCd8a5a06bbF14fD330906539cc1887Cd1AA","wuh","","2026-09-04T21:17:36.000Z"
wurWUTkOj1YTJeHTOJCZf36ftBG2,"0x21Cc44501837F7b97eb87444Cd40f66c7c1E7Ac0","AlexCramer9252","","2026-09-08T16:35:18.760Z"
wuyl23,"0xf20bE330908C618E71BF7a9B0f2Ab5e83F55F957","wuyl23","","2026-09-04T21:15:54.000Z"
wuzhilianxin,"0xd2fdcD33B435D0290E97aA19551ca2A94579B440","wuzhilianxin","","2026-09-04T21:20:36.000Z"
wwaternotwarr,"0x027Ff9cF1022CB2f64f350A382bE21426b991F16","wwaternotwarr","","2026-09-04T17:50:41.825Z"
wybc8ZobWkVyFnP5wvZdSgNZZr23,"0xD7E001D2d9b32B20Bca067a712E4bfB50365c72b","HanYaretzi37705","","2026-09-08T16:44:54.404Z"
wyl222,"0x9809057E3Ec4E7e843f38482DAb9eF399E55B003","wyl222","","2026-09-04T21:21:39.000Z"
wyzXT7pHzPdLmAVrJk0qc3gTq3m2,"0xa2bB4b549695e7F837f120D0fCA7D6a086b7f94C","YnKhang433145","","2026-09-08T16:38:27.186Z"
wz0xojM9DvMqKCHJEREF04SboYX2,"0x5688bC630e146Be1E7883f913cB7147352d70cA1","MargaW96203","","2026-09-08T16:55:39.738Z"
wzGMN6maCDmwuLmtR9Q95aH53MqE,"0xb738874e7c19DD2FBaaEAD27eD7a79f8EA7B1FF8","tanya51md5","","2026-09-04T08:58:25.377Z"
x0Aok1zL0Dc6XMTmDBWuEOR3ESB2,"0x2A850853A150a32b8aE285D91a8226fD29aAaf97","NguynPhng124731","","2026-09-08T17:01:03.103Z"
x0REDZO60FhI5M9awVsfAxpbqJG3,"0xEa87f707d5C9Ddf20609eE9f166ADf2Fa2c8B4b1","LngGia574384","","2026-09-08T16:58:09.400Z"
x1I0IVXb8ggbapbL8BKs66e5lDA2,"0x00De49c71C21ed67a87a1D217FA6942b123636B4","StevenBirc23093","","2026-09-08T16:58:42.171Z"
x1pYZPTvooPPXvDPgEolQ9T5pCD3,"0x5be3FBB78b06357eb85167CFDd9Baa5964d5c9e3","roshni909","","2026-09-05T12:05:30.794Z"
x3oMd9rx8qR1QZPUxyR6PIYPBOc2,"0x97214B264ad451656381869f2d3466A9FD7366e0","ManhThien6542","","2026-09-08T16:39:42.836Z"
x3rl0k,"0x51f33966091D8408D4065383a3f6f49cb8BBC7BE","x3rl0k","","2026-09-04T21:19:13.000Z"
x3wg8GvW57b59nFbe37DBbL8Jy52,"0x2b8c78b4E97B5a979f34053469Eb6Ff7062E7b38","GiaHo18080","","2026-09-08T16:29:32.821Z"
x3winner,"0x27Ee8040b273d8Eb7B5201a6A37D3Eb9E7690F67","x3winner","","2026-09-04T21:17:02.000Z"
x4aHWaVFSVd9c2NUfW1HmFVmYET2,"0xe34c296b3A9E8caa7F72f73B2f13d9dDce4E2427","AndrewSmituuu4","","2026-09-07T05:41:44.315Z"
x5b6pgVR8xScws1fHTOFTyaM6d52,"0x029AcD304F5417a0116ce5567bC5739044a530F0","audi_boyd19159","","2026-09-08T16:45:57.268Z"
x98dbk3BbONLlUZELUgqsR8nDl62,"0x80792895349916D2Ea5c24F2c9Bc6aE49DB9e016","QuchThin528394","","2026-09-08T17:01:30.275Z"
xA20xbAxTAQc1IvxuF4Yrj9Desy1,"0x48A23fee967d5aA9e0E4da2478D91BD2e48EfFE1","thuy_hang54828","","2026-09-08T17:01:46.085Z"
xAs0wR6i4CMraINBFTORaxwbAut2,"0x900eb20100c1c7E43eE4d777310c941412D5d26C","LucilaGuer33783","","2026-09-08T16:08:41.110Z"
xCIFrz1dB4XfJXDUxBSasetmbF92,"0x5cCcBC7B78a7a04298E3F390BE0A712cdcfefdF6","MaureenLar62248","","2026-09-08T16:06:31.385Z"
xDlU3SOwvbbTqrXWMuwmXhmrLfo2,"0x6b1729e0919428a1939a28dd9b55bac468dfc3b9","0xRayy1","","2026-09-07T00:42:40.236Z"
xFlPkTTmZJSGU7MdoLH4NYykpnx2,"0x7Abf30c57CB2f7535E5d2871ab9F72B0F1D10Fad","BPhuc1083","","2026-09-08T16:36:42.219Z"
xHdSaMNp4xe6GYLLpTUSQwTIv0m1,"0x757D701fFB9ba34769bddf3D49b0488397b136b9","CMoore35352","","2026-09-08T16:07:06.484Z"
xKyM9UigPmX32tVhUlLu9kzgNVO2,"0xA00C229DC955c92ee58a50d05184902BC382b20E","NghimHin289036","","2026-09-08T16:47:18.698Z"
xLnxuuIdbnYp8OnvAALsGrV6d3o2,"0x1A3ef0DCFF067293Fd12De83B71F6b298618CdF8","WWinstead95160","","2026-09-08T16:27:36.617Z"
xMte4jMOYhabzmv8fi2uUj32cRB3,"0x10E51ef24671389e4CE2734b4970eba094Fa03b1","MHn1799310","","2026-09-08T16:36:11.601Z"
xOkJASm8rhbI3VOziNRHMM51xoD2,"0x849577fC88e201BbD6599B8B0000D7328e1daaEA","zara_dahli18433","","2026-09-08T16:08:58.351Z"
xSm9UiVc9ZZbcGamLK2re9Xa7K92,"0xA977155dd57FD167037e61eBB0e49F2C24549459","IsabelleBr42697","","2026-09-08T16:25:20.037Z"
xU5D7PY5YOZ4UQBUr1N9ftVLN4w1,"0x787E7553145208FdA27e57b46b8420efC7909568","MarthaD9300","","2026-09-08T16:46:01.668Z"
xUnvOzgkSnV9gsOiF8RBPCD5aco1,"0xB8e437dE044622E8Ef1b1777843BbD0D06B7810E","DeniseHine60431","","2026-09-08T16:13:29.247Z"
xWgTf2PuyEgU5FV5tuly0MX5lVG2,"0x407CBB3375Ea81F43B196Ec1336C4ec3eF0Ee0BB","PhuongQuan41374","","2026-09-08T17:05:10.142Z"
xYfAbkXziXYOsWhdiA2tAFEJRui2,"0x08750DDb778634dB713F1E6C8694dF38a9e0F456","SuziW61493","","2026-09-08T16:13:23.147Z"
xZNr468Ot0UcUakcGzQvFeqo5CN2,"0xb05523eA75FB7eEBF6301bDD8bF64b4004370813","BachNgoc75966","","2026-09-08T16:25:12.896Z"
xZaIAUyddJVjvqHDZIdwZ6Zp3qF3,"0xD1a69f27255895AD302A023d2E09461676fb0324","TimothyMar7650","","2026-09-08T16:12:43.240Z"
xZqcA6RXkXf47FH2BpC5WTmKVVNM,"0xa97F7F75c04b3da852A8f4Deac11CF5309FBF965","rebecca29sy7","","2026-09-04T08:58:05.388Z"
xabass,"0x34122F219049Bd41081b7C2e44f4E6DC5AC294Ba","xabass","","2026-09-04T21:21:16.000Z"
xabbasx,"0xd0fb008Bd0D9c7BD8Aad1090E2f746021cca92d4","xabbasx","","2026-09-04T21:18:48.000Z"
xaeMUyNZrDTLHZhXjnQeWPGOPSm2,"0x00f92bed414d10716b75d23d24ccfd0d68c2ffd8","Jokosam72966649","","2026-09-06T16:27:46.019Z"
xafc6n4IWcf0QRBQyaXaRXclaop1,"0x1a9748a4e6683c9248d60CA95CB01E022C229a70","HNam259453","","2026-09-08T16:48:01.265Z"
xanakg,"0x7c40e0BB388D437BaD1Ef4b046846372FEB2b7eF","xanakg","","2026-09-04T21:16:04.000Z"
xandry,"0xf9d75fb6d1E5b5B63A3984Db6F90E0C4a6eC8938","xandry","","2026-09-04T21:14:42.000Z"
xanzzz,"0x341872eA5D2aaeE03EDB7aF510F7e357978290C4","xanzzz","","2026-09-04T21:15:55.000Z"
xbCodLZ752U5BcdF6v84ksK5g6s2,"0x6a9AAacb15DA430c76A49B440DdC0F51e3e467Cf","EssyMcgee89176","","2026-09-08T16:18:51.344Z"
xbose,"0x2E2775408a2A34208E9e19a3914303FFfa1e1730","xbose","","2026-09-04T21:14:13.000Z"
xcFWKR0mnGXSmsOvl67UCKQkUkZ2,"0x5c64FdE6F0420B12557353E918AA06219DbdaE0F","SondraWood41331","","2026-09-08T15:44:53.228Z"
xdfe,"0x14FFE285ad540B1DC4e91d1a2e50e2B0Bc10d92E","xdfe","","2026-09-04T21:17:45.000Z"
xdgh,"0xA740abceA0438E056CD6E8a87B89440bD010dFB6","xdgh","","2026-09-04T21:16:52.000Z"
xdgtno3LQyQfH9lhI6yuriCvueH2,"0x52ad1B16DA900a30c95E173979678d268a00D3ce","JeraleeSin22501","","2026-09-08T16:06:20.447Z"
xeBABqYmXiQEqdWiGnAlLBQo73s2,"0x4f9e91D0906a6c203385e15AffEec9a68805ADBC","PhngVinh233663","","2026-09-08T16:55:44.374Z"
xenpai,"0x4Fa7a2040af7492aF058Bc3c2Ef7D024c377DE2b","xenpai","","2026-09-04T21:14:52.000Z"
xexanoth,"0x36dfE72afF718a94Fd8F7f37856c05CCf68dfC1c","xexanoth","","2026-09-04T21:17:55.000Z"
xf5mkZZz7PODbFRMzwBOIkbTYXm2,"0x37B55D3C132b1266579ce31d569e26268bf12715","MaiAn373015","","2026-09-08T16:43:13.384Z"
xfBuehESdxZLXHozUqmh6hJhoVg1,"0xAcAA87cE1e74331D53f95cE4a12a354DCDA3b301","nadati2018","","2026-09-07T23:45:49.281Z"
xfhOgVBn8gWIbyQxWEql7VhDWFw2,"0x533bC32fd9f383DC78B56aCa947b55D7C08aa64F","SalaEmmie70317","","2026-09-08T16:33:17.782Z"
xgWZ8PafKkO908UInlBtTv2dGIe2,"0x55cAb2b7d121A3cFcF7816Be1183746892Fc022D","PaulGre17065594","","2026-09-08T16:07:26.976Z"
xgdgh,"0x34f339D00c155E4C3BdE450F3BA0bB628aD88042","xgdgh","","2026-09-04T21:19:42.000Z"
xhFPWLHanRdKXbUgw63p3oQuf1F3,"0xe7f91355893Ec6c0110d87492E00c0ba8B039447","EFrancis7156","","2026-09-08T16:23:27.644Z"
xhamdi,"0x0f2B52Fdd4FB2Ef5224363cb2f030c2E396FdacC","xhamdi","","2026-09-04T21:20:21.000Z"
xharll,"0x513d89dDe3d49f818cfbCA7a301FBe8dDB3be0CB","xharll","","2026-09-04T21:16:04.000Z"
xhasqxZ2tgct1ngApFugbIgMVrz2,"0x86223ee3B99ba7375Cca66d43548335a03194533","felicity_s59644","","2026-09-08T16:12:52.341Z"
xiaohua113,"0x8a7e7bFbD8a5E62A709a790E6F378EbC1e8840Ff","xiaohua113","","2026-09-04T21:16:00.000Z"
xiaojiangjun,"0x360FFF10551466473900e2ed00Cc47bA2B73d8C4","xiaojiangjun","","2026-09-04T21:21:13.000Z"
xiaoliyu,"0x5Ec45b5D194E1b5AcAd8b9926A6DeBEbA37D9f25","xiaoliyu","","2026-09-04T21:15:39.000Z"
xiaowang,"0x743Dee20fed0996703C667732825884c492840B9","xiaowang","","2026-09-04T21:19:08.000Z"
xiaoyubtc,"0x7687E94676384E1c8b7DA11fc4F75a2391F0eACf","xiaoyubtc","","2026-09-04T21:18:59.000Z"
xiaozz,"0x198c9Aed2e7f8F8af9Aeef1E662EFAA0731de4dD","xiaozz","","2026-09-04T21:20:30.000Z"
xiaozz666,"0xafEBcDB06D4eB792Ea006a4CDD689F39fd9A6C55","xiaozz666","","2026-09-04T21:14:02.000Z"
xidkv6uIOzZ4ROadFZOPEvg5GIf2,"0x22153bd2736b2294A44EC0C59c8608B013b9cd48","JanetRory47951","","2026-09-08T16:14:32.907Z"
xielaoban,"0x9e57F61d987eb051dC9beBb896E4E503f6342150","xielaoban","","2026-09-04T21:18:39.000Z"
xingfu,"0x59a02eAe0395EAAb5dA0ff2De82598c6bc0F6137","xingfu","","2026-09-04T21:17:49.000Z"
xiniu,"0x8Ca3767dd68A7343c55E9D3250cBE52A602acd69","xiniu","","2026-09-04T21:15:47.000Z"
xinlingdiantai,"0x6f7de8cdd38c1bf544a3c30185d4df0164557795","xinlingdiantai","","2026-09-04T14:26:38.452Z"
xj7m5H1eaCfAk2N05uT7gS0lVX93,"0x0FE9c2Ad3794E07Eebdd4F9d1C94001Fe6190E7c","MaureenJ99021","","2026-09-08T16:50:23.045Z"
xkuze,"0x98e21748d206da01b093e592bC1FaC9f3DAD5853","xkuze","","2026-09-04T21:16:50.000Z"
xlBfgl02XyXWroxvP9moBg82tRy1,"0x696e51E63E3Bc68060A47532B949596917bc1f28","PaulaTrixi86217","","2026-09-08T16:36:24.342Z"
xlolo,"0xFf537Ed9c75685E575cDE6E9B7692A7512f5E198","xlolo","","2026-09-04T21:14:11.000Z"
xmass,"0xC56c56E1c3D8E2313279602e17e103E6dFC59c67","xmass","","2026-09-04T21:15:23.000Z"
xmoca,"0xF3fEB303E6F9C351cA4516B7666f8bd931e81C29","xmoca","","2026-09-04T21:21:22.000Z"
xmpll,"0x6cE05D5B8eF5DB85Ab059bC15fE94abd59d4eD24","xmpll","","2026-09-04T21:20:15.000Z"
xnJrkAwG9Wg2jAtIScoEdMFd4ca2,"0xF03E827fF379b2F82126930468f25db44417B71C","NgV513470621624","","2026-09-08T16:58:38.791Z"
xnntwjFUWKd1Ax63BsueeoHAanx2,"0x80e6B5e508D1e7e5370ae41C2c07B879eD8F6e48","DorreeWhit61980","","2026-09-08T16:20:16.877Z"
xoGa8lGlohbMr7q0g4MnVJ9jZQY2,"0x67df6f381dea001571284fbd0e5c7c70bdffb1d7","Shin_kai67","","2026-09-07T09:55:19.699Z"
xomaxx,"0xCAe87267778263F6920dc1479CF90D17e240acA2","xomaxx","","2026-09-04T21:20:59.000Z"
xort,"0x4Ca3cE8cD4dd3419fcb0aF7f58E069Fe3B28ffa1","xort","","2026-09-04T21:20:12.000Z"
xpa0SZNLAWbUk6wl7nuZeaAmU683,"0x0eD36b1a33c1a3513D573F79a805C31bD5a6d747","maurice_jo79376","","2026-09-08T16:36:59.892Z"
xqFe05re0bRI1soHEuQCOh80xIr1,"0x83C2B5b2f2079C5113196fa3Ce0861Fd3096Bd30","alexnasty_","","2026-09-08T13:44:29.995Z"
xqxHMuKUfBSzKPFFhY0sRaHMfxd2,"0x41Ecd378769a38549cE40b15053b33C156e4A634","LngThin351503","","2026-09-08T16:27:04.817Z"
xrPaK9tPylZZJsQZHmLikKDMqPp1,"0x6B9a6404EF31cbF771fB95490185B321E40d29e7","LambChrist9495","","2026-09-08T16:03:05.832Z"
xryuu,"0x8a0593c1763572038C77b04Af597664e4A866e27","xryuu","","2026-09-04T21:20:59.000Z"
xsarifmiya,"0xBEBd528F9B69823478Be956496C4D7c32d9801f8","xsarifmiya","","2026-09-04T22:03:51.124Z"
xsd43,"0xC9F8a1eAf307A389eC6410C1dAA7C36067627596","xsd43","","2026-09-04T21:16:39.000Z"
xshizuku,"0x7CD1C077708A322b72346b2Ef976c5A260cfFa00","xshizuku","","2026-09-04T21:19:46.000Z"
xtzHRdNfDAMEpkfSUBDHtZ9TKLL2,"0x427Ba2C6dFcF8141Af7c85ffaF2A070254c98C54","MnhHu256072","","2026-09-08T16:51:42.673Z"
xuHS8bVwdEc0sXFjQ48BMQ1CICL2,"0x040b96372C62C269f96f60E633Bf5E61F2B9E1CE","hagz919","","2026-09-06T19:55:59.169Z"
xuanly0108,"0xd5AfDE5C19b6b3974eF9a6827D17B83324850FD9","xuanly0108","","2026-09-04T21:17:56.000Z"
xueyin,"0xd891cCF6C3759a639fe49A019B43cbF36CF97628","xueyin","","2026-09-04T21:21:06.000Z"
xushengni,"0x66806727590F295C704bA586a8ceC37189b3045e","xushengni","","2026-09-04T21:17:01.000Z"
xvgncy,"0x91a56BDF54e734db0F13554a8f027f7ae5D18854","xvgncy","","2026-09-04T21:16:03.000Z"
xvrvlQCQz3QbUfr3aoiOmfCdWMr2,"0x0B38203D56A75163E8112B85dd1a31b2b8853365","ValerioWin86074","","2026-09-08T16:54:16.742Z"
xwVDnBz7iNeZ1ooXkailt9cBCbh2,"0xfB3610c7f4514428eD2229ed67C27Cb2968F8748","PhanTon1091720","","2026-09-08T16:33:44.261Z"
xwaSuHz4AxQnvn5EzduvID9fnmg1,"0xf3d48F367b93861482749a4355D233fBf62b6E61","CarlsonCla95779","","2026-09-08T16:17:12.550Z"
xwlx,"0x0caf35a12E64Fe504BFd17a98E3c16E39ef1b5cF","xwlx","","2026-09-04T21:16:25.000Z"
xwulfx,"0x4316c73521C0F18Dae57066c7B28F68eBe70F688","xwulfx","","2026-09-04T21:16:53.000Z"
xx1xxxx,"0x98CCdb97edA6B16eF945010B60B4C25Ecb8318f7","xx1xxxx","","2026-09-04T21:17:04.000Z"
xx3bnDTyVxcNx7QT90zKxsMRXNJ3,"0x805C767C0B35014F3f71fc5fAC6e00F493E2a15A","MaxBargema58569","","2026-09-08T16:40:15.499Z"
xxdfgg,"0xF3FF795199641747cd0e07EF868D63dF3650041E","xxdfgg","","2026-09-04T21:19:56.000Z"
xxi2,"0xD5032138a79B8c82dBf8c8387CA4940Ee5Cf67A4","xxi2","","2026-09-04T21:16:21.000Z"
xxlb88,"0xB6050D29d8826e32B3a231D6CF6f90950fFc5931","xxlb88","","2026-09-04T21:18:44.000Z"
xxxsheffxxx,"0x02495135b64cB879f483b35E79c0BFa38f40050c","xxxsheffxxx","","2026-09-04T21:14:07.000Z"
xxxx1234,"0x88E72d3984b269faff829CbD2894FD8F81cF4d64","xxxx1234","","2026-09-04T21:18:41.000Z"
xzo1t6rEBCO4x7MP5m7A5m1BGd82,"0xD0609a68E8e591f0b510B0814F7AcBd2C7eF38f3","ParhamRuth25465","","2026-09-08T16:43:54.906Z"
y0tin,"0x236aCDCae604Fb57fc2a41b443685a4cA9A025AD","y0tin","","2026-09-04T21:18:50.000Z"
y3732,"0xdA310Cb51A3881De3ad662E34a3E5e02552b2D89","y3732","","2026-09-04T21:14:06.000Z"
y3HMuEX3JTS2MrKX2kbE7djluAC2,"0xC5a766E6fa253ac998a9F589729578C78fC3ee3a","VivianOliv92005","","2026-09-08T16:08:51.723Z"
y4ATSq8cNFRGy4fjzmTpbuWswW43,"0x1042E422908fD2FB4529A21611ea3DAB9075e043","CarlosEric2090","","2026-09-08T16:23:09.302Z"
y5LUomVlqpSPkHEsN62hf1eqAc82,"0x6BD9836B780929461759aF23617FA1c30ae7409F","bui_tri50751","","2026-09-08T16:29:57.316Z"
y5okJa39gAT5U5pU7DubehZiDGH2,"0x527b7E69832fe72cE815952569FE9d461182089b","CabreraKim53294","","2026-09-08T16:22:25.788Z"
y6H2ypfiPaTIbggrgfUsX6WU7Go1,"0x857cC97e31885983b84b880d02D4f4E610a0A364","ngo_hanh39504","","2026-09-08T16:38:49.049Z"
y6XBY3GL5zeIDzHxZbaLuFwRnrD2,"0x279e2ab331fbf7651D06470CD8e5d65cAA121f7D","TH2773969757530","","2026-09-08T16:59:12.440Z"
y6iBi9hFfCcDkSHWxBdgqRmxg1w2,"0x5B1DCbd54e46aEd7EA38b67eCe9071D12D1E4b16","bawerman3064","","2026-09-08T16:54:09.352Z"
y6tfGXlzkeZliIYhNFGZCB6IOsB3,"0xc326D20467E5F4DC17dc20327e70751A53cB8EC2","MoriaChris22320","","2026-09-08T17:23:22.972Z"
y7nl3sGdGnPUIrAStknhlDcjhT62,"0x55186FCc6EdD9289528B8b1E7122456f13e765e6","ShawnaAdam13633","","2026-09-08T16:17:58.411Z"
y8gC21bKOGVinA0H8APmb4WmBxz1,"0xE835B80f30B9C5d2640CF2745358184547666565","ChuPhc1155999","","2026-09-08T16:31:26.553Z"
y9NtbhdDJkcPZBKejKLvvxJgLf23,"0x4B52DBD04704BD890d2B35869871A8Af4ec6fb33","WesleyFlat92987","","2026-09-08T16:57:05.468Z"
yB0CuWHS9ld7yFNpmZ2auEH3oIE2,"0xaF2D910D5f4F94a01DD0102253B17354C66411fD","TBarnes84504","","2026-09-08T16:21:24.608Z"
yB0Kq3EmZuSwhKcySrt30Jht8C43,"0xB330d69117a9E8D7ebE3B21500094972fe3085AD","CCooper4642","","2026-09-08T16:16:57.592Z"
yDAs3S3VTugikolWIZrD8tSB9e13,"0x38845F267e4Cf15b0e2F3eB2A52084519Bb9568e","HunterHill26153","","2026-09-08T17:00:04.416Z"
yDwwXOxgDkgRB2LxijbFvdRUSgV2,"0x6286b34932780A45db0749b252FF00Dc6a4dDf86","BillySm32141578","","2026-09-08T16:22:15.180Z"
yFAe72YtfOSdXKKrTBRlL4yL7rX2,"0x86e528cf77A76546c3a1B9bbaeB987600625e072","ReikoRicha98046","","2026-09-08T16:37:33.022Z"
yGTmbNAYQwNpTWDv1tV7gw0P5aO2,"0x0C84BC1b81572759344e543604626986751f2699","noah_colli44146","","2026-09-08T15:44:50.097Z"
yGTpMchFxuakOXaK14lbtRgZCkN2,"0x1178D366Ee6f814B26ED1E369E6DB3F93F70Aa96","amora_demi92945","","2026-09-08T16:32:16.649Z"
yGvnH7r3WsTokigoif31HJrRR7r1,"0x062891B60cE26301CB44DF6262e0fF27995C7275","MirillaR3831","","2026-09-08T16:29:53.328Z"
yIqElAB4htffQESmNnXpHmhqz7t2,"0x4521FDBDAe6DdAc16BA21675Dc55D6a7E9A297C3","Mclaughlin76101","","2026-09-08T16:06:11.533Z"
yL4XgV2XW5bFVsFHFGbMKvA300g1,"0x4f73dEfE40831A6d15e5E5d5DA3A31293A8e340A","VTrinh2794","","2026-09-08T16:28:14.244Z"
yLylqGPbHZgGueTrbMZvCGyND982,"0x9AEaAEA6Db754985EbaB1CfAFC93A10BC6789e91","daniels_ju38558","","2026-09-08T16:14:07.349Z"
yM7oHiuBUvTyVeMGFi30Tzix6QA3,"0x243C7c2cAc5E4fA8aAAD7B0Cdabc7eCE5b323f18","gia_quang15441","","2026-09-08T17:04:51.924Z"
yMbUZvI0i9hxQzjQF2cIoPYy1912,"0x93e3c079E1a4216E671D2dfeDf40eB926c7eD811","TracyMccar91111","","2026-09-08T15:44:16.455Z"
yMvISsUxPFYa60q8n8Xyz9CGo9d2,"0x4b0B4670629b0A0f7EDd69a08666081882BE7636","YnMy38615","","2026-09-08T17:01:25.185Z"
yN7kk8YnbcY8gQF19rtWdvOrbGB2,"0xf29A3936e3792dc6E971604931c2D81a1131CD33","NamNghiem82822","","2026-09-08T16:36:25.623Z"
yNJJJutAVhVQfbpPmnbBnBq9oux2,"0xFbbe6933ade31D01DC18f84b29b4FB527f78308b","RiverAngel22702","","2026-09-08T16:22:30.715Z"
yNp9sK5QMHUPDZxTDeqfFtVzvJx2,"0x99EeC0DFf44cf447c7cC339A7c39285004B4d37c","LTuyt7704547613","","2026-09-08T16:43:00.083Z"
yNwEdUnzNjbmyeW4okrCnSK8rTv2,"0xf85Aa8F36c6e6634926C5Fb03679A4114606623F","KimLuong49995","","2026-09-08T16:23:46.418Z"
yNxAb5lxOiVxSm0dvSxGVaa27tf2,"0x78540Ec87b3A7cC6096f796f687eeE220cc85EE3","ChaseWalke92648","","2026-09-08T17:02:06.682Z"
yOKvnOPw01Yk7rVdRgCrtn7usbu2,"0x062A4484Ea177F0e76256B49E13502B5dE3AF4A0","BichLe97447","","2026-09-08T16:53:57.887Z"
yOwF10CZCSN751z8hBscvZhD0Xr1,"0x8D2FFb40e53DbE07946Ec4CD8C2072679968bf4C","emily_luci21534","","2026-09-08T16:14:14.186Z"
yQoth0oJDBRVQXI4Yc9UFuv8Qpx2,"0xE5200c6ed8ee20CB4bDF7E93d51b004294E2a4F6","AprilB96057","","2026-09-08T16:22:08.247Z"
yQrwONOuNe1sIMmCazrd60f4Ff8t,"0x1DBeD0ccD23BD943aF7725fcB9c298bFcE2B23E6","KeithGomeztkyj","","2026-09-04T08:59:18.053Z"
yQuhqCVzq4NBXvb8XfmLxkXScvq2,"0xA83Fa27c9901B0236bd10E50eeE6028F95338913","BabcockTri69749","","2026-09-08T16:55:59.670Z"
yS4xOO0HmehMsviIObg5axikw312,"0x7435511Ac28135f72857C887a02DAe881fBc1D2C","BNga452878","","2026-09-08T16:26:25.383Z"
yST1dGCrwyfQ9jOuFlH7ACIdNG33,"0xca59AdeC59a922a63868A5d4778876251894119D","NicoliP88705","","2026-09-08T16:57:11.638Z"
ySYmeednAXe8s8oe5FTenPVXEwB2,"0xF8D820De5579bf25D49EDB9dcc38D013F049B5eA","mcguire_pe51638","","2026-09-08T16:50:41.122Z"
yTwxcBwlNuO0OvjkQ1AdBAj1owN2,"0xcE8f076cc371558574f9856Ce06a08366214739E","AgneseW70045","","2026-09-08T16:09:45.412Z"
yWLwWu1s9FW5TJMlFXaD4Xu9O8T2,"0x25f936a4b346772A4105CE48309c31f29B6BD159","LenetteWee58550","","2026-09-08T16:37:45.237Z"
yX3Ns7pcSfaGyj4HLQU8BrcA5cG2,"0xbc74b620B2667999889e49d29a0F2BeEC208ff56","BrinnGaine8727","","2026-09-08T16:04:19.404Z"
yXw8uNmBzmfCQzyY6HOmCJVSfm42,"0xa7DA8611CB50743B2395cefe24A02f9fD5480FBc","JohnnyHanc86065","","2026-09-08T17:06:14.631Z"
yZWwvQPlPLe6QFTSmgrp4NjjGuo1,"0x9E12FbC1628276De44e53B93da1ff7E45D7EE221","Elisabethhnt1","","2026-09-04T12:59:02.235Z"
yZXmuJwgitU5Ij6e3uqDh9GtwY53,"0x8B3BB280dad2a3ac9088724480181A2Bfdb72Cf2","perez3461","","2026-09-08T17:00:27.181Z"
yZvpg1WeGwf41Ar8IBGwJ8lIvXH3,"0x2B7dBBc4F35060168e148a00833c2Ef2d8B1Fc6a","DngMinh125507","","2026-09-08T16:52:48.032Z"
yaadro,"0xa470c7F695bFf7c77bAD36a0286b9667B25F0466","yaadro","","2026-09-04T21:14:34.000Z"
yacker,"0xe27C69aB9E887C9a901F80154fBa42581A5F92D4","yacker","","2026-09-04T21:20:23.000Z"
yahop17,"0xf47D98b7d13ef14C64429cB009B9f490f8b8C1bA","yahop17","","2026-09-04T21:16:43.000Z"
yaisama,"0xf8F4e7613211CBD3eC39564548Db1DDA6a8bd6bd","yaisama","","2026-09-04T21:20:29.000Z"
yakiniku,"0x17cc62edD0ebA989B1aa217555177DD1336A88c6","yakiniku","","2026-09-04T21:18:13.000Z"
yamadahina48812,"0x62Ce7eb24d0cA51D3AD68518Ca3D9cFcD3d0cFD5","yamadahina48812","","2026-09-04T21:19:11.000Z"
yamete,"0xbc9f476A8CDCA4Ba0160071cD739151CdAC7EB5e","yamete","","2026-09-04T21:16:24.000Z"
yanasharko,"0x16eE00d6b4BA9b17961Ef4A43e7fa2B35f3d7355","yanasharko","","2026-09-04T21:18:13.000Z"
yanokun,"0x63952cf0a6c7f1C6EA72c05e4B2134E7018171E0","yanokun","","2026-09-04T21:18:40.000Z"
yaowenjiaozi_,"0xff81985aaba768269ffe591611afe499dab7242c","yaowenjiaozi_","","2026-09-05T04:24:33.194Z"
yarozaq,"0xDf3d946FC0E12326a4284504d49F314a47769154","yarozaq","","2026-09-04T21:20:32.000Z"
yaruzu,"0x2519FCBe1c50FB32637E6E9cE97ba5d83819E554","yaruzu","","2026-09-04T21:20:59.000Z"
yasha3003,"0x435b73144fD5Eb4Bc5418Cf916c39963088B4344","yasha3003","","2026-09-04T21:18:29.000Z"
yavuz,"0x5d79BC6c4Ecbbf7558627cD988DE38E7a76a9465","yavuz","","2026-09-04T21:16:21.000Z"
yavuzz30,"0x73E7D180E6835f97be85d9136da8290F807f79db","yavuzz30","","2026-09-04T21:21:23.000Z"
ybhGqk0JpSZEZocf2S1OlxEITjt2,"0x98473b814D2939A1b8bBf0114c39ccdD393767d1","CaoCao1964627","","2026-09-08T16:44:19.693Z"
yc3Jv54t7TUIdJLW9q3tqm1m2Gi1,"0xf5b0B21e35B254f08E3bbFB98a9982a1c5B21e01","HGwyneth8314","","2026-09-08T16:23:00.996Z"
yc9YOhuUzbcHGP38ruRcY419oFX2,"0xe27E081aa2B5549a4C2c21f6D650D21fBe363ac4","DonBenson818832","","2026-09-08T16:41:34.390Z"
ydugBYRVx3Tsq83u9mzmWbXv5Xr2,"0xC5710c7E488BDd66ab27d3a473762A919D5358B2","AdamCarey126565","","2026-09-08T16:14:19.246Z"
yeamin66962,"0x0055e4334a4BE1Ee421334ec2C69b52BDD26900E","yeamin66962","","2026-09-04T21:20:04.000Z"
yeng,"0xBAC7EB643aF1702E2563cd66347C9690A09aF91c","yeng","","2026-09-04T21:18:39.000Z"
yenisey,"0x92d4206d51D79Ce225b54A648882fE4F1CB1e36A","yenisey","","2026-09-04T21:18:02.000Z"
yenvy,"0x8Fe3FDf2362c0f32C65ba281f769026f22e69964","yenvy","","2026-09-04T21:14:07.000Z"
yeyeh,"0xC8015C1Bef31BD77C58C96A4F8Bd89cf34DB0aEb","yeyeh","","2026-09-04T21:15:42.000Z"
yhishi,"0xCc0CE6Bb3c5Df08a69AD8663c6145F9390AE4A79","yhishi","","2026-09-04T21:19:19.000Z"
yhui,"0xEb3E6B9eD604C13ea277e7814aa2eead8f175a98","yhui","","2026-09-04T21:15:54.000Z"
yifeng,"0xc51519c5C79F29F63045fA931e827193c2d1F401","yifeng","","2026-09-04T21:20:14.000Z"
yiiRIxsnYzSwGhTqc86CsXEPlsH3,"0xa956E49d2F1BAC739F9217028189E298E2394Fc0","Gonbtc1","","2026-09-07T12:44:42.363Z"
yinjensen,"0x2446BD3139b17c74b34c76B7F164B72d77422950","yinjensen","","2026-09-04T21:18:57.000Z"
yishiwucheng,"0x929ed1394879441032fAAE71C9a654C6EAB14903","yishiwucheng","","2026-09-04T21:19:25.000Z"
yizhiyang,"0xC11BC634b5442F7A2C10bF53Ec82680A51b5E954","yizhiyang","","2026-09-04T21:19:27.000Z"
yjacksione97355,"0xbd3AA84e6632389Ed6FCA421D6849c371F338d45","yjacksione97355","","2026-09-04T21:14:46.000Z"
yjkb,"0x877090Eb8501C8f7bc35544DC530D0c23a77F3Ef","yjkb","","2026-09-04T21:18:28.000Z"
yjtbTaqTKxac19QsU5MfqLPsn6m2,"0xF7bEa0565Bf9Ab366271730dA47067A00FD89a6E","CalebBrads60178","","2026-09-08T16:57:02.274Z"
yksAuWJFLDh76SbHiaYWAwFFMVH3,"0x0bb2716d938a0c92e6c0ee91430057d86ef00209","tuitenha28","","2026-09-04T08:59:49.531Z"
yli1BpJM3gcwv7M0S3JDHWXtpcM2,"0x0b3e170095f637BA30B2973Ac5e94Fe89eE9f162","MnhQun751577","","2026-09-08T17:04:25.324Z"
yliadanilova,"0x4f64325dc19380fA694BcAC22f794bc55781DF70","yliadanilova","","2026-09-04T21:16:58.000Z"
ym1987,"0xfAeA52De54f11A0f199c288276b1cFc3453260C1","ym1987","","2026-09-04T21:18:41.000Z"
ymhB7LMeeHPemDeNz463sROOwSF2,"0x8A35452494e17DC84199829Da22d2A315c930987","ValentinaM89377","","2026-09-08T16:03:09.450Z"
ymxc,"0x8D848b7aC585E37062969ad55F98a4Aad267C983","ymxc","","2026-09-04T21:19:26.000Z"
ynf888,"0xfD9Ad2e4D62f85f490D0bC2b7e8b59BbAE1b7d2e","ynf888","","2026-09-04T21:19:46.000Z"
yoga381,"0xF67E23074bA233Cf6b01DA972c24dddf33478b23","yoga381","","2026-09-04T21:14:59.000Z"
yohiki,"0xaEDF428d934c78D1EAE5eF4c034fc6f78bE74556","yohiki","","2026-09-04T21:17:20.000Z"
yokerochman,"0x57da192503658b6F066EcDE3B0d3F71aB2351bfC","yokerochman","","2026-09-04T21:16:02.000Z"
yoon244,"0x43a5DFc06b0e692486Ab5FC77965f1a5a45AC48b","yoon244","","2026-09-04T21:20:13.000Z"
york2022,"0xff443B8215b136D4b63299Cfbd3E9c0A5c704b2C","york2022","","2026-09-04T21:16:43.000Z"
yoshi9,"0xFDFea3e42bd266E2c94c0E8bD1B26Be22E47789d","yoshi9","","2026-09-04T21:14:37.000Z"
yoshimasa_f,"0xd7F60E2548B5A10e6114a2AdD6f93ca3B12e1328","yoshimasa_f","","2026-09-04T21:21:22.000Z"
youlovemee,"0x7fcAF9c867264f375f2AB2C8eC57068477F87304","youlovemee","","2026-09-04T21:20:00.000Z"
young_ash,"0x51C2C86C1Ef6C5eC9cD187A242462E9447823288","young_ash","","2026-09-04T21:16:40.000Z"
young_ranger,"0x2FfF4c24614E583FCc745328FD005Eb69c3e3b37","young_ranger","","2026-09-04T21:17:04.000Z"
young_wraith,"0x4422E0F92B5895AED63B44231C559326EF59ff54","young_wraith","","2026-09-04T21:19:27.000Z"
youngbear,"0x3c0447a0f4Cb07dbc8a9ea3CD90B2B45D91F2798","youngbear","","2026-09-04T21:17:36.000Z"
youngcomet,"0x2d9316013886feE5E5916caE822Cc89Acd87714D","youngcomet","","2026-09-04T21:19:49.000Z"
youngecho,"0x2FBB27Bdf4C4C103DB58d73F006FB0F8c4cCfF57","youngecho","","2026-09-04T21:17:55.000Z"
youngknight,"0x3689ce7A1bA32154dF1dfF62E52362804C5e715f","youngknight","","2026-09-04T21:18:34.000Z"
youngmist,"0xeb806aa52e8f17Aa3F665A8DF64162D0b5220c39","youngmist","","2026-09-04T21:15:09.000Z"
youngoracle,"0x19Fe449eB75636B090eb633DbC8177B78551F16e","youngoracle","","2026-09-04T21:18:33.000Z"
youngrelic,"0x41e0532758C08cdb29dE055667A789a7B63AF596","youngrelic","","2026-09-04T21:14:20.000Z"
youngrune,"0x0585f5A259b2fcF5845A23Bf5d299B3B4070314E","youngrune","","2026-09-04T21:18:44.000Z"
youngsailor,"0xBd765037ac2e02172E9CB7975c316A70469eD84f","youngsailor","","2026-09-04T21:20:30.000Z"
yousef91,"0x3DDd691511F1079037819d40e94fF0d247afC46d","yousef91","","2026-09-04T21:15:20.000Z"
yousra15,"0x325a4Bf7e07d04D86091604fcb76dfd44428E8A4","yousra15","","2026-09-04T21:18:30.000Z"
yousufh41849806,"0x1B1f9776d075453693C5C1954ee6fF486402e29f","yousufh41849806","","2026-09-05T00:54:21.976Z"
youyou1317,"0x6AEB365A61426E25220550f54b951AB9cE0e6810","youyou1317","","2026-09-04T21:21:28.000Z"
yoyobs,"0x857788769Ff3a3AB6d87Dc21ca5713304EF490ac","yoyobs","","2026-09-04T21:16:09.000Z"
yozzzzzzzzz,"0x708d6E4325C4c70c0206d6c6127b89190384a5e7","yozzzzzzzzz","","2026-09-04T21:17:53.000Z"
ypggOo82PaU2tR2H5lUSDCLnMp62,"0x88Ee88DeDf3733AE117C8149A0b4458e0A5d4112","NeilleZ48987","","2026-09-08T16:41:19.217Z"
yq3Cwbq1D7RZer928v6toMNTcF02,"0x5B1e9bAcaA68D25F6E40148f7f9DF15607ffa5E8","HKhnh2773","","2026-09-08T16:41:16.870Z"
yqOGPCYMoDbDX71gsbSKTM42ru72,"0x85273125f2BF0d119c7484c1A5304d3EFdB32867","CristianoT91384","","2026-09-08T16:12:19.072Z"
yt712,"0x7d892DAC8886dC9E8383f1Cd57d04ec3c7a7646f","yt712","","2026-09-04T21:17:06.000Z"
ytLW9SKjwsNcMxT967sohfw1gOe2,"0x0282e1E07D055c04490669da0744431934E2461b","JCroftoon83793","","2026-09-08T17:10:04.531Z"
ytvOqkzGPzbhFqWbtVzpS7BQVim2,"0xC8724B9b6717D4088afe9bB1C5ee6675101e1228","JordanAlbe45909","","2026-09-08T16:28:51.655Z"
yuanjing,"0x7974d93f7522DAE985778cBDbaFcdBA634CE8C8b","yuanjing","","2026-09-04T21:20:21.000Z"
yucelc,"0x7F3f433Ba11cC71b50A15673491F0722f1D817C0","yucelc","","2026-09-04T21:19:59.000Z"
yuelle,"0x9AC0281b7A6c078FDF2B202834cdE893733D3425","yuelle","","2026-09-04T21:20:43.000Z"
yufeii,"0xB44c6b34Eb51D3B2e1EebaB567BF0c1E6a01560a","yufeii","","2026-09-04T21:18:52.000Z"
yufku,"0x3C2f8A3728B35DBd5f0d8AeaC99DB9027DC160eF","yufku","","2026-09-04T21:20:32.000Z"
yuhah2h,"0xf0D46903bd5551823376e7Ea20568D5f691297B1","yuhah2h","","2026-09-04T21:20:03.000Z"
yuhi,"0xA9AA87C825d09948b3F61a694890F03D75D5cc2e","yuhi","","2026-09-04T21:20:40.000Z"
yuito,"0xB47cDD48575055CDA0F92611634D190D6B8b9611","yuito","","2026-09-04T21:17:41.000Z"
yukiro,"0x61f4e245893b912F87848d24125Ef354D9E37F3b","yukiro","","2026-09-04T21:19:51.000Z"
yuliyanti,"0xcb67219f025aA0ead8495A5F8e1e45A7139f22e9","yuliyanti","","2026-09-04T21:16:35.000Z"
yunepto,"0x8c241e5f663C9e10921a191aD007F37F93f5ff9B","yunepto","","2026-09-04T21:19:47.000Z"
yunhexian,"0xcc136333C7b8ed6423fAA8EdEF8194bBFa9b75a6","yunhexian","","2026-09-04T21:16:43.000Z"
yuniastuti_,"0x2845C29350Faf4eB5a2805b252F3c5691619E975","yuniastuti_","","1788588453449"
yunusaltun,"0xe14DD510b60A090EE582d4699019c3b655c84cc5","yunusaltun","","2026-09-04T21:14:37.000Z"
yurickz,"0xaf3f1502BbDA73B8b16342409c2541339D658b55","yurickz","","2026-09-04T21:18:16.000Z"
yurinl,"0xEEf8A1b440a1487c79a11754c1d95223b78366eE","yurinl","","2026-09-04T21:20:02.000Z"
yusrilbaharsyah,"0x15eD4090C7C6c15B7b4e3EF708f47c23B2A6Ac20","yusrilbaharsyah","","2026-09-04T21:16:15.000Z"
yusufcan,"0x0758bCFB66Fb22Eec7410cf963f0d59C09118eA6","yusufcan","","2026-09-04T21:16:34.000Z"
yusufmaulana9,"0x424a6789BB606b46B47aEeF06CB5DF0471b53347","yusufmaulana9","","1788588385463"
yutacho,"0x5e91d458ab2C56ED01Fe120E5792732861447507","yutacho","","2026-09-04T21:14:11.000Z"
yuuya2,"0xD632CA0aE456661140d92c9B61CeEf33bF9fBbC2","yuuya2","","2026-09-04T21:20:53.000Z"
yuyukoko,"0xf08E85d22c19e0ae24899184c9EADe6F7FF67197","yuyukoko","","2026-09-04T21:16:33.000Z"
yuziki,"0xe514eD826e00C333e5BA97aFF4dF6dC1bdE84881","yuziki","","2026-09-04T21:14:31.000Z"
ywFkA2vcSmx0faQy6cwtOxLVx5Tc,"0x46b0Ced32839d422eDA36f493D1d79d621c87358","73jbgo85","","2026-09-01T00:38:40.698Z"
yx0UtGIFRPgaLOwOBgJqONyVUkY2,"0xB838ab854c4D222e52ECDe0d8a00B1Be005B3804","chalathegreat","","2026-09-07T02:46:47.496Z"
yx7g8aSMaddQWBu0HKDXYbDu8Xq1,"0x0d89348F48627f94b5A5b4CAd5B30fAb30893D3b","DavidsonAu55130","","2026-09-08T15:39:14.886Z"
yy55,"0x2AF0d1eeaD7F196BA29eC3102ce3213dd2649586","yy55","","2026-09-04T21:19:11.000Z"
yyaser,"0x098630a28F9b2A1AFD26e8F1E85d59ce2C2385D5","yyaser","","2026-09-04T21:19:31.000Z"
yyl7vr1YowUHz5kgJ9UAup8SVwB3,"0x3FCd7b9ee8f7E3577882939321e062c52533f216","MdShohagIs62622","","2026-09-07T18:46:05.287Z"
yyp00,"0x4dAf86724d707156cb675fFF252abdD0bcdbF6bd","yyp00","","2026-09-04T21:15:20.000Z"
yysJePu0qnSEnaN9zXsvpCvzkbuJ,"0xa0A4fcAf3BEeD73Ad7b1aCfb17f85ab47399194C","DennisRobeeb3v","","2026-09-04T08:59:15.197Z"
yyss,"0x1911c3493362CC2D3D714E3eD3275e947C1E626A","yyss","","2026-09-04T21:21:32.000Z"
yyyyyyy1118,"0xa5557FA109D424216BDe7548Ddde7165e660EE91","yyyyyyy1118","","2026-09-04T21:16:40.000Z"
yzIUhQCXuPYKVRE1stMkSCDbYLHL,"0x01A81947eeCC84719Ef561A61DEB08378f23C2E5","BobbyLonglsum","","2026-09-04T08:59:07.969Z"
z0UQTQabWtcnU8t0bh4n20cFoEY2,"0xfca54b861142e687df68af6926d8faa4cc2e0192","Isdihim9","","2026-09-04T05:30:29.629Z"
z0UqkEtqyAhLswJh9SfYQNAEri82,"0x5330801dA1a5F9fE0999f8F3e83bB3f4300e2F8d","TAn622894282819","","2026-09-08T16:49:34.583Z"
z1wXDA4JTyNgSzCZXlJSZ9rbfg82,"0x586afE7ef5ba1Bd9244E56fc1908b0B8eB897d74","TangT67133","","2026-09-08T16:49:43.288Z"
z2OospWLdDMp5hBA398cJ0YKiRt2,"0x29A83B4051a690ba43924555f678a5E46BC643Bc","YovonndaW1790","","2026-09-08T16:26:36.656Z"
z2jcJ10EBpRegYuzTlhAUTgi5N63,"0x6776D353d2A0B2176cABe17641153Add4de07Cd4","SashaR30638","","2026-09-08T16:37:36.687Z"
z3WIkD5BR2NE7iVp4Lgf3CKnp9D3,"0x34abed5b214587565Ae1c8c6dBaeCe17E8a04235","MakedaC69527983","","2026-09-08T15:37:57.126Z"
z4ncIWEpQaXSl8MHBPGnoVgcaE43,"0xCf6D50ceDd1d4427dD6Df3adef9E141Cb0E50890","VThanh185901","","2026-09-08T16:35:56.572Z"
z4w0D0pIUuQ7FwWQqaoGWDDr6973,"0x93f5a4942dE5AbFFb7761670B14AB85Cb275c5A7","NgAnh849623","","2026-09-08T16:53:18.153Z"
z5F4RabonaV4oZqZzIlOILT5Hao2,"0xd53eBCd58466566D6Ec49a1061f5CbFe7A6e0291","MeredithPh67008","","2026-09-08T16:43:08.933Z"
z5FIWSs3VZRlIE2qQP1o3VJhYkr2,"0x7DB05cCb9c61297379648bb88E720DE9387E9344","WuKaira57352","","2026-09-08T16:42:13.300Z"
z6ckErIexjcbhwAFSgw5uTnbcYr2,"0xa9cf0800CA2028713FBb39470e51B8bb7eA46a62","LouStanley46008","","2026-09-08T16:21:28.747Z"
z6oKuqcFMdSEHgvNx1mvAATHzFdA,"0x6E6724a7f8eF765B7816636fE44f3f0426E7b3D6","lisa39iu3","","2026-09-04T08:58:31.940Z"
z7z7,"0x904159334CD54bA1CB15b3f0C2419F9E73ee872d","z7z7","","2026-09-04T21:21:24.000Z"
z8GP465CbOeHjLJpYFEa7v7tbdUa,"0x56C2bEe8570898E41548fddd6edbD67Ec531D233","RichardCoxiv7l","","2026-09-04T08:59:25.851Z"
zBipBcyi78Qxi5o4UiLr5L1aasO2,"0xF87ee1a10407ED6aC3C0ef67cBF804EA2b481953","LuTun956236","","2026-09-08T17:01:12.487Z"
zDUdOvPSKcTMBb0b5KwJ1R12KSt2,"0xc4BAE5E6F8d6338Ff63d320Bf9009a30a67D853E","LuQuc487699","","2026-09-08T16:37:18.732Z"
zDZJ7nSi6sNu5CfANCP51VWDCO43,"0x976D25F133952D391e99839de9A29500221e3382","ChiHang18308","","2026-09-08T16:23:32.300Z"
zEHmvIaSARQBClpudSVilAGt8Zs1,"0x8053aa8af4ab5EA73B41cCdcEfCf473BBe1D05c5","StacieBell68768","","2026-09-08T16:55:20.911Z"
zEyGJ9mowMgfyUpanAFfndxJ6u53,"0x459004Da90E69d47F42B2a09DAE309A54fB07379","BranchMyra58937","","2026-09-08T16:44:40.417Z"
zICgpwq4QTZKLaN79iTAv4TIk8h1,"0x862f4015A984804F8091210e77F6C4B36f35212d","EvaleenV76862","","2026-09-08T16:25:40.585Z"
zJIQvpQDIsfS2nZCzWA9FUuXNQn2,"0x87FD94aF07B77315C57b7807C3dfac61A5Cd932c","AustinCook88535","","2026-09-08T16:11:35.336Z"
zKwkdRIbPrPeGUycumk3o0ZpUXs2,"0x727F46C26aCCb24DEFbF20f451dF457380709876","K87733354Kumar","","2026-09-08T13:56:49.091Z"
zL7i2OT4UdUR7WATodOOkJBKoGg2,"0xAebaa82Bb3e76e51be656B83FCbeCC21dE159299","ThaiBui48882","","2026-09-08T16:29:46.887Z"
zLOvSFa4XQdZf94JHhMxB4qglUZ2,"0x1918c50988EDbF3C617855676E101fb9e3471308","DelgadoThe4719","","2026-09-08T16:25:09.968Z"
zMa9h2IWxpT0mnSLtuT0ALI1Pfk1,"0x41fCc7733fb535aAB5fB0b04512C5457c01D0f23","AmyDang598827","","2026-09-08T16:37:34.081Z"
zMpPzi2iL8gLmO5TnTaFYv0jBRC3,"0xd7b911B1F3B359787F4108bF49fBBfaa30C89c0F","CeliaMay68271","","2026-09-08T16:10:33.781Z"
zN3czfOiVFxqjsX7Z78nbGkagi5W,"0xFFb961df239A50872AA309a03f9F6062c38fCfE8","k2v6e0n2","","2026-09-01T00:38:40.698Z"
zNz6BrFKtXQlTi4cTZ7tuQ6nOBz1,"0x11d11DFb3201a118054b0f0d98d9F90733f7BB8F","VSn1292255","","2026-09-08T16:47:16.296Z"
zPPuDOqPAXMpBtMw3BgLsbjnaVG3,"0x360A076A3b136E03aa912cC2a871407C88D52485","MaxGimson440278","","2026-09-08T16:06:47.928Z"
zQ4ypEbn9J2f4zw7tz5gIO7xfbxi,"0x6817e37e37F1E9EB229678358AcB2C3172daD18A","WilliamScoupt8","","2026-09-04T08:59:33.475Z"
zRzxrZDDEOQMEWye8qloqffKWhx2,"0x8Fad0676346E18add8e856156d2B1dC423aDde3e","tuong_chau82467","","2026-09-08T16:30:21.333Z"
zVMS7ONoTqM2AGlvXufFa49xWUD3,"0x70c356d9b52a65f8f3d9098e40957c842bf2a917","GlobusNft","","2026-09-06T20:47:21.248Z"
zW0Md0bwNNgS2Ja4ilHUc5cf2Af1,"0xeF1E1A84434cc30b10Eb63B67df27cDde6f0E145","GilbertJek31529","","2026-09-08T16:03:43.239Z"
zWsS1PYAhrbVHupPZXvND8JKTQs1,"0xB138fa8bDF5B382061C13A2A6555788c224f014a","TrnKhi233040","","2026-09-08T16:59:19.456Z"
zZBlZWj8inSQi2lK42PEP6lvDck2,"0xA916c80ed436eAB7FfCDA9FeC6f4CACDDBB1D014","MPhong739998","","2026-09-08T16:49:24.148Z"
zacYXGma14UajpbEddwwdz9KeSD3,"0xdb78883E257D93192f559cb3C723088FB29CF534","XunKim368201","","2026-09-08T16:43:02.333Z"
zacep,"0x95b96acf102cdefc7025cd140ca5637afd20bf99","zacep","","2026-09-04T21:16:34.000Z"
zafar1001,"0xAEc28a9E174f8F83F6121C29cf44d9063bf5f765","zafar1001","","2026-09-04T21:19:42.000Z"
zahidzk,"0x521E18BCCd77fe000fEAFd6513307361E7db89d2","zahidzk","","2026-09-04T21:20:42.000Z"
zahoormighty,"0x84F30052831024071CB7269E251f46Ef1A62FAb7","zahoormighty","","2026-09-04T21:19:40.000Z"
zahra0312,"0xEa217bD27af724BAdc16b612697393C5417DCD29","zahra0312","","2026-09-04T21:15:35.000Z"
zakhan,"0xB1e55D694C267050b973075393f60123A3BDAdb9","zakhan","","2026-09-04T21:20:06.000Z"
zapula,"0x58682B00Ef90A753c322C1Afda99B6608d27F7d5","zapula","","2026-09-04T21:15:32.000Z"
zaroal,"0x9158593a717ed6a35dE6B18040238E4e242E3cea","zaroal","","2026-09-04T21:18:01.000Z"
zatotari,"0xc32e61cB14c2C6878D28a078631919a6CB18fdF5","zatotari","","2026-09-04T21:14:43.000Z"
zavidnoy,"0xB28050279B444BAe9Ce4AfD3777617606b2601D8","zavidnoy","","2026-09-04T21:19:58.000Z"
zb2XiNHjBqfHuvyyFOvjKS1r7ov1,"0x0F2466A3bF0d02A536F3d4A6f250eeD44AB2c577","EvgeniaS65455","","2026-09-09T20:30:02.599Z"
zbQ8LMioT2eNdoA79JnaUbuCZPI2,"0x6CC0AF031a66Aa2e068f3f39c327A9CCeDD78D5C","adrian_bar50925","","2026-09-08T16:04:25.164Z"
zc96zmS9rNCDxmDearR3R6lY6zzT,"0x65D5d08A3d4b980Ff89411fcfc0f03515133B378","kayla55oq2","","2026-09-04T08:58:19.155Z"
zch109,"0x0865D77801186425A42c972e8a7c7BDc505bE435","zch109","","2026-09-04T21:14:10.000Z"
zcvs,"0xf26D522F08775a1a24C4C8eb5de97296583B36f9","zcvs","","2026-09-04T21:21:20.000Z"
zd5sLnsiDWNdeuuDdSeJzi2eWm92,"0x10B93dD6FEe749C8DEde8399ED636A6B9d52DA02","BrianEv05849422","","2026-09-08T16:07:11.172Z"
zealongaminh,"0x66984Ee17f22FE86d19090eD1FBD57bEcC825196","zealongaminh","","2026-09-04T20:42:54.473Z"
zeebond,"0x8a15c68F2eDe4270d2f92CD05685Fe0D7BC00642","zeebond","","2026-09-04T21:14:42.000Z"
zeecok,"0xcC67595D7D0fF63D5370486F2926AAB88900eC7C","zeecok","","2026-09-04T21:21:25.000Z"
zeelandvad,"0x0fBf64e40C60dd62ad21d6A42d43aB8713104AF7","zeelandvad","","2026-09-04T21:21:01.000Z"
zeeshan_khan,"0x28CE7e8947FD0c9F44660b20f8cEe24575073E28","zeeshan_khan","","2026-09-04T21:15:30.000Z"
zen_xbt,"0x3cDa79d965Ad5D8671F5867D081B0fC6159824ac","zen_xbt","","2026-09-04T14:59:33.266Z"
zenzen,"0xC0bD3e5A07f33aF2d8e0BbeBC64D3161f480b818","zenzen","","2026-09-04T21:19:14.000Z"
zephy12,"0xE4CA78FbB045264FFa1c4D20105bF29C539e89dC","zephy12","","2026-09-04T21:20:08.000Z"
zer0ne,"0x0fa44A8C9a0C58131EcA14C527A9093385466Bb9","zer0ne","","2026-09-04T21:20:32.000Z"
zerf11,"0x989A77FDcd10Ba304de5833425513aD6530b8137","zerf11","","2026-09-04T21:18:49.000Z"
zerickpb,"0x9c661217e92E60bB5b86FEf523dC9F6724417707","zerickpb","","2026-09-05T00:51:06.928Z"
zerio,"0xA10dFFB488E52Da914d59f4F3bD6362F95b1ab5e","zerio","","2026-09-04T21:14:26.000Z"
zero,"0xc148C603Fc1B4B3144A8aeD0Ba3A7328e042168f","zero","","2026-09-04T21:14:19.000Z"
zetsy,"0x714B8affb34033e9c0d2D1Aa7fE55c69b42ba531","zetsy","","2026-09-04T21:18:40.000Z"
zflowerz,"0x32891973bd6D37202157619A9245aa7DC4B7ab58","zflowerz","","2026-09-04T21:15:12.000Z"
zhQyrnzgnGVTKHrY96JFvaYJZex2,"0xa3D49cCF84B601A74D9f7020D67995d56B9d3688","FeyStoke56459","","2026-09-08T16:50:12.508Z"
zhangdapang,"0x3462F1e87078E5E885e2Aa7B00Cf31d00fB82B85","zhangdapang","","2026-09-04T21:18:03.000Z"
zhangfatian,"0x2092485F8eFc1373baa375D60A4D8E09a9Ee577d","zhangfatian","","2026-09-04T21:19:44.000Z"
zhangxu,"0x1fD67C2061B91e59cbbB8CD4a17943009223EB4d","zhangxu","","2026-09-04T21:17:36.000Z"
zhanlujia,"0xe0503730097F6FDEFB69Da50BD1E4CEAeB9B1c6d","zhanlujia","","2026-09-04T21:19:15.000Z"
zhanna9595,"0xD9E1ED62df9159B8Ba934A3d47847fff1E061dd3","zhanna9595","","2026-09-04T21:16:13.000Z"
zheezzy,"0x8A45f905478aA9C39B4BEa52F57cAA3E83e008c7","zheezzy","","2026-09-04T21:15:46.000Z"
zhongbuzhong,"0x32E73999809DF5c53511133aD089a1eDA43eAD54","zhongbuzhong","","2026-09-04T21:16:50.000Z"
zhongweibin,"0xf0155859BAc5230c2700A71e9965EeA5f85324a7","zhongweibin","","2026-09-04T21:18:07.000Z"
zhoulixia783834,"0xeF31b7CA01b7C2befd566D306B565B1dd3FEAb2F","zhoulixia783834","","2026-09-04T21:20:15.000Z"
zhouxc,"0x28964D73eDF3Ef61CBF03b9e8F8eF54250e9B5d7","zhouxc","","2026-09-04T21:21:11.000Z"
zhuhua,"0xD1526ce45a13677CdD833578453EAB8d0a5293FB","zhuhua","","2026-09-04T21:19:39.000Z"
zhupanty,"0xaDDB56FFeAE5a0fbB1fC554F2415683047c866C1","zhupanty","","2026-09-04T21:16:32.000Z"
zihui,"0xB1fE808b267CF87824f8E0CE5821A2A56d0791e9","zihui","","2026-09-04T21:14:54.000Z"
zikc,"0xAB9Ea52E96bF3F654A51fD5C02e48B0f30731Fed","zikc","","2026-09-04T21:17:18.000Z"
zimi18,"0xC687f0f2A4b50F8Df2564932Ae3c3418dE1A5bf0","zimi18","","2026-09-04T21:15:51.000Z"
zimnyy,"0x43A80B78fCc46C942Ef29D72e093C71d69832642","zimnyy","","2026-09-04T21:15:21.000Z"
ziyou666,"0x48eACa2c9316372A5471AaA9c16785773e1b84B9","ziyou666","","2026-09-04T21:19:20.000Z"
ziyouxiong88,"0x1e69febddff828f971ce970ffae92dbc5abd38bc","ziyouxiong88","","2026-09-05T00:29:56.767Z"
zjziaCSUEudV6hVjuDgyPkodzYg2,"0x9f637085ea771bb300096028ffc55740780903d4","makiem1994","","2026-09-04T12:47:50.660Z"
zkcxh0rw4ocMOd86dEF9O5Iauce2,"0x8e642725569b6b41e568b1fd68286f57c63C667f","reese_sloa84602","","2026-09-08T16:17:07.784Z"
zkpoap,"0x2DF41449C33e976AA4431A2076105F19A7d13111","zkpoap","","2026-09-04T18:02:08.685Z"
zlSvgSUuRkbuJzQteBwMGVUH7km2,"0xC8339389a7BC4c092E6a4fe7d9a7509f8d30078B","PhmTi1024067","","2026-09-08T16:26:27.140Z"
zlayerxd,"0xe5E73bDAC5B0Ac9D1aB3A0f4bF0e4E64D4aa7729","zlayerxd","","2026-09-04T21:17:01.000Z"
zld168,"0x4E39479F82eDf9e338A31dd789b0421c3eD23F99","zld168","","2026-09-04T21:18:17.000Z"
znVzfLljUBbHG8W8vAKLPoTwgvz1,"0xfcf69665A1f54531DC707a66aD76986FFACBDe79","LeylaEsthe29699","","2026-09-08T16:31:07.446Z"
zoIBetLQX5OCgjjB5HaKJNDZ8Tc2,"0x1E50a38BbEE45f1457E5b110aB53783aD2c5B887","MaryBrady964969","","2026-09-08T16:18:10.760Z"
zoQNnc4J0FTBoIfqqk65IMv6t0H2,"0xfeaf4ed856555d10627d937dd92cf59562a44fe6","0xdhee23","","2026-09-06T17:11:34.277Z"
zoe62,"0x8d3905DA9690eA030e180aFe564A9097F06c4742","zoe62","","2026-09-04T21:18:50.000Z"
zoe_frost,"0xEB2286b0f2097Cfc8fb34474C0BB6bB58eDE2721","zoe_frost","","2026-09-04T21:19:47.000Z"
zoe_raven,"0x805CcF64976344C38F5035eFd22564968EFb0239","zoe_raven","","2026-09-04T21:18:58.000Z"
zoemonk,"0x5A9311D4b0e93d128C1410b9811c1e9a49b2d088","zoemonk","","2026-09-04T21:19:06.000Z"
zoghert,"0x0d7b3383354752b36a4D73E1815a96784114e9Ac","zoghert","","2026-09-04T21:19:20.000Z"
zoom,"0xEDd8eeCF79cfE5Cc6A6178801BB397B5a0d825E6","zoom","","2026-09-04T21:17:35.000Z"
zseven1,"0xF0a691f707ae480421Ea54E4fF34d110a8330AEB","zseven1","","2026-09-04T21:20:50.000Z"
zspcs,"0x51C766250F293Ea7f228c1Ec5aBC698D9f7871e1","zspcs","","2026-09-04T21:15:05.000Z"
zumik,"0x59B8599ebF0FF8405DbE75A2f76953094c07d34a","zumik","","2026-09-04T21:14:46.000Z"
zuruyu,"0x63f444b1dcfb9048035db1433afEDAfF30B5032C","zuruyu","","2026-09-04T21:18:25.000Z"
zw47Sss8GJU24PisJond8P1nbKj1,"0xa81d90D68A4ECa8176AA5c4dc20753C67C4FeC34","TinsleyC83323","","2026-09-08T16:26:05.938Z"
zwiSJPzaKKTcU3AJFYabeguMVpG5,"0x7314E83cA3136e04Dd0bcA99Abf06C114bCDAD23","amber97pt0","","2026-09-04T08:58:47.690Z"
zxc77,"0x09198b0Bb3B124c2D23b81c0CB75461956f8647A","zxc77","","2026-09-04T21:20:48.000Z"
zxc79,"0x03Bb658392c917a34689eaE725Ee92482B2bce2F","zxc79","","2026-09-04T21:17:37.000Z"
zxcsad,"0xAFdD23327851EE817fD59a50536141c6464572e7","zxcsad","","2026-09-04T21:19:56.000Z"
zxiang7,"0x15aE329A4aa5035A9d581cd48804bf57e69e62Ad","zxiang7","","2026-09-04T21:15:46.000Z"
zxkent,"0x119ACA618A152a10910917E49537b6533a5c20AE","zxkent","","2026-09-04T21:14:57.000Z"
zyaROdGETKgVMqWEjcOdHQ8S52H2,"0x5A14d91eaa8360Cf6B4CCe48E6843420E51A83a1","carly_aria8044","","2026-09-08T16:49:26.132Z"
zygg,"0xb0Ecd35B6631a8Fe63eCc9d48F54C352B9D4FC75","zygg","","2026-09-04T21:14:24.000Z"
zz11zzzz,"0x6a51A7aA9579A7d80469B9b5e25254489416fE28","zz11zzzz","","2026-09-04T21:16:07.000Z"
zz1RuWts8SZ3ylY77STra9iFwIb2,"0x499f491373b3e135cc58d98F3fB1EC0d9B36195b","GarethDona33485","","2026-09-08T15:46:12.909Z"
zzom2,"0x77A890024a2F6b5224f2d89A1295EF768a21cd8D","zzom2","","2026-09-04T21:20:00.000Z"
zzzank,"0x87ba2C1eff328bC80733e779b7DF416e4f7d3974","zzzank","","2026-09-04T21:18:53.000Z"
zzzzc,"0x7eCea0AAcFd76976c31C2a82D73f03EBDF1F21A8","zzzzc","","2026-09-04T21:16:25.000Z"