claimNumber,discordUser,twitterHandle,walletAddress,quoteTweetLink,uid,campaignId,createdAt
"372","dianarodriguez0811","NhuThao767214","0x77ada1bbb778c4e3794fdd603a9e7c1116d40af4","https://x.com/NhuThao767214/status/2097851134413078691?s=20","0V74ioF4OUdCg7u1bkwjwFniM1s2","active-campaign","2026-09-10T01:04:42.959Z"
"101","NilQuest","nilson_quest","0x6263eecB3dB6F28f96377786c017623BD53bB2A2","https://x.com/Haunting_Hoods/status/2097753815336255504","0Vtmz9doXuNXRDl0ysP8mSjliWt1","active-campaign","2026-09-09T19:35:16.246Z"
"231","rzachrismlna_","janeayaa","0xd31B3294fa255b31bA1311bf1170e9b9356C2e0e","https://x.com/janeayaa/status/2097795368323047524","0v7BQ9Q64NMIB8d4gxRXQMma0EZ2","active-campaign","2026-09-09T21:13:25.219Z"
"244","Tobez2335","tobezticated","0x86825da19c8d8da65f34aaeb12d4e38057e81b2c","https://x.com/tobezticated/status/2097799152830693614?s=46","10UtJ3hlMZRytY5YxkqKfVOOmCh1","active-campaign","2026-09-09T21:28:24.457Z"
"358","sakil095","BASE_Apes_","0xc7fA9ea4CcfEFF3110a191F38Bf9E58D1565291e","https://x.com/BASE_Apes_/status/2097851361505550780?s=20","11KMruYWCzfdNj0BNdVgLo4Q6wL2","active-campaign","2026-09-10T00:57:08.079Z"
"356","OverAirDrop","OverAirDrop","0xA2F4c9c5f002Dc49b685F4c1CbFb01f12B03445a","https://x.com/OverAirDrop/status/2097847222939550078?s=20","14lLjVkYhddUDwQCxlBxlVuH17P2","active-campaign","2026-09-10T00:48:24.069Z"
"327","revalina#9343","PrizeHunterr","0x4230c9eef0c3ed53f0c1967d76f17c9367b5a8c8","https://x.com/PrizeHunterr/status/2097834227593355310?s=20","18Xk3xG9UBMoCyEXSDjFf66FZsq2","active-campaign","2026-09-09T23:51:40.097Z"
"19","riza_fauzi12","rizax_fauzi","0xf7861C0efEBE8a0f8bA2F465f392168D4A3b0a56","https://x.com/rizax_fauzi/status/2097759629464027538","18shAJhtsVYtK3I6ep10fL6PZJk1","active-campaign","2026-09-09T18:51:16.393Z"
"403","mukidiweb3","mukidiweb3","0xBbf2d50B50645dE34bd2d52fF054bBf54189Cc77","https://x.com/mukidiweb3/status/2097876828430221511","1CeEtNrmPlRg5xLBYzfs3lRXBfw1","active-campaign","2026-09-10T02:41:57.553Z"
"90","Reiffermadness","_reiffermadness","0x23a13d6b855B87192e312316575Aa2144B01Fc90","https://x.com/_reiffermadness/status/2097769027393524087?s=20","1O77VZ8s55TlZT5hLbVy7uRhMhc2","active-campaign","2026-09-09T19:29:16.891Z"
"185","oluwatobireform","Dannyj04c","0x85e95a823ddaf8e8216dbb0a4e2f97a3d31bbf6a","https://x.com/dannyj04c/status/2097786101066850487?s=46","1d54P1KcyjfuY8FFaJFWY3EUX6c2","active-campaign","2026-09-09T20:38:44.609Z"
"264","chitago2000_99189","davilnos2000","0xc8eeaa18b26a62a1e6fb0a9dc083c19dab0c494f","https://x.com/davilnos2000/status/2097804648216424923","1lZsIbtZkDOkrF9oobjheksuWQx1","active-campaign","2026-09-09T21:52:17.218Z"
"142","lihvl_97430","SweetTalk_0x","0x028cf1ca53625b3df71963c778183856c2221012","https://x.com/Haunting_Hoods/status/2097753815336255504?s=20","1nUid0rfMEUNq98iGSEHQrMoY5A3","active-campaign","2026-09-09T19:59:55.330Z"
"137","Kedon0","Kedon0","0x4772Baf7CC879841F7311dc417E415a45b6b2aB5","https://x.com/kedon0/status/2097776010490003670?s=46","1nwJlSI8o2Z9ev6inuUG4ZmSuyr1","active-campaign","2026-09-09T19:56:51.835Z"
"350","daveidylls","daveidylls","0x2d17bacd501c78f1b05343cd9918a35ff145bd09","https://x.com/daveidylls/status/2097847906640261330","1pv7rfHf1LdSCtr8aJ0mVcahLbx1","active-campaign","2026-09-10T00:42:57.461Z"
"444","humnha_02322","WarrenLuca41283","0xd752df124c169a9ec0baff4054ad3cdcd15b68fc","https://x.com/WarrenLuca41283/status/2097901527231091057","1rRMzkpx6bbD3VinbhL2yzf7fGD2","active-campaign","2026-09-10T04:19:41.126Z"
"319","f4ozt_","f4ozt_","0x680ce331b4bdb1c0a53fe2d96e2318ac05e2d130","https://x.com/f4ozt_/status/2097831501635440668?s=20","1yZ74rirKNO75GaIXbmwgfIdoR62","active-campaign","2026-09-09T23:38:38.012Z"
"84","sanfarta","goblen69","0xdF61a0e6D296429b018ff37Fe04F4251c96888C9","https://x.com/goblen69/status/2097767929219625156?s=20","206imbdWe1X7Gh2iAYLrUOFHnv43","active-campaign","2026-09-09T19:25:31.252Z"
"74","dikaaeuyy","AndikaX82","0xb97573bd84d75e9ee93e9ae0acbf612e6b3cc105","https://x.com/AndikaX82/status/2097766779439505527","2CvCt6uyQaVzADSGIrI1rtQHu592","active-campaign","2026-09-09T19:20:24.353Z"
"360","dafi4567_86357","RezaulKarimss","0x352f8088E9AdC2eFefeF0Dea58db75f71b95871f","https://x.com/RezaulKarimss/status/2097852250886656498?s=20","2G5exLkViMZIfajnBB6KrurdSBd2","active-campaign","2026-09-10T00:59:27.872Z"
"292","Damylanre","DamylanreAdisa","0x62623ed1b620bf795dba5fd3d353a3214092898a","https://x.com/DamylanreAdisa/status/2097816027396550891?s=20","2XuOdqVOv9PXZzpLL9O6OO5rgoS2","active-campaign","2026-09-09T22:40:04.552Z"
"80","othoy1","emonkhan4675","0x8b558F38343A14E76c4B828F71AD8b6685517a8c","https://x.com/emonkhan4675/status/2097767389786251273?s=20","2bhGfb53rOMAXIjniLRHO6JeONw1","active-campaign","2026-09-09T19:23:27.059Z"
"99","zkolerktortai","widongoo","0x1b74b46d39ddbfb7d643dca37d0b4bffde4e28ec","https://x.com/widongoo/status/2097769817122156775","2mkZfAILaROB1l8vDYI71fp9aJ73","active-campaign","2026-09-09T19:34:42.482Z"
"191","0xshee","oshexbt","0x29fa7f8cc15e50c4dd86442868f8af1e2939e334","https://x.com/oshexbt/status/2097788079272800531","2yRXkG41StgybwhUx3ohTVyPzts2","active-campaign","2026-09-09T20:45:01.675Z"
"70","mines#5547","ixmines","0x5f64140df3f938a4392b20f2bfb82ccadf9a802b","https://x.com/ixmines/status/2097765741923631419","311rigKn7KcKs52tA576g8MtYxh2","active-campaign","2026-09-09T19:19:02.461Z"
"458","rahmatullah6305","drcrypto1718","0x84e7dcabb290b80136e8fe5259c2bd705d020936","https://x.com/drcrypto1718/status/2097909536074158572?s=20","34iqPwFu9hRuITRnKN0xZJs18wR2","active-campaign","2026-09-10T04:48:39.576Z"
"113","VJBillionz1","VJBillionz1","0x76eb2385866536e716fd790d12ae6f28cf296431","https://x.com/VJBillionz1/status/2097771471107948894","3DOlVFnqiJeRObyidrzQciUjZnK2","active-campaign","2026-09-09T19:39:32.138Z"
"79","yoursbuddy","ricereplyguy","0x519856446758c76d762ccfeb7b8ea47b674362ec","https://x.com/ricereplyguy/status/2097767005818650864","3UGbp41LR5Oh5Ldgsa171LZk5at2","active-campaign","2026-09-09T19:22:18.229Z"
"96","keshi_12","ducksterduckyou","0x49634f0fab42eb17Ffb347cA337BBaB162E9f898","https://x.com/i/status/2097769755109421507","3cuGFoSMOJXKlP5LUC6O6vF84Cd2","active-campaign","2026-09-09T19:33:41.807Z"
"37","Mr_meeseeks","inwalomeephraim","0x415c6358376ea6f0b9935aea941c29531642882e","https://x.com/inwalomeephraim/status/2097762376829329481","3i7MuK3ADAW4wxzFq6knTNejjk83","active-campaign","2026-09-09T19:02:53.806Z"
"438","sesezai_b1","oplerfu","0x9fc3d3735a4900b7816849d3181fede6f894a1c5","https://x.com/oplerfu/status/2097900337801961509?s=46","3oaPUPdK0oRTIr1SrLn0D6TVJuh1","active-campaign","2026-09-10T04:12:26.326Z"
"325","@PhuongVuNguyen7","PhuongVuNguyen7","0x52d4a8d4039fa2b019f067f53b62fee7a3ab8441","https://x.com/PhuongVuNguyen7/status/2097834109712454127","3pdkkkRzc0Yi8Q9I3db3Cj98ILK2","active-campaign","2026-09-09T23:50:26.673Z"
"454","xiaokuzai_","heluono_","0x992a00986adbd98657f92e79f81f1c1fbf39a8c1","https://x.com/heluono_/status/2097906128353124435?s=46","3w1xJJ3NPfasXXROXcufSjS2E4l2","active-campaign","2026-09-10T04:36:17.263Z"
"110","miragrr","HarishhCrazyy","0x375E4b28F0Dcf0314782ed41A52d85F7F6937815","https://x.com/Haunting_Hoods/status/2097763580938469872?s=20","43UlxWPYlLXaxr9xmTiK0AINh0w1","active-campaign","2026-09-09T19:37:51.840Z"
"450","mrsiva23","BurtonBrya16524","0x56c39dace4cdb3e647da1dd4d59a9c64d637651e","https://x.com/BurtonBrya16524/status/2097901527147102643","45wCTpAqtMYy6ewSc9hm6GmUP793","active-campaign","2026-09-10T04:20:49.492Z"
"169","necro_767","0xNecr","0x05fa2acb4ad879a86d9096a0543875154339d5c0","https://x.com/0xnecr/status/2097783346113753567?s=46","4AeuSjkgwTYeCYRMZlUSXSpq2h62","active-campaign","2026-09-09T20:26:30.802Z"
"162","sanjianke","swordsmanwork","0x1a994F76ADDF9ef5eC5914899F7337d2b1314520","https://x.com/swordsmanwork/status/2097782417679651205","4FZWMiJg92eg6NRaXiDte2mKNp12","active-campaign","2026-09-09T20:21:39.315Z"
"429","resabila21","BabyyZora","0xF272220a3cBdc92e092f94f3CF34A1E0a2aE7239","https://x.com/BabyyZora/status/2097889100565242275?s=20","4U9fueDbdChV0pXxU4QNxbd13fm2","active-campaign","2026-09-10T03:27:56.012Z"
"436","1974390919","0xbiying","0xb2732bc83797a44d7368b04b95879f582723346f","https://x.com/Haunting_Hoods/status/2097753815336255504?s=20","4caoUquQMUNZRDf0ymP6sCZZorC3","active-campaign","2026-09-10T04:02:31.652Z"
"242","Aqielsiroj","Briani1123","0x9309Da6077D7c0833aE20631846e00bBac5D0FA4","https://x.com/Briani1123/status/2097798389559959923?s=20","4lpDkYejxiVGkpHS3KDF4Li8EMz1","active-campaign","2026-09-09T21:25:30.741Z"
"38","@f.io","fiieth","0x5ca2ccb0a103821195b3d1712a7941a2ab89e58f","https://x.com/fiieth/status/2097761939174961362","4rP6wPdbvoaF3ExKFhMtkN6X3sx1","active-campaign","2026-09-09T19:03:16.223Z"
"408","saintsultan_","0x_saintsultan","0xb37b5e47241d5713f0f1a655cef276aaf8062f48","https://x.com/0x_saintsultan/status/2097880000540139703","4vPJ863CMyZFdefhksF2ArxHsD42","active-campaign","2026-09-10T02:50:39.152Z"
"246","Ibnumar1","Ibn_oumar12","0x43a16ee294ae87b002e8066ff8d51c0bb84a8944","https://x.com/Ibn_oumar12/status/2097799310142501030","4xBVXJpVtSNNm73eecmS62xhoKj2","active-campaign","2026-09-09T21:30:44.826Z"
"238","omn3verse_","_Xquar","0x114d17fe68eadf87242277614ff555887df8882f","https://x.com/_Xquar/status/2097796414004695512","4xGNI6rXoANybO31knfImbGWo8H2","active-campaign","2026-09-09T21:19:46.099Z"
"471","bamnha","hGJxLiu79167","0x6b95b25bc5599695bf36bbe380f0fcdee26df3ed","https://x.com/hGJxLiu79167/status/2097924461081301361","512TZmI3I5YhJLFwxAwvJ1uhfb53","active-campaign","2026-09-10T05:55:38.702Z"
"41","yiannis94","ioannisf94","0x9E20da4E9D36B2e8FD272cD2191064192578Bea6","https://x.com/ioannisf94/status/2097762988832801110","573aeqRPCZfsUduByleTxd7hBFU2","active-campaign","2026-09-09T19:04:40.217Z"
"394","youmi9999","dozvyoung","0xffe3d70193496536bd311452271241b45f25b4b9","https://x.com/dozvyoung/status/2097869195207995607?s=20","57KPfUZCFnRgydr5JTr2rVKZn8H3","active-campaign","2026-09-10T02:10:34.638Z"
"218","wahyubs","Wahyupradanaxbt","0x9605f86e3f19bfb552c1545927aad08a89ab2d6c","https://x.com/Wahyupradanaxbt/status/2097792439683805248","5ZuqOND4GmX7FA1M4GLrVjGuHmJ2","active-campaign","2026-09-09T21:03:35.908Z"
"102","cryptoizi","Heriyanto86","0x942054f145c53e6557e9cfacf9aa44bea5e0f24d","https://x.com/Heriyanto86/status/2097770076627955867?s=20","5ikAJUBX0XOuFrWLcWHK0KWqiVf2","active-campaign","2026-09-09T19:35:22.300Z"
"432","5irechain5","55irechain","0xd14449d765abe405c765fc3b61c458e5c3e1d812","https://x.com/55irechain/status/2097894813681287657?s=20","5n0pldDfZ6NUFx3njNqo8r25M9X2","active-campaign","2026-09-10T03:50:13.341Z"
"5","elijahh8304","Eli_cryptoo","0x6b8e896850a3513b21e1ab55ad0498ffc828825a","https://x.com/eli_cryptoo/status/2097733971207471325?s=46","61clsAV7qZZ1rbOfqaeawDeCdOb2","active-campaign","2026-09-09T17:10:43.372Z"
"49","hassanrak705_85979","RoguesApe","0xC598706e4e014396c16DB4b2f301236ac0BCaa8c","https://x.com/RoguesApe/status/2097763533044002962?s=20","6Au7LGd19cbtnBc6hLeVD07jojk1","active-campaign","2026-09-09T19:08:06.675Z"
"213","haliamjuanda","elvraps","0x9d92007Ed0461EFc7E88BDe3b4F083694513251e","https://x.com/elvraps/status/2094801196632641795","6V1ABs4WxcQQtwBPcosA8FLgIZL2","active-campaign","2026-09-09T20:59:02.034Z"
"224","chokhrich","chokhrich1","0x8ea991DFB128408196F40D56588b0A67B4Fa5b04","https://x.com/chokhrich1/status/2097792928429084963","6hDO9fq62fSFHIOJvS61V4TIwFQ2","active-campaign","2026-09-09T21:07:38.598Z"
"13","Classic#7045","biig_classic1","0xc89d404473109a6bd955f7a9a1a5e66f70599330","https://x.com/biig_classic1/status/2097755684502679931?s=46","6mRP7xAILSRj6x2K3en6ZAEfUZf2","active-campaign","2026-09-09T18:35:55.996Z"
"179","wiiu4028","0xRegs","0x30A5B96959C55e95255d1AEa27fF2c8C1F180f00","https://x.com/Haunting_Hoods/status/2097753815336255504?s=20","6urbyGwHNectaEGb6wowlpSOlYE2","active-campaign","2026-09-09T20:32:52.651Z"
"104","cryptomavia","MaviaCrypto29","0x0C34B994cE43a31F02D70e0BAec4FaF669696625","https://x.com/MaviaCrypto29/status/2097770860647956631?s=20","6wAn2aHPGyNtDtNJWCimaMWpCk13","active-campaign","2026-09-09T19:36:15.726Z"
"414","@ndiiko23","nimsa189","0x6048a3438e7962481fc8b45b65e08ba93558fbd4","https://x.com/nimsa189/status/2097882604179710389?s=20","76PI9jMauEeTvFm71O8PffJgxT63","active-campaign","2026-09-10T03:00:07.122Z"
"77","kim007","kimkorat","0x2c1f4dF355e7d244B860621b4f428ad1Fd975BB0","https://x.com/kimkorat/status/2097767240678494231?s=20","7DYT97RUTrTz8LJeTY1ABqyqvgL2","active-campaign","2026-09-09T19:21:37.780Z"
"36","twiz_xyz","twiz_xyz","0x37f467D4DE5A46387128E3e90836d40bfcB11882","https://x.com/twiz_xyz/status/2097761632856473679?s=46","7SxKDIMq9kUJqWOIfDDYaosC6MH3","active-campaign","2026-09-09T19:02:30.423Z"
"26","xycreeps","creepynads","0x4d835508e3b28f28237d5694d8d06f2596a5e39a","https://x.com/creepynads/status/2097744492581507130","7WRHec6FvpQ2UXpOBgYB6VBR5xh1","active-campaign","2026-09-09T18:54:02.683Z"
"445","saobimt23","PYork84475","0x745d6d73e2aae3334b6fb1707150a1e162625f78","https://x.com/PYork84475/status/2097901527235276969","7tprGSJEZrYhD76dUi9EY38F9HS2","active-campaign","2026-09-10T04:19:55.037Z"
"85","sundaqt","sundaqt","0x396a57476b87d5322a89d160ad27d9519a621c85","https://x.com/sundaqt/status/2097767444446171286","7uhrFKAaWPXCBRJkiXiDkbMbQxv1","active-campaign","2026-09-09T19:26:31.866Z"
"149","wangjunjie","wangjunjieXXX","0xec791567fede6feed862b788e207c52df3b7c96c","https://x.com/wangjunjieXXX/status/2097778150306689128?s=20","86WcO7KPFoXULncPEOwyjcyrqrg2","active-campaign","2026-09-09T20:07:21.537Z"
"76","Kaihua00","JAbnico009988","0x636b6d112D6Cb1073bBB65089E003db48BBB371f","https://x.com/JAbnico009988/status/2097766712972288144","8Din7RgBtTZA9VrRSOpIbze40pn1","active-campaign","2026-09-09T19:21:02.672Z"
"402",".randomzzz","Random_adj","0x31434972e45667dee9bcf05796ca80768b1c5aab","https://x.com/Haunting_Hoods/status/2097753815336255504?s=20","8Rc6eyqdlLXHsQKCJ5stEZ2AJTj1","active-campaign","2026-09-10T02:38:56.665Z"
"395","@Anjayylahh","bjirr066","0xEd5f6Fdfa7BB5e872f69bE004Ef1248b1Ec7a5CA","https://x.com/bjirr066/status/2097870259927777631?s=20","8lB1FinF2XTLRkNJhi56FCltEsZ2","active-campaign","2026-09-10T02:11:03.977Z"
"401","jiaru#4709","ChinaAutoF","0x8cd9e36dc98b96ce0b1ddcf723c879136107706e","https://x.com/ChinaAutoF/status/2097876622049473013","8wDaoZDeZlUOy0lZsb4YAXeYRkR2","active-campaign","2026-09-10T02:38:02.663Z"
"28","kelvin__leon","Leon___Jordan","0xe3588FE1e0025853c5735082DA2ff3e0b1aA1348","https://x.com/Leon___Jordan/status/2097758486209716701","9K2vmS1VBeXEmxBZxj7u9qbYnMi2","active-campaign","2026-09-09T18:55:09.589Z"
"418","kazzyuza","KazzYuzaNFT","0x3588afdb817C0C87d5D6189bF1A98a63477be818","https://x.com/KazzYuzaNFT/status/2097884838493818928","9MocyecLGtQJl6RkrXAp0x3HI4n2","active-campaign","2026-09-10T03:09:39.424Z"
"95","25_savage_25151","GuruCrypto25","0x6d8cbbe456f1220949206bd87111898faf3c3e7d","https://x.com/i/status/2097769164240765237","9bJgHrYOhLW3w8bJR7ev0NGsFiG2","active-campaign","2026-09-09T19:33:26.488Z"
"73","moni121","NajmulRaj211175","0xC3e8c53bd44Fe12e9EAbA8E375b2c0D77F3E2D38","https://x.com/NajmulRaj211175/status/2097766787047948762?s=20","9oqxU0kDqIUQKTkJF19p18b4rGN2","active-campaign","2026-09-09T19:20:19.631Z"
"396","k0ff0","KoffoBadru","0x17a32a708888dd58ab0b1053fc1ca447be01e93a","https://x.com/KoffoBadru/status/2097870519022309600","9rzZMooOiCdOCuorzldA7sI04BE2","active-campaign","2026-09-10T02:13:07.143Z"
"422","hay","AmenShretah","0x4fc0387e902269f4e7167b60644f1978b3b5c90c","https://x.com/AmenShretah/status/2097328228755263601?s=20","9v2pGsgyF6aQsEH5nkstg5W64tj1","active-campaign","2026-09-10T03:16:20.447Z"
"406","lakshyagupta","GurnalHemant70","0xcc60217E4618e9995726D03a1aa4Ee188d2ECFE9","https://x.com/GurnalHemant70/status/2097878299225821196","9xRCbFHAWpe314WgGXp8Vl0RhKF3","active-campaign","2026-09-10T02:49:23.750Z"
"378","huskfc","KrisGomen","0x8dC1426FA34dc5AA3cB1e3f2e6B980C7215F83d5","https://x.com/KrisGomen/status/2097856241632690546","A3onOBteNfbN9UModmud9TxkQjj2","active-campaign","2026-09-10T01:16:16.355Z"
"449","tranghi9646","barr_ezequ98344","0xa6478b14b580a21c9f39c8bdabaa13954466d50c","https://x.com/barr_ezequ98344/status/2097901527214194768","A72V38uFlkbrlrFK2auSA2IkBFw2","active-campaign","2026-09-10T04:20:32.496Z"
"18","Angel29","Angelguga29","0x8B3a60D7FE674365c7de12E0B83Cabd74D9e503D","https://x.com/Angelguga29/status/2097758534066733274","A9RIue0xF8OVPRV5gHYCYOsLP8K2","active-campaign","2026-09-09T18:48:31.171Z"
"421","roni#2318","ronisalam77","0xf0758245561CB3026fA91cbba13c6d08Ec83AB77","https://x.com/ronisalam77/status/2097885180497432689?s=20","AICIC8OxCeTlve2vYATdIYCi5WY2","active-campaign","2026-09-10T03:12:45.553Z"
"236","@alifall29","alifall29","0xE94D43E3b51bEadf8Ece1C5E971d15B5E0a1Cf43","https://x.com/alifall29/status/2097795618416574953?s=20","AZzzCC600lhTuR6MOQWZGLJ5Up82","active-campaign","2026-09-09T21:18:17.067Z"
"354","vora95","BlockInsight_Ai","0x8457b5674E20A686Eafe42b2C2BC1b19b999a159","https://x.com/BlockInsight_Ai/status/2097848771598242301","AbAXUxcjD5ZU8WrGV8KZDTNajpv1","active-campaign","2026-09-10T00:47:09.126Z"
"67","Hasya12_","Achonmy3","0xade2355C71240eA44B4de1c1f123e6a11cD3487A","https://x.com/Achonmy3/status/2097765872412815601?s=20","Ad7olY732jhzUPuTdBWENHGoz152","active-campaign","2026-09-09T19:17:41.541Z"
"442","leving3866","ellisoekline8S","0xf913d0738f6e71e9b406b15e0c70844942ecb322","https://x.com/ellisoekline8S/status/2097901527398756397","AoOuhVVMUoh3hamasqISFlOBj372","active-campaign","2026-09-10T04:19:16.012Z"
"253","oleg000","oleh_kos","0x6fd9bc6d46d8a31c711e45b565533d33c45578c6","https://x.com/oleh_kos/status/2097800665099645035?s=46","Aoo0oYLdCSf6SXrSd8isoMuc7cD3","active-campaign","2026-09-09T21:35:31.844Z"
"343","leviken_","leviken00","0xdad32fc8b47190eb3cb2d3ad9512f894e1762a2c","https://x.com/leviken00/status/2097843173691387925","ApTnq8P4sYRcrd2MLcQ3PfrnLbJ3","active-campaign","2026-09-10T00:24:21.986Z"
"6","asepramdan272720","0x270198as","0x84e97ca9dD65C7d18d7928d9EA762A0085261B0b","https://x.com/0x270198as/status/2097738268112736258","B1H9LeGPxxXDiUJ9eltcicrecGT2","active-campaign","2026-09-09T17:28:59.038Z"
"116","vikajoestar","cryptocymol","0xB5559076fC11b671EAC90B817A9485911C8Ec809","https://x.com/cryptocymol/status/2097772556837363929","BNo9cuXMSITc7jhJrYDb27S2UJF3","active-campaign","2026-09-09T19:42:48.903Z"
"417","andara6491","Rani992228391","0x2cf64860ffcc6f43989e233fc97cdfd97e261d7e","https://x.com/Haunting_Hoods/status/2097753815336255504","BZXTF6v9LrU1EK3eQ1dTVYUlQs03","active-campaign","2026-09-10T03:08:21.479Z"
"267","Abhay01371111","abhaylambaa","https://x.com/abhaylambaa/status/2097805557730349227?s=46","https://x.com/abhaylambaa/status/2097805557730349227?s=46","BcFxDjN1q3grOsW72HTnNNhe8fR2","active-campaign","2026-09-09T21:54:51.998Z"
"150","Bajigur.eth","firstbloodai","0xAB8D576bc5BF50BBB90088e96Fa7E075D4d19447","https://x.com/firstbloodai/status/2097779122999304519?s=20","BrNdB0gwZ6XylqEFNP9HeFeK6ws1","active-campaign","2026-09-09T20:09:30.534Z"
"235","ngxquinh","xquinh0320","0xf30e28710214B69686Cf915a6F1Df9673A86422d","https://x.com/xquinh0320/status/2097795908889124962?s=46","C8FnbryvdOScI6z0ryh5B2j31cw2","active-campaign","2026-09-09T21:16:39.714Z"
"374","@Dwiteguh86","DwiteguhRcw","0x7F38fe40630a27087927B5C20a5EbC325F15BE48","https://x.com/Haunting_Hoods/status/2097753815336255504?s=20","CAlDpXnaZsVnCs2OGv5jviRJ0sx1","active-campaign","2026-09-10T01:05:15.168Z"
"201","_xaleh_","_xaleh_","0xD842A9053c96B832509Dde025DBF75faCC65A11A","https://x.com/_xaleh_/status/2097789223374053777","CFc9CPTC2kYLhYHCQXoARc41vK22","active-campaign","2026-09-09T20:49:40.195Z"
"198","daikijax","0xdaikijax","0x3Cb149fc3FdBa1faBdCf31655ED1df460064aB95","https://x.com/0xdaikijax/status/2097789083187839442","CMHXfDk9leQ2l7Gzx9g4ORb7yyG2","active-campaign","2026-09-09T20:48:35.467Z"
"441","caocao961","thiago_ram92535","0x757b75c09e33d8a5bbb1518c3a5faeffde6fd9f6","https://x.com/thiago_ram92535/status/2097901527172309065","CPCV6fi1GQRiAxTge57uodOT0pB2","active-campaign","2026-09-10T04:19:02.897Z"
"276","@daudolanre9777","DaudOlanre9777","0x59D7Fc74CA6d96E696a7F6ABAcE691E129b9662f","https://x.com/DaudOlanre9777/status/2097808095787266448?s=20","CWYE3MBApvMt20MsKEzQBRkmVkF2","active-campaign","2026-09-09T22:09:34.669Z"
"215","johsski","bigbois691111","0xdF61a0e6D296429b018ff37Fe04F4251c96888C9","https://x.com/bigbois691111/status/2097791625514655967?s=20","CZUDPh9VcjPomkdFO01qMetxOlN2","active-campaign","2026-09-09T20:59:52.247Z"
"29","grizzly.id","F1198L","0x44747e7F31DEe68Cdf263d06Da993eDeA96F9E01","https://x.com/F1198L/status/2097760158374056392","CeppZttwVhWaXsEUvZ6VCgTKxF63","active-campaign","2026-09-09T18:55:34.495Z"
"9","yug0zzs","4nx1etyyyyyy","0x51A04a359Bd0cc4832DeffEfA154B8BBd0399501","https://x.com/4nx1etyyyyyy/status/2097754695469265063?s=46","CfUXOe0V2WSfDntlbeJCO71Y0GM2","active-campaign","2026-09-09T18:32:42.495Z"
"128","isaac095656","iamdeji9","0x036a608F17c3D59E9bb70762F3803768Ee9Bd3C7","https://x.com/iamdeji9/status/2097773087131414607?s=20","CqVNSh3P31OQFdRASgHjIRRBzEz2","active-campaign","2026-09-09T19:48:37.061Z"
"317","Wiki505","Waqarg505","0x4351f4e9fcc5f4f0a437d7757a2a845b5309465a","https://x.com/Waqarg505/status/2097830647046029817?s=20","DD3EgCKVbHXnnhajuIbmyD1E01U2","active-campaign","2026-09-09T23:35:11.358Z"
"122","rat_a_tattat","Nicebeaver31","0xb2C2C59736d8D2819d85a9e579f5Cea5Ab59aB94","https://x.com/Nicebeaver31/status/2097772575392735522","DP5L9Tl3E7Swftsd3Z96UOOpg3k2","active-campaign","2026-09-09T19:45:12.181Z"
"340","huy270403","HuyLuong20696","0x74CEb78321b9BcC8732Aab1DaCeCB2387f209c4a","https://x.com/HuyLuong20696/status/2097841249051123971?s=20","DcT7AiPvNaebdyiNpTXV7PPYyab2","active-campaign","2026-09-10T00:15:58.945Z"
"50","@Moni2387385535","MoniM2387385535","0xA639a1fBaA31088cF8CCC53056fF8764DfbC36C1","https://x.com/MoniM2387385535/status/2097756910866899404","Dnli8GJXJHPAE1fT5fEcYgvjJ3X2","active-campaign","2026-09-09T19:09:00.877Z"
"468","@geany74","0xpools","0x2691a324abcfc7864df4b24dcca9c5ad943a8124","https://x.com/0xpools/status/2097921291890335947","E3PWv5fSAQhZofCG27LyZr6AbVH3","active-campaign","2026-09-10T05:35:10.446Z"
"89","bboy234","StephChidera12","0x1e436445e5eac1e7d81f0d73eca119dcc0f0ce1e","https://x.com/stephchidera12/status/2097769002495877162?s=46","ECVB4OxrJ5bD5Lu02JNdFnT809s2","active-campaign","2026-09-09T19:29:07.498Z"
"12","tmalD24933","TmalD24933","0xDA22EF911c34f6EBe519fE8807d9e0260E47a941","https://x.com/TmalD24933/status/2097755528806211874","EGnLY0rOuGQv3Dr4uubHDFPIwN42","active-campaign","2026-09-09T18:35:25.425Z"
"88","Lance_elot","monalizziy","0x58a79c7c574bebce0ba2f0f54ac35bc3f682e9ad","https://x.com/monalizziy/status/2097769004324593998?s=46","EQMMACdSrwh0KwBuXJhbjCRrtTn2","active-campaign","2026-09-09T19:29:01.071Z"
"182","tudou1314520","TuDou20180513","0x2C486FF22Eb0A2bA98E26C93bd3fBAFAa7E4CB3B","https://x.com/TuDou20180513/status/2097786154859032788","ERxzmKl7p0T17j2VcCeF06hqvPp1","active-campaign","2026-09-09T20:37:15.826Z"
"58","mellorine10","mellorinecryp","0x6156F03483De85C587e542E0cF28eb98bdA3D3Fa","https://x.com/mellorinecryp/status/2097765123884515507","Eh0qURLWk6MLzOwXOIK8FakqsLt1","active-campaign","2026-09-09T19:13:44.886Z"
"204","taufn_1748","0xskypots","0xA39E9793764a2398Ac4f360f96517c120BD03d21","https://x.com/0xskypots/status/2097789298187833549?s=20","EmGzJVjbMRWVj0BmGRCaAXlro8h2","active-campaign","2026-09-09T20:50:21.630Z"
"155","pcaman","raju87u","0x11D6c41A5D77336d1683af4a8144a103349d90cc","https://x.com/raju87u/status/2097780951812305092?s=20","F2pXvJt4gQhQu54zmZRCMbDcTNP2","active-campaign","2026-09-09T20:16:10.553Z"
"269","portgas7","Jojolola8","0x6c1ce70D0C4a15314403B398dC542aBA3BFc9493","https://x.com/Jojolola8/status/2097803101545656405?s=20","FBIpwXIG2yW7BvF6ZG3BLjZXPmJ3","active-campaign","2026-09-09T21:56:23.717Z"
"273","ceeedweak","Ceeedweak","0xa80570dc859CFe654C758434D56843477A879513","https://x.com/Ceeedweak/status/2097807068862566715?s=20","FBvNk1l3V2PLU10Vni91Ce6y2r92","active-campaign","2026-09-09T22:00:22.144Z"
"225","willz65.","WilliamChibu3z3","0xe5b99271df784e5347d06e9afe0b63ab21ee1757","https://x.com/WilliamChibu3z3/status/2097793268058673442","FNHo18Z4spMLPk0R87ZFHGHU2xx1","active-campaign","2026-09-09T21:08:05.551Z"
"17","ahidfattah_","HayamHago","0xC1D70E687a51894a3f2b10000FcEFa4AdEf52a91","https://x.com/HayamHago/status/2097757642471182650","FOC0hgeAffYFlmfOuXKNBowO5go1","active-campaign","2026-09-09T18:44:12.148Z"
"71","Nazmul8697","Nazmul8697","0x243E86Fde46B6e90E3C943b50a1c1b82482c483C","https://x.com/Nazmul8697/status/2097765285763993742","FS0FtY3htkbQGRjiwCPQQ0zlPCy2","active-campaign","2026-09-09T19:19:20.015Z"
"459","eqi#4907","Icibooz","0x0000084397b6d03d925d3deeddea90edb4f073b4","https://x.com/Icibooz/status/2097910649171136905","FjQvEMb1PDRzjyBe7iSd9hAr2ns1","active-campaign","2026-09-10T04:54:53.315Z"
"158","Kortex007","Rahul160446","0xCD81843c30dd6AD5BDA6d032be02A3D12e561cB3","https://x.com/Rahul160446/status/2097781079163961486","FnqibSnusAa7wtk4oE8x7NN7Qdd2","active-campaign","2026-09-09T20:17:51.341Z"
"389","hdyeheiu","HeiuH97084","0xE326A7361F72B42f641BAeA64CDb0672bB08480B","https://x.com/Haunting_Hoods/status/2097753815336255504?s=20","FpEBTv59lNWLsH2AIx1dt4Autdw1","active-campaign","2026-09-10T01:58:01.199Z"
"301","ahan_27","mrhaanz","0xa63d88aecc43ffd3d5cef274af236aacffc2e7d0","https://x.com/mrhaanz/status/2097821417152954770","FwsDRMReRKcAnv1xiatzK6Twr9u1","active-campaign","2026-09-09T22:57:03.298Z"
"331","jeopart","bitco101","0x10f01abec4d2d727ab78ca3abb672ba893e09d2e","https://x.com/bitco101/status/2097835175098921025?s=20","GAXqv4KTN0guksq0rnzBi0ZGma42","active-campaign","2026-09-09T23:55:57.127Z"
"298","@ikyy_1701","ikyy_1701","0x9bcdd89454825fd339563f579a548064dfbfdd12","https://x.com/ikyy_1701/status/2097819732393312765?s=20","GB5bKBvQiTUrt5YT8D1W8Ribfay2","active-campaign","2026-09-09T22:52:05.051Z"
"133","Chechejupiter","Victor866899654","0xfb9654520cba95f74abb14747fabec9b0d742559","https://x.com/Victor866899654/status/2097774695777222883","GL2IA7TAILQgfbqL4vWcG6l5KB43","active-campaign","2026-09-09T19:52:38.252Z"
"332",".samwolkim","WolSam59395","0x2c7c642e21CB7DF5da1eD6C50DA93d5Cb0605f4D","https://x.com/WolSam59395/status/2097836968755482923?s=20","GN0iruPj2xMlDDMQwj6GTOrlY9Q2","active-campaign","2026-09-10T00:00:13.407Z"
"251","murad_86358","zinnuzi","0x70Fc66463788d5Cef1aa827AB3441EC2ba88BEFF","https://x.com/zinnuzi/status/2097798878645088293?s=20","GVaUZHuwRgOhYKi1u50XsK87jbh1","active-campaign","2026-09-09T21:34:27.355Z"
"416","angodimaniz","AngodiManiz","0x9517d9b64b2a17cf3b0f48eff381ae556f9e2852","https://x.com/AngodiManiz/status/2097883209191313504","Gk8mAvTidOSyi4NYhPYXsVVvD5X2","active-campaign","2026-09-10T03:03:27.190Z"
"240","Ennycares#6647","Olatenny1","0x54c4b52C6f0cBfE97eB3E7187D380F9B875b3F1B","https://x.com/Olatenny1/status/2097797070392381846","H7LdaSeMHGRSnqn7C5O66l5qwsj1","active-campaign","2026-09-09T21:21:51.663Z"
"347","@zhuren1992","zhuren1992","0xe2e7cfef58edcb031b327032381fe5a88313289b","https://x.com/zhuren1992/status/2097845415416881526?s=20","HJZ1ALtICbNiLmx65RiSNysSRgF2","active-campaign","2026-09-10T00:32:10.036Z"
"200","baihu0518","youbaihu168","0x423a723057b6fc160C5186Aa3c536C6ba542245c","https://x.com/youbaihu168/status/2097789238259675350","HVoV9iMLhdREt4TtcUnSLPiywWk1","active-campaign","2026-09-09T20:49:37.237Z"
"21","kanways8","kanways8","0xD0dF2D9560A1C0E6f0041A1d6b12f1A31007Ac78","https://x.com/kanways8/status/2097759832795500571","HWrMWmzQpANj6TBLUMico45JM5Y2","active-campaign","2026-09-09T18:51:59.873Z"
"120","Imran1x","Imrankh84962556","0x9efD6E712763C9af7564F7d323c63761a6249337","https://x.com/Imrankh84962556/status/2097772543231045946?s=20","HYMzb5kpavbqbBhOFKv8oZUAC762","active-campaign","2026-09-09T19:44:30.944Z"
"280","taokatrunf","doan_lanhdd","0x4f3182de6e9b654ce0f7aacb210a1277f9faba44","https://x.com/doan_lanhdd/status/2097811153376436396?s=20","HbYZ0kBcAweN8P9QQAff6xBpfwS2","active-campaign","2026-09-09T22:16:51.916Z"
"34","rizaxxx","learangnids","0xE713a4B91c37be44318527bfF4Dd5Cc1700f4f6b","https://x.com/learangnids/status/2097761163639771565","HsDtpfaPRBfAtx031KUhglQRhm52","active-campaign","2026-09-09T19:00:32.557Z"
"30","drunxyz","retterxyz","0x1ed5b6b62f00461ad7adf4e03e90490161c0cc1a","https://x.com/retterxyz/status/2097760368634568773","IAMkm5nzb3Oq3rVd9GaMNR0XxMd2","active-campaign","2026-09-09T18:55:39.215Z"
"14","mdsagorhosen","SHUVOBD_","0xAcB70CC70dEDC33DcAf62236EA46c1632f82Da6f","https://x.com/SHUVOBD_/status/2097756131586421107?s=20","IBaYspmQ3FaTXFBHormgnNNuzBC3","active-campaign","2026-09-09T18:38:17.217Z"
"40","hoanglaota9999","makiem1994","0x9f637085ea771bb300096028ffc55740780903d4","https://x.com/makiem1994/status/2097762787535790276?s=20","IJk3NCEKiWWnhPUz3H6ZA5GuQxq2","active-campaign","2026-09-09T19:04:06.487Z"
"55","wanntrovert","AdamBaraii","0x9a1c92Ed74aaCa1C43A2529c3C1ffbBeD8529a74","https://x.com/AdamBaraii/status/2097764873585508527?s=20","IOJ3HUD1G4PhGMTlKf0VT6qWl4I2","active-campaign","2026-09-09T19:12:18.463Z"
"346","victoriousvictor00","Victoriousvic0","0x9CE91e8002cbE9A767a2AcBdC838845d0dD81b3B","https://x.com/Victoriousvic0/status/2097843945183027377?s=20","IskfzGA50Zh1dVAdTsVC2l5qfdM2","active-campaign","2026-09-10T00:29:42.735Z"
"305","sunkky_lee","oobee_1","0x03afB7858530EA0f60e8d2163d4729D485557cd6","https://x.com/oobee_1/status/2097822739440497056?s=20","IwbVpxRd7jM9pZYW3HudmKakPzA2","active-campaign","2026-09-09T23:05:32.045Z"
"413",".beihe","Tlb_jo","0x29bab5c6d9f3f289b4aa9a004d4a57ded57738cc","https://x.com/Tlb_jo/status/2097881952624017557","JCsw8wAP8BVQsbpXVVPaEQzeGN22","active-campaign","2026-09-10T02:59:08.659Z"
"306","maridla","Mdlanftss","0xB9e116cA095de820f42BF3B53d1f8a4Dcdb3bF69","https://x.com/Mdlanftss/status/2097823774309482948","JFRTPT4PlkQzDgLR7adUVW2LWEq1","active-campaign","2026-09-09T23:09:01.892Z"
"282","emmanuel2_0","M_W_N_T_D","0x19e6Eb6447BCEa05345AcaB0C8432cDaa440724a","https://x.com/M_W_N_T_D/status/2097811956413370449?s=20","JHDv48NLjPZqzaRbdvCGk8CSgwy2","active-campaign","2026-09-09T22:21:11.053Z"
"177","nounks","nounks_blue","0x9f9e1111954c2e00aaf0be0c116c7aa869aea90e","https://x.com/nounks_blue/status/2097784786991657350","JJiiiluBNZeEmm9mT56b991a60v2","active-campaign","2026-09-09T20:31:52.506Z"
"255","pepen6721","GLarutan","0x198a0a2fa5B012e4646E7240dDFb16529967d72b","https://x.com/GLarutan/status/2097801364579754493?s=20","JKT6bh2MMFbj5lina3vCepgRdbn1","active-campaign","2026-09-09T21:38:04.288Z"
"295","Herdiansyah04","Herdiansyah0412","0x10572066d16c645708fbfb17d7972Ef10fE26268","https://x.com/Herdiansyah0412/status/2097818740582924585","JMPiq4m3UjXcdKyUzUeoHJQWKDx2","active-campaign","2026-09-09T22:46:46.997Z"
"428","cao1601","bilongm91i","0x7809cb3e87dd41f572dcb210108cb4d0de494549","https://x.com/bilongm91i/status/2097889189098652117","JVRUbtGSRGQKBhW8JmcgDEeszwh2","active-campaign","2026-09-10T03:26:58.459Z"
"100","etherdelta","CryptoPoise","0xd8799e1a081B05b100FA18E25E4F1a7cdFCF4123","https://x.com/cryptopoise/status/2097770323215094040?s=46&t=djgH22gXZeGRLIekyGZesA","JVnl1lgxLRbcEOfcwBdxh16X6Xg1","active-campaign","2026-09-09T19:35:03.005Z"
"427","dushey_0","llfffgggg","0xf6AFb26E96D28DF11bDa2DA8fD55E18815004D83","https://x.com/Haunting_Hoods/status/2097753815336255504?s=20","JdBykbke2ihmdILoRqyfzIGNcOm2","active-campaign","2026-09-10T03:25:43.933Z"
"216","cartalchaka","amirkmd1","0xc8794241882607438cde9e5c5921d13a5485892c","https://x.com/amirkmd1/status/2097791186882670793?s=46","JsuyCqnfiHPVQz1e1sAEknpWFho1","active-campaign","2026-09-09T21:00:40.443Z"
"313","akunfanny420","masadepandev","0x9230ef598f58f68522ef0e3b8f1360b23509f1b6","https://x.com/masadepandev/status/2097827886707380393?s=20","JuzRIA5bqQYziE9atltFTMNlMaE3","active-campaign","2026-09-09T23:28:57.394Z"
"81","0xSaraHive","0xSaraHive","0xDBE4d8bc4Eb96d5017B0847DA2997a43f2594888","https://x.com/0xsarahive/status/2097767539812036610?s=46&t=fc2IKMi17nH8AMvVtOJiJg","K5xxjGsgWYcvKs04kjv6nK2U9AF2","active-campaign","2026-09-09T19:24:17.387Z"
"353","@moreglitch","stuntjnr","0x438C11Cf8fD3625910153FeC926345B2d3266228","https://x.com/stuntjnr/status/2097848192926683176?s=20","K774yFyERiT8r6TwyC3Up8epsHi1","active-campaign","2026-09-10T00:46:22.148Z"
"338","pokerdewa#5008","pokerdewa6","0xCcD7072520De1b735604191D762470CAe18b8B39","https://x.com/pokerdewa6/status/2097836967069446259","K7cgJZAytxakeeYYpbS32UGusR02","active-campaign","2026-09-10T00:14:34.550Z"
"287","tedd4389","PhaStephany","0xd48AFA232365Ea18602dE9aC7f94C0942A6e26C1","https://x.com/PhaStephany/status/2097813875248742716","K8n2FXiEkXMfH5nP1zwgUe8YKU92","active-campaign","2026-09-09T22:28:01.614Z"
"304","kenkaneki172","visionxbtc","0x668611fcf8148930c13fc1c9c11cde5a7422c3b3","https://x.com/visionxbtc/status/2097822688517734703","KXCRfYJhFZXBZ4cAcMcHEQK0p9f1","active-campaign","2026-09-09T23:03:30.763Z"
"296","jimmykislew","archietecture1","0xc3C3E494DCC65535feae7027dAC91AE5041333Ef","https://x.com/archietecture1/status/2097819656769953885?s=20","KXtJxsZGW2OyR2Kma7ihrRUV7r52","active-campaign","2026-09-09T22:49:43.776Z"
"333","grga222","lim51314","0x8c9a92575dfb60f0e176b062435a3acf18f10451","https://x.com/OlebSycho/status/2097834522188685386?s=20","Ki5XByTfwOZPT07aA7a6xmiRh0u2","active-campaign","2026-09-10T00:08:32.883Z"
"190","darusaputra","DaruSaputra_","0x961ef2b282bfa761346464f4F3BFFA4bF7EEa53f","https://x.com/DaruSaputra_/status/2097787959990972489?s=20","KiY71KX2viYmMFUSLA3w9IlJEk83","active-campaign","2026-09-09T20:44:39.748Z"
"166","Jiddahabdul#6509","jiddah_abdul","0x02a9db2e093067f4c00a2c583073375ba218f7bb","https://x.com/jiddah_abdul/status/2097783021982167334?s=20","KpCPcaa5htVosnK7mECks52TY4R2","active-campaign","2026-09-09T20:25:36.625Z"
"211","braniacprime","Kkkkk71312184","0x169fa27d49ab2d622f0e88d22682856273ceaa73","https://x.com/kkkkk71312184/status/2097791203370471769?s=46","L1kww55chkRN6iWgBdObLztPkMT2","active-campaign","2026-09-09T20:57:59.958Z"
"430","soumya#0828","Contai1Soumya","0xE73f869dB981A87F890af869E4EEafb2082dc913","https://x.com/Contai1Soumya/status/2097889968198951397","L31g1bGm57SwRX84bJmX4W6ySUX2","active-campaign","2026-09-10T03:30:16.608Z"
"294","dereksxy","0xDereks","0x6e1E4517d9b377870523CE312c2826B33B67207f","https://x.com/intent/retweet?tweet_id=2097753815336255504","LArCmztFXkPihCos150kmhHYRWS2","active-campaign","2026-09-09T22:43:35.042Z"
"410","zkorren","zkOrren","0x7Cb3816866B4d2bF3679e6936aEEa293CbC8e137","https://x.com/zkOrren/status/2097879898178412618?s=20","LCJqDluz9TUJhnJArMxgyAyRStf1","active-campaign","2026-09-10T02:54:19.013Z"
"310","febrianerwin","napoleonbiru","0x390b50b708a5b8a6e936244517f2ca220b824af9","https://x.com/napoleonbiru/status/2097827390886137941","LDQiQ8yQJnhaF8mHrnSUyL77Gil2","active-campaign","2026-09-09T23:22:11.619Z"
"156","web3ki","henrypriest74","0x7635cdb8b87ae795bdae4e47f8d8c696e2596755","https://x.com/henrypriest74/status/2097779917689659862","LTU49Dv25IZZojLetgMKhpZdX6E3","active-campaign","2026-09-09T20:16:55.376Z"
"299","ozimiyaki_2771","ozimiyaki","0xE6ECa63fef2844074C72B78dc2A998B49eA4E18b","https://x.com/ozimiyaki/status/2097820133767143779?s=46","LxgbuPV25XTK7v36idiVk8xsI6Q2","active-campaign","2026-09-09T22:52:21.693Z"
"193","renz_cyril","RynoTawanan","0xff68fbfc5887a9783c1c9196696e08be7285d211","https://x.com/RynoTawanan/status/2097787983189729329","M05T56K5laeCGBxnnlSeIF65b7i1","active-campaign","2026-09-09T20:45:44.914Z"
"35","fznkhnx","fznkhnx","0x382515f219b66d2c79fbcb0dfe48773b84c61ed7","https://x.com/fznkhnx/status/2095989582630469656?s=20","MCXrppzqaTXTtpJIG35JCsLf77a2","active-campaign","2026-09-09T19:01:17.839Z"
"381","jplah","zafarcaster","0x0aabbb8233be482c8c104af28e29d728875d3715","https://x.com/zafarcaster/status/2097860069803307206","MLN7CG3bpgce3lbkLAuSP9pM0mt1","active-campaign","2026-09-10T01:31:05.496Z"
"154","bestlove8377","xiaoyu180513","0x2Eec5DBd5c07908635fdbe1af331ac191a666666","https://x.com/xiaoyu180513/status/2097780496755540299","MYORLBCHe0XyPbdJWgzZzDPWOu22","active-campaign","2026-09-09T20:15:06.378Z"
"412","suwandi7146","Wanday_R","0x7a6832eD8a28B68C41f58d51bC4d66D7C426569C","https://x.com/Wanday_R/status/2097881984832061812?s=20","McNbEqTz0iWlmfhveiPvVU7eCN93","active-campaign","2026-09-10T02:58:36.438Z"
"20","Oxghost_eth","Oxghost_eth","0x3124232bc31af49dd104d049887915e51ca09098","https://x.com/Oxghost_eth/status/2097759410969825504?s=20","Mg4SV4ERfRXRmcNVPgrVfXan0uv2","active-campaign","2026-09-09T18:51:53.547Z"
"257","nyxarzzz","FIMedia22","0x84894f924e9e0d5a59c1cbaca55a1b5a1cd56e4c","https://x.com/FIMedia22/status/2097801634072215659?s=20","Ml7W4dQsKQSbjTfbXQyNtbH0JfW2","active-campaign","2026-09-09T21:40:15.266Z"
"275","@.chrisjason","BlessedJr90","0x043979cB6571DEBf12167a812923553eA2615A92","https://x.com/BlessedJr90/status/2097808362633064718?s=20","Mp9eGp0vMfa0Kq69MzRnERg8lU73","active-campaign","2026-09-09T22:05:16.712Z"
"234",".kaccyy","0xkaccy","0x231FE66E8db248629Eb183C5a4f7E0257F84B185","https://x.com/0xkaccy/status/2097795179117981984?s=20","MwAvJ1U2b7WyR3sxn05I3pMMdCi1","active-campaign","2026-09-09T21:16:34.351Z"
"279","kolayer","LuffyS89930","0x0a25ec1c4d0664925eB55F18C227F2454860748B","https://x.com/LuffyS89930/status/2097776063378771835?s=20","MxD5Nr8O1cflNmJeBB8BQFNItGk1","active-campaign","2026-09-09T22:16:48.008Z"
"266","Baso2802","Baso2802","0xe4b86e28863d6aac0c12ec0e04afb1553db762cf","https://x.com/Baso2802/status/2097805456425025570","N6aK74FAOuXVXAvOiyUcgaB2MvO2","active-campaign","2026-09-09T21:54:12.626Z"
"206","inyourpall","inyourpall","0x88b28cde2cd35569747376b12aef6198edd4b1e6","https://x.com/inyourpall/status/2097789884924887440?s=20","N8f1ql42Swai76dmGN836v06Je32","active-campaign","2026-09-09T20:54:15.968Z"
"167","digua9152","DiGua20180513","0xEDd8e363a74D597f98f14691f9A9ab85298efFbE","https://x.com/DiGua20180513/status/2097783260592136593","NIze4kHwVfUVzauz8lmiO3B9TAq1","active-campaign","2026-09-09T20:25:44.077Z"
"87","farhan01541","tui_koi99484","0xbb296A468E6AFfeAE02b72a47DE1dE5C3618e80F","https://x.com/tui_koi99484/status/2097768632235561202?s=20","NTLEQMyuuDWReYIRuOIcA5KOKYn1","active-campaign","2026-09-09T19:27:31.274Z"
"315","_alphadaoinspire","alphadaoInspire","0xb6971e3aeb8673fe59ccbb3542aacd310faa27a6","https://x.com/alphadaoinspire/status/2097830161215361245?s=46","NVPNX3rjgOZE3vmwJRKfu8kkGxv1","active-campaign","2026-09-09T23:33:38.383Z"
"43","blaxzz0414","Xblaxzz","0x28bc24C9Af1d1435B9744e3bD1A175dB33D196d0","https://x.com/Xblaxzz/status/2097760992344056062","NYDdsddfr0YBVgVy8gwTbomehqJ3","active-campaign","2026-09-09T19:05:44.600Z"
"245","Oxygen_web3","IamFavorites","0xD4a79f47337D0eE5581e523415c220aF5e1a4D66","https://x.com/IamFavorites/status/2097799458675183820?s=20","NuPezPsXqZdrJy5Sm3dhBk5Ha1U2","active-campaign","2026-09-09T21:30:02.612Z"
"437","novaasync","0xnanu","0x3EAD689594eF574Cb3B478C854E81447ea41418f","https://x.com/0xnanu/status/2097898573560213842?s=20","Nz9TdiZ3UuhnuZMgteAi5VqNZvs2","active-campaign","2026-09-10T04:08:38.146Z"
"107","skeul4387","Skeulco","0xA77ebed9C604ceC145A7fb1F9F156E50902B560F","https://x.com/Skeulco/status/2097771000653812051?s=20","O8kNPl7cJGasXO7rOFBIL3BqASX2","active-campaign","2026-09-09T19:37:26.240Z"
"370","aaronrogers0857","JeromyShow2736","0x2c8b34c0061bd1651398b624ab602b75a325f424","https://x.com/JeromyShow2736/status/2097851134371102816?s=20","OCBvjT1UmzcutFPQAA98geSmcLj1","active-campaign","2026-09-10T01:04:40.823Z"
"260","rehan007506","sjgala3842","0x8dd5bdd31e4f8be6005b00a8289616ba8f89938d","https://x.com/sjgala3842/status/2097802279491641447?s=20","Oj95bwiwWlU2ZrlH2CAoGyWJJdk1","active-campaign","2026-09-09T21:43:49.627Z"
"184","malcolmlit","ArewaGadgetPlug","0xaa0e1058C881F9fC9b5f9FC2724ca12E3e72992E","https://x.com/ArewaGadgetPlug/status/2097784828582088889?s=20","OlM6ZX70KNTpjH8KXl0y0mXpaO73","active-campaign","2026-09-09T20:38:16.284Z"
"16","chetan_4647","0xChetann","0x4d8494946857731F9BED1ADfCC93419C51869B20","https://x.com/0xChetann/status/2097757009525551434","P1SmBuu5cKWZbeRMpXAZhpMrpX93","active-campaign","2026-09-09T18:42:49.014Z"
"119","Karim09473","karimh5544","0xedcf619cb28b3f8179caf2eb1159a97dcfff9917","https://x.com/karimh5544/status/2097772502558667069?s=20","P6w20Zx8FTaVAHgoElajotlm0Xu1","active-campaign","2026-09-09T19:44:03.993Z"
"247","Kiekiekuya","bogelhrmc","0x14AA71B260b303f975dF314C8b0c32909eb0e68E","https://x.com/bogelhrmc/status/2097799360105132465","P7JlhmCL3qXe736dc0zQJFGvndg1","active-campaign","2026-09-09T21:31:02.219Z"
"470","Solapay","MaryamSolar2","0xa691e92e6e5e58c1e39f52338f036f380ff05800","https://x.com/i/status/2097924733995975160","PNhue2cvKQgQhzC6sjzBG84PpWE2","active-campaign","2026-09-10T05:52:51.190Z"
"334","FOSIL#8665","Fosl_x","0x9d3d57275dd72d59c6bcabbd69e9de5db1c66ad0","https://x.com/Fosl_x/status/2097839798417571980","PcDVd50YmwQVayU7IOpMy1x06yz2","active-campaign","2026-09-10T00:12:26.103Z"
"135","@xiaoxiaohuangye","quedao123456","0x94341efd773998d8bb1b111f6f0a9efca8dda932","https://x.com/quedao123456/status/2097775116935676160?s=20","PhK0JXeDgCNDQBMdA3B2YfLXPUO2","active-campaign","2026-09-09T19:52:54.523Z"
"187","xigua1016","xigua20180513","0x2084e6c85470191867441Ba5138BD0069E3d02E1","https://x.com/xigua20180513/status/2097787659003519104","PkPksmrvTbMXPNJGgtqh7vC1z6q1","active-campaign","2026-09-09T20:42:58.299Z"
"348","snoopi0821","Snoopi420","0xE66917515dB85722372Ad6F4D348bc7cC95Bcb68","https://x.com/Snoopi420/status/2097846534901473622","Ps6UOTmxnigxxxHWLEXl7woaALF2","active-campaign","2026-09-10T00:37:06.347Z"
"146","rizkyyt1945","jhuisheb","0x39E5771f58dd00b92d12222E0c4106f5bB00CA18","https://x.com/jhuisheb/status/2097777658725884192","Pvq1ja6J3wcJVQRaBiZPzvIsKIN2","active-campaign","2026-09-09T20:04:27.025Z"
"103","xkatsura","kattttttttssss","0x7430F318875f7742729DA29076C49c0839EF82E3","https://x.com/kattttttttssss/status/2097770726405316886","QIxbD825FnMTrM133nu29bpz0Sk1","active-campaign","2026-09-09T19:35:33.246Z"
"476","thuihu","ZQQxRandolph200","0x7f78dd6853db05f5068e225cc227d214a26a4b3c","https://x.com/ZQQxRandolph200/status/2097924461320347882","QbFogaM0RhXBWwfSCyapDWmVmA93","active-campaign","2026-09-10T06:00:38.626Z"
"321","0xhyuu","0xhyu","0x18667aF4567B889dAef34B9691E9b7651F595c39","https://x.com/0xhyu/status/2097833662901526556?s=20","QbjagLlFcRVvMhuDmiajkBVPrLE2","active-campaign","2026-09-09T23:45:23.820Z"
"462","kukuzai_","momoyipm","0x3fbce0c52c88bbd94ea690e500f8644e545cf9b4","https://x.com/momoyipm/status/2097911851623551112?s=46","QeIdopuaObT4KVkslwhjkvcFEiy2","active-campaign","2026-09-10T04:57:24.513Z"
"342","GuardianCircle","GenCryptoooo","0x09abCD35a565f5fB59f79Bfb38a3ADa57adE7Eb7","https://x.com/GenCryptoooo/status/2097841320677314922","QkkisC62EtSveuW41FS0DAQy6AC3","active-campaign","2026-09-10T00:16:37.396Z"
"53","bangladesh1","ha_kobi","0xD2Ff26a7Bb310dF9D2b417dcD8Ec520F119D5260","https://x.com/ha_kobi/status/2097763338726048251?s=20","QrN0GfQl5wOJwog0w6xUODEJTj93","active-campaign","2026-09-09T19:09:15.412Z"
"39","mdsagorhossain4545","SHUVOISLAM40","0x928BCCEF3b441Ab3596E59Ca51EEFB93C574cB81","https://x.com/SHUVOISLAM40/status/2097761581778256273?s=20","QuRo1xQUAPdpGdHDYQMvHD7aTIp1","active-campaign","2026-09-09T19:03:20.839Z"
"367","michael9190694","ThyL912905","0xbc5caefa607a464886346ade775d71dd7a357d68","https://x.com/ThyL912905/status/2097851134454935941?s=20","QxldxYFlfEYZqcKBe5hBsM0VRL53","active-campaign","2026-09-10T01:04:36.203Z"
"285","wy9576","vertsu36","0x7ca502D8D756788DC8c3Cb8785C010990b319B35","https://x.com/vertsu36/status/2097776063308771835?s=20","R6WxX1FC8zcaX6aNcj3Bzl9t4qn2","active-campaign","2026-09-09T22:23:15.765Z"
"25","danigorlo","danigorlo","0xd0754a8559E784289f7AB570dba47caD9c30B69b","https://x.com/danigorlo/status/2097760005566980388?s=20","R6wAr9AGGPhJ3SJrNLEd7D3NQe92","active-campaign","2026-09-09T18:53:59.853Z"
"369","jordanbarrett0777","VLc00727579502","0x4c03496b049736596071a2279cbfb439a580577e","https://x.com/VLc00727579502/status/2097851134031626448?s=20","REryZUKJ12QsxYIwuC2bLhsNMtQ2","active-campaign","2026-09-10T01:04:39.761Z"
"463","prem9961","premshawk9","0xc805D2CdC656561dc255f483AFe6BCbEC49Fb0DB","https://x.com/premshawk9/status/2097912830897119556?s=20","RUKbWTT8I4OQur6mbSmGST9CFpe2","active-campaign","2026-09-10T05:01:02.702Z"
"472","jongma0630","DIJxBristol2194","0x44afec75f911a63cf324075ad1e9edfe684ae79d","https://x.com/DIJxBristol2194/status/2097924461274268061","RVi09DX7QNfthTPGNePe2zzPqi83","active-campaign","2026-09-10T05:55:51.114Z"
"33","Aguss Bervvi","jaj61608","0x197AF350b0314F78EB7Eb52Ac1e4D1C7B521D17F","https://x.com/jaj61608/status/2097761538866368817?s=20","RhGcjV10vcbF65vyTOuefqlMI1j1","active-campaign","2026-09-09T18:58:55.182Z"
"52","rahulji#4405","rahulray1725gm","0x4ec1a57bf6da0f0b44ae55ca6d12ad2273e91b99","https://x.com/rahulray1725gm/status/2097763458884436353?s=20","Rt2dxZL0JtV9CMjxuLAKiEqavgI3","active-campaign","2026-09-09T19:09:08.998Z"
"289","nyilayer","kakalaylay99613","0x6D1C5756aAf4225eA24A0E06750086B7791EC9da","https://x.com/kakalaylay99613/status/2097770242122424697?s=20","RvUbYHzx4uVdrGKRs7YZSmE6ZBP2","active-campaign","2026-09-09T22:29:20.066Z"
"373","hassan026540","offernft","0xc2b7F451C4323E60057EA9bf9AEeF37B128B3173","https://x.com/offernft/status/2097852641619636638?s=20","RxImuuVhSmNbAVUifkhZov70E3h2","active-campaign","2026-09-10T01:04:48.329Z"
"232","lextonwash","trexman7313076","0x660F89764fe82F1670C4bF59aa8279e2a15a0113","https://x.com/trexman7313076/status/2097795615509922091?s=20","RzotiEGSXydwfvMxdLtIaBMunb63","active-campaign","2026-09-09T21:14:33.923Z"
"392","huajie#0386","dou1024","0xf567A2325429aC5Aac4F6Fe6Aa99e208baAB71FF","https://x.com/dou1024/status/2097868578775355537","S3Thu1ypa6TGcZHPLrkoDzcSkLJ3","active-campaign","2026-09-10T02:07:36.912Z"
"157","trcevalker","Furkaggn","0xD88B2D4B5FEbF8d5f440DE9f4e5E216F56fEa1ba","https://x.com/Furkaggn/status/2097361883418284304","S7kWkQWSjudOlBRhqLrc1wfmSYi1","active-campaign","2026-09-09T20:17:33.606Z"
"152","chronosvhl","vohuynhlan","0x8c2b87bb356c3db2287eaa81ceea18b0f3fd574f","https://x.com/vohuynhlan/status/2097779610473877927","SFxMeBqMDgQtLgZIqB62hcOXDnp1","active-campaign","2026-09-09T20:11:31.017Z"
"27","omerlmaddroids","0xcarpediem1","0x4A7766CE67E9B8954Efd38E2C7AD86A06B9fF056","https://x.com/0xcarpediem1/status/2097760166976385304?s=20","SGzV1zC1kFTlHjgLFNz4dO20Dn03","active-campaign","2026-09-09T18:54:43.237Z"
"151","fgc07460","czh8860","0x734d0763ff8620a44e612272f1559908db664b45","https://x.com/Haunting_Hoods/status/2097753815336255504?s=20","Sk7MGBbzz7Q7kfn5w0wuUwjd1Wg1","active-campaign","2026-09-09T20:10:53.194Z"
"272","Kayirab","ZikonifeI","0x019Aa3358AD5a788CcB6393d3Bd9fbc990414054","https://x.com/ZikonifeI/status/2097798141940564330","StCYXRSyECgfPdzogUWGuI0X4ub2","active-campaign","2026-09-09T22:00:03.009Z"
"415","nabil19997","belles321","0xdfDD2F210b13A5f2b366147099e77ad0B5bCaDE7","https://x.com/belles321/status/2097882896367493587?s=20","StVrfI43cgcKrW7O4b1nTClO6Q63","active-campaign","2026-09-10T03:02:48.457Z"
"22","adedeji02.","Thisisdeji2","0xEEBb77D3882Df8c7d252a38320d9F9D8764965f4","https://x.com/Thisisdeji2/status/2097759701425422468?s=20","SvHmbuhs63MVot2QYhITH0AUTz12","active-campaign","2026-09-09T18:52:20.061Z"
"239","halfbull","0xbulltrack","0xeaf827e9215178d73b4a5cf3dcc3114458053222","https://x.com/0xbulltrack/status/2097795939797012653?s=20","Sx7XnDYZQnSsjcscmICcBKPc0KP2","active-campaign","2026-09-09T21:21:09.589Z"
"399","begedoh3449","begedoh","0x113e3428cbd976f4abf29360b5bedbe466c8b7cb","https://x.com/begedoh/status/2097873569644728468","TZCn81rtZXNUxPT09f4CFQf91Dq2","active-campaign","2026-09-10T02:25:02.134Z"
"460","AKTRNGR3#3666","Ajaykumarmahala","0x2edc0e1bc8ad343bd27539c71547e54bd360c267","https://x.com/Ajaykumarmahala/status/2097910801931911503?s=20","Tka0AG5DN5OkYi0SYKDLPswYpM62","active-campaign","2026-09-10T04:54:57.931Z"
"223","priyanshu.31","Priyans98590225","0x3862Ad24C8BF1D32731aB8E6Ec522BbA358FC379","https://x.com/Priyans98590225/status/2097791971087810751?s=20","Tnl9UHhngCYKNVktqRsbCe1uhdN2","active-campaign","2026-09-09T21:07:28.709Z"
"105","orkhan876#3946","consensys876","0x337dCb0a07961E39195c532F13937AF7df9b6eEF","https://x.com/consensys876/status/2097769697416781862?s=20","TwAl3EfiWof9WAthEKVQPgRLZuY2","active-campaign","2026-09-09T19:36:40.388Z"
"326","WebIIIVic","webIIIvic","0x1bB22aaEC77122338702397cDAde9f03cA2d4a23","https://x.com/webIIIvic/status/2097834580980162839","UDonPq6d2CRw8vd00PsT1A7MQaC3","active-campaign","2026-09-09T23:51:12.735Z"
"363","edwardgarner0000","ChevereSar14879","0xc52df70dcea429713a4f28365799e0e2b4d97f67","https://x.com/ChevereSar14879/status/2097851134266298542?s=20","UWIya4QPCEeMeF0xPBlxri4huxi2","active-campaign","2026-09-10T01:04:18.590Z"
"174","im.doctor_x","shoolva","0x21f706b1B7B95c02D71A545B61f4707c20f1e22e","https://x.com/shoolva/status/2097783218036502838?s=20","UWwisRPqMLVJSzsKv9OdxjzTAcy2","active-campaign","2026-09-09T20:28:11.888Z"
"250","nishan120776","Zyntrielnila","0x55e5b72d18330d8a118999253756598578d30c7f","https://x.com/nishanx33/status/2097800008573890574","UdUXsw9JtGYJ84dQjnxFpBUkhsH3","active-campaign","2026-09-09T21:34:01.144Z"
"262","takalncome01","akhter715","0xb748904f47c1b830db6e00c9d3eec975c8567924","https://x.com/akhter715/status/2097803527817150486?s=20","UkU9lAiavNeYmcCrx8N5hHTicMn1","active-campaign","2026-09-09T21:48:23.520Z"
"227","yayblue.","yayblue666","0x6152b57c981fC7d2b4d2895e8Aa3Ca904c42A9A5","https://x.com/yayblue666/status/2097794436361248971?s=20","UkX2DrgPb7aYI6g0M3ZbMXM4XDs2","active-campaign","2026-09-09T21:10:18.425Z"
"109","deelayx","Drobin69","0xAF51de3cBc0Feb0e6135F7F6F0d7F07F7E8146d5","https://x.com/Drobin69/status/2097765757028541501?s=20","UsjQALvxhceRllG1Lco9spkGVTh2","active-campaign","2026-09-09T19:37:40.036Z"
"69","runoorihoon","ruthmoonlight_","0xEA93d2C6fE865d60A4064288fE057F49b375945c","https://x.com/ruthmoonlight_/status/2097766466301145338?s=20","UwBIZrZe25PaJ0uo7zoDCOxEgdR2","active-campaign","2026-09-09T19:19:01.036Z"
"226","leek7777","wwwyueyqcom","0xc738315eC605e0fd302d6e91e185636d2D07F68b","https://x.com/wwwyueyqcom/status/2097794196816191808","UwULnZDIO1YcSrV6hC7fi31EU0o1","active-campaign","2026-09-09T21:08:41.232Z"
"23","jennychuks7_71","Jennychuks7_71","0x3118437f487248a8c34885480246344dadaee98a","https://x.com/Jennychuks7_71/status/2097759540884185521?s=20","UypEpiw5Tvc7NL5mLEpwIpNAcJL2","active-campaign","2026-09-09T18:53:03.995Z"
"249","umar1990","AzrarM","0xc17468bffdd2d0688d187ea311d5b5e736d5c553","https://x.com/azrarm/status/2097799844626907246?s=46","V187DupbSTMoEqxc9ukhJRWXmtL2","active-campaign","2026-09-09T21:32:20.578Z"
"405","lens123","znznktkt","0x8e673100b9c1883b2c503d0d8ab718823357f5dd","https://x.com/Haunting_Hoods/status/2097753815336255504?s=20","VAN2zrd7JtTQ7saRyxIubWg9Hwe2","active-campaign","2026-09-10T02:44:46.818Z"
"435","abdur00991","Abdur00991","0x136CbDab4CA965DCC62b6524A4b4b60D05856f68","https://x.com/Abdur00991/status/2097897470529536394?s=20","VCFfRN0QlUNH5lvCYR9RnfN33sm2","active-campaign","2026-09-10T04:02:23.597Z"
"208","@zellonganzz","FauziShamid77","0x70f5419fadd7a20cc6ff0b48a396537647c4d906","https://x.com/FauziShamid77/status/2097790467735990274","VIrDPF2YaeNX4b72ZVSGEDx82WQ2","active-campaign","2026-09-09T20:54:55.809Z"
"431","ronaldphillips01893131015","EiSaturday10493","0x6a2ce6c0d5f172310a965ecfc47867eb5d5cbf2d","https://x.com/Haunting_Hoods/status/2097753815336255504","VKwLoMWwAPQMm43dN688YkkdZUN2","active-campaign","2026-09-10T03:34:54.115Z"
"131","azdurolum","azdurolum","0x86CF7A9d914AB0b6Bb8B570353FB2af1eE69aAe1","https://x.com/azdurolum/status/2097774631675625905?s=20","VMWHaBUD3RUAi1PMkmB0OAVXSrr1","active-campaign","2026-09-09T19:51:35.696Z"
"93","_luffy125","night13201","0xc153759351692dc6e6106448b85849a29a5b6b23","https://x.com/night13201/status/2097769409989456004","VNtgQLLyl5YlO5lebF4WOJtpliS2","active-campaign","2026-09-09T19:32:04.248Z"
"54","mr_lepet#6867","MFebrianarya","0xd593ab5C4334804319157166Ab3E72Ef45f399aa","https://x.com/MFebrianarya/status/2097764118644293967","VPcpUKYSG3VNAUJ4phodnFHbB1o2","active-campaign","2026-09-09T19:10:00.733Z"
"203","surel87#6827","SilviuSurel","0x5b090440c579f0fbcf60764a95276b6ed2d1d8f8","https://x.com/silviusurel/status/2097789021933953481?s=46","VQah8jKNWgNNM0Il46t1kDWG2Di2","active-campaign","2026-09-09T20:50:17.768Z"
"335","0xchaw","ivalchaw","0xc1b8e92fe57d9ae04490409122dd15dd1bf22113","https://x.com/ivalchaw/status/2097840530235494841","Vbg8we1FFxVygxIJX6HPM7jdhnx2","active-campaign","2026-09-10T00:12:48.159Z"
"281","joo0847","zorosan48","0x058BEd5eDc47854B0E0177960605bb408C4011Eb","https://x.com/zorosan48/status/2097766063308771835?s=20","VexQbdhWCCbqjXuTe1SIcybvaif2","active-campaign","2026-09-09T22:17:21.062Z"
"123","okbro6681","oksblpp_nft","0xa44cd3741cfe011778d0035e6997b78ae2bd9fcc","https://x.com/oksblpp_nft/status/2097773353981681983","VfEfNtJDa9X6NuL82TERmyvshGf2","active-campaign","2026-09-09T19:46:00.301Z"
"106","frzf","frz_fzl","0x1845dac5b871d50ce0ff95df5f77b2851f93a261","https://x.com/frz_fzl/status/2097770813047046392?s=20","Vk9On6GhpXW2mzhW0Ak7weHU9VZ2","active-campaign","2026-09-09T19:37:18.962Z"
"47","masrafi5701","LXSAGORHOSEN","0x5D2A48EE4a0eaDEF2e646C503A6a0Db4672DBA23","https://x.com/lxsagorhosen/status/2097763594113040568?s=46","VkpmulOb0pX1k5MaYI2beFhb0OJ2","active-campaign","2026-09-09T19:07:32.590Z"
"138","kopisaua","hajime_umemiva","0x39d08f49272bff9d3d2188b9c364a402f759627f","https://x.com/hajime_umemiva/status/2097776235229409537","VvI6nYRGfsT4fgXW11bk7ycCxJt2","active-campaign","2026-09-09T19:57:58.028Z"
"307","Mr.ShabakalakDingDong","lorddoel11","0x36e26a56d0b483e66caabc208c9638ae3bd467c9","https://x.com/lorddoel11/status/2097825703031099634?s=20","W0O5NB4xqMfHuiHGQaQMynGYPLo2","active-campaign","2026-09-09T23:16:38.544Z"
"172","xanrahman","Xanrahman","0x368a1b69DFFAf72E433fab8C7D47D7dfCb7cDbe4","https://x.com/Xanrahman/status/2097781707911168266?s=20","WRnOH8drWPT6Z2QPnpXqZ6QgTch1","active-campaign","2026-09-09T20:27:03.454Z"
"91","bz5347","kik_gary","0x0e3078ba17883e0cb5f8acc4e5ffc4dc9e5f6284","https://x.com/kik_gary/status/2097769151083483244?s=20","WY6uPu85UjZRwszLzsxwjZMjIix2","active-campaign","2026-09-09T19:29:21.544Z"
"466","@prudhvi0030","Prudhvi0030","0xF11ba42133758AE204ddeA450c477cbeb589c369","https://x.com/Prudhvi0030/status/2097920743770292329?s=20","Wka772K6qEfWtaRLByuaSXC5SVu2","active-campaign","2026-09-10T05:32:26.976Z"
"61","moni4727","bappi649678219","0x4FCB97F4c5C31fFe01931CA82656C37f79b0F5d1","https://x.com/bappi649678219/status/2097765262967857293?s=20","WpgiB6RW8lgu5e0KXN4QkGh0OsM2","active-campaign","2026-09-09T19:15:25.320Z"
"330","Haibaraai09","haibaraaii9","0x27fc401dacbc42ae18bad282b1d757ef00a330da","https://x.com/haibaraaii9/status/2097835648304689389","X1WKfoBl7dOWYWwli4AW6Mmyo8D3","active-campaign","2026-09-09T23:54:36.188Z"
"153","cwyp984","jonggol681","0xAaeEE84284DD2f6e221A924b35F3c53D6a6Cf9BD","https://x.com/jonggol681/status/2097779708226326535?s=20","X7M1KHIzwHbTxnemDAPLenmXryX2","active-campaign","2026-09-09T20:14:12.564Z"
"78","imnotkenn_","0xKen_1","0xD3Ab41ba7B41802f5E7d9C78a0A3935a3855cD53","https://x.com/0xKen_1/status/2097766825627148395?s=20","XqSXMwzQdMcGljFxmiQfXv5hUz92","active-campaign","2026-09-09T19:21:50.708Z"
"297","@Juuviolle","Leyneyzhi","0x63b702950049238388cd125cd8f0207b81a4bdeb","https://x.com/Leyneyzhi/status/2097819719520887185","Xu8JAFGo0dYgV5KjJc1CJyymBGf1","active-campaign","2026-09-09T22:51:02.327Z"
"98","smayiverse","Smayiverse","0x68f4f860C05438301B64d2aF7A8E44Da0255b1F1","https://x.com/Smayiverse/status/2097770242122424697","XxonAeborWYpRB3IrbUaMWaMrA82","active-campaign","2026-09-09T19:34:28.505Z"
"108","@rebadia1400","farshid454592","0x7C2029DfEe54950E497f6290386497f4d57A6989","https://x.com/farshid454592/status/2097771279155650793?s=20","XzInKP4JWBNResnnHLmMStxihI23","active-campaign","2026-09-09T19:37:37.434Z"
"125","vinz3701","Vhanzj002","0xc0ac70880619409f8d0315199da2188da9c589a6","https://x.com/Vhanzj002/status/2097773437628620854","YAl3LpAgxPRKRSRDSwIFZeoiblm2","active-campaign","2026-09-09T19:46:38.067Z"
"254","mebunny_","_mebunny_","0xE5dA40e1BC1fbDc4d42149257cbF3C2341A27b7e","https://x.com/_mebunny_/status/2097800989160124502?s=20","YCFBca3fSrUas5L0luzFiyFVOD43","active-campaign","2026-09-09T21:36:32.034Z"
"277","anitsecfam25","AnitsecfaM0125","0xa0a8be92cE0348fB581582A28C10368Ce398e045","https://x.com/AnitsecfaM0125/status/2097809053934370985","YNIPgj1HoIdSG25b6jOjNfdK5t42","active-campaign","2026-09-09T22:10:01.771Z"
"268","u_plus_me_equals_love","ttargettxyz","0x3A573B36D179B59Cf9E0fac4aFCfc6840f3Cb7a6","https://x.com/ttargettxyz/status/2097805584989122874?s=20","YWT0j6jJ5hYj4XUutHLqWOtWdxM2","active-campaign","2026-09-09T21:55:21.627Z"
"51","Okoro12345","Justo_ov","0x5945F83917A894FfE295A734d5c3db8F22ac2E4C","https://x.com/@justo_ov/status/2097753815336255504","YagjMT90EqQbZm3smKsG1d0jauF3","active-campaign","2026-09-09T19:09:04.044Z"
"355","ngocle9951","Le290788","0x08f793cdfbef911424d1a592acf57bffdc563f1c","https://x.com/Haunting_Hoods/status/2097753815336255504?s=20","YjZ5ZkrLnncUVoJt4AWzzkFAO8e2","active-campaign","2026-09-10T00:48:02.410Z"
"379","web3pipi","web3pipi","0x220511f4fd6d898125f79aa8d4cb91bffe9df6db","https://x.com/Haunting_Hoods/status/2097753815336255504","YnJp9XMYszLIDgV501ogRpPrMx32","active-campaign","2026-09-10T01:22:54.209Z"
"230","sam_yhp","Sam_YHP","0x5249aC940dd0bcE7603eA438cA31087711b6d9e4","https://x.com/Sam_YHP/status/2097794839018389802?s=20","Z7SGreYGDzbC19c1eueJx9l9mLl1","active-campaign","2026-09-09T21:13:21.006Z"
"114","pangtuotuo_","fenghuang24688","0xfbE830f8eF0F89063c62ba8d4f61c59dF7777777","https://x.com/fenghuang24688/status/2097771987846529163","ZA1qJZ779wYA2HGn28ChKqSHdo72","active-campaign","2026-09-09T19:41:13.940Z"
"284","ki1034","HtetLuffy","0x87dd3a1684F7C840D395145Ef83F22E89eA08421","https://x.com/HtetLuffy/status/2097476063308771835?s=20","ZX7hj34WStcDTBz5Cc0QYiEmxYV2","active-campaign","2026-09-09T22:22:11.419Z"
"160","eviil13","Edris23011","0xf6a151f6d262ca72e61153cdef0dffdab5e517de","https://x.com/Edris23011/status/2097781616605077904?s=20","ZdaGclNl2dcyPgzbDbXKtnUPcdR2","active-campaign","2026-09-09T20:21:30.450Z"
"351","denylsonfg","denylsondg","0xDECB0f8fb30231Dd15Ed4523F9615AD7d9B7889D","https://x.com/denylsondg/status/2097848054950846521?s=20","ZmCVf3TTSDcbqrlrtXVtHGTZdFB2","active-campaign","2026-09-10T00:44:00.615Z"
"478","juopma","kSGxGael46015","0x971ff11623c460754673140055c0ffd55813a720","https://x.com/kSGxGael46015/status/2097924461462950384","ZxSe0Y1rq8NwrOkidnqqSdWkxC53","active-campaign","2026-09-10T06:09:33.896Z"
"453","bigovx","bigovx","0xace248642e39c41a7dfb0e2dfd7eafc3eb0d30de","https://x.com/bigovx/status/2097905662978064798?s=46&t=EFpgPOuDK4NMJkVkoT7bvA","a32jpjCx5qPTpa8xQiAv4FKKCDR2","active-campaign","2026-09-10T04:32:24.684Z"
"111","sagacious01","Sagacious011","0x90bf7c30ac064d4db3391859dce099750d287771","https://x.com/Sagacious011/status/2097767074474991688","aAKlsUeihhOiqiFSSS1jI4qc5e83","active-campaign","2026-09-09T19:38:28.868Z"
"197","@azazil00474","azazilsky12","0xc21938f9a71e77D1d48DAA29789c1D890BFffd02","https://x.com/azazilsky12/status/2097787577298190838?s=20","aMsFNdnR57ccGwch9apSUhB1HVS2","active-campaign","2026-09-09T20:47:05.050Z"
"186","geraltofrivia2805","Geralt239411","0x7ed5b8ab0d30a2c7eb02804c495b1d305a95347f","https://x.com/geralt239411/status/2097786474355896726","aNNXNZsF5nVK2Gmq5TmKH59EMZ33","active-campaign","2026-09-09T20:40:58.804Z"
"94","Sallyman1234","IsiakAbdul85448","0x1743556423EE6fE60839f81e6292cbEd1BE754cE","https://x.com/IsiakAbdul85448/status/2097769958293774394","aQYgVNd7TOUB2OLVPEvBVe7mHdO2","active-campaign","2026-09-09T19:32:26.588Z"
"473","hanhua0152","ip0xJacobs76166","0x23b1c43d465f4a66153bc2ecbd575f712fcd5b43","https://x.com/ip0xJacobs76166/status/2097924461299438043","aX7462jqe0gCgjZniHUzdBNzcaD3","active-campaign","2026-09-10T05:56:02.149Z"
"205","Tapitiger","tapitiger","0xba04249f0075e757be5c72fd1822813e78b61c75","https://x.com/tapitiger/status/2097790000662278370?s=46","ajkEL2ilcEUNgMBsuxV7rC5rvXh1","active-campaign","2026-09-09T20:52:39.803Z"
"97","zero12120","BHilde69448","0x3DD34Bbc2785667f00A8853310AB4976d3FdDa4b","https://x.com/BHilde69448/status/2097770437837218001?s=20","b2N15n6ou2SYzxFRKc7Dgu5ZuCn1","active-campaign","2026-09-09T19:34:10.854Z"
"168","Niarum10","niarum10","0x7c94FF659E9cf3d5609D209dB765473F077bF7cC","https://x.com/niarum10/status/2097783208637235543?s=20","b4qWS3trXPUiGYlCl52OMREtIs93","active-campaign","2026-09-09T20:26:08.882Z"
"64","andriano_wijaya","Zzzerodev","0xd3995fd0aeac6d43d976f969e8e798c9f288f748","https://x.com/Zzzerodev/status/2097765757048541501","bIgNYnlD2wfTHCbfHTo90AFkzty2","active-campaign","2026-09-09T19:17:12.262Z"
"465","grennxcy","ouraxxcy","0xa432629e1690aa6753c0d9392ef6f5086b0d680f","https://x.com/ouraxxcy/status/2087338739681124827?s=20","bXiRxRMGdkenbQ5kvVMqBUdB1Cm1","active-campaign","2026-09-10T05:24:46.170Z"
"66","bobita46","Hasaan49245476","0xF54123163b5D014a9DA40b80f0801228b92198A5","https://x.com/Hasaan49245476/status/2097766040688279989?s=20","bgZHEvwI4ZRnRT3o4XOAbhF3A8s1","active-campaign","2026-09-09T19:17:34.808Z"
"385","liskye3431","suhangskye","0x3d37d191047d4c668a98c2658d501e302c55027e","https://x.com/Haunting_Hoods/status/2097753815336255504?s=20","bieQN8DWl7T1HpFb0PQRWamHlst1","active-campaign","2026-09-10T01:50:21.664Z"
"344","kiseki8620","kiseki8620","0xA9957F4f4f77Dc170e22B380239d960B7520F25E","https://x.com/kiseki8620/status/2097844029929160982","bvaTOrnNYwW1v0TfbacnfO30MO03","active-campaign","2026-09-10T00:27:20.667Z"
"352","siribraheem","siribraheem33","0x2edbe6602e8cae94ff9d3f7013ddf78442813a5f","https://x.com/siribraheem33/status/2097848622368825713","c6qDUZUlWsXtwX9669BmiM2L84j1","active-campaign","2026-09-10T00:45:06.559Z"
"265","AnoyyHideo","AnoyyHideo93","0xd27fde4adfa927cafaf9e725c6e585f06443d530","https://x.com/AnoyyHideo93/status/2097804636594057502","c9dehozyXFRmX2hWSjtdLPMHlPI2","active-campaign","2026-09-09T21:52:53.870Z"
"214","lookingforlove0988_90592","AhmedAm5819628","0xeec26f7ded31065d7798682bde0295298bc8506f","https://x.com/AhmedAm5819628/status/2097791064060911943","cIjGRzrFPCXXytBrQJcP2N90KwF3","active-campaign","2026-09-09T20:59:30.877Z"
"291","belugA#0872","marks0l","0x271024cA74D3f9F27dBD89F82C048025F6a67665","https://x.com/marks0l/status/2097815836656545922?s=20","ckyuAsIaykb53vsde4wYcR3sXJp1","active-campaign","2026-09-09T22:37:39.235Z"
"261","zobayer42#0926","Cryptoworldsoon","0x8c6439eA08b302d21C63139153eA669b34bf0A3A","https://x.com/wensnapshot/status/2097803140863263208","clWPrI56ZrTU0xRp7ENzkIC0iaS2","active-campaign","2026-09-09T21:48:08.557Z"
"451","passionif","chulaiewe","0x892af9cdbe168673cd4bf4cb414b08dad653cb4d","https://x.com/chulaiewe/status/2097903112333996097?s=46","cpwXcVWF6qYaQC96k9yUSP1MGYU2","active-campaign","2026-09-10T04:23:24.046Z"
"170",".excelsior_x0","totmes_x2","0xd9714bF78103001eFC2e08aE395c194a1884c255","https://x.com/totmes_x2/status/2097783338035544406?s=20","cqP8lsbrB4g4nx7MMURKNESXXj62","active-campaign","2026-09-09T20:26:41.888Z"
"229","HukumXBT","HukumXBT","0xA21C6a7F97070B8AE4b315d5bC92c6594664CA52","https://x.com/HukumXBT/status/2097795294306181348?s=20","cvzMrvgj6YYKq2cBxVHUwDcRIvP2","active-campaign","2026-09-09T21:13:03.755Z"
"365","lukepark0672","JuneUrzua94910","0x5864381b86577398809949638cbc8a93b7fb0ddc","https://x.com/JuneUrzua94910/status/2097851134048346120?s=20","dFy0lesDq7hNLaofpQrmS2C7w513","active-campaign","2026-09-10T01:04:20.501Z"
"477","saobat","HoPxNaya51588","0x9868d57db82880c88994bc2fc5de994949387ee6","https://x.com/HoPxNaya51588/status/2097924461324570882","dGOe28COpqN66ZXbh4awhgXZ2Cz1","active-campaign","2026-09-10T06:01:31.225Z"
"434","dui_crypto","duionchain","0x7add236f981d2dbc7261c226debe8914c96b8cde","https://x.com/duionchain/status/2097896519315980314","dXmZPn9Iqee9CL4mErGZTsckim52","active-campaign","2026-09-10T04:01:56.387Z"
"368","lokk0318","RachelBean79206","0xb3d5618c005666dbeae2a78f360dbf02abda644b","https://x.com/RachelBean79206/status/2097851134597603442?s=20","dbc7mtOkXshlEtqphwwF0cIn1D23","active-campaign","2026-09-10T01:04:38.390Z"
"383","79000a","xhchat","0x35ed01d7a947b5d58f0c5bb5a6a4be7064dd315b","https://x.com/xhchat/status/2097861530809508308?s=20","dgxazxFcqGggYAA4LG2r8RU3ap02","active-campaign","2026-09-10T01:39:38.141Z"
"165","klainze999","facebook_211","0x00E49De608087d93571d25562cDDb5413F9823bA","https://x.com/intent/like?tweet_id=2097753815336255504","dnN4DiMXxPZF1ej1JlILM8GFGOF2","active-campaign","2026-09-09T20:23:47.841Z"
"366","petersmith0852","MrLuisStark","0x698d0a0d218204d052051f27b694296e6e97d94c","https://x.com/MrLuisStark/status/2097851134442451176?s=20","e4ProUt1goWqiqBntjweaSN2D9d2","active-campaign","2026-09-10T01:04:22.081Z"
"217","lishanshan930421","houxuanwu","0x975dd80a91cc58b02a08e3e45198bfbeb780e4d1","https://x.com/houxuanwu/status/2097791805186351578","eWYuJ24RRDTtq5dh0GjtLeqPOqs2","active-campaign","2026-09-09T21:02:50.302Z"
"161","silverfunk26","2xchangename","0x89c1a45c6Fd03B2Fd868D45d65918D91C70121cB","https://x.com/2xchangename/status/2097782142839456182","eZU3Ca1IsneVibwLUku6naNZUwc2","active-campaign","2026-09-09T20:21:32.859Z"
"180","luwiss9635","BullCif","0xD2f341F45B983292aefebF953C15d3376D0f4884","https://x.com/BullCif/status/2097785152416121147?s=20","eaJof1gAcvaXFEpoBYq0GI2YK9i1","active-campaign","2026-09-09T20:33:34.602Z"
"176","Grabbed339","grabbed339","0x6008278b0e90e3827ec0805a8dad4d60252431b3","https://x.com/grabbed339/status/2097783997795532817","ebbg5bPWIsXNPXA2IQEOwSDK1id2","active-campaign","2026-09-09T20:29:32.619Z"
"377","viorxtz","takirho90","0x168e668fbeee758d175d97211960e172937e63cb","https://x.com/takirho90/status/2097855277693628714","ehl4Wbov69hBSWTAfEC5gTpgWwj1","active-campaign","2026-09-10T01:11:54.130Z"
"46","honglien1993","tieungao7979","0x1c46182d4e94572849c7da787b32c1ba186e34b5","https://x.com/tieungao7979/status/2097763517013344511?s=20","enT2gjg29YRMnn1poiqEXHXKUUv1","active-campaign","2026-09-09T19:06:50.579Z"
"440","giangta8859","jianna38560","0x8a6f04c3c4141e7f6c5ac643279d5542f42807cf","https://x.com/jianna38560/status/2097901527285527032","enfwKl5dcSVM4LLHp0T0LBsIQT63","active-campaign","2026-09-10T04:18:48.762Z"
"419","cxmaea","axul125","0x67fD9975B3EE69a754FB13039736E899702C5138","https://x.com/axul125/status/2097885261950849144?s=20","f60soYbMbwOXUGsIqRj8JeObYir1","active-campaign","2026-09-10T03:11:08.889Z"
"322","Detpilota330","Pilotmi17","0x1d2De082A7d68EEC62817596a96a0d2A808e304d","https://x.com/PilotKH_Mi171/status/2097833189259812962","fEEewWqSlPQUVqnVhglTToix6zb2","active-campaign","2026-09-09T23:45:27.323Z"
"130","Zellytoung_96856","MOCRYPTODC","0x5874975FeD62A88AEA1C6683ed1F1Eb89bd412F2","https://x.com/MOCRYPTODC/status/2097772570988683429","fp65nFvMeBhhPhj24Mh6rEHKbbC3","active-campaign","2026-09-09T19:50:59.499Z"
"361","mame2007#8025","mame20077","0x7426428C645f4fC4E0aFF79Be4909CA5a373800d","https://x.com/mame20077/status/2097852400170148078?s=46&t=vGk53rzS8Eq9WsdSCtoZ-w","fqlzE8j3ZYSTRaw2h7nb3OUKwLj2","active-campaign","2026-09-10T01:03:40.975Z"
"144","@famousqueenn","FreeRide622","0xe9cd56b7A72ac6a5766c927172CB1121dd9A831a","https://x.com/FreeRide622/status/2097776349788127641","fstXYt4x1mMYVvGCFboPZ2CIVBn2","active-campaign","2026-09-09T20:01:15.124Z"
"3","","Kuyamarta","0x40659d3da26da79f8faee6113887d5fbabed4b6b","https://x.com/Kuyamarta/status/2097684942583181776?s=20","fwzFqTY2uUQkbck9hRlbGLeeWm33","active-campaign","2026-09-09T14:00:46.062Z"
"171","@iam_intrepid_","0xintrepid__","0xa6882507831e872d5db2567982746c02f4c25074","https://x.com/0xintrepid__/status/2097782391322583538","fydMxkliSzgGrlM24SVGRDkyIcJ2","active-campaign","2026-09-09T20:27:01.395Z"
"388","bellalbd#12","mdhossinbd","0x9bcb5e7b367596552e4C8d66B6b7176eA12A1661","https://x.com/Haunting_Hoods/status/2097753815336255504?s=20","g7dkWzhcAcfhu599B29kiAWHxqv1","active-campaign","2026-09-10T01:55:29.139Z"
"219","lucasbnb","LucasRezen94816","0xF8E54bF3DEC03FE46644B1eA243Ad8040FF2F307","https://x.com/LucasRezen94816/status/2097792210976551373","gQI3FSLWgcbSddMXpZlkEyxwv322","active-campaign","2026-09-09T21:04:00.082Z"
"117","proxbgmi#9948","spilex001","0x392F1fd13D0243dB5017E2Bb13a7e47833770809","https://x.com/spilex001/status/2097772593797534091?s=20","gbpXa56i5YTTcFqYbLiYH0nynJ92","active-campaign","2026-09-09T19:43:08.910Z"
"8","blackbot3112","Blackbot31","0x92d5884261378da9d01835bdd95b49f256ea3869","https://x.com/Blackbot31/status/2097754618596065425","gg177vpu6DfXtPuyga567QGAcrY2","active-campaign","2026-09-09T18:32:23.547Z"
"263","dilsss505","dilsss505","0x4F57d7DBc00D71f31E089FD24aad88365bE4De06","https://x.com/dilsss505/status/2097803364071522462","grWj0zc0oRYHIgfbvChONauh4z82","active-campaign","2026-09-09T21:50:53.290Z"
"302","magician#8130","1MagicianMr","0xcEC86bEb619C790FD88CF80F78BF497aFD111F3a","https://x.com/1MagicianMr/status/2097820319608393733?s=20","h3GnkIO4PeXFF8jWQXzoqHZ5QP42","active-campaign","2026-09-09T22:58:42.407Z"
"163","Pavl_wil_tri","trimirclan","0xAf44a8023194c4F51C1C4404E4E002804C69D768","https://x.com/trimirclan/status/2097782042717216868?s=46&t=ZLzIPwMwAbX4DJZH0RLYsw","h7jsqu4FRaNqvUkgX7h6BaV8mPx2","active-campaign","2026-09-09T20:21:57.171Z"
"136","Champ97","0gk97","0xfAbddef137813777008Eecb4e7D8Addb2096ecA6","https://x.com/0gk97/status/2097774829847883830?s=46","h8oBJENWJhXOZYYyK7pPRD1NJwU2","active-campaign","2026-09-09T19:53:34.349Z"
"375","ricky9609","Ricky1111Ak58","0xed5eEe2dc917133dA09ea7cf7Ed7A3e8356aC269","https://x.com/Ricky1111Ak58/status/2097853791475482724","hAc2nFiKnCSsMbldk9yXd4AtLm42","active-campaign","2026-09-10T01:05:20.253Z"
"288","iceiceop","frankyD263825","0x41a98CCd42404f52A988a2C90Ad773e3AF677b78","https://x.com/frankyD263825/status/2097770242122424697?s=20","hAcAAyR0hvQOaskgfQifbc1aomu2","active-campaign","2026-09-09T22:28:22.240Z"
"303","._11z","nezyr_","0x5CC42E6c8B8DA2C0AF92c441Aaf1156EeAD66C4B","https://x.com/nezyr_/status/2097822663641296965","hNaFxVqD9CcM6Qkd5Yf0ezXy5BB3","active-campaign","2026-09-09T23:02:30.837Z"
"252","airzed._73494","defi_aized","0x7E61C6D1998D12e0Bc122062c369ac6Bf34eb545","https://x.com/defi_aized/status/2097799721125593514","hUgVLcCXV0fECs2bdqNiK4KjL533","active-campaign","2026-09-09T21:34:46.406Z"
"443","mrsiro9614","ColbyDuran11948","0x99b2dfa98dbfb36924b655c98db766010f8dba7e","https://x.com/ColbyDuran11948/status/2097901527407153387","hg9Te5XkO3caE55OSVu4DS1Fghs1","active-campaign","2026-09-10T04:19:27.993Z"
"456","Stevepatail#2721","Bilalwahi","0xb0dc3b1f04529984dc65a0a541797b184feb50b9","https://x.com/Bilalwahi/status/2097908310192386142","hjm5PyedjjWccWtuBrYkl8ZPbLp2","active-campaign","2026-09-10T04:42:29.340Z"
"423","blocksboy","blocksboy","0x2a26378a06099cd881dce8e6f5e298ef666d037e","https://x.com/intent/retweet?tweet_id=2097753815336255504","hn99VhwTxpa1ulIjsxEqS0ShB6k1","active-campaign","2026-09-10T03:16:37.840Z"
"328","yahut98_28659","HoodiesIDN","0xc56f624d31867c3b8723531e487ecd7aa7e8ddef","https://x.com/HoodiesIDN/status/2097834460045820108","hnGpLTNoTid1ObydxlRfAAwtwps2","active-campaign","2026-09-09T23:52:25.105Z"
"139","#cripton7325","criptodady","XKO5b8991544c55e6ab33c0b88d650b4dc822ab9a45","https://x.com/criptodady/status/2097775929976107432","iAtG2fIxoqY9bYP9ppNERtrtR222","active-campaign","2026-09-09T19:58:23.372Z"
"112","Aida3747","sojurnar","0x4e4A05B044deA7010f910b871283BF179bA1cf5D","https://x.com/sojurnar/status/2097771282880246230","iG3rx7gEzoUveVEdeb2Rnfo5UHr1","active-campaign","2026-09-09T19:38:39.052Z"
"178","Ikra.negara.mr#6979","0xikra_negara","0xd3BC9161eAbf73B1695452Ca0e1706f86b196721","https://x.com/0xikra_negara/status/2097784304856338565","iIH4GlElHGQvFVCEal7zRiUrFku2","active-campaign","2026-09-09T20:32:22.707Z"
"420","xingwuB#6348","shasha_ten","0x461B263B931193Dd0CFA4045c75Ee880305fdFAf","https://x.com/shasha_ten/status/2097885121609338984","iR0NtJXaXDegAOXz9jnEAsSN3yI2","active-campaign","2026-09-10T03:11:55.427Z"
"474","jopha0787","ZA7xKylen53945","0xea5f151463380afbf2941899bb099ce3246d5752","https://x.com/ZA7xKylen53945/status/2097924461106520331","iRHQPg1oMChSQZQ7BE4CkkW9sCr2","active-campaign","2026-09-10T05:58:38.045Z"
"243","averagejoe_1","hamza_1_23","0x945338b569cf7ec95d67dfd6527c758979efea4c","https://x.com/hamza_1_23/status/2097798512796959100?s=46&t=SaoWYYsLZr7hKJhAQnRB_Q","ibPVPzDM7Tca5JVXhziRB5yois13","active-campaign","2026-09-09T21:28:21.005Z"
"397","noorshahzadi12","MTiktok82195","0x18a0d0d4295395592f66a8b2f4c2efc7072374f8","https://x.com/Haunting_Hoods/status/2097763580938469872?s=20","ibmKKy2nm5SFpdzj2i3vPnYwG502","active-campaign","2026-09-10T02:17:33.682Z"
"300","Noob_spencer","elpwettie","0xbD94dBab1A6B1c6B36F2cCE042c1093096DA1292","https://x.com/elpwettie/status/2097819886852493527","icHvVrNCXEVrU6sVIatoxRq2Chq1","active-campaign","2026-09-09T22:53:23.914Z"
"175","Khosidah","NKhosidah","0x27CD043c8c04c15c0f5D48f261774A179C977535","https://x.com/NKhosidah/status/2097784106084126884?s=20","idEqZg7rdjR7HX0oDmqFjAagzSS2","active-campaign","2026-09-09T20:28:45.715Z"
"75","julho0015","Cesarjn624115","0x88a98527d3E9b29395F117BfEF04787bCB5A9f16","https://x.com/Cesarjn624115/status/2097765275143745561?s=20","ifogXtfucJQnh0O4rU0YmvxWIrm2","active-campaign","2026-09-09T19:20:43.208Z"
"469","Mexicos","MichaelB4sure","0x0cd633fc36e4a4064093aeb4b50d28fdff1a8341","https://x.com/MichaelB4sure/status/2097924443569897580","isDZqzvjq2VrqY5YOEGbUQQjMS02","active-campaign","2026-09-10T05:49:40.167Z"
"324","adufe#9270","WAGBO24","0xdDEa4BD239DC3C2b8425667dAe29c5D094C3E4a3","https://x.com/WAGBO24/status/2097831874722742390","ixaXySaUw6d3pkdw3J7mofx5DF03","active-campaign","2026-09-09T23:46:05.418Z"
"115","smokyyh","DSmokyyh","0x21d62b66d542ec2e633811597354d573862653f7","https://x.com/DSmokyyh/status/2097772101960884627?s=20","j6fo8GUcMtX8wb4sFut27wyKnzi2","active-campaign","2026-09-09T19:41:40.104Z"
"364","emilythomas0752","AnhTuan471965","0x347356093856c549d88d2f679a180575ea00210f","https://x.com/AnhTuan471965/status/2097851134475964911?s=20","jS2VCBfD8YMZFN3zpF4dIY4UOur2","active-campaign","2026-09-10T01:04:19.604Z"
"145","xuanguiyuan","TristanOdoard","0x10747E5667d7C4f90eCA37b4Dada17Dac9Fee282","https://x.com/TristanOdoard/status/2097777921243116004","jUbmdiLe5reUcbpmEUIDjr8infs2","active-campaign","2026-09-09T20:03:51.250Z"
"461","Hammzy27","Itzfoden92","0x62e93afc12b1868f3e8032606328f7d1161bd5fe","https://x.com/itzfoden92/status/2097911252311855263?s=46&t=yH_92-Z6Z5BJz0Vwvl9f5Q","jdeUhVcmlPWMxbhPoGeGqEYtJf82","active-campaign","2026-09-10T04:55:23.583Z"
"164","ikkiloucosofia","Valdeir96094341","0x0f14588c202d216EE5731de905390516F5714E95","https://x.com/Valdeir96094341/status/2097782802456399888?s=20","jyqUu7pX0cgpsSvJ88gG9BuQK7g2","active-campaign","2026-09-09T20:23:20.348Z"
"121","Askom_29","askom828","0x873e2C32edCffe2954056c663A776651635B83d3","https://x.com/askom828/status/2097770279649034737","k38Q757HswgcpPV8DqITSEzGsPM2","active-campaign","2026-09-09T19:44:56.913Z"
"24","08r","ReflianT","0x06cfFD5674Ff68aa2fbe0bBE66BebC7e32E6F059","https://x.com/ReflianT/status/2097760219489276381?s=20","k8lqH6keQHZ3ruVqk2etPtnnvdV2","active-campaign","2026-09-09T18:53:56.638Z"
"386","mahin22123","mahin2212","0x096388679FD70697898785F4467E34C0E44456D8","https://x.com/mahin2212/status/2097864877201326384?s=20","kFsL7gBB3WcdEpI9gyxBGvajBZC3","active-campaign","2026-09-10T01:54:15.548Z"
"220","donald_fujita","cryptfujita","0xf888321e980Dcf01deA475029aFcbf8Af51fbde3","https://x.com/cryptfujita/status/2097737283571208490?s=20","kL9uDqq9q8SCo8zfCxSIRpqd5gi2","active-campaign","2026-09-09T21:04:02.877Z"
"341","locvu735gmail.com","lokvu735","0x3ad57849be7f45c8d1b87a1d9e7e2f76d0799ec5","https://x.com/lokvu735/status/2097840558555464051?s=20","kMaqEe2r5XTJXMXDDpwZNN2S1Hi1","active-campaign","2026-09-10T00:16:03.429Z"
"221","hern0557","hern0557","0x7593B5451404B16F674DC5741C2FA5cc025CC338","https://x.com/hern0557/status/2097793621651329053?s=20","kYYFXyLXXaeOJKWcF5MTet3Zwf23","active-campaign","2026-09-09T21:06:14.090Z"
"62","paungthegambler","paungthegambler","0x48C6e13D330fA13e174960871fC1fBB07c05899c","https://x.com/Haunting_Hoods/status/2097753815336255504?s=20","kjw8D0CZtqaVJWWDboGM5lrvYel1","active-campaign","2026-09-09T19:16:37.880Z"
"278","Ed_Vndt#8847","edysuu98","0x74c7db8ec643733a4443f3a619d42213057eca28","https://x.com/edysuu98/status/2097810505981468829","l2BV7ECS1lVySTmNSUgT2xUzSR42","active-campaign","2026-09-09T22:15:16.484Z"
"357","binance000","bitcoinlolxx","0x31c0f121Efe27be138cDa228f53C53e1b0603111","https://x.com/bitcoinlolxx/status/2097850673476067705?s=20","lArVQb3skJTYVTxslH8nqZtxxwz1","active-campaign","2026-09-10T00:54:14.755Z"
"15","lexiversehq","lexiweb31","0xE6e40CFe775fd15BED4c21a0Fae1cD6F042743dc","https://x.com/lexiweb31/status/2097756521941676334?s=20","lNQBhDsgQidIdhkkkGYTAxElQxn1","active-campaign","2026-09-09T18:40:00.383Z"
"11","1Midast","IamitMdt","0x6681B29137eAC9B2AcD16483706eeA016005468b","https://x.com/iamitmdt/status/2097754670693486665?s=46","lYD6dD2FcPeq3I6ZbIHOXbz8A9B3","active-campaign","2026-09-09T18:34:53.344Z"
"447","@mh02ahmmed_91211","AhmmedMh481737","0xFf05E5A1542834eCE78FcD142aBBca17B82fE852","https://x.com/AhmmedMh481737/status/2097902323960000677","lhUzUg3W8FR1qQNKuCpMmQZm8Of1","active-campaign","2026-09-10T04:20:12.762Z"
"293","Leductommy#2962","Leducgagnetommy","0x77b72808402b1864CD2Bb9B6a0901BaeB6EcB216","https://x.com/Leducgagnetommy/status/2097816044769263755","ll3jcsFfSQQe2UnHSOBb9GhMq0t1","active-campaign","2026-09-09T22:41:00.417Z"
"181","iromeansstar","iromeansstar","0xad298b51c72b62374ab14f230e76a4523924df29","https://x.com/iromeansstar/status/2097786106838126602?s=20","lmQXn4ergBXeD3gGRVPPBZUMAst1","active-campaign","2026-09-09T20:36:36.541Z"
"118","@uzxnayan","uzxnayan","0xbce9d349bccc9cc42d277f7f6a18c364d5ec1152","https://x.com/Haunting_Hoods/status/2097753815336255504?s=20","lo8Nv1TPn4b1EovUYEDJ1LwqFeJ2","active-campaign","2026-09-09T19:43:15.767Z"
"32","githxx#4624","ShegitQ","0xb0b8FCB74d7961505922a44df2137B55705B9E3c","https://x.com/ShegitQ/status/2097760934718796236?s=20","loC52J1TahaQsMmy26YpudlsA9C2","active-campaign","2026-09-09T18:58:28.366Z"
"398","kinciinggris","pelong336","0x9Fbef9ae0C8cC5CF6208dc0747A13B454D3a25a5","https://x.com/pelong336/status/2097873443937218816","ltswFboRkbM6LSvGhAcR3CyUObX2","active-campaign","2026-09-10T02:23:32.506Z"
"308","naganetic","murreyosaos","0xf16E2805A361A706c0A20e95b0f449544afB81E6","https://x.com/murreyosaos/status/2097827176154550702?s=20","lzr3PwQBT1Nl8TNgEEUNV2SoZdS2","active-campaign","2026-09-09T23:19:47.496Z"
"411","playkk111_60089","channnyeinn12","0x8683fe814364e4c6d9e7002fe9656799848f57b5","https://x.com/channnyeinn12/status/2097881129848344909","m3cZknIU8jggB9uVmQ2tRuqZqzd2","active-campaign","2026-09-10T02:56:11.306Z"
"318","@yhwacht","OlebSycho","0xA1abF48D7200B7Ba4cBEB337Da616cCa9e30b99c","https://x.com/OlebSycho/status/2097827995574755706?s=20","mWgJ8oEJLfQ4J17KFicSiGV4nRR2","active-campaign","2026-09-09T23:36:16.889Z"
"132","ridoyan","Himashu99","0xf24835478EE31a350A74D1a9121a7cc7501A3b39","https://x.com/Himashu99/status/2097774679125860670?s=20","mq7jccfyCDcH4lOMhJxc8eZ5Xkm1","active-campaign","2026-09-09T19:51:37.505Z"
"393","_bolong","MAhkam91859","0x371633f533626CDe63E4d9Fb11043A9E8C3ED51e","https://x.com/MAhkam91859/status/2097869271179436516","mtYF1TuYY3fUqSx4jPVyO5kNgkO2","active-campaign","2026-09-10T02:09:47.197Z"
"159","codynium","codynium","0x452BbFEC7E0387051D5E9FdE356F3D5b17032Dd7","https://x.com/codynium/status/2097781904741171275?s=20","n5iGWebxgVZkfECYI6wgspi6Ajh2","active-campaign","2026-09-09T20:21:07.238Z"
"349","Yahuza510","AngontaA","0x94d5222ee1066111e1fe9fe198017278d496d6e4","https://x.com/Haunting_Hoods/status/2097753815336255504?s=20","nDBsgloyAmdXdfuxPjvvxcWJ86P2","active-campaign","2026-09-10T00:38:25.991Z"
"309","shiyanzeri","1qM1pr","0x30B43A98923233b99009c6E398ccf17BceC29520","https://x.com/1qM1pr/status/2097826845375021471","nGAU8IXa17QKlS7gVqLmZBJVIux2","active-campaign","2026-09-09T23:20:10.378Z"
"65","novalaprilian","NovalApriliann2","0xDfdaC0cD18c7373cAb4F73B5e188C9e327bD943b","https://x.com/NovalApriliann2/status/2097766049076940906","nTyLRPt8rncz3H8UPxBXHHXCfk53","active-campaign","2026-09-09T19:17:30.898Z"
"237","yukka2920","Yukka2920","0x765594884e9c345A20DE12f59aB9C00b61924779","https://x.com/yukka2920/status/2097796625876099447?s=46","ncK8D61o9eNqx4SPwDm0D7qkuvi2","active-campaign","2026-09-09T21:18:50.330Z"
"194","shynzd","shezemi","0xAD71718E8891D1D88b975C2D5352B80d1462aCBf","https://x.com/shezemi/status/2097788027858800722?s=20","neaGgiEDSFVNhOSipjKUqMSjYQp1","active-campaign","2026-09-09T20:46:21.832Z"
"72","Cedricf50","KorgOnSolana","0xCFC94ea14B3FfaC91057C08d4c9d4E85f0af6339","https://x.com/korgonsolana/status/2097766368296702038?s=46","njAAO0J9j3TJwROCDF5FGv0rXJI2","active-campaign","2026-09-09T19:19:28.163Z"
"31","najmul648","freenft001","0x1acb5096EcE0108923BcEA14fc0b37E4A3FA8df1","https://x.com/freenft001/status/2097760947100418117?s=20","nlO8LonMGmdZzIDWpzTWqvE1DLu2","active-campaign","2026-09-09T18:57:18.833Z"
"409","@crypto7809","yZY08i7ofv266lg","0x2bbb8b53e85c05bcabd4c2fad52390b9c37cecd3","https://x.com/yZY08i7ofv266lg/status/2097880435800019147?s=20","nn0vi779GbfXv0LqqXyX2gxQX1D3","active-campaign","2026-09-10T02:51:32.974Z"
"83","tokenhold","Finance4050","0xbDa4385b99C9dfAB06Cb1cF47994fb2f77138094","https://x.com/Finance4050/status/2097768000959250740?s=20","nvqD6XAvOjeQWLK9WjcQRUOvNIS2","active-campaign","2026-09-09T19:25:10.906Z"
"68","java06852","javapee006","0x8da4526bd30169c788d76f0d2f6a2570d1e3f84d","https://x.com/javapee006/status/2097766332863525269","nyS93zolXONjD4QAFjntqToQe4o1","active-campaign","2026-09-09T19:18:37.430Z"
"316","Blessing#0963","oreoluw6","0x7033bab31ac3715f254fbdec6d17207c07781fc7","https://x.com/oreoluw6/status/2097830524421107945","o3fMGXi6BATuj23CdC9om3TrlOj1","active-campaign","2026-09-09T23:34:35.991Z"
"329","dcfsan","DCF08340408","0x6A8D01c884D3047f7f17f123b4126CF509D8dC4E","https://x.com/DCF08340408/status/2097652338181992484?s=20","o4Z2M0rkVVZkxqY1zwcMYcFQ8dJ2","active-campaign","2026-09-09T23:54:24.025Z"
"380","your_cascade","_mushfiqmahir_","0xF03F3C96432C1f25F520dD165DbC756CFc870622","https://x.com/_mushfiqmahir_/status/2097858879753445538?s=20","o5te3Ko3n5V7c13f5VFy35qJlOO2","active-campaign","2026-09-10T01:28:25.599Z"
"2","","Haunting_Hoods","0x1f7ce97949B721A78254736A79ca5322a86842E2","https://x.com/intent/retweet?tweet_id=2097525377656598532","olL23r9aOeTYiXZZNaI17iRj7nL2","active-campaign","2026-09-09T12:42:19.663Z"
"192","0xomom","Beardpaapi","0x4A596e2358207d7cc3C50dda5C67e37209A7F706","https://x.com/Beardpaapi/status/2097788057999286535?s=20","oxONfBOAaoUaqiR4huxPllVn6bg1","active-campaign","2026-09-09T20:45:09.668Z"
"42","@pronoy_roy","P379hp7u3","0x0d7be138d7fbfab9b33fab7c5e6b133a6a92fc2f","https://x.com/P379hp7u3/status/2097763193770954988?s=20","ozjMzMpCtncr0gducxN9sMrTUTi2","active-campaign","2026-09-09T19:05:40.397Z"
"258","abilhrmn","4billll111","0x17c3288cfde41fefcf91e5db509db33a7c71e351","https://x.com/4billll111/status/2097802056329531852","p5jaH4FfM6YwGW2Y72esloNQLfs2","active-campaign","2026-09-09T21:40:18.963Z"
"173","adityadharma","BrianSO7","0x759DE697869E2018f026b66DdFe3859C3CaEd6A4","https://x.com/BrianSO7/status/2097783490930725061","pBvdoVUq8sSbwiSXTZPw2Vad6Dg1","active-campaign","2026-09-09T20:28:06.354Z"
"228","c0_lors","c0_lors","0x4B712edfc71765978e314BcdE8069085F47453D1","https://x.com/c0_lors/status/2097794345860542474?s=46","pM0jI6B5cnYLgcbn2q4DINVlOfL2","active-campaign","2026-09-09T21:11:07.866Z"
"124","lili_yongheng","SyrinXion","0x399783a31f3495ec5d0111A6De80Ab2CB62a69c4","https://x.com/SyrinXion/status/2097773562132336854","pPY4Vg8XJpdO8dhY9fnCRU2KaOo2","active-campaign","2026-09-09T19:46:34.217Z"
"86","vndr_41608","0xfntxyz","0x625d8b86d4d731688b13357d871876e0c798fba3","https://x.com/0xfntxyz/status/2097768217641095429?s=20","pPh4XwDYxHUdp48cY5aLWqwr6TX2","active-campaign","2026-09-09T19:26:44.484Z"
"134","MD.0770","DecentSham78","0x3bC694CAD735e0D3f83C7A266350d0464B07dc39","https://x.com/DecentSham78/status/2097773984955920684","pjRxfICyOiYHGR5iR1Wbpq4dvl82","active-campaign","2026-09-09T19:52:41.062Z"
"376","@briellearts_","BrielleArts_","0xe48bd42c0dc6009ed78a510745884f7378d077df","https://x.com/BrielleArts_/status/2097852893298934201?s=20","pmuyBoOHyrOLSoMprrOo4a6yTTw2","active-campaign","2026-09-10T01:11:20.783Z"
"188","phoco34_88741","zeroone1462525","0x67B9BF7C400a8F599585A60b578316FB0c397512","https://x.com/zeroone1462525/status/2097787511611502841","pqdlquTdJmRBA7L46YLW5SC2A1D3","active-campaign","2026-09-09T20:43:09.496Z"
"400","@berlinn99","BerlinnSr07","0xd7ec5aa573a1aed94e9419e3e01750f3cda5bbe6","https://x.com/Haunting_Hoods/status/2097753815336255504?s=20","px2JlWlHaAMTPzpBpCt26z88bnz1","active-campaign","2026-09-10T02:32:27.313Z"
"475","thuima0244","yBSxFarrell6494","0xc4173c55277a0bb5440e0ddbfdcc9c1396e53301","https://x.com/yBSxFarrell6494/status/2097924461261726148","q3TydoBa4DTuCTsbK75s2lPQ4KL2","active-campaign","2026-09-10T05:58:42.004Z"
"448","saobab","CrewMoses10622","0x87910e3eddeeea264418b3e675d4424e04718bc1","https://x.com/CrewMoses10622/status/2097901527264543062","q5yk9eDe54QokjPCGR9Xo4ru1vC2","active-campaign","2026-09-10T04:20:19.115Z"
"336","ghehhha","0xREYYY","0x6be891ecb638994d61f9b089119d79700dadb6ba","https://x.com/0xREYYY/status/2097839227132412230?s=20","qEhXpO8cGrUeTlHZrVPb93a5xSu2","active-campaign","2026-09-10T00:13:15.314Z"
"479","juimea.","LP4xRudy69801","0xe3ee9509ff71c4e9afc295151a0a161ab7472a0f","https://x.com/LP4xRudy69801/status/2097924461265838081","qGOfYE8viLhsD8asKWoH7RLbUmt2","active-campaign","2026-09-10T06:09:40.710Z"
"457","baiyanzai_a3","thankuty_","0x7e2df90b4349878fc18b07e8a5ddb766371a3ac2","https://x.com/thankuty_/status/2097909260642591180?s=20","qIjdV5fCp2QT7L9lKS46VI9Ob683","active-campaign","2026-09-10T04:48:30.080Z"
"48","absollothareclya","jelenemae","0xe00380938f4127a0dBA57EA68E0ABE7D690f9D4b","https://x.com/jelenemae/status/2097763547468255417","qb4n1uY5hzNtjWHzds70jCX13BU2","active-campaign","2026-09-09T19:07:48.453Z"
"446","mrsiro967","KhariQ85071","0xd89b6431abbef6c3e9f849b6793e7035e45f7366","https://x.com/KhariQ85071/status/2097901527289720833","qhD2YnW7kwPiFHR6Y0j5yc6rNZ32","active-campaign","2026-09-10T04:20:07.996Z"
"283","minhhuy9154","havan1988","0x923fa851ad24989ecb647cfd065847ba94a12623","https://x.com/havan1988/status/2097812012516720731?s=20","qhjOU1DkK7UJcMQe2kBE8J35bfv1","active-campaign","2026-09-09T22:21:13.735Z"
"274","rodrigo_otavio100","Rennys914072","0x4a064951Ee00dAa5926d441300568364DeAA6E3E","https://x.com/Rennys914072/status/2097806912024621330","qpK2FDqW3oUt2UIgQE0J4qcugbr2","active-campaign","2026-09-09T22:01:17.377Z"
"129","rakamakafo","motharaka","0x4F64C6b8333F74890b0ba0AF4d480d8ecce01e17","https://x.com/motharaka/status/2097773958842011875?s=20","r3KtjHmgV9SxarekPfYwdUb6AeW2","active-campaign","2026-09-09T19:49:15.024Z"
"196","leonyyyyy","Leonnysanz","0xa7da63532c499505c05c880a24249f00cb402a22","https://x.com/Leonnysanz/status/2097788384504918366","rDYh5h2q0Ra34nXHWadx43MpXm02","active-campaign","2026-09-09T20:46:44.488Z"
"312","darkness4769","DarkchainRants","0x3b8f56abda9a93489d3fc71b67c67fd92b5b6cac","https://x.com/DarkchainRants/status/2097828056874496177?s=20","rGeIeRRU16VojrZNvQtn3fMk3Gf1","active-campaign","2026-09-09T23:26:40.427Z"
"359","yingyingzai_","passionif_","0xac79fd6008b971723d16974cdb23ad70ecc00bee","https://x.com/passionif_/status/2097851582314582357?s=46","rI2t9krcd5ZpbYQwsalGKnfC3U22","active-campaign","2026-09-10T00:57:46.519Z"
"371","sarahwolf0671","kha_han21028","0x2b8c85739ae28736c4f59437951bd95a1d2feb42","https://x.com/kha_han21028/status/2097851134262010054?s=20","rUuYpxdJ3tTkuFyf7lD1O5emDE12","active-campaign","2026-09-10T01:04:41.943Z"
"60","dinhanh0466","congidau999","0x9bf9c730c7840a3b03fdfc91d0a4d06a8b38a6ca","https://x.com/congidau999/status/2097765562936172814?s=20","rYh0hm5C3ud2umF3sEVnm7jG9U43","active-campaign","2026-09-09T19:14:59.600Z"
"1","","chitransh_eth","wfbeg1yet1287w","x.com/7996318973","rcauQrg0QZdvhfFVaKqJSRzeSxl1","active-campaign","2026-09-09T08:41:49.291Z"
"82","prety.inj","Pretyninjas","0xC34705BDf796E44Ae639E6182853E56170f13882","https://x.com/Pretyninjas/status/2097766523654086803?s=20","rgNeDulpF7dTCgkNRV0EZlI6iu92","active-campaign","2026-09-09T19:25:00.937Z"
"320","@dwirahm39962005","DwiRahm39962005","0x781663604ede0b172c69ef89641fefa50c466836","https://x.com/DwiRahm39962005/status/2097831939806040557?s=20","rlKwIGPfehedfdllP5rYE2nYrzY2","active-campaign","2026-09-09T23:39:09.547Z"
"210","cobaltss_","0xcobaltss","0x1b140d52b3c4909b2d998faf45d0a1abad7e6666","https://x.com/0xcobaltss/status/2097790860842906067?s=46","rnWULesjXYSQyTme425VqD6B79Y2","active-campaign","2026-09-09T20:55:38.675Z"
"143","@psareu31","melani0031","0x9d7097f6b7bdfd2530167245e7a4dd2b8d544517","https://x.com/melani0031/status/2097776758301049221?s=20","rtXlwcnStKcWJGqIn7ECDDWx8uF2","active-campaign","2026-09-09T20:01:06.951Z"
"384","_bornoz","kansizsavar","0x218ED937cC38974818a8CFdb7aAef3C8150F71dB","https://x.com/kansizsavar/status/2097864473163800744?s=20","ruxXlC5kSkVrmX780fd7qTnXjRW2","active-campaign","2026-09-10T01:48:30.875Z"
"455","chengchen0197","CChengchen57409","0x5d3616e2e561d4e367706d5c83ff2b4e9a9f7c30","https://x.com/CChengchen57409/status/2097906861848834494?s=20","s0Qcmw8NDSUKZYCZuZxRW1aVRIj1","active-campaign","2026-09-10T04:37:23.623Z"
"199","deday_1","Deday_1","0x81e525d7cBf032Eb4738f7eD982db60855B1d520","https://x.com/i/status/2097753815326255504","s6DzfArxUieKoKqm1lfAFjReUdf2","active-campaign","2026-09-09T20:48:56.147Z"
"271","greekmith","0xpulga","0x94c4efc9098d0ddf726981cd48f29f58f3061bb8","https://x.com/0xpulga/status/2097806013495967848?s=20","sC1LGfECLdYFB9EHlNywhaZTTY12","active-campaign","2026-09-09T21:58:31.667Z"
"426","prince gupta","AdityaKuma2s","0x8E61665f43804eB9aE73bbBfF67064eC391Bc228","https://x.com/haunting_hoods/status/2097753815336255504?s=46","sTaTIzP8UFhGQvnwF9T2gEk68Lq1","active-campaign","2026-09-10T03:20:55.642Z"
"212","dahrealjace","jaceisx","0xd8f8c0C299ED6f1Cb8a850138e410a4cADfB5527","https://x.com/jaceisx/status/2097790911090483267?s=20","sUcAAxtjkyddnc0Gkcwrxo3ibN52","active-campaign","2026-09-09T20:58:49.281Z"
"59","prince_enma","Suma4iL","0x39ab4a642072b413d2800ecda96bc4f2488667dd","https://x.com/Suma4iL/status/2097764959782674893","sWTbOs1rVfabvymeF1FzLTLwlcJ3","active-campaign","2026-09-09T19:14:37.470Z"
"45","Laxmana#8849","SlmieP","0x8b8888028105efd9492faf0d24ef4ec4bd3be1cf","https://x.com/SlmieP/status/2097763425774661837","sppxlErJ4GTMkgpJUOnLQhZpKjQ2","active-campaign","2026-09-09T19:06:25.926Z"
"209","anonixweb3","AnonixWeb3","0xfF7e46F3EF5Fe8C7F7bBB7844e88489fd82918eD","https://x.com/AnonixWeb3/status/2097790453101760633?s=20","swAYMQBvGQVx25OspkXR44aZbGr2","active-campaign","2026-09-09T20:55:34.324Z"
"382","Gabby911","ajayi_anu","0x7d8b097560075bf5f3b48740372862d541083baa","https://x.com/ajayi_anu/status/2097861084665323524?s=20","t38PC9RHvnYzsmmPVSoA8KTLeUt1","active-campaign","2026-09-10T01:37:07.491Z"
"63","Maime5734","maimelee","0xcd8f97a5550ddd9d8fee6ab407f221b14f7b919e","https://x.com/maimelee/status/2097765131455168549?s=46&t=0nZiVZYw9tWVm0z_K0-YcQ","tEktKlq3hEO4mSCpLuZX2TzpQXU2","active-campaign","2026-09-09T19:17:09.780Z"
"4","","stark0234","https://x.com/stark0234/status/2097730070173376650?s=20","https://x.com/stark0234/status/2097730070173376650?s=20","tLFojYzcHAdVnaxqAPxtdegCgtV2","active-campaign","2026-09-09T16:54:27.034Z"
"195","oroxweb3","jexo_web3","0x0370a0a5d8797d5654799b9ad35db5d85f386870","https://x.com/jexo_web3/status/2097788466566410483","tafbrMvVdfgeDP02h287u34sFN52","active-campaign","2026-09-09T20:46:27.106Z"
"467","fajrin#8862","fajrinfirda","0x16ba953baba0397bf028437a7697a0af0a08f3fc","https://x.com/fajrinfirda/status/2097920283797782741?s=46","teW2Te8r71NomIT0gY4DfWtUjD72","active-campaign","2026-09-10T05:34:03.695Z"
"148","frianowzki","widyakrnwn","0xfb69cd4d73899bcdfcf1260cb1971dd6b672a812","https://x.com/widyakrnwn/status/2097778694668591170","tr7Uo2oqEqT1amaJmnQko0oRoeG3","active-campaign","2026-09-09T20:07:13.409Z"
"147","darkjesuss","dark_jesuss","0xaB0fe5d6dC6A4517D6a5dB4f7dF676e775018374","https://x.com/dark_jesuss/status/2097778423338783008?s=20","tspIJ8zEJ2eeTV3RsiHBEWg2WJs2","active-campaign","2026-09-09T20:07:02.992Z"
"362","rafi574","FIFAWorldCupbox","0x84d5e76Fd5dFb08D2Fc8e885126612eEdc817e5e","https://x.com/FIFAWorldCupbox/status/2097853033556345098?s=20","tyQDd6v6goVi8bOL1J7dbRuMg1k1","active-campaign","2026-09-10T01:03:44.354Z"
"337","silentkiller0918","SilentK0918","0x64a09605d5E79cE7aF168256674DF967767Aeea3","https://x.com/SilentK0918/status/2097840732342198696?s=20","u0YWPoGyWZTCkKAuEj6USGgA35r2","active-campaign","2026-09-10T00:13:36.291Z"
"311","souravd88#8837","sowrav_02","0xc4F1E5a9C013f1249c59e79F92E846406CDE55C7","https://x.com/sowrav_02/status/2097827515930923217?s=20","uFFuRHhJU8aFnIhJxS80BfMjGoJ3","active-campaign","2026-09-09T23:26:16.365Z"
"424","liaw#2941","liawati21","0xbecCA263Cf41E6753D9B78144042e9a662a6FdA1","https://x.com/liawati21/status/2097886968671855016?s=20","uNBZrm51jxQU8gTiFkdKXVYWc3a2","active-campaign","2026-09-10T03:19:07.715Z"
"241","hemdy_classic","Hemdy110","0x3b3cd4a228af0426d50a670eb63b0805cea9b34e","https://x.com/hemdy110/status/2097797952185978986?s=46","uXbM1mxXDZVEaVHY5eHHmnYXI942","active-campaign","2026-09-09T21:25:13.625Z"
"314","lecularone","lecularone","0x2b6d2792863bb22851817fedbfba60d63667b23a","https://x.com/lecularone/status/2097826047718780986","ucQXdGYVKBaggKYu0M7n9Q7ft7x2","active-campaign","2026-09-09T23:31:33.758Z"
"270","Macelina","MacelinaFejiro","0x5D48048e843C3261f701c2CCF75ce13000631F73","https://x.com/MacelinaFejiro/status/2097805632581546248","udYRwRr1soSqWbeicDgqh1Mt41A3","active-campaign","2026-09-09T21:58:08.697Z"
"323","dcftradingcrypt","dcftradingcrypt","0x085d785f5a03a6eD9B454830721cfca951c37555","https://x.com/dcftradingcrypt/status/2097833689665482809?s=20","ufGdKmTIiRW99peJDXWcgcdu68R2","active-campaign","2026-09-09T23:45:43.708Z"
"202","mumblenot","MumbleNot","0xC196E59f9A303C6Fa3a9736210dFEDc1a2100Ec4","https://x.com/MumbleNot/status/2097789460809212216?s=20","usYuH2U4sqNxVGUh6WHGTpX6QNj1","active-campaign","2026-09-09T20:49:56.464Z"
"345","hieu030696","ngheohayden","0x6ecd87fc52f9ea609fb2ba20a215c5c755eca9c9","https://x.com/haunting_hoods/status/2097753815336255504?s=46","uwLEWAzsBod2CQF3CNvs58OkLIu2","active-campaign","2026-09-10T00:27:30.497Z"
"433","gianganh2008","youxi86","0x8450f99d5b97537850f104d9b4b9d562a3eef684","https://x.com/youxi86/status/2097896535358873839","vHaTJzhDR6QyPSMpFUNTO3Fp90u2","active-campaign","2026-09-10T03:56:37.829Z"
"407","testerman6395","Dao_Digital","0x8Ab56095560Def0aF99618BBF9c42696961B4600","https://x.com/Dao_Digital/status/2097879860693901563?s=20","vO1KInIwSLZvaeXfcY6fTUzZdDC2","active-campaign","2026-09-10T02:50:28.257Z"
"390","hieucocghe","hieucocghe","0xF1087BA4F53781Ad2739C9F1B34C8a111b0fC3f0","https://x.com/hieucocghe/status/2097866479312265525","vPExxu2mWSRMuGsILLynI0XijHz1","active-campaign","2026-09-10T02:00:24.480Z"
"92","_sheedo","Alorasheed20","0xbc298f08db9fd67499eb6e3d415bf8e1c87c114b","https://x.com/alorasheed20/status/2097769514574246390?s=46","vZLedp8iXTUmx8K5k27pODYk77k1","active-campaign","2026-09-09T19:31:48.526Z"
"259","emonmd2467#7386","mrlegend420","0xC64a25EBb87dddBaf7ffa5e1BDc2a4208B0a0724","https://x.com/mrlegend420/status/2097801480845836652?s=20","vlJKZh5r5egXrqtncdveYLcUKnZ2","active-campaign","2026-09-09T21:40:33.516Z"
"44","asteroidonweb3","AsteroidOnWeb3","0x0d38594f2ab6044988791359fce97d99fd396cb5","https://x.com/asteroidonweb3/status/2097762568991326505?s=46","w5IL4pKsirVqHFse28wBMyyuOz63","active-campaign","2026-09-09T19:06:00.555Z"
"56","trongnhandeptrai","swaprum498","0xed23dadceb303eaba2ec1fad0d3cfb09730495b1","https://x.com/swaprum498/status/2097764099199479888?s=20","wGR8w3fihpVw7cwz50Cjo8qUHgq1","active-campaign","2026-09-09T19:12:24.765Z"
"233","agoesprakosotrio#7777","agoespra1981","0xCD278BF865F0eb81aCA047b7243ef4E98C7eEfd7","https://x.com/agoespra1981/status/2097795729221992682?s=46","wGSeSCsHWQaoknzkXGeCeTT9FbN2","active-campaign","2026-09-09T21:16:29.049Z"
"248","flames099","sh3ldn_xl","0x8a868d3044c1c7eaf414290082f818157cc4b700","https://x.com/sh3ldn_xl/status/2097799669598294033?s=46","wPOuwxkzNweEFmsuBPzWfOyfPOo1","active-campaign","2026-09-09T21:31:50.274Z"
"339","zaynmalik76","kapalapi9826","0x741200B5a3284A7D28CC6774C63E8af698a8F62E","https://x.com/kapalapi9826/status/2097840101741269273","wcGzViwGzJWKI7GmNolAy7kBph02","active-campaign","2026-09-10T00:15:12.864Z"
"480","thunham","cnFxEmersyn6047","0x716bea249192c90d35a2b51ff1a5072ebbd9e29e","https://x.com/cnFxEmersyn6047/status/2097924461228069187","wfudIeZFDWgo4SKMOaKnFedyiB33","active-campaign","2026-09-10T06:10:06.689Z"
"207","zhuque3333","qianzhuque","0x580b19f489f61903E48B530A87E498b0d12Ed4E1","https://x.com/qianzhuque/status/2097790479811428849","wye4qa4wjEbS3oF1sj0ElHZ1Xtt2","active-campaign","2026-09-09T20:54:30.190Z"
"452","Distinctox","DistinctOx","0xAb5159505074091813609B0062E10620669435E2","https://x.com/distinctox/status/2097904976810954976?s=46","wyvcHsesXWYtVqP1PrS2XOvwrIc2","active-campaign","2026-09-10T04:30:58.787Z"
"439","naveen9460#5579","Naveen94604","0xe49D8502339e7Ec3bE7d3fC6358A6600ce94B186","https://x.com/Naveen94604/status/2097900869501190335?s=20","x1vyfgS2AWVKenpHEMNYiYCkav73","active-campaign","2026-09-10T04:14:50.816Z"
"127","Wann#5140","H_a_s_h_i_m","0x2d11Ec21eCe3Af652617b4560bc78e751589e898","https://x.com/H_a_s_h_i_m/status/2097771705666355636","xMNEfXJuntVY0M4PtwcIoh83K5E3","active-campaign","2026-09-09T19:48:25.236Z"
"10","chupapilog","chefkib1","0x42ae6fd6a3acd5ccc5b7e651df1fe35818f22fa6","https://x.com/chefkib1/status/2097754934607515789","xPWtEMh96KSZbk2MdXQDzaPiYz33","active-campaign","2026-09-09T18:32:56.841Z"
"391",".sundari#0","AMELDILA1","0x618FF7C758BCfE00Cce6256881963badA5A09B23","https://x.com/AMELDILA1/status/2097868540061880447","xX1LsWxXExfi0tnVEpCCm4U1LEC3","active-campaign","2026-09-10T02:04:36.132Z"
"7","chitranshkigauri","its0zen","0x999999cf1046e68e36E1aA2E0E07105eDDD1f08E","https://x.com/theFallenNFT_","xqYI9Pj7CwVtGQLZF0c33AGtVco2","active-campaign","2026-09-09T18:13:15.725Z"
"256","azeemkhan1","Muhamma43389310","0x549e74ee025269d2bc072f673d7658376f1bbcd3","https://x.com/muhamma43389310/status/2097801795565482463?s=46","xxn5erLbtPQSCKUIpj54xMbjiBI2","active-campaign","2026-09-09T21:39:52.616Z"
"286","toji_crypto","0xtoji_crypto","0x64b15A1332B1D3e3b0cc90344F9922D1382e5801","https://x.com/0xtoji_crypto/status/2097813816000082316?s=20","y3xLpqz01dQ0cbUQZeOKmzPwwDD3","active-campaign","2026-09-09T22:27:37.191Z"
"222","emawuttcrypto","EmawuttCrypto","0x2D1C6955B1A2Fe8EF341711176cEd835aF15D585","https://x.com/intent/retweet?tweet_id=2097753815336255504","y54uhR9wn3M8Jk3yqBoPmrZjrqm2","active-campaign","2026-09-09T21:06:16.710Z"
"387","billbecker","billakpla","0x88f233296e941528967b40461168cb497756ecf0","https://x.com/billakpla/status/2097865666359361917","y57ecSbFluQgeVN1HvtjBg2hGMN2","active-campaign","2026-09-10T01:55:21.282Z"
"57","kentro_9","kennygmi","0xb0378aedec3c0bd8011e710b256094da9bf33d3a","https://x.com/kennygmi/status/2097765033677672468?s=46","yE7yB7mSIqXEnaS6in7Q12tKAAF2","active-campaign","2026-09-09T19:13:32.248Z"
"425","Candaraz","NoodleJr_GT","0x7363660149acc72f6e21ee584a5b6306e94d9d00","https://x.com/NoodleJr_GT/status/2097886629189071211","yGibFA2nzLc4FWutDP6pgGAjMPt1","active-campaign","2026-09-10T03:19:52.336Z"
"141","leiniaofei","claoggianu","0xe089a2bC2D70CCaafe41FaAE769C7d86521A5e39","https://x.com/claoggianu/status/2097776567153983557","yIYdIECdkbUy9zSYXNVsh4TnqcB3","active-campaign","2026-09-09T19:59:04.539Z"
"464","jj00309","jg800","0x5571411285aa5ef357a9067a5e37d490d0890f53","https://x.com/jg800/status/2097913289837822024","yPlENId8WDgcBNRJNTQHVcfrQLr1","active-campaign","2026-09-10T05:08:36.695Z"
"404","samirgain#4080","ratnamondal9186","0xfD468CC5221CD1D814db9E6fb96C45EdF3dF30E2","https://x.com/ratnamondal9186/status/2097878229365539103?s=20","yVvOvQomBhhBkYFIy6P0VUyYFyG2","active-campaign","2026-09-10T02:42:43.036Z"
"189","gakapaia","mikexuee","0x2543926D5Afd3A0C2Fd6EA02b775EacC5A0D35ab","https://x.com/mikexuee/status/2097787040406688254?s=20","yfBJiE1v9eWbA3dttW84LDHjmPh1","active-campaign","2026-09-09T20:43:49.328Z"
"183","tahaaa_mzei","erfan_mzei","0xDeea9F88351D908b8df8e73348855C0B63C52e85","https://x.com/erfan_mzei/status/2097786116145299650","zYY26xPw3nO4dagR4Rehf3t2JSn1","active-campaign","2026-09-09T20:37:37.434Z"
"290","yuchiko2000","Hasaki81661086","0xda14c0248476657255fc7b2debd030deb69d5940","https://x.com/Hasaki81661086/status/2097814875850559859","zZ83iYgumYdV1cPtdJ6eXKs5Lcx2","active-campaign","2026-09-09T22:32:45.763Z"
"140","@phantom_bff","Phantom_BBF","0x47ac3890cd8430CBDeCee0d13871465006f1e0c8","https://x.com/Haunting_Hoods/status/2097753815336255504?s=20","zbgIvSumxCeWDWSrnzMzUYVsLq12","active-campaign","2026-09-09T19:58:53.846Z"
"126","orihimay","orihimay","0xff673bdccc170b7566bd396be39d5587ca9b95c6","https://x.com/orihimay/status/2097773764088119805","zq8kxmj3OvWjF5UmGT4bP9EMSK83","active-campaign","2026-09-09T19:47:41.695Z"
